{
 "meta": {
  "query_time": 0.022381427,
  "powered_by": "svc-cscrrulestemplates",
  "trace_id": "2c827878b587211f44c5401975eab1ac"
 },
 "errors": [],
 "resources": [
  {
   "id": "a9a2995d-894c-44d9-b0e4-5da4ee265afe",
   "name": "1Password - Enterprise Password Manager - New User Created",
   "description": "This detection identifies when a new user account is created in 1Password Enterprise Password Manager. While user creation is a normal administrative activity, unauthorized or suspicious user additions could indicate account compromise, unauthorized access attempts, or malicious insider activity. Monitoring new user creation helps maintain access control integrity and detect potential privilege escalation attempts through unauthorized account provisioning.\n",
   "origin": "CrowdStrike",
   "severity": 10,
   "recommended": true,
   "query": "#Vendor=\"1password\" #event.module=\"passwordmanager\" #event.dataset=\"passwordmanager.auditevents\"\n| #event.kind=\"event\" \n| event.action=\"activate\"\n| Vendor.object_type=\"user\"\n",
   "search_window_start": "-70m",
   "search_window_end": "-10m",
   "schedule": "1h",
   "author": "CrowdStrike",
   "sigma_author": "",
   "category": "",
   "license": "",
   "tactic": "TA0003",
   "technique": "T1136.003",
   "mitre_attack": [
    {
     "tactic_id": "TA0003",
     "technique_id": "T1136.003"
    }
   ],
   "vendor": "1Password",
   "vendors": [
    "1Password"
   ],
   "product": "",
   "tags": "",
   "active": true,
   "source_url": "",
   "license_details": {
    "name": "",
    "url": ""
   },
   "outcome": "detection",
   "created_timestamp": "2025-03-23T00:00:00Z",
   "modified_timestamp": "2025-04-22T00:00:00Z"
  },
  {
   "id": "4affaa58-9e50-40b3-b536-dc29c85af1f3",
   "name": "1Password - Enterprise Password Manager - Group Deleted",
   "description": "This detection identifies when a group is deleted from 1Password Enterprise Password Manager. Group deletions should be monitored as unauthorized removals could indicate tampering with access controls, malicious administrative actions, or attempts to disrupt business operations. Group deletions affect multiple users simultaneously and could impact access to critical vault resources.\n",
   "origin": "CrowdStrike",
   "severity": 50,
   "recommended": true,
   "query": "#Vendor=\"1password\" #event.module=\"passwordmanager\" #event.dataset=\"passwordmanager.auditevents\"\n| #event.kind=\"event\" \n| event.action=\"delete\"\n| Vendor.object_type=\"group\"\n",
   "search_window_start": "-70m",
   "search_window_end": "-10m",
   "schedule": "1h",
   "author": "CrowdStrike",
   "sigma_author": "",
   "category": "",
   "license": "",
   "tactic": "TA0040",
   "technique": "T1531",
   "mitre_attack": [
    {
     "tactic_id": "TA0040",
     "technique_id": "T1531"
    }
   ],
   "vendor": "1Password",
   "vendors": [
    "1Password"
   ],
   "product": "",
   "tags": "",
   "active": true,
   "source_url": "",
   "license_details": {
    "name": "",
    "url": ""
   },
   "outcome": "detection",
   "created_timestamp": "2025-03-31T00:00:00Z",
   "modified_timestamp": "0001-01-01T00:00:00Z"
  },
  {
   "id": "fd30df67-3f5b-4c7b-a97d-aa287855a1f7",
   "name": "1Password - Enterprise Password Manager - Service Account Token Created",
   "description": "This detection identifies the creation of service account tokens in 1Password Enterprise Password Manager. These tokens provide programmatic access to password vaults and sensitive credentials through API integration. Unauthorized token creation could indicate potential credential access attempts, integration compromise, or malicious automation setup.\n",
   "origin": "CrowdStrike",
   "severity": 30,
   "recommended": true,
   "query": "#Vendor=\"1password\" #event.module=\"passwordmanager\" #event.dataset=\"passwordmanager.auditevents\"\n| #event.kind=\"event\" \n| event.action=\"create\"\n| Vendor.object_type=\"satoken\"\n",
   "search_window_start": "-70m",
   "search_window_end": "-10m",
   "schedule": "1h",
   "author": "CrowdStrike",
   "sigma_author": "",
   "category": "",
   "license": "",
   "tactic": "TA0005",
   "technique": "T1550.001",
   "mitre_attack": [
    {
     "tactic_id": "TA0005",
     "technique_id": "T1550.001"
    }
   ],
   "vendor": "1Password",
   "vendors": [
    "1Password"
   ],
   "product": "",
   "tags": "",
   "active": true,
   "source_url": "",
   "license_details": {
    "name": "",
    "url": ""
   },
   "outcome": "detection",
   "created_timestamp": "2025-03-24T00:00:00Z",
   "modified_timestamp": "0001-01-01T00:00:00Z"
  },
  {
   "id": "a7f189cb-bb3c-4c50-a38a-123240966090",
   "name": "1Password - Enterprise Password Manager - Firewall Policy Changed",
   "description": "This detection identifies when firewall policies are added, deleted, or updated in 1Password Enterprise environment. Changes to firewall rules, including the addition of new rules, deletion of existing rules, or modifications to current rules, could affect access restrictions, potentially allowing connections from unauthorized IP addresses or networks. Such modifications could indicate an attempt to bypass access controls, enable unauthorized access to the password management system, or facilitate data exfiltration. This high-risk change could be part of an attack preparation or indicate compromised administrative credentials.\n",
   "origin": "CrowdStrike",
   "severity": 70,
   "recommended": true,
   "query": "#Vendor=\"1password\" #event.module=\"passwordmanager\"\n| #event.kind=\"event\" \n| event.action=\"updatfw\"\n",
   "search_window_start": "-70m",
   "search_window_end": "-10m",
   "schedule": "1h",
   "author": "CrowdStrike",
   "sigma_author": "",
   "category": "",
   "license": "",
   "tactic": "TA0005",
   "technique": "T1562.004",
   "mitre_attack": [
    {
     "tactic_id": "TA0005",
     "technique_id": "T1562.004"
    }
   ],
   "vendor": "1Password",
   "vendors": [
    "1Password"
   ],
   "product": "",
   "tags": "",
   "active": true,
   "source_url": "",
   "license_details": {
    "name": "",
    "url": ""
   },
   "outcome": "detection",
   "created_timestamp": "2025-03-27T00:00:00Z",
   "modified_timestamp": "0001-01-01T00:00:00Z"
  },
  {
   "id": "61901085-f833-496e-9271-92bf99ee1c0e",
   "name": "1Password - Enterprise Password Manager - Multiple Failed Login Attempts by Same User",
   "description": "This detection identifies multiple failed login attempts (default is \u003e5) from the same user account to 1Password Enterprise Password Manager within a short time period. A high number of authentication failures from a single user account could indicate brute force attempts, credential stuffing attacks, or unauthorized access attempts targeting that specific account. This activity may represent an attempt to gain unauthorized access to sensitive credentials and secure information stored in the user's password vault.\nNote: Adjust the threshold for failed login attempts based on your organization's security requirements and risk tolerance.\n",
   "origin": "CrowdStrike",
   "severity": 30,
   "recommended": true,
   "query": "#Vendor=\"1password\"  #event.module=\"passwordmanager\" #event.dataset=\"passwordmanager.signinattempt\"\n| #event.kind=\"event\" #event.outcome=\"failure\"\n| groupBy([user.name], function=[collect([client.geo.city_name, client.geo.country_name, client.ip, event.reason, observer.name, user.id, #Vendor, #event.module, event.category[0]]), count(user.name, distinct=true, as=number_of_attempts)])\n// Adjust the number_of_attempts threshold below based on your requirements\n| number_of_attempts \u003e 5\n",
   "search_window_start": "-70m",
   "search_window_end": "-10m",
   "schedule": "1h",
   "author": "CrowdStrike",
   "sigma_author": "",
   "category": "",
   "license": "",
   "tactic": "TA0006",
   "technique": "T1110.001",
   "mitre_attack": [
    {
     "tactic_id": "TA0006",
     "technique_id": "T1110.001"
    }
   ],
   "vendor": "1Password",
   "vendors": [
    "1Password"
   ],
   "product": "",
   "tags": "",
   "active": true,
   "source_url": "",
   "license_details": {
    "name": "",
    "url": ""
   },
   "outcome": "detection",
   "created_timestamp": "2025-03-24T00:00:00Z",
   "modified_timestamp": "0001-01-01T00:00:00Z"
  },
  {
   "id": "cf4879c2-03ba-4b12-aacc-b9f008ea527a",
   "name": "1Password - Enterprise Password Manager - Vault Permission Grant to a Group",
   "description": "This detection identifies when vault permissions are granted to groups in 1Password Enterprise Password Manager. Monitoring group-level permission grants is critical as it affects multiple users simultaneously and could indicate a compromised administrator account, privilege escalation, or potential insider threats. Unauthorized group permission changes could lead to widespread exposure of sensitive credentials and secure information stored in vaults.\n",
   "origin": "CrowdStrike",
   "severity": 30,
   "recommended": true,
   "query": "#Vendor=\"1password\" #event.module=\"passwordmanager\" #event.dataset=\"passwordmanager.auditevents\"\n| #event.kind=\"event\" \n| event.action=\"grant\"\n| Vendor.object_type=\"gva\"\n",
   "search_window_start": "-70m",
   "search_window_end": "-10m",
   "schedule": "1h",
   "author": "CrowdStrike",
   "sigma_author": "",
   "category": "",
   "license": "",
   "tactic": "TA0005",
   "technique": "T1078.004",
   "mitre_attack": [
    {
     "tactic_id": "TA0005",
     "technique_id": "T1078.004"
    }
   ],
   "vendor": "1Password",
   "vendors": [
    "1Password"
   ],
   "product": "",
   "tags": "",
   "active": true,
   "source_url": "",
   "license_details": {
    "name": "",
    "url": ""
   },
   "outcome": "detection",
   "created_timestamp": "2025-03-24T00:00:00Z",
   "modified_timestamp": "0001-01-01T00:00:00Z"
  },
  {
   "id": "16a9994f-61e4-4a6b-8ce0-3346422a728c",
   "name": "1Password - Enterprise Password Manager - Vault Permission Grant to a User",
   "description": "This detection identifies when vault permissions are granted to individual users in 1Password Enterprise Password Manager. Monitoring individual permission grants is critical as it could indicate unauthorized access attempts, privilege escalation, or potential insider threats targeting specific user accounts. Unauthorized permission changes could lead to exposure of sensitive credentials and secure information stored in vaults.\n",
   "origin": "CrowdStrike",
   "severity": 30,
   "recommended": true,
   "query": "#Vendor=\"1password\" #event.module=\"passwordmanager\" #event.dataset=\"passwordmanager.auditevents\"\n| #event.kind=\"event\" \n| event.action=\"grant\"\n| Vendor.object_type=\"uva\"\n",
   "search_window_start": "-70m",
   "search_window_end": "-10m",
   "schedule": "1h",
   "author": "CrowdStrike",
   "sigma_author": "",
   "category": "",
   "license": "",
   "tactic": "TA0005",
   "technique": "T1078.004",
   "mitre_attack": [
    {
     "tactic_id": "TA0005",
     "technique_id": "T1078.004"
    }
   ],
   "vendor": "1Password",
   "vendors": [
    "1Password"
   ],
   "product": "",
   "tags": "",
   "active": true,
   "source_url": "",
   "license_details": {
    "name": "",
    "url": ""
   },
   "outcome": "detection",
   "created_timestamp": "2025-03-24T00:00:00Z",
   "modified_timestamp": "0001-01-01T00:00:00Z"
  },
  {
   "id": "f278ae34-7b62-4277-9e25-660584904078",
   "name": "1Password - Enterprise Password Manager - MFA Disabled for a Single User",
   "description": "This detection identifies when Multi-Factor Authentication (MFA) is disabled for a user account in 1Password Enterprise environment. Disabling MFA significantly weakens account security by removing an essential authentication layer that protects against unauthorized access. This high-risk change could indicate compromise of administrative credentials, preparation for account takeover, or malicious insider activity attempting to weaken security controls for credential theft.\n",
   "origin": "CrowdStrike",
   "severity": 70,
   "recommended": true,
   "query": "#Vendor=\"1password\" #event.module=\"passwordmanager\"\n| #event.kind=\"event\" \n| event.action=\"disblmfa\"\n| Vendor.object_type=\"user\"\n",
   "search_window_start": "-70m",
   "search_window_end": "-10m",
   "schedule": "1h",
   "author": "CrowdStrike",
   "sigma_author": "",
   "category": "",
   "license": "",
   "tactic": "TA0003",
   "technique": "T1098.005",
   "mitre_attack": [
    {
     "tactic_id": "TA0003",
     "technique_id": "T1098.005"
    }
   ],
   "vendor": "1Password",
   "vendors": [
    "1Password"
   ],
   "product": "",
   "tags": "",
   "active": true,
   "source_url": "",
   "license_details": {
    "name": "",
    "url": ""
   },
   "outcome": "detection",
   "created_timestamp": "2025-03-27T00:00:00Z",
   "modified_timestamp": "0001-01-01T00:00:00Z"
  },
  {
   "id": "a862e9f7-5aca-4590-a68f-b944b7594152",
   "name": "1Password - Enterprise Password Manager - User Deleted",
   "description": "This detection identifies when a user account is deleted from 1Password Enterprise Password Manager. User deletions should be monitored as unauthorized account removals could indicate account tampering, malicious administrative actions, or attempts to cover tracks after credential theft. Unexpected user deletions could impact business operations and access to critical systems.\n",
   "origin": "CrowdStrike",
   "severity": 50,
   "recommended": true,
   "query": "#Vendor=\"1password\" #event.module=\"passwordmanager\" #event.dataset=\"passwordmanager.auditevents\"\n| #event.kind=\"event\" \n| event.action=\"delete\"\n| Vendor.object_type=\"user\"\n",
   "search_window_start": "-70m",
   "search_window_end": "-10m",
   "schedule": "1h",
   "author": "CrowdStrike",
   "sigma_author": "",
   "category": "",
   "license": "",
   "tactic": "TA0040",
   "technique": "T1531",
   "mitre_attack": [
    {
     "tactic_id": "TA0040",
     "technique_id": "T1531"
    }
   ],
   "vendor": "1Password",
   "vendors": [
    "1Password"
   ],
   "product": "",
   "tags": "",
   "active": true,
   "source_url": "",
   "license_details": {
    "name": "",
    "url": ""
   },
   "outcome": "detection",
   "created_timestamp": "2025-03-31T00:00:00Z",
   "modified_timestamp": "0001-01-01T00:00:00Z"
  }
 ]
}