{
    "meta": {
     "query_time": 0.031746704,
     "powered_by": "svc-cscrrulestemplates",
     "trace_id": "967fbcff5934c1c93b201d2eac4f6404"
    },
    "errors": [],
    "resources": [
     {
      "id": "2df66e12-2734-11ef-b9d1-b2a0e0bf5316",
      "name": "Generic - URL Accessed From Malicious Email",
      "description": "An emailed deemed to be malicious from an email security vendor has an embedded URL that has been accessed by an endpoint within the organization.\n",
      "origin": "CrowdStrike",
      "severity": 70,
      "recommended": true,
      "query": "((#repo=\"abnormal_security\" AND #event.module=\"email-security\") OR (#repo=\"corelight\" AND #event.module=\"ids\"))\n| case{\n  #Vendor=\"corelight\" | url.prefix := \"http://\" | url.original := concat([url.prefix,\"/\",client.address,\"/\",url.path]); *\n}\n| selfJoinFilter(field=[url.original], where=[\n        {#event.module=\"email-security\"},\n        {#event.module=\"ids\"}\n])\n",
      "search_window_start": "-70m",
      "search_window_end": "-10m",
      "schedule": "1h",
      "author": "CrowdStrike",
      "sigma_author": "",
      "category": "",
      "license": "",
      "tactic": "TA0001",
      "technique": "T1566.002",
      "mitre_attack": [
       {
        "tactic_id": "TA0001",
        "technique_id": "T1566.002"
       }
      ],
      "vendor": "Abnormal",
      "vendors": [
       "Abnormal",
       "Corelight"
      ],
      "product": "",
      "tags": "",
      "active": true,
      "source_url": "",
      "license_details": {
       "name": "",
       "url": ""
      },
      "outcome": "detection",
      "created_timestamp": "2024-06-10T00:00:00Z",
      "modified_timestamp": "0001-01-01T00:00:00Z"
     },
     {
      "id": "86a556ec-d0ad-497c-a33c-22d5b1373933",
      "name": "Abnormal - Email Security - User Reported Phishing Campaigns Review",
      "description": "This rule is designed to aggregate user-reported phishing campaigns based on campaign ID, allowing for review and assessment of remediation status, or to identify events requiring further investigation or action. \nBy default all events associated with an abuse campaign are included. Exclusions can be applied based on Abnormal AI Security Mailbox judgment status (result of submission analysis) and overall remediation status, as needed.\n",
      "origin": "CrowdStrike",
      "severity": 50,
      "recommended": true,
      "query": "#repo=\"abnormal_security\" #Vendor=\"abnormal\" #event.dataset=\"email-security.campaign\"\n| #event.kind=\"event\" | array:contains(array=\"event.category[]\", value=\"email\")\n| time := formatTime(\"%Y/%m/%d %H:%M:%S\", field=@timestamp, locale=en_US, timezone=Z)\n| groupBy(field=[event.id], function=[collect([\"time\", \"email.direction\", email.from.address[0], \"email.sender.address\", \"email.to.address[0]\", \"email.subject\", \"Vendor.judgementStatus\", \"Vendor.overallStatus\"]), count()])\n// Uncomment below lines to exclude messages concluded as \"Safe\" by Abnormal AI Security Mailbox\n// | default(value=\"no_value\", field=[Vendor.overallStatus])\n// | Vendor.judgementStatus!=\"Safe\" Vendor.overallStatus!=\"No Action Needed\"\n",
      "search_window_start": "-25h",
      "search_window_end": "-1h",
      "schedule": "24h",
      "author": "CrowdStrike",
      "sigma_author": "",
      "category": "",
      "license": "",
      "tactic": "TA0001",
      "technique": "T1566",
      "mitre_attack": [
       {
        "tactic_id": "TA0001",
        "technique_id": "T1566"
       }
      ],
      "vendor": "Abnormal",
      "vendors": [
       "Abnormal"
      ],
      "product": "",
      "tags": "",
      "active": true,
      "source_url": "",
      "license_details": {
       "name": "",
       "url": ""
      },
      "outcome": "detection",
      "created_timestamp": "2024-11-25T00:00:00Z",
      "modified_timestamp": "0001-01-01T00:00:00Z"
     },
     {
      "id": "50ce6841-0554-4f9d-9d61-d15ac591d969",
      "name": "Abnormal - Email Security - User Reported Phishing Email with Unsafe Verdict",
      "description": "This rule is designed to detect user-reported phishing emails (also referred as abuse campaigns) that are submitted to Abnormal AI Security Mailbox, analyzed, and haven’t been concluded as \"Safe\". This may indicate a potential phishing or malware campaign that has evaded existing security controls and are reported by end-users, and warrants further investigation to determine the legitimacy of the email and potential impact on the organization.\nEmail messages reported by end-users that were already flagged as threat by Abnormal Inbound Email Security are excluded since a detection is created by the parser for those cases (exclusions applied for messages detected as threat during past 30 days). \n",
      "origin": "CrowdStrike",
      "severity": 70,
      "recommended": true,
      "query": "#repo=\"abnormal_security\" #Vendor=\"abnormal\" #event.dataset=\"email-security.campaign\"\n| #event.kind=\"event\" | array:contains(array=\"event.category[]\", value=\"email\")\n| Vendor.judgementStatus!=\"Safe\" \n|  NOT join( //if found, exclude parser-generated detections for threat events during past 30 days\n    query={#repo=\"abnormal_security\" #event.dataset=\"email-security.threat\" #event.kind=\"alert\"},\n    field=\"email.message_id\",\n    start=30d\n)\n",
      "search_window_start": "-70m",
      "search_window_end": "-10m",
      "schedule": "1h",
      "author": "CrowdStrike",
      "sigma_author": "",
      "category": "",
      "license": "",
      "tactic": "TA0001",
      "technique": "T1566",
      "mitre_attack": [
       {
        "tactic_id": "TA0001",
        "technique_id": "T1566"
       }
      ],
      "vendor": "Abnormal",
      "vendors": [
       "Abnormal"
      ],
      "product": "",
      "tags": "",
      "active": true,
      "source_url": "",
      "license_details": {
       "name": "",
       "url": ""
      },
      "outcome": "detection",
      "created_timestamp": "2024-11-25T00:00:00Z",
      "modified_timestamp": "0001-01-01T00:00:00Z"
     }
    ]
   }