{
    "meta": {
     "query_time": 0.022514286,
     "powered_by": "svc-cscrrulestemplates",
     "trace_id": "5e9c7556ad01f6d80bf5a22471b8d909"
    },
    "errors": [],
    "resources": [
     {
      "id": "e1f7febb-7b94-4234-b5c6-00fb8500f5dd",
      "name": "AWS - CloudTrail - New Network ACL Entry Added - Sigma",
      "description": "Detects that network ACL entries have been added to a route table which could indicate that new attack vectors have been opened up in the AWS account.\n",
      "origin": "SigmaHQ",
      "severity": 30,
      "recommended": true,
      "query": "#Vendor=\"aws\" #event.module=\"cloudtrail\" #repo!=\"xdr*\"\n| event.provider=\"ec2.amazonaws.com\" event.action=\"CreateNetworkAclEntry\"\n",
      "search_window_start": "-70m",
      "search_window_end": "-10m",
      "schedule": "1h",
      "author": "jamesc-grafana",
      "sigma_author": "",
      "category": "",
      "license": "",
      "tactic": "TA0001",
      "technique": "T1190",
      "mitre_attack": [
       {
        "tactic_id": "TA0001",
        "technique_id": "T1190"
       }
      ],
      "vendor": "AWS",
      "vendors": [
       "AWS"
      ],
      "product": "",
      "tags": "",
      "active": true,
      "source_url": "https://github.com/SigmaHQ/sigma/blob/master/rules/cloud/aws/cloudtrail/aws_cloudtrail_new_acl_entries.yml",
      "license_details": {
       "name": "DRL",
       "url": "https://github.com/SigmaHQ/Detection-Rule-License"
      },
      "outcome": "detection",
      "created_timestamp": "2024-07-11T00:00:00Z",
      "modified_timestamp": "0001-01-01T00:00:00Z"
     },
     {
      "id": "7a4409fc-f8ca-45f6-8006-127d779eaad9",
      "name": "AWS - CloudTrail - LoadBalancer Security Group Modification - Sigma",
      "description": "Detects changes to the security groups associated with an Elastic Load Balancer (ELB) or Application Load Balancer (ALB).\nThis can indicate that a misconfiguration allowing more traffic into the system than required, or could indicate that an attacker is attempting to enable new connections into a VPC or subnet controlled by the account.\n",
      "origin": "SigmaHQ",
      "severity": 50,
      "recommended": true,
      "query": "#Vendor=\"aws\" #event.module=\"cloudtrail\" #repo!=\"xdr*\"\n| event.provider=\"elasticloadbalancing.amazonaws.com\" (event.action=\"ApplySecurityGroupsToLoadBalancer\" OR event.action=\"SetSecurityGroups\")\n",
      "search_window_start": "-70m",
      "search_window_end": "-10m",
      "schedule": "1h",
      "author": "jamesc-grafana",
      "sigma_author": "",
      "category": "",
      "license": "",
      "tactic": "TA0001",
      "technique": "T1190",
      "mitre_attack": [
       {
        "tactic_id": "TA0001",
        "technique_id": "T1190"
       }
      ],
      "vendor": "AWS",
      "vendors": [
       "AWS"
      ],
      "product": "",
      "tags": "",
      "active": true,
      "source_url": "https://github.com/SigmaHQ/sigma/blob/master/rules/cloud/aws/cloudtrail/aws_cloudtrail_security_group_change_loadbalancer.yml",
      "license_details": {
       "name": "DRL",
       "url": "https://github.com/SigmaHQ/Detection-Rule-License"
      },
      "outcome": "detection",
      "created_timestamp": "2024-07-11T00:00:00Z",
      "modified_timestamp": "0001-01-01T00:00:00Z"
     },
     {
      "id": "20f754db-d025-4a8f-9d74-e0037e999a9a",
      "name": "AWS - CloudTrail - SES Identity Has Been Deleted - Sigma",
      "description": "Detects an instance of an SES identity being deleted via the \"DeleteIdentity\" event. This may be an indicator of an adversary removing the account that carried out suspicious or malicious activities\n",
      "origin": "SigmaHQ",
      "severity": 50,
      "recommended": true,
      "query": "#Vendor=\"aws\" #event.module=\"cloudtrail\" #repo!=\"xdr*\"\n| event.provider=\"ses.amazonaws.com\" event.action=\"DeleteIdentity\"\n",
      "search_window_start": "-70m",
      "search_window_end": "-10m",
      "schedule": "1h",
      "author": "Janantha Marasinghe",
      "sigma_author": "",
      "category": "",
      "license": "",
      "tactic": "TA0005",
      "technique": "T1070",
      "mitre_attack": [
       {
        "tactic_id": "TA0005",
        "technique_id": "T1070"
       }
      ],
      "vendor": "AWS",
      "vendors": [
       "AWS"
      ],
      "product": "",
      "tags": "",
      "active": true,
      "source_url": "https://github.com/SigmaHQ/sigma/blob/master/rules/cloud/aws/cloudtrail/aws_delete_identity.yml",
      "license_details": {
       "name": "DRL",
       "url": "https://github.com/SigmaHQ/Detection-Rule-License"
      },
      "outcome": "detection",
      "created_timestamp": "2022-12-13T00:00:00Z",
      "modified_timestamp": "2022-12-28T00:00:00Z"
     },
     {
      "id": "16124c2d-e40b-4fcc-8f2c-5ab7870a2223",
      "name": "AWS - CloudTrail - AWS EC2 Disable EBS Encryption - Sigma",
      "description": "Identifies disabling of default Amazon Elastic Block Store (EBS) encryption in the current region.\nDisabling default encryption does not change the encryption status of your existing volumes.\n",
      "origin": "SigmaHQ",
      "severity": 50,
      "recommended": true,
      "query": "#Vendor=\"aws\" #event.module=\"cloudtrail\" #repo!=\"xdr*\"\n| event.provider=\"ec2.amazonaws.com\" event.action=\"DisableEbsEncryptionByDefault\"\n",
      "search_window_start": "-70m",
      "search_window_end": "-10m",
      "schedule": "1h",
      "author": "Sittikorn S",
      "sigma_author": "",
      "category": "",
      "license": "",
      "tactic": "TA0040",
      "technique": "T1565",
      "mitre_attack": [
       {
        "tactic_id": "TA0040",
        "technique_id": "T1565"
       }
      ],
      "vendor": "AWS",
      "vendors": [
       "AWS"
      ],
      "product": "",
      "tags": "",
      "active": true,
      "source_url": "https://github.com/SigmaHQ/sigma/blob/master/rules/cloud/aws/cloudtrail/aws_ec2_disable_encryption.yml",
      "license_details": {
       "name": "DRL",
       "url": "https://github.com/SigmaHQ/Detection-Rule-License"
      },
      "outcome": "detection",
      "created_timestamp": "2021-06-29T00:00:00Z",
      "modified_timestamp": "2021-08-20T00:00:00Z"
     },
     {
      "id": "25cb1ba1-8a19-4a23-a198-d252664c8cef",
      "name": "AWS - CloudTrail - AWS EFS Fileshare Modified or Deleted - Sigma",
      "description": "Detects when a EFS Fileshare is modified or deleted.\nYou can't delete a file system that is in use.\nIf the file system has any mount targets, the adversary must first delete them, so deletion of a mount will occur before deletion of a fileshare.\n",
      "origin": "SigmaHQ",
      "severity": 50,
      "recommended": true,
      "query": "#Vendor=\"aws\" #event.module=\"cloudtrail\" #repo!=\"xdr*\"\n| event.provider=\"elasticfilesystem.amazonaws.com\" event.action=\"DeleteFileSystem\"\n",
      "search_window_start": "-70m",
      "search_window_end": "-10m",
      "schedule": "1h",
      "author": "Austin Songer @austinsonger",
      "sigma_author": "",
      "category": "",
      "license": "",
      "tactic": "TA0040",
      "technique": "T1561.001",
      "mitre_attack": [
       {
        "tactic_id": "TA0040",
        "technique_id": "T1561.001"
       }
      ],
      "vendor": "AWS",
      "vendors": [
       "AWS"
      ],
      "product": "",
      "tags": "",
      "active": true,
      "source_url": "https://github.com/SigmaHQ/sigma/blob/master/rules/cloud/aws/cloudtrail/aws_efs_fileshare_modified_or_deleted.yml",
      "license_details": {
       "name": "DRL",
       "url": "https://github.com/SigmaHQ/Detection-Rule-License"
      },
      "outcome": "detection",
      "created_timestamp": "2021-08-15T00:00:00Z",
      "modified_timestamp": "2022-10-09T00:00:00Z"
     },
     {
      "id": "33d50d03-20ec-4b74-a74e-1e65a38af1c0",
      "name": "AWS - CloudTrail - AWS EKS Cluster Created or Deleted - Sigma",
      "description": "Identifies when an EKS cluster is created or deleted.\n",
      "origin": "SigmaHQ",
      "severity": 30,
      "recommended": true,
      "query": "#Vendor=\"aws\" #event.module=\"cloudtrail\" #repo!=\"xdr*\"\n| event.provider=\"eks.amazonaws.com\" (event.action=\"CreateCluster\" OR event.action=\"DeleteCluster\")\n",
      "search_window_start": "-70m",
      "search_window_end": "-10m",
      "schedule": "1h",
      "author": "Austin Songer",
      "sigma_author": "",
      "category": "",
      "license": "",
      "tactic": "TA0040",
      "technique": "T1485",
      "mitre_attack": [
       {
        "tactic_id": "TA0040",
        "technique_id": "T1485"
       }
      ],
      "vendor": "AWS",
      "vendors": [
       "AWS"
      ],
      "product": "",
      "tags": "",
      "active": true,
      "source_url": "https://github.com/SigmaHQ/sigma/blob/master/rules/cloud/aws/cloudtrail/aws_eks_cluster_created_or_deleted.yml",
      "license_details": {
       "name": "DRL",
       "url": "https://github.com/SigmaHQ/Detection-Rule-License"
      },
      "outcome": "detection",
      "created_timestamp": "2021-08-16T00:00:00Z",
      "modified_timestamp": "2022-10-09T00:00:00Z"
     },
     {
      "id": "4ae68615-866f-4304-b24b-ba048dfa5ca7",
      "name": "AWS - CloudTrail - AWS ElastiCache Security Group Created - Sigma",
      "description": "Detects when an ElastiCache security group has been created.\n",
      "origin": "SigmaHQ",
      "severity": 30,
      "recommended": true,
      "query": "#Vendor=\"aws\" #event.module=\"cloudtrail\" #repo!=\"xdr*\"\n| event.provider=\"elasticache.amazonaws.com\" event.action=\"CreateCacheSecurityGroup\"\n",
      "search_window_start": "-70m",
      "search_window_end": "-10m",
      "schedule": "1h",
      "author": "Austin Songer @austinsonger",
      "sigma_author": "",
      "category": "",
      "license": "",
      "tactic": "TA0003",
      "technique": "T1136.003",
      "mitre_attack": [
       {
        "tactic_id": "TA0003",
        "technique_id": "T1136.003"
       }
      ],
      "vendor": "AWS",
      "vendors": [
       "AWS"
      ],
      "product": "",
      "tags": "",
      "active": true,
      "source_url": "https://github.com/SigmaHQ/sigma/blob/master/rules/cloud/aws/cloudtrail/aws_elasticache_security_group_created.yml",
      "license_details": {
       "name": "DRL",
       "url": "https://github.com/SigmaHQ/Detection-Rule-License"
      },
      "outcome": "detection",
      "created_timestamp": "2021-07-24T00:00:00Z",
      "modified_timestamp": "2022-10-09T00:00:00Z"
     },
     {
      "id": "db014773-d9d9-4792-91e5-133337c0ffee",
      "name": "AWS - CloudTrail - AWS IAM S3Browser User or AccessKey Creation - Sigma",
      "description": "Detects S3 Browser utility creating IAM User or AccessKey.\n",
      "origin": "SigmaHQ",
      "severity": 70,
      "recommended": true,
      "query": "#Vendor=\"aws\" #event.module=\"cloudtrail\" #repo!=\"xdr*\"\n| event.provider=\"iam.amazonaws.com\" (event.action=\"CreateUser\" OR event.action=\"CreateAccessKey\") user_agent.original=/S3 Browser/i\n",
      "search_window_start": "-70m",
      "search_window_end": "-10m",
      "schedule": "1h",
      "author": "daniel.bohannon@permiso.io (@danielhbohannon)",
      "sigma_author": "",
      "category": "",
      "license": "",
      "tactic": "TA0003",
      "technique": "T1078.004",
      "mitre_attack": [
       {
        "tactic_id": "TA0003",
        "technique_id": "T1078.004"
       }
      ],
      "vendor": "AWS",
      "vendors": [
       "AWS"
      ],
      "product": "",
      "tags": "",
      "active": true,
      "source_url": "https://github.com/SigmaHQ/sigma/blob/master/rules/cloud/aws/cloudtrail/aws_iam_s3browser_user_or_accesskey_creation.yml",
      "license_details": {
       "name": "DRL",
       "url": "https://github.com/SigmaHQ/Detection-Rule-License"
      },
      "outcome": "detection",
      "created_timestamp": "2023-05-17T00:00:00Z",
      "modified_timestamp": "0001-01-01T00:00:00Z"
     },
     {
      "id": "3940b5f1-3f46-44aa-b746-ebe615b879e0",
      "name": "AWS - CloudTrail - AWS Route 53 Domain Transfer Lock Disabled - Sigma",
      "description": "Detects when a transfer lock was removed from a Route 53 domain. It is recommended to refrain from performing this action unless intending to transfer the domain to a different registrar.\n",
      "origin": "SigmaHQ",
      "severity": 30,
      "recommended": true,
      "query": "#Vendor=\"aws\" #event.module=\"cloudtrail\" #repo!=\"xdr*\"\n| event.provider=\"route53.amazonaws.com\" event.action=\"DisableDomainTransferLock\"\n",
      "search_window_start": "-70m",
      "search_window_end": "-10m",
      "schedule": "1h",
      "author": "Elastic, Austin Songer @austinsonger",
      "sigma_author": "",
      "category": "",
      "license": "",
      "tactic": "TA0003",
      "technique": "T1098",
      "mitre_attack": [
       {
        "tactic_id": "TA0003",
        "technique_id": "T1098"
       }
      ],
      "vendor": "AWS",
      "vendors": [
       "AWS"
      ],
      "product": "",
      "tags": "",
      "active": true,
      "source_url": "https://github.com/SigmaHQ/sigma/blob/master/rules/cloud/aws/cloudtrail/aws_route_53_domain_transferred_lock_disabled.yml",
      "license_details": {
       "name": "DRL",
       "url": "https://github.com/SigmaHQ/Detection-Rule-License"
      },
      "outcome": "detection",
      "created_timestamp": "2021-07-22T00:00:00Z",
      "modified_timestamp": "2022-10-09T00:00:00Z"
     },
     {
      "id": "b056de1a-6e6e-4e40-a67e-97c9808cf41b",
      "name": "AWS - CloudTrail - AWS Route 53 Domain Transferred to Another Account - Sigma",
      "description": "Detects when a request has been made to transfer a Route 53 domain to another AWS account.\n",
      "origin": "SigmaHQ",
      "severity": 30,
      "recommended": true,
      "query": "#Vendor=\"aws\" #event.module=\"cloudtrail\" #repo!=\"xdr*\"\n| event.provider=\"route53.amazonaws.com\" event.action=\"TransferDomainToAnotherAwsAccount\"\n",
      "search_window_start": "-70m",
      "search_window_end": "-10m",
      "schedule": "1h",
      "author": "Elastic, Austin Songer @austinsonger",
      "sigma_author": "",
      "category": "",
      "license": "",
      "tactic": "TA0003",
      "technique": "T1098",
      "mitre_attack": [
       {
        "tactic_id": "TA0003",
        "technique_id": "T1098"
       }
      ],
      "vendor": "AWS",
      "vendors": [
       "AWS"
      ],
      "product": "",
      "tags": "",
      "active": true,
      "source_url": "https://github.com/SigmaHQ/sigma/blob/master/rules/cloud/aws/cloudtrail/aws_route_53_domain_transferred_to_another_account.yml",
      "license_details": {
       "name": "DRL",
       "url": "https://github.com/SigmaHQ/Detection-Rule-License"
      },
      "outcome": "detection",
      "created_timestamp": "2021-07-22T00:00:00Z",
      "modified_timestamp": "2022-10-09T00:00:00Z"
     },
     {
      "id": "a607e1fe-74bf-4440-a3ec-b059b9103157",
      "name": "AWS - CloudTrail - AWS SecurityHub Findings Evasion - Sigma",
      "description": "Detects the modification of the findings on SecurityHub.\n",
      "origin": "SigmaHQ",
      "severity": 70,
      "recommended": true,
      "query": "#Vendor=\"aws\" #event.module=\"cloudtrail\" #repo!=\"xdr*\"\n| event.provider=\"securityhub.amazonaws.com\" (event.action=\"BatchUpdateFindings\" OR event.action=\"DeleteInsight\" OR event.action=\"UpdateFindings\" OR event.action=\"UpdateInsight\")\n",
      "search_window_start": "-70m",
      "search_window_end": "-10m",
      "schedule": "1h",
      "author": "Sittikorn S",
      "sigma_author": "",
      "category": "",
      "license": "",
      "tactic": "TA0005",
      "technique": "T1562",
      "mitre_attack": [
       {
        "tactic_id": "TA0005",
        "technique_id": "T1562"
       }
      ],
      "vendor": "AWS",
      "vendors": [
       "AWS"
      ],
      "product": "",
      "tags": "",
      "active": true,
      "source_url": "https://github.com/SigmaHQ/sigma/blob/master/rules/cloud/aws/cloudtrail/aws_securityhub_finding_evasion.yml",
      "license_details": {
       "name": "DRL",
       "url": "https://github.com/SigmaHQ/Detection-Rule-License"
      },
      "outcome": "detection",
      "created_timestamp": "2021-06-28T00:00:00Z",
      "modified_timestamp": "0001-01-01T00:00:00Z"
     },
     {
      "id": "abae8fec-57bd-4f87-aff6-6e3db989843d",
      "name": "AWS - CloudTrail - AWS Snapshot Backup Exfiltration - Sigma",
      "description": "Detects the modification of an EC2 snapshot's permissions to enable access from another account\n",
      "origin": "SigmaHQ",
      "severity": 50,
      "recommended": true,
      "query": "#Vendor=\"aws\" #event.module=\"cloudtrail\" #repo!=\"xdr*\"\n| event.provider=\"ec2.amazonaws.com\" event.action=\"ModifySnapshotAttribute\"\n",
      "search_window_start": "-70m",
      "search_window_end": "-10m",
      "schedule": "1h",
      "author": "Darin Smith",
      "sigma_author": "",
      "category": "",
      "license": "",
      "tactic": "TA0010",
      "technique": "T1537",
      "mitre_attack": [
       {
        "tactic_id": "TA0010",
        "technique_id": "T1537"
       }
      ],
      "vendor": "AWS",
      "vendors": [
       "AWS"
      ],
      "product": "",
      "tags": "",
      "active": true,
      "source_url": "https://github.com/SigmaHQ/sigma/blob/master/rules/cloud/aws/cloudtrail/aws_snapshot_backup_exfiltration.yml",
      "license_details": {
       "name": "DRL",
       "url": "https://github.com/SigmaHQ/Detection-Rule-License"
      },
      "outcome": "detection",
      "created_timestamp": "2021-05-17T00:00:00Z",
      "modified_timestamp": "2021-08-19T00:00:00Z"
     }
    ]
   }