{
    "meta": {
     "query_time": 0.031981328,
     "powered_by": "svc-cscrrulestemplates",
     "trace_id": "677d42abacac0950ab596df5f560291b"
    },
    "errors": [],
    "resources": [
     {
      "id": "c46bc27d-d6ea-4f7b-b666-5ad2f3d120d1",
      "name": "AWS - CloudTrail - Console Root Login",
      "description": "Identifies a successful login to the AWS management console as the root user. The AWS root user is the most privileged user in an AWS account and AWS best practice guidelines recommend that you don't use the root user for your everyday tasks. The root user credentials should only be used for those tasks that only the root user can perform. \n",
      "origin": "CrowdStrike",
      "severity": 50,
      "recommended": true,
      "query": "#Vendor=\"aws\" event.provider=\"signin.amazonaws.com\" #repo!=\"xdr*\"\n| #event.kind=\"event\" | array:contains(\"event.category[]\", value=\"authentication\") | array:contains(\"event.type[]\", value=\"info\")\n| #event.outcome=\"success\"\n| event.action=\"ConsoleLogin\" Vendor.userIdentity.type=\"Root\"\n",
      "search_window_start": "-70m",
      "search_window_end": "-10m",
      "schedule": "1h",
      "author": "CrowdStrike",
      "sigma_author": "",
      "category": "",
      "license": "",
      "tactic": "TA0001",
      "technique": "T1078",
      "mitre_attack": [
       {
        "tactic_id": "TA0001",
        "technique_id": "T1078"
       }
      ],
      "vendor": "AWS",
      "vendors": [
       "AWS"
      ],
      "product": "",
      "tags": "",
      "active": true,
      "source_url": "",
      "license_details": {
       "name": "",
       "url": ""
      },
      "outcome": "detection",
      "created_timestamp": "2024-06-05T00:00:00Z",
      "modified_timestamp": "0001-01-01T00:00:00Z"
     },
     {
      "id": "2d7e9d3b-79d5-4a43-bc14-5bb7bd1e6698",
      "name": "AWS - CloudTrail - Console Root Login Without MFA",
      "description": "Identifies a successful login to the AWS management console as the root user without using multi-factor authentication (MFA). Considering that the AWS root user is the most privileged user in an AWS account, AWS best practice guidelines state that MFA should always be used for the root user.\n",
      "origin": "CrowdStrike",
      "severity": 70,
      "recommended": true,
      "query": "#Vendor=\"aws\" event.provider=\"signin.amazonaws.com\" #repo!=\"xdr*\"\n| #event.kind=\"event\" | #event.outcome=\"success\"\n| event.action=\"ConsoleLogin\" Vendor.userIdentity.type=\"Root\" Vendor.additionalEventData.MFAUsed=\"No\"\n",
      "search_window_start": "-70m",
      "search_window_end": "-10m",
      "schedule": "1h",
      "author": "CrowdStrike",
      "sigma_author": "",
      "category": "",
      "license": "",
      "tactic": "TA0004",
      "technique": "T1078",
      "mitre_attack": [
       {
        "tactic_id": "TA0004",
        "technique_id": "T1078"
       }
      ],
      "vendor": "AWS",
      "vendors": [
       "AWS"
      ],
      "product": "",
      "tags": "",
      "active": true,
      "source_url": "",
      "license_details": {
       "name": "",
       "url": ""
      },
      "outcome": "detection",
      "created_timestamp": "2024-05-13T00:00:00Z",
      "modified_timestamp": "0001-01-01T00:00:00Z"
     },
     {
      "id": "3c686657-3925-47a6-88b4-35d14b447003",
      "name": "AWS - CloudTrail - EC2 Detached Volume Attached to Another Instance",
      "description": "This rule detects when an EC2 volume is detached from one instance and then attached to a different instance within a relatively short timeframe (default is 60-minute). This behavior could indicate unauthorized data access or exfiltration attempts when occurring outside of expected maintenance windows or automated processes.\n",
      "origin": "CrowdStrike",
      "severity": 50,
      "recommended": true,
      "query": "#Vendor=\"aws\" #event.module=\"cloudtrail\" #repo!=\"xdr*\"\n| #event.kind=\"event\" #event.outcome=\"success\"\n| event.provider=\"ec2.amazonaws.com\"\n| event.action=~in(values=[\"DetachVolume\", \"AttachVolume\"])\n| selfJoinFilter(field=[Vendor.requestParameters.volumeId], where=[{event.action=\"AttachVolume\"}, {event.action=\"DetachVolume\"}])\n| sort(@timestamp, order=asc, limit=10000)\n| neighbor(include=[event.action, Vendor.requestParameters.instanceId, Vendor.requestParameters.volumeId], prefix=\"prev\", direction=\"preceding\")\n| event.action=\"AttachVolume\" prev.event.action=\"DetachVolume\"\n| test(Vendor.requestParameters.volumeId==prev.Vendor.requestParameters.volumeId)\n| test(Vendor.requestParameters.instanceId!=prev.Vendor.requestParameters.instanceId)\n",
      "search_window_start": "-70m",
      "search_window_end": "-10m",
      "schedule": "1h",
      "author": "CrowdStrike",
      "sigma_author": "",
      "category": "",
      "license": "",
      "tactic": "TA0009",
      "technique": "T1530",
      "mitre_attack": [
       {
        "tactic_id": "TA0009",
        "technique_id": "T1530"
       }
      ],
      "vendor": "AWS",
      "vendors": [
       "AWS"
      ],
      "product": "",
      "tags": "",
      "active": true,
      "source_url": "",
      "license_details": {
       "name": "",
       "url": ""
      },
      "outcome": "detection",
      "created_timestamp": "2025-02-21T00:00:00Z",
      "modified_timestamp": "0001-01-01T00:00:00Z"
     },
     {
      "id": "54c571a3-2006-40aa-976a-9378557651cc",
      "name": "AWS - CloudTrail - EC2 Network ACL Entry Created or Modified to Allow Ingress from Any Network Range",
      "description": "Identifies an IAM user creating or modifying an EC2 network ACL entry to allow ingress from any network range. An attacker with access to a compromised IAM user can create or modify a network ACL entry to gain unrestricted access to the network.\n",
      "origin": "CrowdStrike",
      "severity": 70,
      "recommended": true,
      "query": "#Vendor=\"aws\" event.provider=\"ec2.amazonaws.com\" #repo!=\"xdr*\"\n| #event.kind=\"event\" #event.outcome=\"success\"\n| event.action =~ in(values=[\"CreateNetworkAclEntry\", \"ReplaceNetworkAclEntry\"])\n| Vendor.requestParameters.egress=\"false\"\n| Vendor.requestParameters.ruleAction=\"allow\"\n| Vendor.requestParameters.cidrBlock=\"0.0.0.0/0\"\n",
      "search_window_start": "-70m",
      "search_window_end": "-10m",
      "schedule": "1h",
      "author": "CrowdStrike",
      "sigma_author": "",
      "category": "",
      "license": "",
      "tactic": "TA0005",
      "technique": "T1562.007",
      "mitre_attack": [
       {
        "tactic_id": "TA0005",
        "technique_id": "T1562.007"
       }
      ],
      "vendor": "AWS",
      "vendors": [
       "AWS"
      ],
      "product": "",
      "tags": "",
      "active": true,
      "source_url": "",
      "license_details": {
       "name": "",
       "url": ""
      },
      "outcome": "detection",
      "created_timestamp": "2024-09-19T00:00:00Z",
      "modified_timestamp": "0001-01-01T00:00:00Z"
     },
     {
      "id": "81e23b42-e88e-42bd-bdda-2eb73886dbe0",
      "name": "AWS - CloudTrail - EFS File System or Mount Deleted",
      "description": "Identifies the deletion of an Amazon EFS file system or mount target. For data destruction purposes, an attacker could start by deleting an EFS mount followed by deleting the EFS file system.\n",
      "origin": "CrowdStrike",
      "severity": 50,
      "recommended": true,
      "query": "#Vendor=\"aws\" event.provider=\"elasticfilesystem.amazonaws.com\" #repo!=\"xdr*\"\n| #event.kind=\"event\" | #event.outcome=\"success\"\n| in(event.action, values=[\"DeleteMountTarget\", \"DeleteFileSystem\"])\n",
      "search_window_start": "-70m",
      "search_window_end": "-10m",
      "schedule": "1h",
      "author": "CrowdStrike",
      "sigma_author": "",
      "category": "",
      "license": "",
      "tactic": "TA0040",
      "technique": "T1485",
      "mitre_attack": [
       {
        "tactic_id": "TA0040",
        "technique_id": "T1485"
       }
      ],
      "vendor": "AWS",
      "vendors": [
       "AWS"
      ],
      "product": "",
      "tags": "",
      "active": true,
      "source_url": "",
      "license_details": {
       "name": "",
       "url": ""
      },
      "outcome": "detection",
      "created_timestamp": "2024-07-08T00:00:00Z",
      "modified_timestamp": "0001-01-01T00:00:00Z"
     },
     {
      "id": "19ea1ceb-ae19-4911-b39e-cbe12e0bda5f",
      "name": "AWS - CloudTrail - GuardDuty Publishing Destination Deleted",
      "description": "Identifies the deletion of a Publishing Destination for an Amazon GuardDuty detector which will prevent the exporting of new security findings to the specified destination. The deletion of a Publishing Destination does not affect the existing security findings that have already been sent to the destination. An attacker with access to a compromised AWS user could delete a GuardDuty Publishing Destination to avoid being detected while attempting illicit activities in the AWS environment. The deletion could potentially disrupt downstream workflows or integrations that rely on the security findings sent to the deleted Publishing Destination.\n",
      "origin": "CrowdStrike",
      "severity": 70,
      "recommended": true,
      "query": "#Vendor=\"aws\" event.provider=\"guardduty.amazonaws.com\" #repo!=\"xdr*\"\n| #event.kind=\"event\" #event.outcome=\"success\"\n| event.action=\"DeletePublishingDestination\"\n",
      "search_window_start": "-70m",
      "search_window_end": "-10m",
      "schedule": "1h",
      "author": "CrowdStrike",
      "sigma_author": "",
      "category": "",
      "license": "",
      "tactic": "TA0005",
      "technique": "T1562.001",
      "mitre_attack": [
       {
        "tactic_id": "TA0005",
        "technique_id": "T1562.001"
       }
      ],
      "vendor": "AWS",
      "vendors": [
       "AWS"
      ],
      "product": "",
      "tags": "",
      "active": true,
      "source_url": "",
      "license_details": {
       "name": "",
       "url": ""
      },
      "outcome": "detection",
      "created_timestamp": "2024-07-12T00:00:00Z",
      "modified_timestamp": "0001-01-01T00:00:00Z"
     },
     {
      "id": "f8a0513d-6f5b-4d90-ab04-5b2c02182fb5",
      "name": "AWS - CloudTrail - GuardDuty Trusted IP List Created or Update Attempted",
      "description": "Identifies the creation of an Amazon GuardDuty trusted IP list or an attempted update to an existing one. The IP addresses added to the trusted IP list are whitelisted, meaning that GuardDuty will not generate VPC Flow Log and CloudTrail findings for traffic originating from these IP addresses. The legitimate purpose of this feature is to help with reducing the overall volume of findings and improving the signal-to-noise ratio.\nAn attacker with access to a compromised AWS user could abuse this feature to avoid being detected while attempting illicit activities in the AWS environment. The attacker could create or update a GuardDuty trusted IP list to include their own IP address on the list, leading to no VPC Flow Log and CloudTrail findings raised for the attacker's IP address.\n",
      "origin": "CrowdStrike",
      "severity": 50,
      "recommended": true,
      "query": "#Vendor=\"aws\" event.provider=\"guardduty.amazonaws.com\" #repo!=\"xdr*\"\n| #event.kind=\"event\"\n| (event.action=\"CreateIPSet\" #event.outcome=\"success\") OR event.action=\"UpdateIPSet\"\n",
      "search_window_start": "-70m",
      "search_window_end": "-10m",
      "schedule": "1h",
      "author": "CrowdStrike",
      "sigma_author": "",
      "category": "",
      "license": "",
      "tactic": "TA0005",
      "technique": "T1562.001",
      "mitre_attack": [
       {
        "tactic_id": "TA0005",
        "technique_id": "T1562.001"
       }
      ],
      "vendor": "AWS",
      "vendors": [
       "AWS"
      ],
      "product": "",
      "tags": "",
      "active": true,
      "source_url": "",
      "license_details": {
       "name": "",
       "url": ""
      },
      "outcome": "detection",
      "created_timestamp": "2024-07-12T00:00:00Z",
      "modified_timestamp": "0001-01-01T00:00:00Z"
     },
     {
      "id": "42143978-3423-4e2f-bc51-7c1115862d4a",
      "name": "AWS - CloudTrail - IAM Access Key Usage from Multiple ASNs",
      "description": "This detection identifies potential unauthorized access attempts or suspicious activity related to AWS IAM access keys. It monitors for instances where the same access key is used from multiple Autonomous System Numbers (ASNs) within a short time frame. This behavior could indicate that the access key has been compromised and is being used by malicious actors from different network locations. Such activity may suggest credential theft, unauthorized access, or potential data exfiltration attempts.\n",
      "origin": "CrowdStrike",
      "severity": 30,
      "recommended": true,
      "query": "#Vendor=\"aws\" #event.module=\"cloudtrail\" #repo!=\"xdr*\"\n| #event.kind=\"event\" #event.outcome=\"success\"\n| Vendor.userIdentity.arn=/arn:aws:iam::\\d+:user/ Vendor.userIdentity.sessionContext.attributes.creationDate!=*\n| source.address!=/aws/i\n| !cidr(source.address, subnet=[\"10.0.0.0/8\", \"172.16.0.0/12\", \"192.168.0.0/16\", \"fe80::/10\", \"169.254.0.0/16\"])\n| asn(source.address) \n| groupBy([Vendor.userIdentity.arn, Vendor.userIdentity.accessKeyId], function=[collect([source.address.asn]), count(source.address.asn, as=_asnCount, distinct=true)]) \n| _asnCount\u003e1\n",
      "search_window_start": "-370m",
      "search_window_end": "-10m",
      "schedule": "6h",
      "author": "CrowdStrike",
      "sigma_author": "",
      "category": "",
      "license": "",
      "tactic": "TA0001",
      "technique": "T1078.004",
      "mitre_attack": [
       {
        "tactic_id": "TA0001",
        "technique_id": "T1078.004"
       }
      ],
      "vendor": "AWS",
      "vendors": [
       "AWS"
      ],
      "product": "",
      "tags": "",
      "active": true,
      "source_url": "",
      "license_details": {
       "name": "",
       "url": ""
      },
      "outcome": "detection",
      "created_timestamp": "2024-12-24T00:00:00Z",
      "modified_timestamp": "0001-01-01T00:00:00Z"
     },
     {
      "id": "2c1e6adb-29c7-41f7-aa67-98f6f7320c42",
      "name": "AWS - CloudTrail - IAM AdministratorAccess Policy Attached to Group",
      "description": "Identifies the attachment of the AdministratorAccess AWS managed policy to an existing IAM user group, granting group members full access to all AWS services and resources. An attacker with access to a compromised AWS user that has the iam:AttachGroupPolicy permission could attach the AdministratorAccess policy to the groups the compromised user is part of, thereby escalating privileges or maintaining persistence.\n",
      "origin": "CrowdStrike",
      "severity": 50,
      "recommended": true,
      "query": "#Vendor=\"aws\" event.provider=\"iam.amazonaws.com\" #repo!=\"xdr*\"\n| #event.kind=\"event\" #event.outcome=\"success\"\n| event.action=\"AttachGroupPolicy\"\n| Vendor.requestParameters.policyArn=\"arn:aws:iam::aws:policy/AdministratorAccess\"\n",
      "search_window_start": "-70m",
      "search_window_end": "-10m",
      "schedule": "1h",
      "author": "CrowdStrike",
      "sigma_author": "",
      "category": "",
      "license": "",
      "tactic": "TA0004",
      "technique": "T1098.003",
      "mitre_attack": [
       {
        "tactic_id": "TA0004",
        "technique_id": "T1098.003"
       }
      ],
      "vendor": "AWS",
      "vendors": [
       "AWS"
      ],
      "product": "",
      "tags": "",
      "active": true,
      "source_url": "",
      "license_details": {
       "name": "",
       "url": ""
      },
      "outcome": "detection",
      "created_timestamp": "2024-08-01T00:00:00Z",
      "modified_timestamp": "0001-01-01T00:00:00Z"
     },
     {
      "id": "2990863b-052c-46e7-947d-381f13037727",
      "name": "AWS - CloudTrail - IAM Role Trust Policy Modified to Grant Access to Role from External AWS Account",
      "description": "Identifies a modification to the trust policy of an IAM Role that allows an external AWS account to assume the role. An attacker with access to a compromised AWS user could hijack an IAM Role by modifying its trust policy, enabling their own AWS account to assume the role and potentially escalating their privileges.\n",
      "origin": "CrowdStrike",
      "severity": 70,
      "recommended": true,
      "query": "#Vendor=\"aws\" event.provider=\"iam.amazonaws.com\" #repo!=\"xdr*\"\n| #event.kind=\"event\" #event.outcome=\"success\"\n| event.action=\"UpdateAssumeRolePolicy\"\n| regex(\"arn:aws:iam::(?\u003caccountId\u003e\\\\d+):\", field=Vendor.requestParameters.policyDocument, repeat=true)\n| test(accountId!=Vendor.recipientAccountId)\n",
      "search_window_start": "-70m",
      "search_window_end": "-10m",
      "schedule": "1h",
      "author": "CrowdStrike",
      "sigma_author": "",
      "category": "",
      "license": "",
      "tactic": "TA0004",
      "technique": "T1098",
      "mitre_attack": [
       {
        "tactic_id": "TA0004",
        "technique_id": "T1098"
       }
      ],
      "vendor": "AWS",
      "vendors": [
       "AWS"
      ],
      "product": "",
      "tags": "",
      "active": true,
      "source_url": "",
      "license_details": {
       "name": "",
       "url": ""
      },
      "outcome": "detection",
      "created_timestamp": "2024-07-18T00:00:00Z",
      "modified_timestamp": "0001-01-01T00:00:00Z"
     },
     {
      "id": "90f86fb8-6fb7-4e56-aa0a-69bf0ea5fe75",
      "name": "AWS - CloudTrail - Log Trail Created",
      "description": "Detects the creation of new CloudTrail logging configurations, which could indicate unauthorized monitoring attempts, shadow logging trails, or potential data exfiltration through logs being sent to unauthorized S3 buckets. While additional logging can enhance security, unexpected trail creation requires validation.\n",
      "origin": "CrowdStrike",
      "severity": 30,
      "recommended": true,
      "query": "#Vendor=\"aws\" #event.module=\"cloudtrail\" #repo!=\"xdr*\"\n| #event.kind=\"event\" #event.outcome=\"success\"\n| event.provider=\"cloudtrail.amazonaws.com\"\n| event.action=\"CreateTrail\"\n",
      "search_window_start": "-70m",
      "search_window_end": "-10m",
      "schedule": "1h",
      "author": "CrowdStrike",
      "sigma_author": "",
      "category": "",
      "license": "",
      "tactic": "TA0009",
      "technique": "T1530",
      "mitre_attack": [
       {
        "tactic_id": "TA0009",
        "technique_id": "T1530"
       }
      ],
      "vendor": "AWS",
      "vendors": [
       "AWS"
      ],
      "product": "",
      "tags": "",
      "active": true,
      "source_url": "",
      "license_details": {
       "name": "",
       "url": ""
      },
      "outcome": "detection",
      "created_timestamp": "2025-04-23T00:00:00Z",
      "modified_timestamp": "0001-01-01T00:00:00Z"
     },
     {
      "id": "20494a95-25c2-4400-a6bd-b4dab91a0d1b",
      "name": "AWS - CloudTrail - Log Trail Impairment via Event Selectors",
      "description": "Identifies a CloudTrail log trail where visibility is inhibited by creating an event selector that filters out management events. CloudTrail logs three types of events: management, data and insights. CloudTrail's default is to only log management events, which means an event selector that filters out management events will effectively impair the specified log trail.\nAn attacker with access to a compromised AWS user could use event selectors to avoid being detected while attempting illicit activities in the AWS environment.\n",
      "origin": "CrowdStrike",
      "severity": 70,
      "recommended": true,
      "query": "#Vendor=\"aws\" event.provider=\"cloudtrail.amazonaws.com\" #repo!=\"xdr*\"\n| #event.kind=\"event\" #event.outcome=\"success\"\n| event.action=\"PutEventSelectors\"\n| case {\n    writeJson(field=\"Vendor.requestParameters.eventSelectors[*].includeManagementEvents\", as=\"includeManagementEvents\") \n    | includeManagementEvents=/false/i;\n    Vendor.requestParameters.advancedEventSelectors[0].fieldSelectors[0].equals[0]=* \n    | writeJson(field=\"Vendor.requestParameters.advancedEventSelectors[*].fieldSelectors[*]\", as=\"fieldSelectors\") \n    | fieldSelectors!=/\"equals\":\\[[^\\]]*?\"Management\"/\n}\n",
      "search_window_start": "-70m",
      "search_window_end": "-10m",
      "schedule": "1h",
      "author": "CrowdStrike",
      "sigma_author": "",
      "category": "",
      "license": "",
      "tactic": "TA0005",
      "technique": "T1562.001",
      "mitre_attack": [
       {
        "tactic_id": "TA0005",
        "technique_id": "T1562.001"
       }
      ],
      "vendor": "AWS",
      "vendors": [
       "AWS"
      ],
      "product": "",
      "tags": "",
      "active": true,
      "source_url": "",
      "license_details": {
       "name": "",
       "url": ""
      },
      "outcome": "detection",
      "created_timestamp": "2024-05-16T00:00:00Z",
      "modified_timestamp": "2024-10-21T00:00:00Z"
     },
     {
      "id": "33b272a2-848f-46e5-a3e1-45734b4c8a48",
      "name": "AWS - CloudTrail - Management Activity Spike in a Short Period of Time",
      "description": "This rule detects AWS identities exhibiting unusual spikes of sensitive CloudTrail management activities. The rule uses historical activity to calculate the average and standard deviation for the volume of sensitive management events for each AWS identity. Alerts trigger when an identity's sensitive management events exceed their personalized threshold (average plus three standard deviations of the identity's historical activity), potentially indicating suspicious activities.\n",
      "origin": "CrowdStrike",
      "severity": 30,
      "recommended": true,
      "query": "defineTable(\nname=\"mgmt_events_stats\",\nstart=7d,\nend=1h,\nquery={\n    #Vendor=\"aws\" #event.module=\"cloudtrail\" #repo!=\"xdr*\"\n    | #event.kind=\"event\" #event.outcome=\"success\"\n    | event.action=/^(?:Delete|Put|Create|Update|Attach|Detach|Run|Terminate|Modify|Authorize|Revoke|Restore|Schedule|Enable|Disable|InviteAccountToOrganization|AssumeRole)/\n    | time_bucket := formatTime(\"%Y-%m-%d %H\", field=@timestamp)\n    | groupBy([time_bucket,Vendor.userIdentity.arn],function=count(as=mgmt_events_total_count), limit=max)\n    | groupBy(Vendor.userIdentity.arn, \n        function=[\n            mgmt_events_average_count := avg(mgmt_events_total_count), \n            mgmt_events_std_deviation_count := stdDev(mgmt_events_total_count)\n        ], \n        limit=max\n    )\n}, \ninclude=[*]\n)\n//Base Search\n| #Vendor=\"aws\" #event.module=\"cloudtrail\" #repo!=\"xdr*\"\n| #event.kind=\"event\" #event.outcome=\"success\"\n| event.action=/^(?:Delete|Put|Create|Update|Attach|Detach|Run|Terminate|Modify|Authorize|Revoke|Restore|Schedule|Enable|Disable|InviteAccountToOrganization|AssumeRole)/\n| time_bucket := formatTime(\"%Y-%m-%d %H\", field=@timestamp)\n// Please uncomment below line and add the role names or user names that are expected to create multiple legitimate management activities\n// | Vendor.userIdentity.arn =~ !in(values=[\"*ec2-role*\", \"*ecs-role*\", \"*DevOpsUser*\"])\n| Vendor.userIdentity.type =~ !in(values=[\"AWSAccount\", \"AWSService\", \"Unknown\"])\n| groupBy([time_bucket,Vendor.userIdentity.arn, Vendor.userIdentity.type],function=[count(as=mgmt_events_total_count), collect([event.action]), count(event.action, as=event_action_distinct_count, distinct=true)], limit=max)\n| event_action_distinct_count\u003e1\n| match(file=\"mgmt_events_stats\", field=Vendor.userIdentity.arn, strict=false)\n| threshold := mgmt_events_average_count + 3 * mgmt_events_std_deviation_count\n| case {\n    threshold!=* | threshold := 0; // Identity with no activity in the baseline.\n    *;\n}\n| test(mgmt_events_total_count \u003e threshold)\n",
      "search_window_start": "-70m",
      "search_window_end": "-10m",
      "schedule": "1h",
      "author": "CrowdStrike",
      "sigma_author": "",
      "category": "",
      "license": "",
      "tactic": "TA0005",
      "technique": "T1578.005",
      "mitre_attack": [
       {
        "tactic_id": "TA0005",
        "technique_id": "T1578.005"
       }
      ],
      "vendor": "AWS",
      "vendors": [
       "AWS"
      ],
      "product": "",
      "tags": "",
      "active": true,
      "source_url": "",
      "license_details": {
       "name": "",
       "url": ""
      },
      "outcome": "detection",
      "created_timestamp": "2024-12-18T00:00:00Z",
      "modified_timestamp": "0001-01-01T00:00:00Z"
     },
     {
      "id": "9d7c9d9e-c175-4f4c-bae6-599a6c95ea77",
      "name": "AWS - CloudTrail - Potential Data Exfiltration via DataSync Task",
      "description": "Identifies the creation of an AWS DataSync task that can be used for data migration. An attacker can abuse DataSync for data exfiltration purposes.\n",
      "origin": "CrowdStrike",
      "severity": 50,
      "recommended": true,
      "query": "#Vendor=\"aws\" event.provider=\"datasync.amazonaws.com\" #repo!=\"xdr*\"\n| #event.kind=\"event\" #event.outcome=\"success\"\n| event.action=\"CreateTask\"\n",
      "search_window_start": "-70m",
      "search_window_end": "-10m",
      "schedule": "1h",
      "author": "CrowdStrike",
      "sigma_author": "",
      "category": "",
      "license": "",
      "tactic": "TA0010",
      "technique": "T1537",
      "mitre_attack": [
       {
        "tactic_id": "TA0010",
        "technique_id": "T1537"
       }
      ],
      "vendor": "AWS",
      "vendors": [
       "AWS"
      ],
      "product": "",
      "tags": "",
      "active": true,
      "source_url": "",
      "license_details": {
       "name": "",
       "url": ""
      },
      "outcome": "detection",
      "created_timestamp": "2024-07-10T00:00:00Z",
      "modified_timestamp": "0001-01-01T00:00:00Z"
     },
     {
      "id": "f6e53793-958a-4caf-a314-e9e1dee827d8",
      "name": "AWS - CloudTrail - Route 53 MX Record Modified",
      "description": "This rule detects modifications to MX (Mail Exchanger) records in AWS Route 53. MX records specify the mail servers responsible for handling email for a domain. Changes to these records could indicate unauthorized alterations to email routing, potentially leading to email interception or disruption of legitimate email flow. Monitoring such changes is crucial for maintaining the integrity and security of an organization's email infrastructure.\n",
      "origin": "CrowdStrike",
      "severity": 90,
      "recommended": true,
      "query": "#Vendor=\"aws\" #event.module=\"cloudtrail\" #repo!=\"xdr*\"\n| #event.kind=\"event\" #event.outcome=\"success\"\n| event.provider=\"route53.amazonaws.com\"\n| event.action=\"ChangeResourceRecordSets\"\n| objectArray:eval(array=\"Vendor.requestParameters.changeBatch.changes[]\", asArray=\"out[]\", function= {\n                    Vendor.requestParameters.changeBatch.changes.resourceRecordSet.type=\"MX\" | out := \"match\"\n        }\n)\n| out[0]=\"match\"\n",
      "search_window_start": "-70m",
      "search_window_end": "-10m",
      "schedule": "1h",
      "author": "CrowdStrike",
      "sigma_author": "",
      "category": "",
      "license": "",
      "tactic": "TA0004",
      "technique": "T1078.004",
      "mitre_attack": [
       {
        "tactic_id": "TA0004",
        "technique_id": "T1078.004"
       }
      ],
      "vendor": "AWS",
      "vendors": [
       "AWS"
      ],
      "product": "",
      "tags": "",
      "active": true,
      "source_url": "",
      "license_details": {
       "name": "",
       "url": ""
      },
      "outcome": "detection",
      "created_timestamp": "2025-02-04T00:00:00Z",
      "modified_timestamp": "0001-01-01T00:00:00Z"
     },
     {
      "id": "0e087579-1adb-4e98-aff1-15711a38cce6",
      "name": "AWS - CloudTrail - S3 Bucket Policy Modified to Grant Access to External AWS Account",
      "description": "Identifies a modification to an Amazon S3 bucket policy that grants access to an external AWS account. An attacker with access to a compromised AWS user could alter the policy of an S3 bucket, granting themselves access to the bucket from their own AWS account.\n",
      "origin": "CrowdStrike",
      "severity": 50,
      "recommended": true,
      "query": "#Vendor=\"aws\" event.provider=\"s3.amazonaws.com\" #repo!=\"xdr*\"\n| #event.kind=\"event\" #event.outcome=\"success\"\n| event.action=\"PutBucketPolicy\"\n| writeJson(field=\"Vendor.requestParameters.bucketPolicy.Statement[*].Effect\", as=\"bucketPolicyEffect\")\n| text:contains(string=bucketPolicyEffect, substring=\"Allow\")\n| writeJson(field=\"Vendor.requestParameters.bucketPolicy.Statement[*].Principal.AWS\", as=\"bucketPolicyPrincipalAWS\")\n| regex(\"arn:aws:iam::(?\u003caccountId\u003e\\\\d+):\", field=bucketPolicyPrincipalAWS, repeat=true)\n| test(accountId!=Vendor.recipientAccountId)\n",
      "search_window_start": "-70m",
      "search_window_end": "-10m",
      "schedule": "1h",
      "author": "CrowdStrike",
      "sigma_author": "",
      "category": "",
      "license": "",
      "tactic": "TA0010",
      "technique": "T1537",
      "mitre_attack": [
       {
        "tactic_id": "TA0010",
        "technique_id": "T1537"
       }
      ],
      "vendor": "AWS",
      "vendors": [
       "AWS"
      ],
      "product": "",
      "tags": "",
      "active": true,
      "source_url": "",
      "license_details": {
       "name": "",
       "url": ""
      },
      "outcome": "detection",
      "created_timestamp": "2024-07-22T00:00:00Z",
      "modified_timestamp": "0001-01-01T00:00:00Z"
     },
     {
      "id": "37ca9bcc-42b4-45c4-ad47-f741f2653b63",
      "name": "AWS - CloudTrail - Short Lived Account",
      "description": "This detection identifies potential malicious activity where a AWS user account is created and subsequently deleted within a short period.\nThreat actors may employ this technique to evade detection and maintain persistence on a compromised system.\nBy rapidly creating and deleting user accounts, attackers can attempt to conceal their malicious activities, making it challenging for security teams to track and respond to the threat.\n",
      "origin": "CrowdStrike",
      "severity": 50,
      "recommended": true,
      "query": "#Vendor=\"aws\" #event.module=\"cloudtrail\" #repo!=\"xdr*\"\n| event.action =~ in(values=[\"CreateUser\", \"DeleteUser\"])\n| selfJoinFilter(field=[\"cloud.account.id\",\"Vendor.requestParameters.userName\"], where=[{event.action=\"CreateUser\"},{event.action=\"DeleteUser\"}]) \n",
      "search_window_start": "-250m",
      "search_window_end": "-10m",
      "schedule": "4h",
      "author": "CrowdStrike",
      "sigma_author": "",
      "category": "",
      "license": "",
      "tactic": "TA0003",
      "technique": "T1136.003",
      "mitre_attack": [
       {
        "tactic_id": "TA0003",
        "technique_id": "T1136.003"
       }
      ],
      "vendor": "AWS",
      "vendors": [
       "AWS"
      ],
      "product": "",
      "tags": "",
      "active": true,
      "source_url": "",
      "license_details": {
       "name": "",
       "url": ""
      },
      "outcome": "detection",
      "created_timestamp": "2024-09-03T00:00:00Z",
      "modified_timestamp": "0001-01-01T00:00:00Z"
     },
     {
      "id": "5f34e879-b072-4dd1-82d6-60ed34376831",
      "name": "AWS - CloudTrail - SNS Topic Policy Attribute Updated to Allow Public Access",
      "description": "This rule detects when an Amazon Simple Notification Service (SNS) topic policy is updated to allow unrestricted public access through Principal set to \"*\" allowing access from any AWS account, combined with missing or empty Condition blocks or overly permissive wildcards in Condition statements. \nWhile public access might be needed in some cases, unrestricted access, whether introduced through unauthorized modifications or inadequate security controls, could lead to unauthorized message publishing or subscription, potentially resulting in data exfiltration or service abuse.\n",
      "origin": "CrowdStrike",
      "severity": 50,
      "recommended": true,
      "query": "#Vendor=\"aws\" #event.module=\"cloudtrail\" #repo!=\"xdr*\"\n| #event.kind=\"event\" #event.outcome=\"success\"\n| event.provider=\"sns.amazonaws.com\"\n| event.action=\"SetTopicAttributes\" Vendor.requestParameters.attributeName=\"Policy\"\n| parseJson(Vendor.requestParameters.attributeValue, prefix=policy.)\n| split(policy.Statement)\n| policy.Statement.Effect=\"Allow\"\n// Check for public access patterns in Principal\n| case {\n    policy.Statement.Principal.AWS=/^\\*$/;\n    policy.Statement.Principal=/^\\*$/;\n    array:contains(array=\"policy.Statement.Principal.AWS[]\", value=\"*\");\n}\n// Verify absence of restricting conditions\n| case {\n    // SNS policies with an empty Condition block\n    Vendor.requestParameters.attributeValue=/\"Condition\"[\\s\\t]*:[\\s\\t\\n]*\\{[\\s\\t\\n]*\\}/;\n    // SNS policies without a Condition block\n    Vendor.requestParameters.attributeValue!=/\"Condition\"[\\s\\t]*:/;\n    // SNS policies that have a Condition block with overly permissive wildcards\n    case {\n    \t\"policy.Statement.Condition.ArnLike.aws:SourceArn\"=/^\\*$/;\n    \t\"policy.Statement.Condition.StringLike.aws:SourceArn\"=/^\\*$/;\n    \t\"policy.Statement.Condition.ArnLike.aws:PrincipalArn\"=/^\\*$/;\t\t\n    \t\"policy.Statement.Condition.StringLike.aws:PrincipalArn\"=/^\\*$/;\n    }\n}\n// TUNING: Uncomment and modify the following line to exclude authorized automation users/roles\n// Vendor.userIdentity.arn!=/(?:arn:aws:iam::123456789012:user\\/DeploymentAutomation|arn:aws:sts::123456789012:assumed-role\\/AutomationRole)/i\n// TUNING: Uncomment and modify the following line to exclude specific SNS topics if needed\n// Vendor.requestParameters.topicArn!=/arn:aws:sns:[^:]+:123456789012:(?:allowed-public-topic-1|allowed-public-topic-2)/i\n",
      "search_window_start": "-70m",
      "search_window_end": "-10m",
      "schedule": "1h",
      "author": "CrowdStrike",
      "sigma_author": "",
      "category": "",
      "license": "",
      "tactic": "TA0009",
      "technique": "T1119",
      "mitre_attack": [
       {
        "tactic_id": "TA0009",
        "technique_id": "T1119"
       }
      ],
      "vendor": "AWS",
      "vendors": [
       "AWS"
      ],
      "product": "",
      "tags": "",
      "active": true,
      "source_url": "",
      "license_details": {
       "name": "",
       "url": ""
      },
      "outcome": "detection",
      "created_timestamp": "2024-11-15T00:00:00Z",
      "modified_timestamp": "2025-04-25T00:00:00Z"
     },
     {
      "id": "fd301753-87bc-4da2-992b-3c7cd7ac794f",
      "name": "AWS - CloudTrail - SQS Queue Created or Modified to Allow Public Access",
      "description": "This rule identifies the creation or modification of Amazon Simple Queue Service (SQS) queues with policies allowing public access. While this configuration might be required in some cases, it represents a security risk and should be reviewed. An adversary might exploit such configurations for data exfiltration or conducting denial-of-service attacks through queue flooding.\n",
      "origin": "CrowdStrike",
      "severity": 50,
      "recommended": true,
      "query": "#Vendor=\"aws\" #event.module=\"cloudtrail\" #repo!=\"xdr*\"\n| #event.kind=\"event\" #event.outcome=\"success\"\n| event.provider=\"sqs.amazonaws.com\"\n| event.action =~ in(values=[\"SetQueueAttributes\", \"CreateQueue\"]) \n| parseJson(Vendor.requestParameters.attributes.Policy, prefix=policy.)\n| split(policy.Statement)\n| policy.Statement.Effect=\"Allow\"\n| case {\n    policy.Statement.Principal.AWS=/^\\*$/;\n    policy.Statement.Principal=/^\\*$/;\n    array:contains(array=\"policy.Statement.Principal.AWS[]\", value=\"*\")\n}\n| case {\n    // SQS policies with an empty Condition block.\n    Vendor.requestParameters.attributes.Policy=/\"Condition\"[\\s\\t]*:[\\s\\t\\n]*\\{[\\s\\t\\n]*\\}/;\n    // SQS policies without a Condition block.\n    Vendor.requestParameters.attributes.Policy!=/\"Condition\"[\\s\\t]*:/;\n    // SQS policies that have a Condition block with overly permissive wildcards\n    case {\n    \t\"policy.Statement.Condition.ArnLike.aws:SourceArn\"=/^\\*$/;\n    \t\"policy.Statement.Condition.StringLike.aws:SourceArn\"=/^\\*$/;\n    \t\"policy.Statement.Condition.ArnLike.aws:PrincipalArn\"=/^\\*$/;\t\t\n    \t\"policy.Statement.Condition.StringLike.aws:PrincipalArn\"=/^\\*$/;\n    }\n}\n// TUNING: Uncomment and modify the following line to exclude authorized automation users/roles\n// Vendor.userIdentity.arn!=/(?:arn:aws:iam::123456789012:user\\/DeploymentAutomation|arn:aws:sts::123456789012:assumed-role\\/AutomationRole)/i\n",
      "search_window_start": "-70m",
      "search_window_end": "-10m",
      "schedule": "1h",
      "author": "CrowdStrike",
      "sigma_author": "",
      "category": "",
      "license": "",
      "tactic": "TA0010",
      "technique": "T1567",
      "mitre_attack": [
       {
        "tactic_id": "TA0010",
        "technique_id": "T1567"
       }
      ],
      "vendor": "AWS",
      "vendors": [
       "AWS"
      ],
      "product": "",
      "tags": "",
      "active": true,
      "source_url": "",
      "license_details": {
       "name": "",
       "url": ""
      },
      "outcome": "detection",
      "created_timestamp": "2024-11-15T00:00:00Z",
      "modified_timestamp": "2025-04-24T00:00:00Z"
     },
     {
      "id": "a19de921-d545-4b21-b5ee-4427d6836f10",
      "name": "AWS - CloudTrail - Potential Secret Retrieval from SSM Parameter Store",
      "description": "This rule detects potential unauthorized access to sensitive information stored in AWS Systems Manager (SSM) Parameter Store. It identifies instances where a user first describes parameters and then retrieves specific parameters that may contain sensitive data such as keys, tokens, or secrets. This behavior could indicate an attempt to discover and exfiltrate sensitive information, which may be part of a broader attack or data breach attempt.\n",
      "origin": "CrowdStrike",
      "severity": 50,
      "recommended": true,
      "query": "#Vendor=\"aws\" #event.module=\"cloudtrail\" #repo!=\"xdr*\"\n| #event.kind=\"event\" #event.outcome=\"success\"\n| event.provider=\"ssm.amazonaws.com\"\n| case {\n    event.action=\"DescribeParameters\";\n    event.action=\"GetParameter\" \n    | Vendor.requestParameters.name=/key|token|secret|ssh|pass|private/i; // Add or remove keywords as needed\n}\n// Exclusions:\n// Exclude secret names\n// Vendor.requestParameters.name!=/excluded_secret/i;\n// Exclude identities\n// user.name!=/excluded_user/i\n// Exclude IP Addresses\n// source.ip=~!in(values=[\"1.2.3.4\"]) \n| asn(source.ip)\n| groupBy([Vendor.userIdentity.type,user.name,source.ip], \n    function=[\n      collect([\n        Vendor.requestParameters.name,\n        event.action,\n        source.ip.org,\n        #Vendor,\n        #event.module,\n        event.category[0]\n        ]), \n      count(distinct=true, field=\"event.action\", as=total_unique_actions)\n      ])\n| total_unique_actions\u003e1\n",
      "search_window_start": "-70m",
      "search_window_end": "-10m",
      "schedule": "1h",
      "author": "CrowdStrike",
      "sigma_author": "",
      "category": "",
      "license": "",
      "tactic": "TA0006",
      "technique": "T1555.006",
      "mitre_attack": [
       {
        "tactic_id": "TA0006",
        "technique_id": "T1555.006"
       }
      ],
      "vendor": "AWS",
      "vendors": [
       "AWS"
      ],
      "product": "",
      "tags": "",
      "active": true,
      "source_url": "",
      "license_details": {
       "name": "",
       "url": ""
      },
      "outcome": "detection",
      "created_timestamp": "2025-03-21T00:00:00Z",
      "modified_timestamp": "0001-01-01T00:00:00Z"
     },
     {
      "id": "c610f0a0-5beb-4b69-af4f-cc8706cb861f",
      "name": "AWS - CloudTrail - Potential Successful Password Spray Attack",
      "description": "This rule detects potential password spraying attacks against AWS accounts by identifying instances where multiple user accounts experience at least a single successful login attempt, preceded by a series of authentication failures, within a 1-hour time window. \nThis pattern may indicate that an adversary is attempting to gain access to multiple accounts using a commonly used password or a list of known passwords.\nActivity is clustered by Autonomous System (AS) as adversaries might be using different IP addresses to execute the attack and try to evade traditional brute force protections.\n",
      "origin": "CrowdStrike",
      "severity": 50,
      "recommended": true,
      "query": "#Vendor=\"aws\" #event.module=\"cloudtrail\" #repo!=\"xdr*\"\n| array:contains(array=\"event.category[]\", value=\"authentication\")\n| event.action=\"ConsoleLogin\"\n| #event.outcome match {\n    success =\u003e success_count := 1;\n    failure =\u003e failure_count := 1;\n}\n| user.name=\"*\"\n| asn(\"source.ip\")\n| groupby(field=[cloud.account.id,source.ip.org], function=[sum(success_count, as=\"total_success\"), sum(failure_count, as=\"total_failure\"), count(as=\"total\"), count(source.ip, as=\"total_ips\", distinct=\"true\"), count(user.name, as=\"total_users\", distinct=\"true\")]) \n| percent_fail := total_failure/total*100\n| percent_success := total_success/total*100\n//Adjust thresholds below as appropriate for your organization\n| total_failure\u003e1000\n| percent_fail\u003e90\n| total_users\u003e50\n| total_ips\u003e1\n| percent_success\u003e0 \n",
      "search_window_start": "-70m",
      "search_window_end": "-10m",
      "schedule": "1h",
      "author": "CrowdStrike",
      "sigma_author": "",
      "category": "",
      "license": "",
      "tactic": "TA0006",
      "technique": "T1110.003",
      "mitre_attack": [
       {
        "tactic_id": "TA0006",
        "technique_id": "T1110.003"
       }
      ],
      "vendor": "AWS",
      "vendors": [
       "AWS"
      ],
      "product": "",
      "tags": "",
      "active": true,
      "source_url": "",
      "license_details": {
       "name": "",
       "url": ""
      },
      "outcome": "detection",
      "created_timestamp": "2024-09-03T00:00:00Z",
      "modified_timestamp": "0001-01-01T00:00:00Z"
     },
     {
      "id": "b01f730e-d49a-41c2-bd31-7dd73845203a",
      "name": "AWS - CloudTrail - Successful Single-Factor Authentication",
      "description": "This rule detects successful AWS Console logins where Multi-Factor Authentication (MFA) was not used, violating security best practices and AWS Well-Architected Framework security guidelines.\nSuch authentication events indicate increased risk of unauthorized access, as the account is protected only by single-factor authentication, making it vulnerable to credential theft, brute force attacks, and password spraying attempts.\nNote: Consider excluding known automation/service accounts to reduce false positives. Regular review of excluded accounts recommended.\n",
      "origin": "CrowdStrike",
      "severity": 10,
      "recommended": true,
      "query": "#Vendor=\"aws\" #event.module=\"cloudtrail\" \n| #event.kind=\"event\" #event.outcome=\"success\"\n| event.provider=\"signin.amazonaws.com\"\n| event.action=\"ConsoleLogin\"\n| Vendor.additionalEventData.MFAUsed=\"No\"\n| Vendor.userIdentity.type!=\"Root\"\n// Exclude service users\n// | user.name=~ NOT in(values=[\"awsreservedsso*\", \"adfs*\", \"*role*\", \"automation\", \"*audit*\", \"*sandbox*\", \"*cloud*\", \"*migration*\", \"*jira*\", \"*bitbucket*\", \"*project*\", \"*production*\", \"*service*\", \"*policy*\", \"*invitation*\", \"*monitoring*\", \"*application*\", \"*build*\", \"*gateway*\", \"*notification*\", \"*deployment*\", \"*platform*\", \"*feature*\", \"*readonly*\", \"*okta*\", \"*data*\", \"*product*\", \"*technology*\"])\n// Exclude service by ARN (Amazon Resource Names)\n// | Vendor.userIdentity.arn=~ NOT in(values=[\"*:assumed-role*\", \"*:federated-role*\", \"*:federated-user*\"])\n",
      "search_window_start": "-70m",
      "search_window_end": "-10m",
      "schedule": "1h",
      "author": "CrowdStrike",
      "sigma_author": "",
      "category": "",
      "license": "",
      "tactic": "TA0001",
      "technique": "T1078.004",
      "mitre_attack": [
       {
        "tactic_id": "TA0001",
        "technique_id": "T1078.004"
       }
      ],
      "vendor": "AWS",
      "vendors": [
       "AWS"
      ],
      "product": "",
      "tags": "",
      "active": true,
      "source_url": "",
      "license_details": {
       "name": "",
       "url": ""
      },
      "outcome": "detection",
      "created_timestamp": "2025-04-21T00:00:00Z",
      "modified_timestamp": "0001-01-01T00:00:00Z"
     },
     {
      "id": "a96f0b8a-98dd-458c-986b-3f4670cb1ff2",
      "name": "AWS - CloudTrail - Temporary User Credentials Created",
      "description": "Identifies the creation of temporary credentials for an AWS IAM user via a federated user session. The privileges and access of the federated session are not revoked when the base IAM user’s credentials are deactivated.  An adversary could create a federated session from a compromised IAM user to persist in the AWS environment despite deactivation of the base identity’s compromised credentials.\n",
      "origin": "CrowdStrike",
      "severity": 50,
      "recommended": true,
      "query": "#Vendor=\"aws\" event.provider=\"sts.amazonaws.com\" #repo!=\"xdr*\"\n| #event.kind=\"event\" #event.outcome=\"success\"\n| event.action=\"GetFederationToken\"\n",
      "search_window_start": "-70m",
      "search_window_end": "-10m",
      "schedule": "1h",
      "author": "CrowdStrike",
      "sigma_author": "",
      "category": "",
      "license": "",
      "tactic": "TA0003",
      "technique": "T1098.001",
      "mitre_attack": [
       {
        "tactic_id": "TA0003",
        "technique_id": "T1098.001"
       }
      ],
      "vendor": "AWS",
      "vendors": [
       "AWS"
      ],
      "product": "",
      "tags": "",
      "active": true,
      "source_url": "",
      "license_details": {
       "name": "",
       "url": ""
      },
      "outcome": "detection",
      "created_timestamp": "2024-07-15T00:00:00Z",
      "modified_timestamp": "0001-01-01T00:00:00Z"
     },
     {
      "id": "212cac07-0386-4ad1-ab72-668dc9e65c88",
      "name": "AWS - CloudTrail - VPC Flow Logs Deleted",
      "description": "Identifies the deletion of AWS VPC FLow Logs. A threat actor that managed to compromise an AWS user may delete VPC Flow Logs in an attempt to avoid being detected.\n",
      "origin": "CrowdStrike",
      "severity": 70,
      "recommended": true,
      "query": "#Vendor=\"aws\" event.provider=\"ec2.amazonaws.com\" #repo!=\"xdr*\"\n| #event.kind=\"event\" #event.outcome=\"success\"\n| event.action=\"DeleteFlowLogs\"\n",
      "search_window_start": "-70m",
      "search_window_end": "-10m",
      "schedule": "1h",
      "author": "CrowdStrike",
      "sigma_author": "",
      "category": "",
      "license": "",
      "tactic": "TA0005",
      "technique": "T1562.001",
      "mitre_attack": [
       {
        "tactic_id": "TA0005",
        "technique_id": "T1562.001"
       }
      ],
      "vendor": "AWS",
      "vendors": [
       "AWS"
      ],
      "product": "",
      "tags": "",
      "active": true,
      "source_url": "",
      "license_details": {
       "name": "",
       "url": ""
      },
      "outcome": "detection",
      "created_timestamp": "2024-05-13T00:00:00Z",
      "modified_timestamp": "0001-01-01T00:00:00Z"
     },
     {
      "id": "c8a6a855-9ddf-4aea-ac64-39a4ae234496",
      "name": "AWS - GuardDuty - Finding from IP Not Associated with Falcon-Managed Endpoints",
      "description": "Detects GuardDuty findings where the source IP is not associated with any Falcon-managed endpoint's egress point. The rule dynamically builds a list of legitimate public IPs used by Falcon-managed endpoints and compares GuardDuty finding source IPs against this list.\nFor this detection to be effective, organizations must either deploy Falcon on all endpoints that access AWS resources or ensure AWS access occurs from network locations (e.g., offices, VPNs) where other Falcon-managed endpoints are present.\nThe rule relies on public IP addresses reported by Falcon sensors, which may be direct internet connections (remote work), security service egress points (e.g., Zscaler), or corporate VPN endpoints. Adversaries using the same egress points as legitimate users will not be detected.\nConsider implementing GuardDuty finding type exclusions based on your environment's specific needs and observed false positive patterns. Example exclusions are provided in the query comments.\n",
      "origin": "CrowdStrike",
      "severity": 50,
      "recommended": true,
      "query": "// Create lookup table of public IPs from active Falcon sensors\ndefineTable(\n    query={\n        #repo=\"base_sensor\"\n        | NOT cidr(aip, subnet=[\"10.0.0.0/8\", \"172.16.0.0/12\", \"192.168.0.0/16\", \"100.64.0.0/10\", \"169.254.0.0/16\", \"fc00::/7\", \"fe80::/10\"])\n        | groupBy([aip], function=[], limit=max)\n    },\n    include=[aip],\n    name=\"lookup_falcon_public_ips\"\n)\n// Match GuardDuty findings where the source IP is not associated with any Falcon-managed endpoint's egress point\n| #Vendor=\"aws\" #event.module=\"guardduty\" #event.kind=\"event\" #repo!=\"xdr*\"\n// Optional: exclude common GuardDuty findings (e.g. related to reconnaissance and discovery)\n// Uncomment and modify based on your environment's specific needs and observed false positive patterns\n// | rule.name =~ NOT in(values=[\"Recon:EC2/PortProbeUnprotectedPort\", \"Discovery:S3/AnomalousBehavior\", \"Discovery:IAMUser/AnomalousBehavior\"])\n| source.ip=*\n| NOT cidr(source.ip, subnet=[\"10.0.0.0/8\", \"172.16.0.0/12\", \"192.168.0.0/16\", \"100.64.0.0/10\", \"169.254.0.0/16\", \"fc00::/7\", \"fe80::/10\"])\n| NOT match(file=\"lookup_falcon_public_ips\", field=[source.ip], column=[aip])\n| asn(source.ip)\n",
      "search_window_start": "-70m",
      "search_window_end": "-10m",
      "schedule": "1h",
      "author": "CrowdStrike",
      "sigma_author": "",
      "category": "",
      "license": "",
      "tactic": "TA0001",
      "technique": "T1078.004",
      "mitre_attack": [
       {
        "tactic_id": "TA0001",
        "technique_id": "T1078.004"
       }
      ],
      "vendor": "AWS",
      "vendors": [
       "AWS"
      ],
      "product": "",
      "tags": "",
      "active": true,
      "source_url": "",
      "license_details": {
       "name": "",
       "url": ""
      },
      "outcome": "detection",
      "created_timestamp": "2024-02-27T00:00:00Z",
      "modified_timestamp": "0001-01-01T00:00:00Z"
     }
    ]
   }