{
    "meta": {
     "query_time": 0.054926144,
     "powered_by": "svc-cscrrulestemplates",
     "trace_id": "4a81aa8f263315245fa18d3a4b4094ed"
    },
    "errors": [],
    "resources": [
     {
      "id": "a3e2eeed-efd0-4f65-bc1a-5f6643c30bd0",
      "name": "AWS - CloudTrail - Configuration Recorder Stopped",
      "description": "Identifies an AWS Config change to stop recording changes for AWS resource configurations. A threat actor that managed to compromise an AWS user may stop the AWS configuration recorder in an attempt to avoid being detected while making illicit changes to AWS resource configurations.\n",
      "origin": "CrowdStrike",
      "severity": 70,
      "recommended": true,
      "query": "#Vendor=\"aws\" event.provider=\"config.amazonaws.com\" #repo!=\"xdr*\"\n| #event.kind=\"event\" #event.outcome=\"success\"\n| event.action=\"StopConfigurationRecorder\"\n",
      "search_window_start": "-70m",
      "search_window_end": "-10m",
      "schedule": "1h",
      "author": "CrowdStrike",
      "sigma_author": "",
      "category": "",
      "license": "",
      "tactic": "TA0005",
      "technique": "T1562.001",
      "mitre_attack": [
       {
        "tactic_id": "TA0005",
        "technique_id": "T1562.001"
       }
      ],
      "vendor": "AWS",
      "vendors": [
       "AWS"
      ],
      "product": "",
      "tags": "",
      "active": true,
      "source_url": "",
      "license_details": {
       "name": "",
       "url": ""
      },
      "outcome": "detection",
      "created_timestamp": "2024-05-10T00:00:00Z",
      "modified_timestamp": "0001-01-01T00:00:00Z"
     },
     {
      "id": "c434c430-f4ba-4a4b-831b-ce45c76810a9",
      "name": "AWS - CloudTrail - Console Login from IP Not Associated with Falcon-Managed Endpoints",
      "description": "Detects successful AWS Console logins where the source IP is not associated with any Falcon-managed endpoint's egress point. The rule dynamically builds a list of legitimate public IPs used by Falcon-managed endpoints and compares CloudTrail console login source IPs against this list.\nFor this detection to be effective, organizations must either deploy Falcon on all endpoints that access AWS resources or ensure AWS access occurs from network locations (e.g., offices, VPNs) where other Falcon-managed endpoints are present.\nThe rule relies on public IP addresses reported by Falcon sensors, which may be direct internet connections (remote work), security service egress points (e.g., Zscaler), or corporate VPN endpoints. Adversaries using the same egress points as legitimate users will not be detected.\n",
      "origin": "CrowdStrike",
      "severity": 50,
      "recommended": true,
      "query": "// Create lookup table of public IPs from active Falcon sensors\ndefineTable(\n    query={\n        #repo=\"base_sensor\"\n        | NOT cidr(aip, subnet=[\"10.0.0.0/8\", \"172.16.0.0/12\", \"192.168.0.0/16\", \"100.64.0.0/10\", \"169.254.0.0/16\", \"fc00::/7\", \"fe80::/10\"])\n        | groupBy([aip], limit=max)\n    },\n    include=[aip], \n    name=\"lookup_falcon_public_ips\"\n)\n// Detect successful AWS Console login events where the source IP is not associated with any Falcon-managed endpoint's egress point\n| #Vendor=\"aws\" #event.module=\"cloudtrail\" #event.kind=\"event\" #repo!=\"xdr*\"\n| #event.outcome=\"success\"\n| event.action=\"ConsoleLogin\" \n| NOT match(file=\"lookup_falcon_public_ips\", field=[source.ip], column=[aip])\n| asn(source.ip)\n// Optional: exclude trusted organizations\n// | source.ip.org =~ NOT in(values=[\"LEGITIMATE_ORG_1\", \"LEGITIMATE_ORG_2\"])\n",
      "search_window_start": "-70m",
      "search_window_end": "-10m",
      "schedule": "1h",
      "author": "CrowdStrike",
      "sigma_author": "",
      "category": "",
      "license": "",
      "tactic": "TA0001",
      "technique": "T1078.004",
      "mitre_attack": [
       {
        "tactic_id": "TA0001",
        "technique_id": "T1078.004"
       }
      ],
      "vendor": "AWS",
      "vendors": [
       "AWS"
      ],
      "product": "",
      "tags": "",
      "active": true,
      "source_url": "",
      "license_details": {
       "name": "",
       "url": ""
      },
      "outcome": "detection",
      "created_timestamp": "2024-02-28T00:00:00Z",
      "modified_timestamp": "0001-01-01T00:00:00Z"
     },
     {
      "id": "cd36bf50-cdd6-4a9d-a63d-3c5b5dd1fe6b",
      "name": "AWS - CloudTrail - EC2 Network Access Control List Deleted",
      "description": "Identifies the deletion of an AWS EC2 network access control list or one of its inbound/outbound rules. An attacker may carry out this action in an attempt to impair defenses.\n",
      "origin": "CrowdStrike",
      "severity": 50,
      "recommended": true,
      "query": "#Vendor=\"aws\" event.provider=\"ec2.amazonaws.com\" #repo!=\"xdr*\"\n| #event.kind=\"event\" #event.outcome=\"success\"\n| in(event.action, values=[\"DeleteNetworkAcl\", \"DeleteNetworkAclEntry\"])\n",
      "search_window_start": "-70m",
      "search_window_end": "-10m",
      "schedule": "1h",
      "author": "CrowdStrike",
      "sigma_author": "",
      "category": "",
      "license": "",
      "tactic": "TA0005",
      "technique": "T1562.001",
      "mitre_attack": [
       {
        "tactic_id": "TA0005",
        "technique_id": "T1562.001"
       }
      ],
      "vendor": "AWS",
      "vendors": [
       "AWS"
      ],
      "product": "",
      "tags": "",
      "active": true,
      "source_url": "",
      "license_details": {
       "name": "",
       "url": ""
      },
      "outcome": "detection",
      "created_timestamp": "2024-05-31T00:00:00Z",
      "modified_timestamp": "0001-01-01T00:00:00Z"
     },
     {
      "id": "35022a95-2920-4db8-8b93-da23480ada1b",
      "name": "AWS - CloudTrail - EC2 Traffic Mirroring Detected",
      "description": "Identifies traffic mirroring in an Amazon EC2 instance. An attacker may abuse this Amazon VPC feature for data exfiltration.\n",
      "origin": "CrowdStrike",
      "severity": 50,
      "recommended": true,
      "query": "#Vendor=\"aws\" event.provider=\"ec2.amazonaws.com\" #repo!=\"xdr*\"\n| #event.kind=\"event\" #event.outcome=\"success\"\n| event.action=\"CreateTrafficMirror*\"\n",
      "search_window_start": "-70m",
      "search_window_end": "-10m",
      "schedule": "1h",
      "author": "CrowdStrike",
      "sigma_author": "",
      "category": "",
      "license": "",
      "tactic": "TA0010",
      "technique": "T1020",
      "mitre_attack": [
       {
        "tactic_id": "TA0010",
        "technique_id": "T1020"
       }
      ],
      "vendor": "AWS",
      "vendors": [
       "AWS"
      ],
      "product": "",
      "tags": "",
      "active": true,
      "source_url": "",
      "license_details": {
       "name": "",
       "url": ""
      },
      "outcome": "detection",
      "created_timestamp": "2024-05-14T00:00:00Z",
      "modified_timestamp": "0001-01-01T00:00:00Z"
     },
     {
      "id": "2ec33b0c-21e5-4d39-906f-5f4b5aa35bc6",
      "name": "AWS - CloudTrail - S3 Objects Encrypted with Customer-Provided Keys (SSE-C)",
      "description": "This rule detects potential ransomware activity targeting AWS S3 buckets using Server-Side Encryption with Customer-Provided Keys (SSE-C). The attack pattern involves a sequence of events where an actor with compromised AWS credentials performs mass encryption operations using SSE-C, followed by lifecycle policy modifications.\nNOTE: This detection requires S3 data event logging to be enabled in CloudTrail. By default, CloudTrail trails do not \nlog data events for S3 buckets. To enable data events logging, refer to https://docs.aws.amazon.com/AmazonS3/latest/userguide/enable-cloudtrail-logging-for-s3.html.\n",
      "origin": "CrowdStrike",
      "severity": 70,
      "recommended": true,
      "query": "#Vendor=\"aws\" #event.module=\"cloudtrail\" #event.dataset=\"cloudtrail.s3\" #repo!=\"xdr*\"\n| #event.kind=\"event\" #event.outcome=\"success\"\n| Vendor.eventCategory=\"Data\" Vendor.additionalEventData.SSEApplied=\"SSE_C\"\n| \"Vendor.requestParameters.x-amz-server-side-encryption-customer-algorithm\"=/AES/\n| asn(source.ip)\n| groupBy([cloud.account.id, cloud.Storage.bucket_name], function=[count(Vendor.resources[0].ARN, distinct=True, as=\"encrFileCnt\"), collect([Vendor.userIdentity.arn, event.action, Vendor.resources[0].ARN, Vendor.awsRegion, source.ip, source.ip.org, user_agent.original])])\n| encrFileCnt \u003e 1\n",
      "search_window_start": "-40m",
      "search_window_end": "-10m",
      "schedule": "30m",
      "author": "CrowdStrike",
      "sigma_author": "",
      "category": "",
      "license": "",
      "tactic": "TA0040",
      "technique": "T1486",
      "mitre_attack": [
       {
        "tactic_id": "TA0040",
        "technique_id": "T1486"
       }
      ],
      "vendor": "AWS",
      "vendors": [
       "AWS"
      ],
      "product": "",
      "tags": "",
      "active": true,
      "source_url": "",
      "license_details": {
       "name": "",
       "url": ""
      },
      "outcome": "detection",
      "created_timestamp": "2025-01-14T00:00:00Z",
      "modified_timestamp": "0001-01-01T00:00:00Z"
     },
     {
      "id": "0e551e50-0066-4355-a36f-25a259861f65",
      "name": "AWS - CloudTrail - GuardDuty Suppression Rule Created or Updated",
      "description": "Identifies the creation or update of an Amazon GuardDuty Suppression Rule that allows ignoring specific security findings that match the rule's criteria. The legitimate purpose for a Suppression Rule is to help with reducing noise and false positives in security monitoring.\nAn attacker with access to a compromised AWS user could abuse this feature to avoid being detected while attempting illicit activities in the AWS environment. The attacker could create or update an existing Suppression Rule that will automatically archive newly created findings meaning that GuardDuty will no longer generate notifications or send findings to configured Publishing Destinations (such as Amazon S3, CloudWatch Logs) that match the Suppression Rule's criteria.\n",
      "origin": "CrowdStrike",
      "severity": 50,
      "recommended": true,
      "query": "#Vendor=\"aws\" event.provider=\"guardduty.amazonaws.com\" #repo!=\"xdr*\"\n| #event.kind=\"event\" #event.outcome=\"success\"\n| in(event.action, values=[\"CreateFilter\", \"UpdateFilter\"])\n| Vendor.requestParameters.action=\"ARCHIVE\"\n",
      "search_window_start": "-70m",
      "search_window_end": "-10m",
      "schedule": "1h",
      "author": "CrowdStrike",
      "sigma_author": "",
      "category": "",
      "license": "",
      "tactic": "TA0005",
      "technique": "T1562.001",
      "mitre_attack": [
       {
        "tactic_id": "TA0005",
        "technique_id": "T1562.001"
       }
      ],
      "vendor": "AWS",
      "vendors": [
       "AWS"
      ],
      "product": "",
      "tags": "",
      "active": true,
      "source_url": "",
      "license_details": {
       "name": "",
       "url": ""
      },
      "outcome": "detection",
      "created_timestamp": "2024-07-12T00:00:00Z",
      "modified_timestamp": "0001-01-01T00:00:00Z"
     },
     {
      "id": "e13f2dea-5f66-4378-97be-5ee8f2054e9b",
      "name": "AWS - CloudTrail - IAM Access Key Deleted",
      "description": "This rule detects when an IAM access key is deleted in AWS. Deletion of access keys may indicate potential unauthorized access attempts or security measures being taken to revoke access. Review the context and associated user activity to determine if this action was authorized and necessary.\n",
      "origin": "CrowdStrike",
      "severity": 50,
      "recommended": true,
      "query": "#Vendor=\"aws\" event.provider=\"iam.amazonaws.com\" #repo!=\"xdr*\"\n| #event.kind=\"event\" #event.outcome=\"success\"\n| event.action=\"DeleteAccessKey\"\n",
      "search_window_start": "-70m",
      "search_window_end": "-10m",
      "schedule": "1h",
      "author": "CrowdStrike",
      "sigma_author": "",
      "category": "",
      "license": "",
      "tactic": "TA0040",
      "technique": "T1531",
      "mitre_attack": [
       {
        "tactic_id": "TA0040",
        "technique_id": "T1531"
       }
      ],
      "vendor": "AWS",
      "vendors": [
       "AWS"
      ],
      "product": "",
      "tags": "",
      "active": true,
      "source_url": "",
      "license_details": {
       "name": "",
       "url": ""
      },
      "outcome": "detection",
      "created_timestamp": "2024-12-19T00:00:00Z",
      "modified_timestamp": "0001-01-01T00:00:00Z"
     },
     {
      "id": "448304bf-7117-4453-8cbc-af01f93b0b5a",
      "name": "AWS - CloudTrail - IAM AdministratorAccess Policy Attached to Role",
      "description": "Identifies the attachment of the AdministratorAccess AWS managed policy to an existing IAM role, granting the role full access to all AWS services and resources. An attacker with access to a compromised AWS user that has the iam:AttachRolePolicy permission could attach the AdministratorAccess policy to a compromised IAM role, thereby escalating privileges or maintaining persistence.\n",
      "origin": "CrowdStrike",
      "severity": 50,
      "recommended": true,
      "query": "#Vendor=\"aws\" event.provider=\"iam.amazonaws.com\" #repo!=\"xdr*\"\n| #event.kind=\"event\" #event.outcome=\"success\"\n| event.action=\"AttachRolePolicy\"\n| Vendor.requestParameters.policyArn=\"arn:aws:iam::aws:policy/AdministratorAccess\"\n",
      "search_window_start": "-70m",
      "search_window_end": "-10m",
      "schedule": "1h",
      "author": "CrowdStrike",
      "sigma_author": "",
      "category": "",
      "license": "",
      "tactic": "TA0004",
      "technique": "T1098.003",
      "mitre_attack": [
       {
        "tactic_id": "TA0004",
        "technique_id": "T1098.003"
       }
      ],
      "vendor": "AWS",
      "vendors": [
       "AWS"
      ],
      "product": "",
      "tags": "",
      "active": true,
      "source_url": "",
      "license_details": {
       "name": "",
       "url": ""
      },
      "outcome": "detection",
      "created_timestamp": "2024-08-01T00:00:00Z",
      "modified_timestamp": "0001-01-01T00:00:00Z"
     },
     {
      "id": "fdcb972a-0cc3-47fa-a7e6-6cc0fa8551a4",
      "name": "AWS - CloudTrail - IAM Group Creation/Deletion",
      "description": "This detection identifies the creation or deletion of IAM Groups in AWS, which could indicate legitimate group management or potential unauthorized changes to permission structures.\nNote: Consider excluding known temporary, test, and automation-managed groups (e.g., -temp-, -test-, -terraform-) to reduce false positives. Regular review of excluded groups recommended. \n",
      "origin": "CrowdStrike",
      "severity": 70,
      "recommended": true,
      "query": "#Vendor=\"aws\" #event.module=\"cloudtrail\" #repo!=\"xdr*\"\n| #event.kind=\"event\" #event.outcome=\"success\"\n| event.provider=\"iam.amazonaws.com\"\n| event.action=~in(values=[\"CreateGroup\", \"DeleteGroup\"])\t\n| array:contains(\"event.category[]\", value=\"iam\")\n// Exclude groups\n// | Vendor.requestParameters.groupName=~ NOT in(values=[\"*temp*\", \"*test*\", \"*staging*\", \"*cloudformation*\", \"*terraform*\", \"*automated*\", \"bootstrap*\"]) \n",
      "search_window_start": "-70m",
      "search_window_end": "-10m",
      "schedule": "1h",
      "author": "CrowdStrike",
      "sigma_author": "",
      "category": "",
      "license": "",
      "tactic": "TA0003",
      "technique": "T1098",
      "mitre_attack": [
       {
        "tactic_id": "TA0003",
        "technique_id": "T1098"
       }
      ],
      "vendor": "AWS",
      "vendors": [
       "AWS"
      ],
      "product": "",
      "tags": "",
      "active": true,
      "source_url": "",
      "license_details": {
       "name": "",
       "url": ""
      },
      "outcome": "detection",
      "created_timestamp": "2025-04-10T00:00:00Z",
      "modified_timestamp": "0001-01-01T00:00:00Z"
     },
     {
      "id": "68e94c6e-4480-4fd0-b76d-d4bb8c907232",
      "name": "AWS - CloudTrail - IAM Identity Provider Added",
      "description": "This rule detects the addition of a new identity provider in AWS IAM. Adversaries may add new identity providers to AWS IAM to gain access to AWS resources.\n",
      "origin": "CrowdStrike",
      "severity": 70,
      "recommended": true,
      "query": "#Vendor=\"aws\" event.provider=\"iam.amazonaws.com\" #repo!=\"xdr*\"\n| #event.kind=\"event\" #event.outcome=\"success\"\n| event.action =~ in(values=[\"CreateOpenIDConnectProvider\", \"CreateSAMLProvider\"])\n",
      "search_window_start": "-70m",
      "search_window_end": "-10m",
      "schedule": "1h",
      "author": "CrowdStrike",
      "sigma_author": "",
      "category": "",
      "license": "",
      "tactic": "TA0005",
      "technique": "T1484.002",
      "mitre_attack": [
       {
        "tactic_id": "TA0005",
        "technique_id": "T1484.002"
       }
      ],
      "vendor": "AWS",
      "vendors": [
       "AWS"
      ],
      "product": "",
      "tags": "",
      "active": true,
      "source_url": "",
      "license_details": {
       "name": "",
       "url": ""
      },
      "outcome": "detection",
      "created_timestamp": "2024-12-24T00:00:00Z",
      "modified_timestamp": "0001-01-01T00:00:00Z"
     },
     {
      "id": "aee3a329-89db-4e7c-a37c-bf00c3f9ca85",
      "name": "AWS - CloudTrail - IAM Identity Provider Deleted",
      "description": "This rule detects the deletion of an identity provider in AWS IAM. Deletion of an identity provider could indicate unauthorized changes to authentication mechanisms or potential attempts to disrupt federated access. This activity should be reviewed to ensure it was authorized and part of planned changes.\n",
      "origin": "CrowdStrike",
      "severity": 70,
      "recommended": true,
      "query": "#Vendor=\"aws\" event.provider=\"iam.amazonaws.com\" #repo!=\"xdr*\"\n| #event.kind=\"event\" #event.outcome=\"success\"\n| event.action =~ in(values=[\"DeleteOpenIDConnectProvider\", \"DeleteSAMLProvider\"])\n",
      "search_window_start": "-70m",
      "search_window_end": "-10m",
      "schedule": "1h",
      "author": "CrowdStrike",
      "sigma_author": "",
      "category": "",
      "license": "",
      "tactic": "TA0005",
      "technique": "T1484.002",
      "mitre_attack": [
       {
        "tactic_id": "TA0005",
        "technique_id": "T1484.002"
       }
      ],
      "vendor": "AWS",
      "vendors": [
       "AWS"
      ],
      "product": "",
      "tags": "",
      "active": true,
      "source_url": "",
      "license_details": {
       "name": "",
       "url": ""
      },
      "outcome": "detection",
      "created_timestamp": "2024-12-24T00:00:00Z",
      "modified_timestamp": "0001-01-01T00:00:00Z"
     },
     {
      "id": "ec9250ab-4180-4f61-8c8f-f83fa409ac5d",
      "name": "AWS - CloudTrail - IAM Inline Policy with Full Administrative Permissions",
      "description": "This rule identifies an AWS inline policy for a user, group, or role that has been created or updated with full administrative permissions. An attacker with access to a compromised IAM user account could escalate privileges by creating or updating an IAM inline policy with full administrative permissions.\n",
      "origin": "CrowdStrike",
      "severity": 70,
      "recommended": true,
      "query": "#Vendor=\"aws\" event.provider=\"iam.amazonaws.com\" #repo!=\"xdr*\"\n| #event.kind=\"event\" #event.outcome=\"success\"\n| event.action =~ in(values=[\"PutUserPolicy\", \"PutGroupPolicy\", \"PutRolePolicy\"])\n| parseJson(Vendor.requestParameters.policyDocument)\n| split(Statement)\n| Statement.Effect=\"Allow\"\n| case {\n        Statement.Action[0]=* | array:contains(array=\"Statement.Action[]\", value=\"*\");\n        Statement.Action=/^\\*$/\n}\n| case {\n        Statement.Resource[0]=* | array:contains(array=\"Statement.Resource[]\", value=\"*\");\n        Statement.Resource=/^\\*$/\n}\n",
      "search_window_start": "-70m",
      "search_window_end": "-10m",
      "schedule": "1h",
      "author": "CrowdStrike",
      "sigma_author": "",
      "category": "",
      "license": "",
      "tactic": "TA0004",
      "technique": "T1098.003",
      "mitre_attack": [
       {
        "tactic_id": "TA0004",
        "technique_id": "T1098.003"
       }
      ],
      "vendor": "AWS",
      "vendors": [
       "AWS"
      ],
      "product": "",
      "tags": "",
      "active": true,
      "source_url": "",
      "license_details": {
       "name": "",
       "url": ""
      },
      "outcome": "detection",
      "created_timestamp": "2024-09-25T00:00:00Z",
      "modified_timestamp": "0001-01-01T00:00:00Z"
     },
     {
      "id": "bce55dd7-815d-480e-a126-30612ab3ffe9",
      "name": "AWS - CloudTrail - IAM MFA Device Deactivated",
      "description": "Identifies the deactivation of a MFA device and its removal from association with the user name for which it was originally enabled.\n",
      "origin": "CrowdStrike",
      "severity": 50,
      "recommended": true,
      "query": "#Vendor=\"aws\" event.provider=\"iam.amazonaws.com\" #repo!=\"xdr*\"\n| #event.kind=\"event\" | array:contains(\"event.category[]\", value=\"iam\") | array:contains(\"event.type[]\", value=\"user\")\n| #event.outcome=\"success\"\n| in(event.action, values=[\"DeleteVirtualMFADevice\", \"DeactivateMFADevice\"])\n",
      "search_window_start": "-70m",
      "search_window_end": "-10m",
      "schedule": "1h",
      "author": "CrowdStrike",
      "sigma_author": "",
      "category": "",
      "license": "",
      "tactic": "TA0040",
      "technique": "T1531",
      "mitre_attack": [
       {
        "tactic_id": "TA0040",
        "technique_id": "T1531"
       }
      ],
      "vendor": "AWS",
      "vendors": [
       "AWS"
      ],
      "product": "",
      "tags": "",
      "active": true,
      "source_url": "",
      "license_details": {
       "name": "",
       "url": ""
      },
      "outcome": "detection",
      "created_timestamp": "2024-07-08T00:00:00Z",
      "modified_timestamp": "0001-01-01T00:00:00Z"
     },
     {
      "id": "51fa5289-feb2-49db-b813-380cdc8261b6",
      "name": "AWS - CloudTrail - IAM User Created with Full Access Followed by Access Key or Password Creation",
      "description": "This rule identifies a potentially suspicious sequence of events that starts with an AWS IAM user being created, followed by the assignment of the IAM AdministratorAccess managed policy, and the creation of an access key or password for the newly created IAM user. An adversary with access to an AWS account may exhibit this behavior to escalate privileges and persist in the AWS environment.\n",
      "origin": "CrowdStrike",
      "severity": 50,
      "recommended": true,
      "query": "#Vendor=\"aws\" #event.module=\"cloudtrail\" #repo!=\"xdr*\"\n| #event.kind=\"event\" #event.outcome=\"success\"\n| event.action =~ in(values=[\"CreateUser\", \"AttachUserPolicy\", \"CreateAccessKey\", \"CreateLoginProfile\"])\n| selfJoinFilter([Vendor.userIdentity.arn, Vendor.requestParameters.userName],\n    where=[\n        { event.action=\"CreateUser\" },\n        { event.action=\"AttachUserPolicy\" Vendor.requestParameters.policyArn=\"arn:aws:iam::aws:policy/AdministratorAccess\" },\n        { event.action =~ in(values=[\"CreateAccessKey\", \"CreateLoginProfile\"]) }\n    ], prefilter=true\n)\n| ipLocation(source.ip)\n| asn(source.ip)\n// The following line selects the fields that are useful for detection triage - uncomment when reviewing trigger events.\n// | table([@timestamp, Vendor.userIdentity.arn, Vendor.requestParameters.userName, event.action, Vendor.requestParameters.policyArn, source.ip, source.ip.org, source.ip.country, source.ip.city, user_agent.original])\n",
      "search_window_start": "-70m",
      "search_window_end": "-10m",
      "schedule": "1h",
      "author": "CrowdStrike",
      "sigma_author": "",
      "category": "",
      "license": "",
      "tactic": "TA0003",
      "technique": "T1136.003",
      "mitre_attack": [
       {
        "tactic_id": "TA0003",
        "technique_id": "T1136.003"
       }
      ],
      "vendor": "AWS",
      "vendors": [
       "AWS"
      ],
      "product": "",
      "tags": "",
      "active": true,
      "source_url": "",
      "license_details": {
       "name": "",
       "url": ""
      },
      "outcome": "detection",
      "created_timestamp": "2024-11-05T00:00:00Z",
      "modified_timestamp": "0001-01-01T00:00:00Z"
     },
     {
      "id": "586fa5ea-06bd-4390-92a2-947a1e0e6b32",
      "name": "AWS - CloudTrail - IAM User Login Profile Added for Root",
      "description": "This detection identifies when a login profile (console/UI access) is created for the AWS root account using API access, which violates security best practices as root accounts should not have console access enabled. This could indicate an attempt to gain unauthorized web console access to the most privileged account.\n",
      "origin": "CrowdStrike",
      "severity": 90,
      "recommended": true,
      "query": "#Vendor=\"aws\" #event.module=\"cloudtrail\" \n| #event.kind=\"event\" #event.outcome=\"success\"\n| event.provider=\"iam.amazonaws.com\"\n| event.action=\"CreateLoginProfile\" \n| Vendor.userIdentity.type=\"Root\"   // Check if action was performed by root user account\n| Vendor.userIdentity.accessKeyId=*  // Action performed via API/CLI rather than AWS Console\n| Vendor.requestParameters.userName!=*   // Check if root is creating profile for itself\n",
      "search_window_start": "-70m",
      "search_window_end": "-10m",
      "schedule": "1h",
      "author": "CrowdStrike",
      "sigma_author": "",
      "category": "",
      "license": "",
      "tactic": "TA0003",
      "technique": "T1098.001",
      "mitre_attack": [
       {
        "tactic_id": "TA0003",
        "technique_id": "T1098.001"
       }
      ],
      "vendor": "AWS",
      "vendors": [
       "AWS"
      ],
      "product": "",
      "tags": "",
      "active": true,
      "source_url": "",
      "license_details": {
       "name": "",
       "url": ""
      },
      "outcome": "detection",
      "created_timestamp": "2025-04-23T00:00:00Z",
      "modified_timestamp": "0001-01-01T00:00:00Z"
     },
     {
      "id": "24ac93a7-0ae5-45f1-a345-165cb8c292df",
      "name": "AWS - CloudTrail - KMS Customer Managed Key Disabled or Scheduled for Deletion",
      "description": "Identifies an AWS KMS customer managed key being disabled or scheduled for deletion. Deleting a KMS key is irreversible and the data that was encrypted under that KMS key can no longer be decrypted, making that data unrecoverable. An attacker may attempt to delete a KMS key for data destruction purposes.\n",
      "origin": "CrowdStrike",
      "severity": 50,
      "recommended": true,
      "query": "#Vendor=\"aws\" event.provider=\"kms.amazonaws.com\" #repo!=\"xdr*\"\n| #event.kind=\"event\" | #event.outcome=\"success\"\n| in(event.action, values=[\"DisableKey\", \"ScheduleKeyDeletion\"])\n",
      "search_window_start": "-70m",
      "search_window_end": "-10m",
      "schedule": "1h",
      "author": "CrowdStrike",
      "sigma_author": "",
      "category": "",
      "license": "",
      "tactic": "TA0040",
      "technique": "T1485",
      "mitre_attack": [
       {
        "tactic_id": "TA0040",
        "technique_id": "T1485"
       }
      ],
      "vendor": "AWS",
      "vendors": [
       "AWS"
      ],
      "product": "",
      "tags": "",
      "active": true,
      "source_url": "",
      "license_details": {
       "name": "",
       "url": ""
      },
      "outcome": "detection",
      "created_timestamp": "2024-07-08T00:00:00Z",
      "modified_timestamp": "0001-01-01T00:00:00Z"
     },
     {
      "id": "7b8f9c3a-e5d2-4f1c-b6a8-9c2d3e4f5a6b",
      "name": "AWS - CloudTrail - Potential Persistence via Lambda Function",
      "description": "This rule detects potential AWS Lambda-based persistence techniques. It identifies a sequence of events that could indicate an attacker using Lambda functions to monitor and automatically modify IAM role policies. The detection looks for the creation of an EventBridge rule monitoring CreateRole events, the addition of permissions for EventBridge to invoke a Lambda function, and the creation of a Lambda function, all occurring within a short time frame.\n",
      "origin": "CrowdStrike",
      "severity": 70,
      "recommended": true,
      "query": "#Vendor=\"aws\" #event.module=\"cloudtrail\" #repo!=\"xdr*\"\n| #event.kind=\"event\" #event.outcome=\"success\"\n| case {\n    // Check for EventBridge rule  monitoring ONLY for CreateRole activity\n    event.provider=\"events.amazonaws.com\" event.action=\"PutRule\" \n    | parseJson(Vendor.requestParameters.eventPattern, prefix=_req_param_event_pattern.)\n    | array:contains(\"_req_param_event_pattern.detail.eventName[]\", value=\"CreateRole\")\n    | array:length(\"_req_param_event_pattern.detail.eventName[]\")\n    | _length=1;\n    // Check for events as a principal for lambda invocation\n    event.provider=\"lambda.amazonaws.com\" event.action=\"AddPermission*\" \n    | Vendor.requestParameters.principal=\"events.amazonaws.com\"; \n    // Creation of Lambda Function\n    event.provider=\"lambda.amazonaws.com\" event.action=\"CreateFunction*\"; \n  }\n| bucket(field=\"Vendor.userIdentity.arn\",\n        span=10m,\n        function=\n            collect([\n                event.action, \n                Vendor.eventSource, \n                source.ip, \n                cloud.account.id, \n                cloud.region, \n                Vendor.userIdentity.arn, \n                Vendor.userIdentity.accountId,\n                Vendor.requestParameters.eventPattern,\n                _length\n            ])\n)\n| event.action=/PutRule/m event.action=/^CreateFunction/m event.action=/^AddPermission/m\n",
      "search_window_start": "-70m",
      "search_window_end": "-10m",
      "schedule": "1h",
      "author": "CrowdStrike",
      "sigma_author": "",
      "category": "",
      "license": "",
      "tactic": "TA0003",
      "technique": "T1546",
      "mitre_attack": [
       {
        "tactic_id": "TA0003",
        "technique_id": "T1546"
       }
      ],
      "vendor": "AWS",
      "vendors": [
       "AWS"
      ],
      "product": "",
      "tags": "",
      "active": true,
      "source_url": "",
      "license_details": {
       "name": "",
       "url": ""
      },
      "outcome": "detection",
      "created_timestamp": "2025-04-14T00:00:00Z",
      "modified_timestamp": "0001-01-01T00:00:00Z"
     },
     {
      "id": "16027e06-2681-4f23-9278-8d5474443c49",
      "name": "AWS - CloudTrail - Management Console Login Failed During MFA Challenge",
      "description": "Identifies a failed login to the AWS Management Console when MFA was used. Monitoring this activity is important, as an adversary that has managed to compromise the credentials of an AWS user may attempt to access it, but gets hindered by the MFA requirements.\n",
      "origin": "CrowdStrike",
      "severity": 30,
      "recommended": true,
      "query": "#Vendor=\"aws\" #event.module=\"cloudtrail\" #repo!=\"xdr*\"\n| #event.kind=\"event\" #event.outcome=\"failure\"\n| array:contains(array=\"event.category[]\", value=\"authentication\")\n| event.provider=\"signin.amazonaws.com\"\n| event.action=\"ConsoleLogin\" Vendor.additionalEventData.MFAUsed=\"Yes\"\n",
      "search_window_start": "-70m",
      "search_window_end": "-10m",
      "schedule": "1h",
      "author": "CrowdStrike",
      "sigma_author": "",
      "category": "",
      "license": "",
      "tactic": "TA0006",
      "technique": "T1621",
      "mitre_attack": [
       {
        "tactic_id": "TA0006",
        "technique_id": "T1621"
       }
      ],
      "vendor": "AWS",
      "vendors": [
       "AWS"
      ],
      "product": "",
      "tags": "",
      "active": true,
      "source_url": "",
      "license_details": {
       "name": "",
       "url": ""
      },
      "outcome": "detection",
      "created_timestamp": "2024-08-14T00:00:00Z",
      "modified_timestamp": "2024-10-31T00:00:00Z"
     },
     {
      "id": "9024fb09-d254-4baa-9d9f-604f137878aa",
      "name": "AWS - CloudTrail - Potential Brute Force Attack on IAM Users via AWS Management Console",
      "description": "This rule detects potential brute force or password spraying attacks targeting IAM users through the AWS Management Console. It triggers when multiple failed login attempts (default is 50) are observed, or when failed attempts are associated with multiple IAM users (default is 10), within a relatively short time window (default is 60-minute), which may indicate malicious activity. Such attacks often follow successful user enumeration and can lead to unauthorized access if successful.\nWhile the rule may catch legitimate login issues, a high number of failures or multiple users experiencing failures warrants immediate investigation.\n",
      "origin": "CrowdStrike",
      "severity": 50,
      "recommended": true,
      "query": "#Vendor=\"aws\" #event.module=\"cloudtrail\" #repo!=\"xdr*\"\n| #event.kind=\"event\" #event.outcome=\"failure\" \n| event.provider=\"signin.amazonaws.com\" event.action=\"ConsoleLogin\" event.reason=\"Failed authentication\"\n| Vendor.userIdentity.type=\"IAMUser\"\n| asn(source.ip)\n| ipLocation(source.ip)\n| groupBy([cloud.account.id, event.action, event.reason], \n    function=[\n        distinct_users := count(user.name, distinct=true),\n        failed_logins := count(),\n        collect([user.name, Vendor.userIdentity.principalId, source.ip.org, source.ip.country, source.ip.city, source.ip, Vendor.additionalEventData.MFAUsed, user_agent.original, #Vendor, #event.module, event.category[0]])\n    ]       \n)\n// Modify the threshold values based on the authentication patterns for your environment and risk tolerance\n| failed_logins\u003e=50 OR distinct_users\u003e=10\n",
      "search_window_start": "-70m",
      "search_window_end": "-10m",
      "schedule": "1h",
      "author": "CrowdStrike",
      "sigma_author": "",
      "category": "",
      "license": "",
      "tactic": "TA0006",
      "technique": "T1110",
      "mitre_attack": [
       {
        "tactic_id": "TA0006",
        "technique_id": "T1110"
       }
      ],
      "vendor": "AWS",
      "vendors": [
       "AWS"
      ],
      "product": "",
      "tags": "",
      "active": true,
      "source_url": "",
      "license_details": {
       "name": "",
       "url": ""
      },
      "outcome": "detection",
      "created_timestamp": "2025-01-22T00:00:00Z",
      "modified_timestamp": "0001-01-01T00:00:00Z"
     },
     {
      "id": "251b2a51-b089-4dee-a017-5e3f23286537",
      "name": "AWS - CloudTrail - Potential Successful Brute Force Attack on Management Console from Single IP Address",
      "description": "Identifies an AWS IAM user experiencing multiple failed login attempts to the AWS management console, followed by a successful login from the same IP address, all within a short time frame. This pattern may indicate a successful brute force attack.\n",
      "origin": "CrowdStrike",
      "severity": 70,
      "recommended": true,
      "query": "#Vendor=\"aws\" event.provider=\"signin.amazonaws.com\" #repo!=\"xdr*\"\n| #event.kind=\"event\" | array:contains(\"event.category[]\", value=\"authentication\") | array:contains(\"event.type[]\", value=\"info\") \n| event.action=\"ConsoleLogin\"\n| login_time := @timestamp | login_time := formatTime(\"%Y/%m/%d %H:%M:%S\", field=login_time, locale=en_US, timezone=Z)\n| ipLocation(source.ip)\n| groupBy([event.action, user.name, source.ip], \n    function=[\n        series(collect=[#event.outcome, login_time], endmatch={#event.outcome=\"success\"}, maxduration=5m, memlimit=1KiB), // Adjust the maxduration parameter as needed.\n        collect([Vendor.userIdentity.arn, Vendor.userIdentity.principalId, source.ip.country, source.ip.city, Vendor.additionalEventData.MFAUsed, user_agent.original])\n    ]\n)\n// Below is matching on at least 5 failed logins followed by a successful one. Adjust the threshold as needed.\n| #event.outcome=/(?:failure\\n){5,}success/\n| formatDuration(_duration, as=series_duration, from=ms)\n| drop([_duration, @timestamp])\n",
      "search_window_start": "-20m",
      "search_window_end": "-10m",
      "schedule": "10m",
      "author": "CrowdStrike",
      "sigma_author": "",
      "category": "",
      "license": "",
      "tactic": "TA0006",
      "technique": "T1110.001",
      "mitre_attack": [
       {
        "tactic_id": "TA0006",
        "technique_id": "T1110.001"
       }
      ],
      "vendor": "AWS",
      "vendors": [
       "AWS"
      ],
      "product": "",
      "tags": "",
      "active": true,
      "source_url": "",
      "license_details": {
       "name": "",
       "url": ""
      },
      "outcome": "detection",
      "created_timestamp": "2024-09-16T00:00:00Z",
      "modified_timestamp": "0001-01-01T00:00:00Z"
     },
     {
      "id": "3e562deb-7732-4163-b9fc-7a49878bb87c",
      "name": "AWS - CloudTrail - Root User Activities from External IP Address",
      "description": "This detection identifies instances where AWS CloudTrail logs show Root user activities originating from external IP addresses. Root user access, especially from outside the organization's network, can indicate a potential security risk or unauthorized access attempt. Such activities should be closely monitored and investigated to ensure the integrity and security of the AWS environment.\n",
      "origin": "CrowdStrike",
      "severity": 50,
      "recommended": true,
      "query": "#Vendor=\"aws\" #event.module=\"cloudtrail\" #repo!=\"xdr*\"\n| #event.kind=\"event\" #event.outcome=\"success\"\n| Vendor.userIdentity.type=\"Root\"\n| source.address!=/aws/i\n| asn(source.address)\n// Please add your organization's trusted IPs to the following list\n| !cidr(source.address, subnet=[\"10.0.0.0/8\", \"172.16.0.0/12\", \"192.168.0.0/16\", \"fe80::/10\", \"169.254.0.0/16\"])\n// Please uncomment below line and add trusted ASNs to fine-tune the rule as needed\n// | source.address.asn =~ !in( values=[16509, 14618])\n",
      "search_window_start": "-70m",
      "search_window_end": "-10m",
      "schedule": "1h",
      "author": "CrowdStrike",
      "sigma_author": "",
      "category": "",
      "license": "",
      "tactic": "TA0001",
      "technique": "T1078.004",
      "mitre_attack": [
       {
        "tactic_id": "TA0001",
        "technique_id": "T1078.004"
       }
      ],
      "vendor": "AWS",
      "vendors": [
       "AWS"
      ],
      "product": "",
      "tags": "",
      "active": true,
      "source_url": "",
      "license_details": {
       "name": "",
       "url": ""
      },
      "outcome": "detection",
      "created_timestamp": "2024-12-19T00:00:00Z",
      "modified_timestamp": "0001-01-01T00:00:00Z"
     },
     {
      "id": "e42b29a7-176f-44b4-80e6-b73026094c80",
      "name": "AWS - CloudTrail - Unsuccessful Activity Spike in a Short Period",
      "description": "This rule detects potential unauthorized AWS activity by identifying a sudden burst of unsuccessful management activity in CloudTrail logs originating from a single identity.\nThe rule analyzes historical activity (default is 7 days) to establish baseline behavior per AWS identity by calculating a dynamic threshold as: average + (3 * standard deviation) of failed management events.\nAn alert triggers when the number of failed operations exceeds the identity's normal behavior threshold, which may indicate unauthorized access attempts, credential compromise, or permission escalation attempts.\n",
      "origin": "CrowdStrike",
      "severity": 50,
      "recommended": true,
      "query": "// Baseline calculation: Analyzes 7 days of historical data to establish normal patterns.\n// Calculates average and standard deviation of failed management events per AWS identity.\n// Used to detect anomalous activity based on individual identity behavior patterns.\ndefineTable(\n    name=\"aws_identity_failed_mgmt_baseline\",\n    start=7d,\n    end=1h,\n    query={\n        #Vendor=\"aws\" #event.module=\"cloudtrail\" #repo!=\"xdr*\"\n        | #event.kind=\"event\" #event.outcome=\"failure\"\n        | Vendor.managementEvent=\"true\"\n        | Vendor.userIdentity.type =~ NOT in(values=[\"AWSAccount\", \"AWSService\", \"Unknown\"])\n        | source.address!=\"*.amazonaws.com\"\n        // Optional: Exclude known trusted IP ranges.\n        // | source.ip =~ NOT cidr(subnet=[\"192.0.2.0/24\", \"198.51.100.0/24\"])\n        | time_bucket := formatTime(\"%Y-%m-%d %H\", field=@timestamp)\n        | groupBy([time_bucket, Vendor.userIdentity.arn], limit=max,\n            function=[\n                failures := count()\n            ]\n        )\n        | failures\u003e0\n        | groupBy([Vendor.userIdentity.arn], limit=max,\n            function=[\n                hourly_failures_avg := avg(failures), \n                hourly_failures_stddev := stdDev(failures)\n            ]\n        )\n    }, \n    include=[*]\n)\n// Base Search\n| #Vendor=\"aws\" #event.module=\"cloudtrail\" #repo!=\"xdr*\"\n| #event.kind=\"event\" #event.outcome=\"failure\"\n| Vendor.managementEvent=\"true\"\n| Vendor.userIdentity.type =~ NOT in(values=[\"AWSAccount\", \"AWSService\", \"Unknown\"])\n| source.address!=\"*.amazonaws.com\"\n// Optional: Exclude known trusted IP ranges.\n// | source.ip =~ NOT cidr(subnet=[\"192.0.2.0/24\", \"198.51.100.0/24\"])\n| ipLocation(source.ip)\n| asn(source.ip)\n| groupBy([Vendor.userIdentity.arn, Vendor.userIdentity.type], limit=max,\n    function=[\n        failures := count(),\n        distinct_actions := count(event.action, distinct=\"true\"),\n        distinct_services := count(event.provider, distinct=\"true\"),\n        collect([user.name, event.action, error.code, event.provider, source.ip, source.ip.org, source.ip.country, source.ip.city, Vendor.userIdentity.arn, user_agent.original, #Vendor, #event.module])\n    ]\n)\n// Filter out single-action failures to reduce false positives.\n// Requires multiple distinct failed actions to trigger (current threshold: \u003e1).\n| distinct_actions\u003e1\n// Optional: Exclude known legitimate AWS identities (roles/users) that commonly trigger false positives.\n// | Vendor.userIdentity.arn =~ NOT in(values=[\"arn:aws:iam::123456789012:role/service-role/*\", \"arn:aws:iam::123456789012:user/automated-user\"])\n| match(file=\"aws_identity_failed_mgmt_baseline\", field=Vendor.userIdentity.arn, strict=false)\n// Dynamic threshold calculation using statistical analysis. Adjusts automatically to each identity's normal behavior pattern.\n| threshold := hourly_failures_avg + 3 * hourly_failures_stddev\n| case {\n    threshold!=* | threshold := 0; // Identity with no activity in the baseline.\n    *;\n}\n| test(failures\u003ethreshold)\n",
      "search_window_start": "-70m",
      "search_window_end": "-10m",
      "schedule": "1h",
      "author": "CrowdStrike",
      "sigma_author": "",
      "category": "",
      "license": "",
      "tactic": "TA0004",
      "technique": "T1078.004",
      "mitre_attack": [
       {
        "tactic_id": "TA0004",
        "technique_id": "T1078.004"
       }
      ],
      "vendor": "AWS",
      "vendors": [
       "AWS"
      ],
      "product": "",
      "tags": "",
      "active": true,
      "source_url": "",
      "license_details": {
       "name": "",
       "url": ""
      },
      "outcome": "detection",
      "created_timestamp": "2025-02-04T00:00:00Z",
      "modified_timestamp": "0001-01-01T00:00:00Z"
     },
     {
      "id": "813d0539-49c0-4539-8e02-9c24c2b891fd",
      "name": "AWS - S3 - Potential Exfiltration from S3 Bucket",
      "description": "This rule identifies potential exfiltration from AWS S3 buckets by monitoring successful GET object operations from public IP addresses. It calculates the total bytes transferred and alerts when the volume exceeds 10 GB. The rule excludes private IP ranges and can be further tuned by specifying trusted ASNs or backup-related user roles.\n",
      "origin": "CrowdStrike",
      "severity": 50,
      "recommended": true,
      "query": "#Vendor=\"aws\" #repo!=\"xdr*\"\n| case {\n    #event.module=\"cloudtrail\" #event.dataset=\"cloudtrail.s3\";\n    #event.module=\"s3access\";\n}\n| #event.kind=\"event\" #event.outcome=\"success\"\n| ( event.action=\"GetObject\" OR event.action=\"REST.GET.OBJECT\" )\n| coalesce([source.ip, client.ip], as=_sourceIP)\n| coalesce([client.user.id, user.name], as=_userName)\n| coalesce([Vendor.additionalEventData.bytesTransferredOut, Vendor.bytes_sent], as=_bytesSent)\n| coalesce([Vendor.bucket, cloud.Storage.bucket_name], as=_bucketName)\n| _sourceIP =~ cidr(subnet=[\"0.0.0.0/0\",\"::/0\"])\n| _sourceIP =~ NOT cidr(subnet=[\"10.0.0.0/8\", \"172.16.0.0/12\", \"192.168.0.0/16\"])\n| asn(_sourceIP)\n| ipLocation(_sourceIP)\n// Please uncomment below line and add trusted ASNs below to fine tune the rule\n// | _sourceIP.org =~ !in(values=[\"AMAZON-AES\"])\n// Please uncomment below line and add roles related to backup to fine tune the rule\n// | _userName =~ !in(values=[\"backuprole\"])\n| groupBy([#Vendor, #event.module, event.category[0], _userName ], function=[collect([ cloud.account.id, _bucketName, _sourceIP.org, _sourceIP.city, _sourceIP.country]),  sum(_bytesSent, as=_totalBytes) ], limit=1000000)\n// Convert bytes to GB\n| _totalGigaBytes := _totalBytes/1000000000\n| _totalGigaBytes\u003e10\n",
      "search_window_start": "-70m",
      "search_window_end": "-10m",
      "schedule": "1h",
      "author": "CrowdStrike",
      "sigma_author": "",
      "category": "",
      "license": "",
      "tactic": "TA0009",
      "technique": "T1530",
      "mitre_attack": [
       {
        "tactic_id": "TA0009",
        "technique_id": "T1530"
       }
      ],
      "vendor": "AWS",
      "vendors": [
       "AWS"
      ],
      "product": "",
      "tags": "",
      "active": true,
      "source_url": "",
      "license_details": {
       "name": "",
       "url": ""
      },
      "outcome": "detection",
      "created_timestamp": "2025-03-03T00:00:00Z",
      "modified_timestamp": "0001-01-01T00:00:00Z"
     },
     {
      "id": "97fbabf8-8e1b-47a2-b7d5-a418d2b95e3d",
      "name": "AWS - CloudTrail - AWS Attached Malicious Lambda Layer - Sigma",
      "description": "Detects when an user attached a Lambda layer to an existing function to override a library that is in use by the function, where their malicious code could utilize the function's IAM role for AWS API calls.\nThis would give an adversary access to the privileges associated with the Lambda service role that is attached to that function.\n",
      "origin": "SigmaHQ",
      "severity": 50,
      "recommended": true,
      "query": "#Vendor=\"aws\" #event.module=\"cloudtrail\" #repo!=\"xdr*\"\n| event.provider=\"lambda.amazonaws.com\" event.action=/^UpdateFunctionConfiguration/i\n",
      "search_window_start": "-70m",
      "search_window_end": "-10m",
      "schedule": "1h",
      "author": "Austin Songer",
      "sigma_author": "",
      "category": "",
      "license": "",
      "tactic": "TA0004",
      "technique": "T1546",
      "mitre_attack": [
       {
        "tactic_id": "TA0004",
        "technique_id": "T1546"
       }
      ],
      "vendor": "AWS",
      "vendors": [
       "AWS"
      ],
      "product": "",
      "tags": "",
      "active": true,
      "source_url": "https://github.com/SigmaHQ/sigma/blob/master/rules/cloud/aws/cloudtrail/aws_attached_malicious_lambda_layer.yml",
      "license_details": {
       "name": "DRL",
       "url": "https://github.com/SigmaHQ/Detection-Rule-License"
      },
      "outcome": "detection",
      "created_timestamp": "2021-09-23T00:00:00Z",
      "modified_timestamp": "2022-10-09T00:00:00Z"
     },
     {
      "id": "14f3f1c8-02d5-43a2-a191-91ffb52d3015",
      "name": "AWS - CloudTrail - RDS Database Security Group Modification - Sigma",
      "description": "Detects changes to the security group entries for RDS databases.\nThis can indicate that a misconfiguration has occurred which potentially exposes the database to the public internet, a wider audience within the VPC or that removal of valid rules has occurred which could impact the availability of the database to legitimate services and users.\n",
      "origin": "SigmaHQ",
      "severity": 50,
      "recommended": true,
      "query": "#Vendor=\"aws\" #event.module=\"cloudtrail\" #repo!=\"xdr*\"\n| event.provider=\"rds.amazonaws.com\" (event.action=\"AuthorizeDBSecurityGroupIngress\" OR event.action=\"CreateDBSecurityGroup\" OR event.action=\"DeleteDBSecurityGroup\" OR event.action=\"RevokeDBSecurityGroupIngress\")\n",
      "search_window_start": "-70m",
      "search_window_end": "-10m",
      "schedule": "1h",
      "author": "jamesc-grafana",
      "sigma_author": "",
      "category": "",
      "license": "",
      "tactic": "TA0001",
      "technique": "T1190",
      "mitre_attack": [
       {
        "tactic_id": "TA0001",
        "technique_id": "T1190"
       }
      ],
      "vendor": "AWS",
      "vendors": [
       "AWS"
      ],
      "product": "",
      "tags": "",
      "active": true,
      "source_url": "https://github.com/SigmaHQ/sigma/blob/master/rules/cloud/aws/cloudtrail/aws_cloudtrail_security_group_change_rds.yml",
      "license_details": {
       "name": "DRL",
       "url": "https://github.com/SigmaHQ/Detection-Rule-License"
      },
      "outcome": "detection",
      "created_timestamp": "2024-07-11T00:00:00Z",
      "modified_timestamp": "0001-01-01T00:00:00Z"
     }
    ]
   }