{
    "meta": {
     "query_time": 0.077472032,
     "powered_by": "svc-cscrrulestemplates",
     "trace_id": "48c784a665ae4d8f724ef4aefb1967af"
    },
    "errors": [],
    "resources": [
     {
      "id": "c755e2bb-9191-4aca-8a1e-425bad002769",
      "name": "Generic - Network - TOR Traffic to the Internet",
      "description": "This rule detects traffic associated with TOR applications or ports commonly used by TOR, which adversaries might exploit to avoid detection on the environment.\n",
      "origin": "CrowdStrike",
      "severity": 50,
      "recommended": true,
      "query": "#repo!=xdr_*\n| #Vendor =~ in(values=[\"akamai\",\"aws\",\"cisco\",\"cloudflare\",\"corelight\",\"extrahop\",\"fortinet\",\"microsoft\",\"netskope\",\"nozomi\",\"paloalto\",\"skyhigh\",\"zscaler\"])\n| #event.kind=\"event\"\n| array:contains(array=\"event.category[]\", value=\"network\")\n| network.transport=\"tcp\"\n| case {\n    destination.port =~ in(values=[\"9001\", \"9030\", \"9040\", \"9050\", \"9051\", \"9150\"]);\n    destination.port=\"443\" network.application=/^tor/i\n}\n| cidr(source.ip, subnet=[\"10.0.0.0/8\", \"172.16.0.0/12\", \"192.168.0.0/16\", \"fe80::/10\", \"169.254.0.0/16\"])\n| !cidr(destination.ip, subnet=[\"10.0.0.0/8\", \"172.16.0.0/12\", \"192.168.0.0/16\", \"fe80::/10\", \"169.254.0.0/16\"])\n",
      "search_window_start": "-70m",
      "search_window_end": "-10m",
      "schedule": "1h",
      "author": "CrowdStrike",
      "sigma_author": "",
      "category": "",
      "license": "",
      "tactic": "TA0011",
      "technique": "T1090.003",
      "mitre_attack": [
       {
        "tactic_id": "TA0011",
        "technique_id": "T1090.003"
       }
      ],
      "vendor": "Akamai",
      "vendors": [
       "Akamai",
       "AWS",
       "Cisco",
       "Cloudflare",
       "Corelight",
       "ExtraHop",
       "Fortinet",
       "Microsoft",
       "Netskope",
       "Nozomi Networks",
       "Palo Alto Networks",
       "Skyhigh",
       "Zscaler"
      ],
      "product": "",
      "tags": "",
      "active": true,
      "source_url": "",
      "license_details": {
       "name": "",
       "url": ""
      },
      "outcome": "detection",
      "created_timestamp": "2024-10-23T00:00:00Z",
      "modified_timestamp": "0001-01-01T00:00:00Z"
     },
     {
      "id": "a40f7f7c-7129-4699-9d61-0b7c470be540",
      "name": "Generic - Network - VNC Traffic to the Internet",
      "description": "Identifies network events associated with VNC (Virtual Network Computing) traffic to the Internet. The VNC related network activity can raise suspicions of intrusion, as adversaries often exploit insecure VNC configurations for initial access.\n",
      "origin": "CrowdStrike",
      "severity": 50,
      "recommended": true,
      "query": "#repo!=\"xdr_*\"\n| #Vendor =~ in(values=[\"akamai\", \"aws\", \"cisco\", \"corelight\", \"extrahop\", \"fortinet\", \"microsoft\", \"nozomi\", \"paloalto\", \"zscaler\"])\n| #event.kind=\"event\" | array:contains(\"event.category[]\", value=\"network\")\n| network.transport=\"tcp\" (destination.port\u003e=5800 destination.port\u003c=5810) OR (destination.port\u003e=5900 destination.port\u003c=5910)\n| cidr(source.ip, subnet=[\"10.0.0.0/8\", \"172.16.0.0/12\", \"192.168.0.0/16\"])\n| NOT cidr(destination.ip, subnet=[\"127.0.0.0/8\", \"10.0.0.0/8\", \"172.16.0.0/12\", \"192.168.0.0/16\", \"::1\"])\n",
      "search_window_start": "-70m",
      "search_window_end": "-10m",
      "schedule": "1h",
      "author": "CrowdStrike",
      "sigma_author": "",
      "category": "",
      "license": "",
      "tactic": "TA0011",
      "technique": "T1219",
      "mitre_attack": [
       {
        "tactic_id": "TA0011",
        "technique_id": "T1219"
       }
      ],
      "vendor": "Corelight",
      "vendors": [
       "Akamai",
       "AWS",
       "Cisco",
       "Corelight",
       "ExtraHop",
       "Fortinet",
       "Microsoft",
       "Nozomi Networks",
       "Palo Alto Networks",
       "Zscaler"
      ],
      "product": "",
      "tags": "",
      "active": true,
      "source_url": "",
      "license_details": {
       "name": "",
       "url": ""
      },
      "outcome": "detection",
      "created_timestamp": "2024-05-10T00:00:00Z",
      "modified_timestamp": "2024-10-22T00:00:00Z"
     },
     {
      "id": "0b961d93-f25d-493b-8da6-6541612f6473",
      "name": "Generic - Network - Internal Targeted Service Discovery Scan",
      "description": "This rule identifies targeted service discovery scans. In this type of scan, an adversary is interested in a small number of IP addresses, but a wide range of ports.\nThe following thresholds can be adjusted to better reflect network activity in the target environment.\ndc_ips: total number of IP addresses\ndc_ports: total number of scanned ports.\n",
      "origin": "CrowdStrike",
      "severity": 50,
      "recommended": true,
      "query": "#repo!=\"xdr_*\" #event.kind=\"event\"\n| #Vendor =~ in(values=[\"aws\",\"cisco\",\"corelight\",\"extrahop\",\"fortinet\",\"microsoft\",\"nozomi\",\"paloalto\",\"zscaler\"])\n| array:contains(array=\"event.category[]\", value=\"network\")\n| network.transport=/tcp|udp/ OR network.iana_number=6 OR network.iana_number=17\n| case {\n    test(source.port\u003edestination.port) | destination.port\u003c20000 | scanned_port := destination.port | scanned_ip := destination.ip | scan_source_ip := source.ip;\n    test(source.port\u003cdestination.port) | source.port\u003c20000 | scanned_port := source.port | scanned_ip := source.ip | scan_source_ip := destination.ip;\n    test(source.port==destination.port) | destination.port\u003c20000 | scanned_port := destination.port | scanned_ip := destination.ip | scan_source_ip := source.ip;\n}\n| cidr(source.ip, subnet=[\"10.0.0.0/8\", \"172.16.0.0/12\", \"192.168.0.0/16\", \"fe80::/10\", \"169.254.0.0/16\"])\n| cidr(destination.ip, subnet=[\"10.0.0.0/8\", \"172.16.0.0/12\", \"192.168.0.0/16\", \"fe80::/10\", \"169.254.0.0/16\"])\n| groupBy(field=[#Vendor,#event.module,#type,scan_source_ip], function=[count(scanned_port, distinct=true, as=dc_ports),count(scanned_ip, distinct=true, as=\"dc_ips\"), collect([scanned_port])])\n// Adjust thresholds below as appropriate for your environment.\n| dc_ips\u003c20 dc_ports\u003e5\n\n// Exclusions\n// Exclude known scanners below\n// scan_source_ip =~ !in(values=[\"1.2.3.4\"]) \n",
      "search_window_start": "-70m",
      "search_window_end": "-10m",
      "schedule": "1h",
      "author": "CrowdStrike",
      "sigma_author": "",
      "category": "",
      "license": "",
      "tactic": "TA0007",
      "technique": "T1046",
      "mitre_attack": [
       {
        "tactic_id": "TA0007",
        "technique_id": "T1046"
       }
      ],
      "vendor": "AWS",
      "vendors": [
       "AWS",
       "Cisco",
       "Corelight",
       "ExtraHop",
       "Fortinet",
       "Microsoft",
       "Nozomi Networks",
       "Palo Alto Networks",
       "Zscaler"
      ],
      "product": "",
      "tags": "",
      "active": true,
      "source_url": "",
      "license_details": {
       "name": "",
       "url": ""
      },
      "outcome": "detection",
      "created_timestamp": "2024-10-18T00:00:00Z",
      "modified_timestamp": "0001-01-01T00:00:00Z"
     },
     {
      "id": "948bf6c9-7e5c-47f9-8f80-4e454b79b17e",
      "name": "Cisco - IOS - Firewall Block Followed by Successful Cloud Provider Authentication",
      "description": "This rule detects potential cloud provider identity compromise by correlating external IP addresses blocked by a Cisco firewall appliance with subsequent successful authentication to cloud providers (AWS, Azure, or GCP) within a 3-hour window. The rule uses a 7-day baseline to reduce false positives by excluding any source IP address with a history of successful authentication. This activity pattern is concerning because it may indicate an attacker attempting to brute force their way into cloud environments after being blocked at the network perimeter, potentially leading to unauthorized access to critical cloud resources and data exfiltration.\n",
      "origin": "CrowdStrike",
      "severity": 30,
      "recommended": true,
      "query": "// Create baseline of source IPs that have any successful cloud authentication in the past 7 days (excluding last 3 hour)\n// These IPs will be excluded from alerting to reduce false positives\ndefineTable(\n    query={\n        #repo!=\"xdr_*\"\n        | case {\n            // Enable/disable cloud providers based on available data sources in your environment\n            // Cloud provider selection in both baseline and main query must match\n            #Vendor=\"microsoft\" #event.dataset=/entraid\\.signin/;\n            #Vendor=\"aws\" #event.module=\"cloudtrail\";\n            #Vendor=\"google\" #event.module=\"gcp\";\n        }\n        | #event.kind=\"event\" #event.outcome=\"success\"\n        | array:contains(\"event.category[]\", value=\"authentication\")\n        | cidr(source.ip, subnet=[\"0.0.0.0/0\", \"::/0\"])\n        | NOT cidr(source.ip, subnet=[\"10.0.0.0/8\", \"172.16.0.0/12\", \"192.168.0.0/16\"])\n        | groupBy([source.ip], limit=max)\n    },\n    start=7d,\n    end=3h,\n    include=[*], \n    name=\"baseline_for_successful_cloud_provider_auth\"\n)\n// Main query\n| #repo!=\"xdr_*\"\n| case {\n    // Cisco IOS firewall blocks\n    #Vendor=\"cisco\" #event.module=\"ios\" #event.kind=\"event\" #event.outcome=\"failure\" event.action=\"deny\"\n        | message=/list (?\u003cVendor.ios.access_list\u003e\\S+) (?\u003cVendor.eventAction\u003e\\S+) \\S+ (?\u003csource.mac\u003e.+?) (?\u003csource.ip\u003e.+?)(?:\\((?\u003csource.port\u003e\\d+)\\)| )/\n        | _time_of_fw_block := @timestamp;\n    // Successful cloud provider authentications\n    case {\n        // Enable/disable cloud providers based on available data sources in your environment\n        // Cloud provider selection in both baseline and main query must match\n        #Vendor=\"microsoft\" #event.dataset=/entraid\\.signin/;\n        #Vendor=\"aws\" #event.module=\"cloudtrail\";\n        #Vendor=\"google\" #event.module=\"gcp\";\n    }\n        | #event.kind=\"event\" #event.outcome=\"success\"\n        | array:contains(array=\"event.category[]\", value=\"authentication\")\n        | _time_of_success_auth_to_cloud_provider := @timestamp;\n}\n| cidr(\"source.ip\", subnet=[\"0.0.0.0/0\", \"::/0\"])\n| NOT cidr(source.ip, subnet=[\"10.0.0.0/8\", \"172.16.0.0/12\", \"192.168.0.0/16\"])\n| NOT match(file=\"baseline_for_successful_cloud_provider_auth\", field=[source.ip])\n| groupBy([source.ip], limit=max, \n    function=[\n        count(#event.module, distinct=true, as=_distinct_products),\n        collect([user.name, user.email, #Vendor, #event.module]),\n        _min_time_of_fw_block := min(_time_of_fw_block),\n        _min_time_of_success_auth_to_cloud_provider := min(_time_of_success_auth_to_cloud_provider)\n    ]\n)\n// Ensure we have both a firewall block and a cloud authentication event for the same IP\n| #Vendor=/cisco/ _distinct_products \u003e= 2\n| _min_time_of_fw_block_fmt := formatTime(\"%Y/%m/%d %H:%M:%S\", field=_min_time_of_fw_block, locale=en_US, timezone=Z)\n| _min_time_of_success_auth_to_cloud_provider_fmt := formatTime(\"%Y/%m/%d %H:%M:%S\", field=_min_time_of_success_auth_to_cloud_provider, locale=en_US, timezone=Z)\n| test(_min_time_of_fw_block \u003c _min_time_of_success_auth_to_cloud_provider)\n| asn(source.ip)\n| ipLocation(source.ip)\n",
      "search_window_start": "-180m",
      "search_window_end": "0m",
      "schedule": "3h",
      "author": "CrowdStrike",
      "sigma_author": "",
      "category": "",
      "license": "",
      "tactic": "TA0001",
      "technique": "T1078.004",
      "mitre_attack": [
       {
        "tactic_id": "TA0001",
        "technique_id": "T1078.004"
       }
      ],
      "vendor": "Cisco",
      "vendors": [
       "Cisco",
       "AWS",
       "Microsoft",
       "Google"
      ],
      "product": "",
      "tags": "",
      "active": true,
      "source_url": "",
      "license_details": {
       "name": "",
       "url": ""
      },
      "outcome": "detection",
      "created_timestamp": "2025-04-08T00:00:00Z",
      "modified_timestamp": "0001-01-01T00:00:00Z"
     },
     {
      "id": "2f9334bf-9465-4067-9d3b-e50a296ace0e",
      "name": "AWS - CloudTrail - CloudFormation IAM Role Passed In Stack",
      "description": "This rule identifies the creation of CloudFormation stack with a specified IAM role. This could indicate an attacker attempting to elevate their privileges via a more priviledged role.\n",
      "origin": "CrowdStrike",
      "severity": 50,
      "recommended": true,
      "query": "#Vendor=\"aws\" #event.module=\"cloudtrail\" #repo!=\"xdr*\"\n| #event.kind=\"event\" #event.outcome=\"success\"\n| event.action=\"CreateStack\" event.provider=\"cloudformation.amazonaws.com\"\n| Vendor.requestParameters.roleARN=* \n",
      "search_window_start": "-70m",
      "search_window_end": "-10m",
      "schedule": "1h",
      "author": "CrowdStrike",
      "sigma_author": "",
      "category": "",
      "license": "",
      "tactic": "TA0004",
      "technique": "T1078.001",
      "mitre_attack": [
       {
        "tactic_id": "TA0004",
        "technique_id": "T1078.001"
       }
      ],
      "vendor": "AWS",
      "vendors": [
       "AWS"
      ],
      "product": "",
      "tags": "",
      "active": true,
      "source_url": "",
      "license_details": {
       "name": "",
       "url": ""
      },
      "outcome": "detection",
      "created_timestamp": "2024-10-28T00:00:00Z",
      "modified_timestamp": "0001-01-01T00:00:00Z"
     },
     {
      "id": "13251561-4e70-4e5a-9e5f-901913a70a08",
      "name": "AWS - CloudTrail - ECR Repository Policy Modified to Allow Public Access",
      "description": "This rule detects modification of ECR repository policy to enable public access. An adversary may pull private images or push malicious images into the repository.\n",
      "origin": "CrowdStrike",
      "severity": 50,
      "recommended": true,
      "query": "#Vendor=\"aws\" #event.module=\"cloudtrail\" #repo!=\"xdr*\"\n| #event.kind=\"event\" #event.outcome=\"success\"\n| event.action = \"SetRepositoryPolicy\" event.provider=\"ecr.amazonaws.com\"\n| parseJson(Vendor.requestParameters.policyText, prefix=\"policyText.\") \n| split(policyText.Statement)\n| policyText.Statement.Effect=\"Allow\" policyText.Statement.Principal=/^\\*$/\n",
      "search_window_start": "-70m",
      "search_window_end": "-10m",
      "schedule": "1h",
      "author": "CrowdStrike",
      "sigma_author": "",
      "category": "",
      "license": "",
      "tactic": "TA0005",
      "technique": "T1562.001",
      "mitre_attack": [
       {
        "tactic_id": "TA0005",
        "technique_id": "T1562.001"
       }
      ],
      "vendor": "AWS",
      "vendors": [
       "AWS"
      ],
      "product": "",
      "tags": "",
      "active": true,
      "source_url": "",
      "license_details": {
       "name": "",
       "url": ""
      },
      "outcome": "detection",
      "created_timestamp": "2024-11-03T00:00:00Z",
      "modified_timestamp": "0001-01-01T00:00:00Z"
     },
     {
      "id": "b45dd817-aa00-448a-94ff-431ba40d08bb",
      "name": "AWS - CloudTrail - IAM Access Key Created via CLI or SDK",
      "description": "This rule detects creation of an access key via CLI or SDK. Adversaries may use this technique to maintain persistence and perform remote operations without having to follow authentication safeguards, such as multi-factor authentication (MFA).\n",
      "origin": "CrowdStrike",
      "severity": 30,
      "recommended": true,
      "query": "#Vendor=\"aws\" #event.module=\"cloudtrail\" #repo!=\"xdr*\"\n| #event.kind=\"event\" #event.outcome=\"success\"\n| array:contains(array=\"event.category[]\", value=\"iam\")\n| event.action=\"CreateAccessKey\" event.provider=\"iam.amazonaws.com\"\n| user_agent.original=/aws-cli|boto3|aws-sdk/i\n",
      "search_window_start": "-70m",
      "search_window_end": "-10m",
      "schedule": "1h",
      "author": "CrowdStrike",
      "sigma_author": "",
      "category": "",
      "license": "",
      "tactic": "TA0003",
      "technique": "T1078.004",
      "mitre_attack": [
       {
        "tactic_id": "TA0003",
        "technique_id": "T1078.004"
       }
      ],
      "vendor": "AWS",
      "vendors": [
       "AWS"
      ],
      "product": "",
      "tags": "",
      "active": true,
      "source_url": "",
      "license_details": {
       "name": "",
       "url": ""
      },
      "outcome": "detection",
      "created_timestamp": "2024-10-28T00:00:00Z",
      "modified_timestamp": "0001-01-01T00:00:00Z"
     },
     {
      "id": "957e3768-fba1-40e1-99a3-272710edc674",
      "name": "AWS - CloudTrail - IAM Cloudformation Policy Created and Attached to an Identity",
      "description": "This rule detects when an IAM CloudFormation policy is created and attached to an identity. This could indicate an attacker attempting to escalate privileges or maintain persistence by creating and attaching custom policies to existing identities. Legitimate policy changes should be reviewed to ensure they align with organizational security policies.\n",
      "origin": "CrowdStrike",
      "severity": 70,
      "recommended": true,
      "query": "#Vendor=\"aws\" #event.module=\"cloudtrail\" #repo!=\"xdr*\"\n| #event.kind=\"event\" #event.outcome=\"success\"\n| event.provider=\"iam.amazonaws.com\"\n| case {\n    event.action=\"CreatePolicy*\"\n        | parseJson(Vendor.requestParameters.policyDocument)\n        | split(Statement)\n        | Statement.Effect=\"Allow\"\n        | array:regex(array=\"Statement.Action[]\", regex=\"^iam:(?:\\\\*|PassRole)$\")\n        | case {\n            array:contains(array=\"Statement.Action[]\", value=\"cloudformation:*\");\n            array:regex(array=\"Statement.Action[]\", regex=\"^cloudformation:(?:Create|Update)\")\n        }\n        | concatArray(\"Statement.Action\", as=\"_policyPermissions\", separator=\"\\n\")\n        | case {\n            Statement.Resource[0]=* | array:contains(array=\"Statement.Resource[]\", value=\"*\");\n            Statement.Resource=/^\\*$/\n        }\n        | _action := \"cloudformation_policy_created\";\n    event.action =~ in(values=[\"AttachUserPolicy\",\"AttachRolePolicy\",\"AttachGroupPolicy\"])\n        | _action := \"policy_attached\";\n}\n| _policyARN := coalesce([Vendor.requestParameters.policyArn, Vendor.responseElements.policy.arn])\n| groupBy([#Vendor, #event.module, _policyARN], function=collect([\"event.category[0]\", event.action, _policyPermissions, _action, user.name, user_agent.original]))\n| _action=/cloudformation_policy_created/ _action=/policy_attached/ \n",
      "search_window_start": "-70m",
      "search_window_end": "-10m",
      "schedule": "1h",
      "author": "CrowdStrike",
      "sigma_author": "",
      "category": "",
      "license": "",
      "tactic": "TA0004",
      "technique": "T1098.003",
      "mitre_attack": [
       {
        "tactic_id": "TA0004",
        "technique_id": "T1098.003"
       }
      ],
      "vendor": "AWS",
      "vendors": [
       "AWS"
      ],
      "product": "",
      "tags": "",
      "active": true,
      "source_url": "",
      "license_details": {
       "name": "",
       "url": ""
      },
      "outcome": "detection",
      "created_timestamp": "2025-03-19T00:00:00Z",
      "modified_timestamp": "0001-01-01T00:00:00Z"
     },
     {
      "id": "9fd8d6b3-436a-4da8-8f61-fa3932e9464b",
      "name": "AWS - CloudTrail - Password Recovery Completed for Root User",
      "description": "This rule identifies a successful attempt to recover the password for the AWS root user. An attacker may try to take control of an AWS account by abusing the password recovery flow.\n",
      "origin": "CrowdStrike",
      "severity": 50,
      "recommended": true,
      "query": "#Vendor=\"aws\" #event.module=\"cloudtrail\" #repo!=\"xdr*\"\n| #event.kind=\"event\" #event.outcome=\"success\"\n| event.action=\"PasswordRecoveryCompleted\" event.provider=\"signin.amazonaws.com\"\n| Vendor.userIdentity.type=\"Root\" \n",
      "search_window_start": "-70m",
      "search_window_end": "-10m",
      "schedule": "1h",
      "author": "CrowdStrike",
      "sigma_author": "",
      "category": "",
      "license": "",
      "tactic": "TA0001",
      "technique": "T1078.004",
      "mitre_attack": [
       {
        "tactic_id": "TA0001",
        "technique_id": "T1078.004"
       }
      ],
      "vendor": "AWS",
      "vendors": [
       "AWS"
      ],
      "product": "",
      "tags": "",
      "active": true,
      "source_url": "",
      "license_details": {
       "name": "",
       "url": ""
      },
      "outcome": "detection",
      "created_timestamp": "2024-10-28T00:00:00Z",
      "modified_timestamp": "0001-01-01T00:00:00Z"
     },
     {
      "id": "4765d5ed-abf4-4b72-825f-0e8e9feddd0f",
      "name": "AWS - CloudTrail - IAM S3 CRUD Policy Created and Attached to an Identity",
      "description": "This rule detects when an IAM S3 CRUD (Create, Read, Update, Delete) policy is created and attached to an identity. This could indicate an attempt to gain unauthorized access to sensitive data stored in S3 buckets.\n",
      "origin": "CrowdStrike",
      "severity": 50,
      "recommended": true,
      "query": "#Vendor=\"aws\" #event.module=\"cloudtrail\" #repo!=\"xdr*\"\n| #event.kind=\"event\" #event.outcome=\"success\" \n| case {\n        event.action=\"CreatePolicy*\"\n        | parseJson(Vendor.requestParameters.policyDocument)\n        | split(Statement)\n        | Statement.Effect=\"Allow\"\n        | array:contains(array=\"Statement.Action[]\", value=\"s3:Get*\")\n        | array:contains(array=\"Statement.Action[]\", value=\"s3:Create*\")\n        | array:contains(array=\"Statement.Action[]\", value=\"s3:Put*\")\n        | array:contains(array=\"Statement.Action[]\", value=\"s3:Delete*\")\n        | concatArray(\"Statement.Action\", as=\"_policyPermissions\", separator=\"\\n\")\n        | case {\n            Statement.Resource[0]=* | array:contains(array=\"Statement.Resource[]\", value=\"*\");\n            Statement.Resource=/^\\*$/\n        }\n        | _action := \"s3_crud_policy_created\";\n        event.action =~ in(values=[\"AttachUserPolicy\",\"AttachRolePolicy\",\"AttachGroupPolicy\"])\n        | _action := \"policy_attached\";\n}\n| _policyARN := coalesce([Vendor.requestParameters.policyArn, Vendor.responseElements.policy.arn])\n| groupBy([#Vendor, #event.module, _policyARN], function=collect([\"event.category[0]\", event.action, _action, _policyPermissions, user.name, user_agent.original]))\n| _action=/policy_attached/ _action=/s3_crud_policy_created/\n",
      "search_window_start": "-70m",
      "search_window_end": "-10m",
      "schedule": "1h",
      "author": "CrowdStrike",
      "sigma_author": "",
      "category": "",
      "license": "",
      "tactic": "TA0004",
      "technique": "T1098.003",
      "mitre_attack": [
       {
        "tactic_id": "TA0004",
        "technique_id": "T1098.003"
       }
      ],
      "vendor": "AWS",
      "vendors": [
       "AWS"
      ],
      "product": "",
      "tags": "",
      "active": true,
      "source_url": "",
      "license_details": {
       "name": "",
       "url": ""
      },
      "outcome": "detection",
      "created_timestamp": "2025-03-18T00:00:00Z",
      "modified_timestamp": "0001-01-01T00:00:00Z"
     },
     {
      "id": "465d93f1-0abd-45ed-835e-611056ef7c36",
      "name": "AWS - CloudTrail - Log Trail Event Selector Modified",
      "description": "This rule detects the configuration of event selectors or advanced event selectors for your trail. Attackers may perform this operation to disable logging of management and data events.\n",
      "origin": "CrowdStrike",
      "severity": 30,
      "recommended": true,
      "query": "#Vendor=\"aws\" #event.module=\"cloudtrail\" #repo!=\"xdr*\"\n| #event.kind=\"event\" #event.outcome=\"success\"\n| event.action=\"PutEventSelectors\"\n",
      "search_window_start": "-70m",
      "search_window_end": "-10m",
      "schedule": "1h",
      "author": "CrowdStrike",
      "sigma_author": "",
      "category": "",
      "license": "",
      "tactic": "TA0005",
      "technique": "T1562.001",
      "mitre_attack": [
       {
        "tactic_id": "TA0005",
        "technique_id": "T1562.001"
       }
      ],
      "vendor": "AWS",
      "vendors": [
       "AWS"
      ],
      "product": "",
      "tags": "",
      "active": true,
      "source_url": "",
      "license_details": {
       "name": "",
       "url": ""
      },
      "outcome": "detection",
      "created_timestamp": "2024-10-22T00:00:00Z",
      "modified_timestamp": "0001-01-01T00:00:00Z"
     },
     {
      "id": "526b001c-4c6b-4aee-976a-4cef40ea9dfb",
      "name": "AWS - CloudTrail - S3 Block Public Access Settings Disabled on Account Level",
      "description": "This rule triggers when the account level Block Public Access configuration is modified with one or more of the block settings disabled. It further leads to the exposure of S3 buckets to the public internet via Access Control Lists (ACLs) or bucket policies. An attacker may disable this setting to exfiltrate sensitive data from a private S3 bucket.\n",
      "origin": "CrowdStrike",
      "severity": 50,
      "recommended": true,
      "query": "#Vendor=\"aws\" #event.module=\"cloudtrail\" #repo!=\"xdr*\"\n| #event.kind=\"event\" #event.outcome=\"success\"\n| event.action=\"PutAccountPublicAccessBlock\" event.provider=\"s3.amazonaws.com\"\n| ( Vendor.requestParameters.PublicAccessBlockConfiguration.BlockPublicAcls=\"false\" OR \n    Vendor.requestParameters.PublicAccessBlockConfiguration.BlockPublicPolicy=\"false\" OR \n    Vendor.requestParameters.PublicAccessBlockConfiguration.IgnorePublicAcls=\"false\" OR \n    Vendor.requestParameters.PublicAccessBlockConfiguration.RestrictPublicBuckets=\"false\" )\n",
      "search_window_start": "-70m",
      "search_window_end": "-10m",
      "schedule": "1h",
      "author": "CrowdStrike",
      "sigma_author": "",
      "category": "",
      "license": "",
      "tactic": "TA0005",
      "technique": "T1562",
      "mitre_attack": [
       {
        "tactic_id": "TA0005",
        "technique_id": "T1562"
       }
      ],
      "vendor": "AWS",
      "vendors": [
       "AWS"
      ],
      "product": "",
      "tags": "",
      "active": true,
      "source_url": "",
      "license_details": {
       "name": "",
       "url": ""
      },
      "outcome": "detection",
      "created_timestamp": "2024-11-01T00:00:00Z",
      "modified_timestamp": "0001-01-01T00:00:00Z"
     },
     {
      "id": "de2e6e70-f84d-4c2c-998d-14f965713007",
      "name": "AWS - CloudTrail - Potential Brute Force on S3 Bucket",
      "description": "This rule detects potential brute force attempts on S3 buckets. An adversary may attempt to brute force an S3 bucket to exfiltrate sensitive information.\n",
      "origin": "CrowdStrike",
      "severity": 30,
      "recommended": true,
      "query": "#Vendor=\"aws\" #event.module=\"cloudtrail\" #repo!=\"xdr*\"\n| #event.kind=\"event\"\n| event.provider=\"s3.amazonaws.com\" \n| cloud.account.id!=\"CloudFront\"\n| case {\n        Vendor.userIdentity.accountId=\"anonymous\" | user.name := \"anonymous\";\n        Vendor.userIdentity.accountId!=Vendor.recipientAccountId\n}\n| event.action =~ in(values=[\"GetObject\", \"CopyObject\"])\n// Please uncomment below lines to further tune the rule to your environment\n// | !cidr(source.ip, subnet=[\"10.0.0.0/8\", \"172.16.0.0/12\", \"192.168.0.0/16\", \"fe80::/10\", \"169.254.0.0/16\"])\n// | Vendor.userIdentity.type =~ !in( values=[\"AWSAccount\", \"AWSService\"])\n| groupBy([#Vendor, #event.module, event.category[0], cloud.account.id, source.ip, user.name], \n            function=[ { #event.outcome=\"success\" | count(as=\"_successCount\") },\n                      { #event.outcome=\"failure\" | error.code =~ in(values=[\"NoSuchKey\", \"AccessDenied\", \"NoSuchVersion\"]) | count(as=\"_failureCount\") },\n                      collect([\"cloud.Storage.bucket_name\", user_agent.original])\n            ], limit=max)\n| _successCount\u003e1 _failureCount\u003e20\n",
      "search_window_start": "-70m",
      "search_window_end": "-10m",
      "schedule": "1h",
      "author": "CrowdStrike",
      "sigma_author": "",
      "category": "",
      "license": "",
      "tactic": "TA0009",
      "technique": "T1530",
      "mitre_attack": [
       {
        "tactic_id": "TA0009",
        "technique_id": "T1530"
       }
      ],
      "vendor": "AWS",
      "vendors": [
       "AWS"
      ],
      "product": "",
      "tags": "",
      "active": true,
      "source_url": "",
      "license_details": {
       "name": "",
       "url": ""
      },
      "outcome": "detection",
      "created_timestamp": "2025-03-14T00:00:00Z",
      "modified_timestamp": "0001-01-01T00:00:00Z"
     },
     {
      "id": "d6268137-4104-40af-9e20-a26d0dad78d5",
      "name": "AWS - CloudTrail - Serverless Application Repository Policy Modified to Allow Public Access",
      "description": "This rule detects the modification of application policy in AWS Serverless Application Repository to enable public access. An adversary may utilize this technique to exfiltrate sensitive information such as source code, dependencies and configuration.\n",
      "origin": "CrowdStrike",
      "severity": 30,
      "recommended": true,
      "query": "#Vendor=\"aws\" event.provider=\"serverlessrepo.amazonaws.com\" #repo!=\"xdr*\"\n| #event.kind=\"event\" #event.outcome=\"success\"\n| event.action=\"PutApplicationPolicy\"\n| split(\"Vendor.requestParameters.statements\")\n| array:contains(\"Vendor.requestParameters.statements.principals[]\", value=\"*\")\n",
      "search_window_start": "-70m",
      "search_window_end": "-10m",
      "schedule": "1h",
      "author": "CrowdStrike",
      "sigma_author": "",
      "category": "",
      "license": "",
      "tactic": "TA0042",
      "technique": "T1584.007",
      "mitre_attack": [
       {
        "tactic_id": "TA0042",
        "technique_id": "T1584.007"
       }
      ],
      "vendor": "AWS",
      "vendors": [
       "AWS"
      ],
      "product": "",
      "tags": "",
      "active": true,
      "source_url": "",
      "license_details": {
       "name": "",
       "url": ""
      },
      "outcome": "detection",
      "created_timestamp": "2024-11-13T00:00:00Z",
      "modified_timestamp": "0001-01-01T00:00:00Z"
     },
     {
      "id": "8e7c984c-948b-4800-a83a-aa74f88d5125",
      "name": "AWS - CloudTrail - SES Account Sending Enabled",
      "description": "This rule triggers when email sending across your entire Amazon Simple Email Service (SES) account in the current AWS Region is enabled. This may indicate an attacker is attempting to abuse SES for potential exfiltration or phishing.\n",
      "origin": "CrowdStrike",
      "severity": 30,
      "recommended": true,
      "query": "#Vendor=\"aws\" #event.module=\"cloudtrail\" #repo!=\"xdr*\"\n| #event.kind=\"event\" #event.outcome=\"success\"\n| event.action=\"UpdateAccountSendingEnabled\" event.provider=\"ses.amazonaws.com\"\n| Vendor.requestParameters.enabled=\"true\"\n",
      "search_window_start": "-70m",
      "search_window_end": "-10m",
      "schedule": "1h",
      "author": "CrowdStrike",
      "sigma_author": "",
      "category": "",
      "license": "",
      "tactic": "TA0009",
      "technique": "T1530",
      "mitre_attack": [
       {
        "tactic_id": "TA0009",
        "technique_id": "T1530"
       }
      ],
      "vendor": "AWS",
      "vendors": [
       "AWS"
      ],
      "product": "",
      "tags": "",
      "active": true,
      "source_url": "",
      "license_details": {
       "name": "",
       "url": ""
      },
      "outcome": "detection",
      "created_timestamp": "2024-11-02T00:00:00Z",
      "modified_timestamp": "0001-01-01T00:00:00Z"
     },
     {
      "id": "fe370a22-9286-4fa7-8cca-09f4db7a6a03",
      "name": "AWS - CloudTrail - SNS Topic Policy Modified to Grant Access to Other AWS Accounts",
      "description": "This rule detects the modification of Amazon Simple Notification Service (SNS) topic access policy to grant access to other AWS accounts. An adversary may abuse this for phishing or data exfiltration.\n",
      "origin": "CrowdStrike",
      "severity": 30,
      "recommended": true,
      "query": "#Vendor=\"aws\" #event.module=\"cloudtrail\" #repo!=\"xdr*\"\n| #event.kind=\"event\" #event.outcome=\"success\"\n| event.action=\"AddPermission\" event.provider=\"sns.amazonaws.com\"\n| split(Vendor.requestParameters.aWSAccountId)\n| Vendor.requestParameters.aWSAccountId!=/^\\*$/\n| test(Vendor.requestParameters.aWSAccountId!=cloud.account.id)\n",
      "search_window_start": "-70m",
      "search_window_end": "-10m",
      "schedule": "1h",
      "author": "CrowdStrike",
      "sigma_author": "",
      "category": "",
      "license": "",
      "tactic": "TA0009",
      "technique": "T1119",
      "mitre_attack": [
       {
        "tactic_id": "TA0009",
        "technique_id": "T1119"
       }
      ],
      "vendor": "AWS",
      "vendors": [
       "AWS"
      ],
      "product": "",
      "tags": "",
      "active": true,
      "source_url": "",
      "license_details": {
       "name": "",
       "url": ""
      },
      "outcome": "detection",
      "created_timestamp": "2024-11-02T00:00:00Z",
      "modified_timestamp": "0001-01-01T00:00:00Z"
     },
     {
      "id": "c83d6dda-dcc3-4494-8cb1-5ed6102734f2",
      "name": "AWS - CloudTrail - SNS Topic Policy Modified to Allow Public Access",
      "description": "This rule detects the modification of Amazon Simple Notification Service (SNS) topic access policy to allow public access. An adversary may abuse this for phishing or data exfiltration.\n",
      "origin": "CrowdStrike",
      "severity": 70,
      "recommended": true,
      "query": "#Vendor=\"aws\" #event.module=\"cloudtrail\" #repo!=\"xdr*\"\n| #event.kind=\"event\" #event.outcome=\"success\"\n| event.action=\"AddPermission\" event.provider=\"sns.amazonaws.com\"\n| split(Vendor.requestParameters.aWSAccountId)\n| Vendor.requestParameters.aWSAccountId=/^\\*$/\n",
      "search_window_start": "-70m",
      "search_window_end": "-10m",
      "schedule": "1h",
      "author": "CrowdStrike",
      "sigma_author": "",
      "category": "",
      "license": "",
      "tactic": "TA0009",
      "technique": "T1119",
      "mitre_attack": [
       {
        "tactic_id": "TA0009",
        "technique_id": "T1119"
       }
      ],
      "vendor": "AWS",
      "vendors": [
       "AWS"
      ],
      "product": "",
      "tags": "",
      "active": true,
      "source_url": "",
      "license_details": {
       "name": "",
       "url": ""
      },
      "outcome": "detection",
      "created_timestamp": "2024-11-06T00:00:00Z",
      "modified_timestamp": "0001-01-01T00:00:00Z"
     },
     {
      "id": "32d0c1ed-55aa-4585-8106-30dc545d30de",
      "name": "AWS - CloudTrail - IAM Login Profile Updated for User",
      "description": "Identifies an AWS IAM user that changed another user's AWS console login password. An attacker with access to a compromised IAM user that has the iam:UpdateLoginProfile permission can change the password of another IAM user. This may lead to privilege escalation if the target user has an extended set of permissions compared to the compromised user.\n",
      "origin": "CrowdStrike",
      "severity": 50,
      "recommended": true,
      "query": "#Vendor=\"aws\" event.provider=\"iam.amazonaws.com\" #repo!=\"xdr*\"\n| #event.kind=\"event\" #event.outcome=\"success\"\n| array:contains(\"event.category[]\", value=\"iam\") | array:contains(\"event.type[]\", value=\"change\") \n| event.action=\"UpdateLoginProfile\"\n| Vendor.userIdentity.arn =~ !in(values=[\"*/root\"])\n| test(user.name!=Vendor.requestParameters.userName)\n",
      "search_window_start": "-70m",
      "search_window_end": "-10m",
      "schedule": "1h",
      "author": "CrowdStrike",
      "sigma_author": "",
      "category": "",
      "license": "",
      "tactic": "TA0004",
      "technique": "T1098.003",
      "mitre_attack": [
       {
        "tactic_id": "TA0004",
        "technique_id": "T1098.003"
       }
      ],
      "vendor": "AWS",
      "vendors": [
       "AWS"
      ],
      "product": "",
      "tags": "",
      "active": true,
      "source_url": "",
      "license_details": {
       "name": "",
       "url": ""
      },
      "outcome": "detection",
      "created_timestamp": "2024-09-12T00:00:00Z",
      "modified_timestamp": "2024-09-18T00:00:00Z"
     },
     {
      "id": "052bfa98-a6ca-4b27-aaee-23b172a8e417",
      "name": "AWS - CloudTrail - IAM Policy Version Created Allowing Access to All Resources",
      "description": "Identifies the creation of a new AWS IAM policy version that allows access to all resources.\nAn attacker with access to a compromised IAM user that has the iam:CreatePolicyVersion permission can update a managed policy to obtain extensive access to AWS resources, potentially gaining full administrative privileges.\n",
      "origin": "CrowdStrike",
      "severity": 50,
      "recommended": true,
      "query": "#Vendor=\"aws\" event.provider=\"iam.amazonaws.com\" #repo!=\"xdr*\"\n| #event.kind=\"event\" #event.outcome=\"success\"\n| event.action=\"CreatePolicyVersion\"\n| user_agent.original =~ !in(values=[\"*terraform*\", \"*packer*\"], ignoreCase=true)\n| Vendor.requestParameters.policyDocument=/Effect.*?\\\"Allow\\\"/\n| Vendor.requestParameters.policyDocument=/Resource.*?\\\"\\*\\\"/\n",
      "search_window_start": "-70m",
      "search_window_end": "-10m",
      "schedule": "1h",
      "author": "CrowdStrike",
      "sigma_author": "",
      "category": "",
      "license": "",
      "tactic": "TA0004",
      "technique": "T1078.004",
      "mitre_attack": [
       {
        "tactic_id": "TA0004",
        "technique_id": "T1078.004"
       }
      ],
      "vendor": "AWS",
      "vendors": [
       "AWS"
      ],
      "product": "",
      "tags": "",
      "active": true,
      "source_url": "",
      "license_details": {
       "name": "",
       "url": ""
      },
      "outcome": "detection",
      "created_timestamp": "2024-09-18T00:00:00Z",
      "modified_timestamp": "0001-01-01T00:00:00Z"
     },
     {
      "id": "87413696-dde7-40d9-8f6c-8157a5e0369c",
      "name": "AWS - CloudTrail - IAM User Logins to Management Console from Multiple Countries",
      "description": "Identifies an AWS IAM user with logins to the AWS management console from multiple countries within a relatively short time period. This behavior may be indicative of account compromise where an attacker who has stolen credentials via a phishing attack or some other method is attempting to log in from a country that is different from the user's.\n",
      "origin": "CrowdStrike",
      "severity": 50,
      "recommended": true,
      "query": "#Vendor=\"aws\" event.provider=\"signin.amazonaws.com\" #repo!=\"xdr*\"\n| #event.kind=\"event\" #event.outcome=\"success\"\n| array:contains(\"event.category[]\", value=\"authentication\") | array:contains(\"event.type[]\", value=\"info\")\n| event.action=\"ConsoleLogin\"\n| login_time := @timestamp | login_time := formatTime(\"%Y/%m/%d %H:%M:%S\", field=login_time, locale=en_US, timezone=Z)\n| ipLocation(source.ip)\n| asn(source.ip)\n| groupBy([event.action, Vendor.userIdentity.arn],\n    function=[\n        count(source.ip.country, distinct=true, as=distinct_country_count),\n        collect([source.ip, source.ip.country, source.ip.city, source.ip.asn, source.ip.org, Vendor.userIdentity.accountId, Vendor.userIdentity.principalId, Vendor.additionalEventData.MFAUsed, login_time, user_agent.original])\n    ]\n)\n| distinct_country_count\u003e=2\n",
      "search_window_start": "-70m",
      "search_window_end": "-10m",
      "schedule": "1h",
      "author": "CrowdStrike",
      "sigma_author": "",
      "category": "",
      "license": "",
      "tactic": "TA0001",
      "technique": "T1078.004",
      "mitre_attack": [
       {
        "tactic_id": "TA0001",
        "technique_id": "T1078.004"
       }
      ],
      "vendor": "AWS",
      "vendors": [
       "AWS"
      ],
      "product": "",
      "tags": "",
      "active": true,
      "source_url": "",
      "license_details": {
       "name": "",
       "url": ""
      },
      "outcome": "detection",
      "created_timestamp": "2024-09-17T00:00:00Z",
      "modified_timestamp": "0001-01-01T00:00:00Z"
     },
     {
      "id": "01a4e6f4-bd82-4f06-8d90-8e35142acbdb",
      "name": "AWS - CloudTrail - RDS Snapshot Attributes Change Attempted",
      "description": "Identifies an attempt to change the snapshot attributes of an Amazon Relational Database Service (RDS) database cluster or instance. Specifically, the rule looks for attempts to make an RDS snapshot public or shared with another AWS account. This could be indicative of data exfiltration activity.\n",
      "origin": "CrowdStrike",
      "severity": 50,
      "recommended": true,
      "query": "#Vendor=\"aws\" event.provider=\"rds.amazonaws.com\" #repo!=\"xdr*\"\n| #event.kind=\"event\"\n| in(event.action, values=[\"ModifyDBClusterSnapshotAttribute\", \"ModifyDBSnapshotAttribute\"])\n| Vendor.requestParameters.attributeName=\"restore\" Vendor.requestParameters.valuesToAdd[0]=*\n| split(\"Vendor.requestParameters.valuesToAdd\") \n| test(Vendor.requestParameters.valuesToAdd!=Vendor.recipientAccountId)\n",
      "search_window_start": "-70m",
      "search_window_end": "-10m",
      "schedule": "1h",
      "author": "CrowdStrike",
      "sigma_author": "",
      "category": "",
      "license": "",
      "tactic": "TA0010",
      "technique": "T1537",
      "mitre_attack": [
       {
        "tactic_id": "TA0010",
        "technique_id": "T1537"
       }
      ],
      "vendor": "AWS",
      "vendors": [
       "AWS"
      ],
      "product": "",
      "tags": "",
      "active": true,
      "source_url": "",
      "license_details": {
       "name": "",
       "url": ""
      },
      "outcome": "detection",
      "created_timestamp": "2024-07-09T00:00:00Z",
      "modified_timestamp": "2024-09-24T00:00:00Z"
     },
     {
      "id": "d6d552ef-9e2a-4935-8663-7da264f53b6c",
      "name": "AWS - CloudTrail - WAF Rule or Rule Group Deleted",
      "description": "Identifies an AWS Web Application Firewall (WAF) rule or rule group being deleted. An attacker may carry out this action in an attempt to impair defenses.\n",
      "origin": "CrowdStrike",
      "severity": 50,
      "recommended": true,
      "query": "#Vendor=\"aws\" event.provider=\"waf*.amazonaws.com\" #repo!=\"xdr*\"\n| #event.kind=\"event\" #event.outcome=\"success\"\n| in(event.action, values=[\"DeleteRule\", \"DeleteRuleGroup\"])\n// Please uncomment below line to reduce the noise from known automations\n// | userAgent =~ !in(values=[\"*terraform*\", \"*packer*\"], ignoreCase=true)\n",
      "search_window_start": "-70m",
      "search_window_end": "-10m",
      "schedule": "1h",
      "author": "CrowdStrike",
      "sigma_author": "",
      "category": "",
      "license": "",
      "tactic": "TA0005",
      "technique": "T1562.007",
      "mitre_attack": [
       {
        "tactic_id": "TA0005",
        "technique_id": "T1562.007"
       }
      ],
      "vendor": "AWS",
      "vendors": [
       "AWS"
      ],
      "product": "",
      "tags": "",
      "active": true,
      "source_url": "",
      "license_details": {
       "name": "",
       "url": ""
      },
      "outcome": "detection",
      "created_timestamp": "2024-06-05T00:00:00Z",
      "modified_timestamp": "2024-09-18T00:00:00Z"
     },
     {
      "id": "315df85b-0060-47b3-9a2b-5af61ee87557",
      "name": "AWS - CloudTrail - WAF Web Access Control List Deleted",
      "description": "Identifies an AWS WAF web access control list being deleted. An attacker may carry out this action in an attempt to impair defenses.\n",
      "origin": "CrowdStrike",
      "severity": 50,
      "recommended": true,
      "query": "#Vendor=\"aws\" event.provider=\"waf*.amazonaws.com\" #repo!=\"xdr*\"\n| #event.kind=\"event\" #event.outcome=\"success\"\n| event.action=\"DeleteWebACL\"\n// Please uncomment below line to reduce the noise from known automations\n// | user_agent.original =~ !in(values=[\"*terraform*\", \"*packer*\"], ignoreCase=true)\n",
      "search_window_start": "-70m",
      "search_window_end": "-10m",
      "schedule": "1h",
      "author": "CrowdStrike",
      "sigma_author": "",
      "category": "",
      "license": "",
      "tactic": "TA0005",
      "technique": "T1562.001",
      "mitre_attack": [
       {
        "tactic_id": "TA0005",
        "technique_id": "T1562.001"
       }
      ],
      "vendor": "AWS",
      "vendors": [
       "AWS"
      ],
      "product": "",
      "tags": "",
      "active": true,
      "source_url": "",
      "license_details": {
       "name": "",
       "url": ""
      },
      "outcome": "detection",
      "created_timestamp": "2024-05-31T00:00:00Z",
      "modified_timestamp": "2024-09-18T00:00:00Z"
     },
     {
      "id": "bb418a2c-90de-4c23-aee9-dd85b3f86a45",
      "name": "AWS - CloudTrail - Access Key Created for Root User",
      "description": "This rule identifies the creation of an AWS access key for the root user, a practice AWS strongly advises against. If not secured properly, this sensitive access key could be obtained by an attacker, leading to a full compromise of the AWS account.\n",
      "origin": "CrowdStrike",
      "severity": 70,
      "recommended": true,
      "query": "#Vendor=\"aws\" event.provider=\"iam.amazonaws.com\" #repo!=\"xdr*\"\n| #event.kind=\"event\" #event.outcome=\"success\" \n| event.action=\"CreateAccessKey\"\n| Vendor.userIdentity.type=\"Root\"\n| Vendor.requestParameters.userName!=\"*\"\n",
      "search_window_start": "-70m",
      "search_window_end": "-10m",
      "schedule": "1h",
      "author": "CrowdStrike",
      "sigma_author": "",
      "category": "",
      "license": "",
      "tactic": "TA0003",
      "technique": "T1098.001",
      "mitre_attack": [
       {
        "tactic_id": "TA0003",
        "technique_id": "T1098.001"
       }
      ],
      "vendor": "AWS",
      "vendors": [
       "AWS"
      ],
      "product": "",
      "tags": "",
      "active": true,
      "source_url": "",
      "license_details": {
       "name": "",
       "url": ""
      },
      "outcome": "detection",
      "created_timestamp": "2024-09-24T00:00:00Z",
      "modified_timestamp": "0001-01-01T00:00:00Z"
     },
     {
      "id": "1e42445f-af93-433a-a0ea-8772e3cebc21",
      "name": "AWS - CloudTrail - Bedrock Model Access Use Case Created",
      "description": "This rule detects when a new foundational model access use case is created in AWS Bedrock. This may indicate unauthorized access attempts or potential misuse of AWS Bedrock services. Monitor these events to ensure compliance with organizational policies and to identify any suspicious activities related to model access in your AWS environment.\n",
      "origin": "CrowdStrike",
      "severity": 50,
      "recommended": true,
      "query": "#Vendor=\"aws\" #event.module=\"cloudtrail\" #repo!=\"xdr*\"\n| #event.kind=\"event\" #event.outcome=\"success\"\n| event.provider=\"bedrock.amazonaws.com\"\n| event.action=\"PutUseCaseForModelAccess\"\n",
      "search_window_start": "-70m",
      "search_window_end": "-10m",
      "schedule": "1h",
      "author": "CrowdStrike",
      "sigma_author": "",
      "category": "",
      "license": "",
      "tactic": "TA0040",
      "technique": "T1496",
      "mitre_attack": [
       {
        "tactic_id": "TA0040",
        "technique_id": "T1496"
       }
      ],
      "vendor": "AWS",
      "vendors": [
       "AWS"
      ],
      "product": "",
      "tags": "",
      "active": true,
      "source_url": "",
      "license_details": {
       "name": "",
       "url": ""
      },
      "outcome": "detection",
      "created_timestamp": "2025-02-13T00:00:00Z",
      "modified_timestamp": "0001-01-01T00:00:00Z"
     }
    ]
   }