{
    "meta": {
     "query_time": 0.082475986,
     "powered_by": "svc-cscrrulestemplates",
     "trace_id": "7e0790bb675893b98a85f0b37551c262"
    },
    "errors": [],
    "resources": [
     {
      "id": "879a4fd5-5a8a-4877-bda7-94e332281dac",
      "name": "AWS - CloudTrail - IAM User Created",
      "description": "This detection identifies the creation of a new IAM user in AWS. IAM users have associated credentials that can be used to access AWS resources, and their creation should be monitored to ensure proper access control and prevent unauthorized account creation. \n",
      "origin": "CrowdStrike",
      "severity": 50,
      "recommended": true,
      "query": "#Vendor=\"aws\" event.provider=\"iam.amazonaws.com\" #repo!=\"xdr*\"\n| #event.kind=\"event\" #event.outcome=\"success\"\n| event.action=\"CreateUser\"\n",
      "search_window_start": "-70m",
      "search_window_end": "-10m",
      "schedule": "1h",
      "author": "CrowdStrike",
      "sigma_author": "",
      "category": "",
      "license": "",
      "tactic": "TA0003",
      "technique": "T1136.003",
      "mitre_attack": [
       {
        "tactic_id": "TA0003",
        "technique_id": "T1136.003"
       }
      ],
      "vendor": "AWS",
      "vendors": [
       "AWS"
      ],
      "product": "",
      "tags": "",
      "active": true,
      "source_url": "",
      "license_details": {
       "name": "",
       "url": ""
      },
      "outcome": "detection",
      "created_timestamp": "2024-12-24T00:00:00Z",
      "modified_timestamp": "0001-01-01T00:00:00Z"
     },
     {
      "id": "03c87bbe-ab80-465f-a7d2-8e596bb2b8d6",
      "name": "AWS - CloudTrail - Lambda Function Policy Modified to Allow Invocation from External AWS Account",
      "description": "Identifies changes to the permissions of an AWS Lambda function to allow it to be invoked from an external AWS account. An attacker with access to a compromised AWS user could modify an AWS Lambda function policy to allow its invocation from any AWS account or from a specific one, owned by the attacker. This will work as a backdoor in the Lambda function that allows the attacker to execute arbitrary code.\n",
      "origin": "CrowdStrike",
      "severity": 50,
      "recommended": true,
      "query": "#Vendor=\"aws\" event.provider=\"lambda.amazonaws.com\" #repo!=\"xdr*\"\n| #event.kind=\"event\" #event.outcome=\"success\"\n| event.action=\"AddPermission*\"\n| Vendor.requestParameters.action=\"lambda:InvokeFunction\"\n| case {\n    Vendor.requestParameters.principal=/^\\*$/ | suspicious := \"true\";\n    Vendor.requestParameters.principal=/arn:aws:iam::(?\u003cawsAccountId\u003e\\d+)/ | test(awsAccountId!=Vendor.recipientAccountId) | suspicious := \"true\"\n}\n| suspicious=\"true\"\n",
      "search_window_start": "-70m",
      "search_window_end": "-10m",
      "schedule": "1h",
      "author": "CrowdStrike",
      "sigma_author": "",
      "category": "",
      "license": "",
      "tactic": "TA0003",
      "technique": "T1546",
      "mitre_attack": [
       {
        "tactic_id": "TA0003",
        "technique_id": "T1546"
       }
      ],
      "vendor": "AWS",
      "vendors": [
       "AWS"
      ],
      "product": "",
      "tags": "",
      "active": true,
      "source_url": "",
      "license_details": {
       "name": "",
       "url": ""
      },
      "outcome": "detection",
      "created_timestamp": "2024-07-18T00:00:00Z",
      "modified_timestamp": "0001-01-01T00:00:00Z"
     },
     {
      "id": "0f2a102d-bc64-484d-a3de-89063987235a",
      "name": "AWS - CloudTrail - Log Trail Deleted",
      "description": "Identifies the deletion of an AWS CloudTrail log trail. This could be suspicious activity associated to an attacker attempting to evade defenses.\n",
      "origin": "CrowdStrike",
      "severity": 50,
      "recommended": true,
      "query": "#Vendor=\"aws\" event.provider=\"cloudtrail.amazonaws.com\" #repo!=\"xdr*\"\n| #event.kind=\"event\" #event.outcome=\"success\"\n| event.action=\"DeleteTrail\"\n",
      "search_window_start": "-70m",
      "search_window_end": "-10m",
      "schedule": "1h",
      "author": "CrowdStrike",
      "sigma_author": "",
      "category": "",
      "license": "",
      "tactic": "TA0005",
      "technique": "T1562.001",
      "mitre_attack": [
       {
        "tactic_id": "TA0005",
        "technique_id": "T1562.001"
       }
      ],
      "vendor": "AWS",
      "vendors": [
       "AWS"
      ],
      "product": "",
      "tags": "",
      "active": true,
      "source_url": "",
      "license_details": {
       "name": "",
       "url": ""
      },
      "outcome": "detection",
      "created_timestamp": "2024-05-14T00:00:00Z",
      "modified_timestamp": "0001-01-01T00:00:00Z"
     },
     {
      "id": "8fce3c50-c22a-4c30-b745-2bdb839c0580",
      "name": "AWS - CloudTrail - Management Console Access using Access Keys",
      "description": "This rule identifies access to the AWS Management Console using access keys. \nAWS IAM user access keys cannot be used to authenticate to the AWS Console directly. However, an adversary who has compromised an AWS IAM user access key can use the GetFederationToken API call to generate temporary security credentials. These can then be used to request a sign-in token from the AWS federation endpoint. With this token, the adversary can construct a URL to access the AWS Management Console with federated credentials. The adversary may prefer generating a Management Console session as a method of bypassing existing limitations for temporary credentials, since such credentials cannot be used to call IAM operations via the AWS CLI or API, nor can they call any AWS STS operations except for GetCallerIdentity.\nNote that false positives may occur for legitimate purposes like federated access or cross-account role assumption. Consider adding appropriate exclusions as needed.\n",
      "origin": "CrowdStrike",
      "severity": 50,
      "recommended": true,
      "query": "#Vendor=\"aws\" #event.module=\"cloudtrail\" #repo!=\"xdr*\"\n| #event.kind=\"event\" #event.outcome=\"success\"\n| event.provider =~ in(values=[\"sts.amazonaws.com\", \"signin.amazonaws.com\"])\n| event.action =~ in(values=[\"GetFederationToken\", \"ConsoleLogin\"])\n| case {\n    event.provider=\"sts.amazonaws.com\" event.action=\"GetFederationToken\" | aws_user_identity_arn := Vendor.userIdentity.arn;\n    event.provider=\"signin.amazonaws.com\" event.action=\"ConsoleLogin\" | aws_user_identity_arn := Vendor.userIdentity.sessionContext.sessionIssuer.arn\n}\n| selfJoinFilter([cloud.account.id, aws_user_identity_arn], \n    where=[\n        { event.action=\"GetFederationToken\" },\n        { event.action=\"ConsoleLogin\" }\n    ], prefilter=true\n)\n| ipLocation(source.ip)\n| asn(source.ip)\n// The following line selects the fields that are useful for detection triage - uncomment when reviewing trigger events.\n// | groupBy([@timestamp, cloud.account.id, event.action, Vendor.userIdentity.arn, Vendor.userIdentity.principalId, Vendor.userIdentity.sessionContext.sessionIssuer.arn, Vendor.userIdentity.sessionContext.sessionIssuer.principalId, Vendor.requestParameters.durationSeconds, source.ip, source.ip.org, source.ip.country, source.ip.state, source.ip.city, user_agent.original])\n",
      "search_window_start": "-70m",
      "search_window_end": "-10m",
      "schedule": "1h",
      "author": "CrowdStrike",
      "sigma_author": "",
      "category": "",
      "license": "",
      "tactic": "TA0003",
      "technique": "T1098.001",
      "mitre_attack": [
       {
        "tactic_id": "TA0003",
        "technique_id": "T1098.001"
       }
      ],
      "vendor": "AWS",
      "vendors": [
       "AWS"
      ],
      "product": "",
      "tags": "",
      "active": true,
      "source_url": "",
      "license_details": {
       "name": "",
       "url": ""
      },
      "outcome": "detection",
      "created_timestamp": "2024-11-11T00:00:00Z",
      "modified_timestamp": "0001-01-01T00:00:00Z"
     },
     {
      "id": "edcbab99-6c69-4a7b-b238-b9978b6740d4",
      "name": "AWS - CloudTrail - Management Console Login Without MFA",
      "description": "Identifies a successful login to the AWS management console without using multi-factor authentication (MFA). Considering that it is best practice to use MFA for the AWS root and IAM users, this activity may indicate a misconfiguration or potential account compromise.\n",
      "origin": "CrowdStrike",
      "severity": 50,
      "recommended": true,
      "query": "#Vendor=\"aws\" #event.module=\"cloudtrail\" #repo!=\"xdr*\"\n| #event.kind=\"event\" #event.outcome=\"success\"\n| array:contains(array=\"event.category[]\", value=\"authentication\")\n| event.provider=\"signin.amazonaws.com\"\n| event.action=\"ConsoleLogin\" Vendor.additionalEventData.MFAUsed=\"No\"\n",
      "search_window_start": "-70m",
      "search_window_end": "-10m",
      "schedule": "1h",
      "author": "CrowdStrike",
      "sigma_author": "",
      "category": "",
      "license": "",
      "tactic": "TA0003",
      "technique": "T1078.004",
      "mitre_attack": [
       {
        "tactic_id": "TA0003",
        "technique_id": "T1078.004"
       }
      ],
      "vendor": "AWS",
      "vendors": [
       "AWS"
      ],
      "product": "",
      "tags": "",
      "active": true,
      "source_url": "",
      "license_details": {
       "name": "",
       "url": ""
      },
      "outcome": "detection",
      "created_timestamp": "2024-08-14T00:00:00Z",
      "modified_timestamp": "2024-10-31T00:00:00Z"
     },
     {
      "id": "936e693c-f239-4b92-b008-bf8101e6dca3",
      "name": "AWS - CloudTrail - Multiple Failed MFA Attempts for User Login to AWS Management Console",
      "description": "This rule identifies multiple failed multi-factor authentication (MFA) attempts for a single user attempting to log in to the AWS Management Console. This behavior may indicate a potential MFA fatigue attack, where an adversary uses compromised credentials to authenticate to an MFA-enabled user account and repeatedly sends MFA push notifications until the targeted user eventually accepts, granting the attacker access to the account.\n",
      "origin": "CrowdStrike",
      "severity": 30,
      "recommended": true,
      "query": "#Vendor=\"aws\" event.provider=\"signin.amazonaws.com\" #repo!=\"xdr*\"\n| #event.kind=\"event\" #event.outcome=\"failure\"\n| array:contains(\"event.category[]\", value=\"authentication\")\n| event.action=\"ConsoleLogin\"\n| Vendor.additionalEventData.MFAUsed=\"Yes\"\n| asn(source.ip)\n| bucket(field=[user.name, Vendor.userIdentity.type, Vendor.userIdentity.principalId, cloud.account.id, event.action, error.message], span=10m, limit=500,\n    function=[\n        mfa_prompts := count(),\n        collect([source.ip, source.ip.asn, source.ip.org, user_agent.original])\n    ]\n)\n// You may want to fine tune the rule by adjusting the 'span' parameter of the 'bucket()' function or the 'mfa_prompts' threshold value based on the specifics of your environment.\n| mfa_prompts\u003e5\n",
      "search_window_start": "-70m",
      "search_window_end": "-10m",
      "schedule": "1h",
      "author": "CrowdStrike",
      "sigma_author": "",
      "category": "",
      "license": "",
      "tactic": "TA0006",
      "technique": "T1621",
      "mitre_attack": [
       {
        "tactic_id": "TA0006",
        "technique_id": "T1621"
       }
      ],
      "vendor": "AWS",
      "vendors": [
       "AWS"
      ],
      "product": "",
      "tags": "",
      "active": true,
      "source_url": "",
      "license_details": {
       "name": "",
       "url": ""
      },
      "outcome": "detection",
      "created_timestamp": "2024-10-14T00:00:00Z",
      "modified_timestamp": "0001-01-01T00:00:00Z"
     },
     {
      "id": "40028e21-de59-4a8c-a520-4aa484950608",
      "name": "AWS - CloudTrail - Network Route Deleted",
      "description": "This rule detects the deletion of network routes in AWS VPC route tables, which could indicate an attempt to disrupt network traffic flow, enable network-based attacks, or redirect traffic for malicious purposes. Route deletions should be monitored as they can impact system availability and security posture.\n",
      "origin": "CrowdStrike",
      "severity": 50,
      "recommended": true,
      "query": "#Vendor=\"aws\" #event.module=\"cloudtrail\"\n| #event.kind=\"event\" #event.outcome=\"success\"\n| event.provider=\"ec2.amazonaws.com\"\n| event.action=/DeleteRoute/\n",
      "search_window_start": "-70m",
      "search_window_end": "-10m",
      "schedule": "1h",
      "author": "CrowdStrike",
      "sigma_author": "",
      "category": "",
      "license": "",
      "tactic": "TA0040",
      "technique": "T1498",
      "mitre_attack": [
       {
        "tactic_id": "TA0040",
        "technique_id": "T1498"
       }
      ],
      "vendor": "AWS",
      "vendors": [
       "AWS"
      ],
      "product": "",
      "tags": "",
      "active": true,
      "source_url": "",
      "license_details": {
       "name": "",
       "url": ""
      },
      "outcome": "detection",
      "created_timestamp": "2025-04-27T00:00:00Z",
      "modified_timestamp": "0001-01-01T00:00:00Z"
     },
     {
      "id": "a38f9acf-5cf8-4aa7-89a2-c563ea3c2c24",
      "name": "AWS - CloudTrail - Network Route Modified",
      "description": "This rule detects the modification of network routes in AWS VPC route tables, which could indicate an attempt to disrupt network traffic flow, enable network-based attacks, or redirect traffic for malicious purposes. Route modifications should be monitored as they can impact system availability and security posture.\nNote: Consider excluding known automation/service accounts to reduce false positives. Regular review of excluded accounts recommended.\n",
      "origin": "CrowdStrike",
      "severity": 50,
      "recommended": true,
      "query": "#Vendor=\"aws\" #event.module=\"cloudtrail\"\n| #event.kind=\"event\" #event.outcome=\"success\"\n| event.provider=\"ec2.amazonaws.com\"\n| event.action =~ in(values=[\"DisassociateRouteTable\", \"ReplaceRoute\", \"ReplaceRouteTableAssociation\"])\n// Exclude service users\n// | user.name=~ NOT in(values=[\"awsreservedsso*\", \"adfs*\", \"*role*\", \"automation\", \"*jira*\", \"*bitbucket*\",\"*build*\", \"*readonly*\", \"*okta*\"])\n",
      "search_window_start": "-70m",
      "search_window_end": "-10m",
      "schedule": "1h",
      "author": "CrowdStrike",
      "sigma_author": "",
      "category": "",
      "license": "",
      "tactic": "TA0005",
      "technique": "T1562",
      "mitre_attack": [
       {
        "tactic_id": "TA0005",
        "technique_id": "T1562"
       }
      ],
      "vendor": "AWS",
      "vendors": [
       "AWS"
      ],
      "product": "",
      "tags": "",
      "active": true,
      "source_url": "",
      "license_details": {
       "name": "",
       "url": ""
      },
      "outcome": "detection",
      "created_timestamp": "2025-04-27T00:00:00Z",
      "modified_timestamp": "0001-01-01T00:00:00Z"
     },
     {
      "id": "cc22e74f-bee1-4afa-a8de-ca7e705c6869",
      "name": "AWS - CloudTrail - New MFA Device Created For User",
      "description": "Identifies an AWS user creating a new MFA device. Monitoring this activity is important, as an adversary with access to a compromised AWS user may enroll a new MFA device to bypass initial MFA requirements and maintain persistence.\n",
      "origin": "CrowdStrike",
      "severity": 30,
      "recommended": true,
      "query": "#Vendor=\"aws\" event.provider=\"iam.amazonaws.com\" #repo!=\"xdr*\"\n| #event.kind=\"event\" #event.outcome=\"success\"\n| event.action =~ in(values=[\"CreateVirtualMFADevice\", \"EnableMFADevice\"]) \n",
      "search_window_start": "-70m",
      "search_window_end": "-10m",
      "schedule": "1h",
      "author": "CrowdStrike",
      "sigma_author": "",
      "category": "",
      "license": "",
      "tactic": "TA0003",
      "technique": "T1098.005",
      "mitre_attack": [
       {
        "tactic_id": "TA0003",
        "technique_id": "T1098.005"
       }
      ],
      "vendor": "AWS",
      "vendors": [
       "AWS"
      ],
      "product": "",
      "tags": "",
      "active": true,
      "source_url": "",
      "license_details": {
       "name": "",
       "url": ""
      },
      "outcome": "detection",
      "created_timestamp": "2024-08-14T00:00:00Z",
      "modified_timestamp": "2025-01-02T00:00:00Z"
     },
     {
      "id": "2f20781e-e0dd-4e49-8135-0969e780ed77",
      "name": "AWS - CloudTrail - Potential Session Hijacking",
      "description": "This rule detects potential AWS session hijacking attempts by identifying users with concurrent sessions from multiple Autonomous System Numbers (ASNs) within a relatively short time window (default is 1 hour). Multiple ASNs suggest access from different network providers, which could indicate unauthorized access using stolen session tokens or compromised credentials.\n",
      "origin": "CrowdStrike",
      "severity": 50,
      "recommended": true,
      "query": "#Vendor=\"aws\" #event.module=\"cloudtrail\" #repo!=\"xdr*\"\n| #event.kind=\"event\" #event.outcome=\"success\"\n| event.provider=\"health.amazonaws.com\" event.action=\"DescribeEventAggregates\"\n| source.address!=\"health.amazonaws.com\"\n| _time := formatTime(\"%Y/%m/%d %H:%M:%S\", field=@timestamp)\n| ipLocation(source.ip)\n| asn(source.ip)\n| session_details := format(\"[%s] %s connected from %s %s %s %s\\n  Source IP Org: %s\\n  User Agent string: %s\", field=[_time, user.name, source.ip, source.ip.country, source.ip.state, source.ip.city, source.ip.org, user_agent.original])\n| groupBy([cloud.account.id, cloud.region, Vendor.userIdentity.arn, Vendor.userIdentity.type],\n    function=[\n        distinct_asn := count(source.ip.org, distinct=true),\n        // Optional: Enable IP-based detection by uncommenting the next line (alternative to ASN-based detection)\n        // distinct_ip := count(source.ip, distinct=true),\n        collect([source.ip.org, source.ip, session_details])\n    ]\n)\n/*\n    Detection Options:\n    1. ASN-based (Default): Detects access from multiple network providers. Lower false positives.\n    2. IP-based: Detects access from multiple IP addresses. Higher false positives, more sensitive detection.\n*/\n// Alert when activity is detected from multiple networks\n| distinct_asn\u003e1\n// Uncomment next line for IP-based detection (and comment out the ASN-based detection above)\n// | distinct_ip\u003e1\n",
      "search_window_start": "-70m",
      "search_window_end": "-10m",
      "schedule": "1h",
      "author": "CrowdStrike",
      "sigma_author": "",
      "category": "",
      "license": "",
      "tactic": "TA0008",
      "technique": "T1550.004",
      "mitre_attack": [
       {
        "tactic_id": "TA0008",
        "technique_id": "T1550.004"
       }
      ],
      "vendor": "AWS",
      "vendors": [
       "AWS"
      ],
      "product": "",
      "tags": "",
      "active": true,
      "source_url": "",
      "license_details": {
       "name": "",
       "url": ""
      },
      "outcome": "detection",
      "created_timestamp": "2025-02-10T00:00:00Z",
      "modified_timestamp": "0001-01-01T00:00:00Z"
     },
     {
      "id": "a153feeb-5335-4d96-a0d3-5cb173b185fe",
      "name": "AWS - CloudTrail - RDS Database Cluster or Instance Deleted",
      "description": "Identifies the deletion of an Amazon Relational Database Service (RDS) database cluster or instance. For data destruction purposes an attacker may attempt to delete these Amazon RDS resources.\n",
      "origin": "CrowdStrike",
      "severity": 50,
      "recommended": true,
      "query": "#Vendor=\"aws\" event.provider=\"rds.amazonaws.com\" #repo!=\"xdr*\"\n| #event.kind=\"event\" #event.outcome=\"success\"\n| in(event.action, values=[\"DeleteDBInstance\", \"DeleteDBCluster\"])\n",
      "search_window_start": "-70m",
      "search_window_end": "-10m",
      "schedule": "1h",
      "author": "CrowdStrike",
      "sigma_author": "",
      "category": "",
      "license": "",
      "tactic": "TA0040",
      "technique": "T1485",
      "mitre_attack": [
       {
        "tactic_id": "TA0040",
        "technique_id": "T1485"
       }
      ],
      "vendor": "AWS",
      "vendors": [
       "AWS"
      ],
      "product": "",
      "tags": "",
      "active": true,
      "source_url": "",
      "license_details": {
       "name": "",
       "url": ""
      },
      "outcome": "detection",
      "created_timestamp": "2024-07-09T00:00:00Z",
      "modified_timestamp": "0001-01-01T00:00:00Z"
     },
     {
      "id": "fe934938-d5e3-48b8-b5e5-75a093eb2989",
      "name": "AWS - CloudTrail - RDS DB Cluster Password Modified",
      "description": "This rule detects successful modifications of master user passwords for AWS RDS DB clusters (including Aurora and Multi-AZ deployments) through CloudTrail events. Password changes outside of approved change management processes could indicate unauthorized access attempts, credential compromise, or malicious insider activity targeting database resources.\n",
      "origin": "CrowdStrike",
      "severity": 30,
      "recommended": true,
      "query": "#Vendor=\"aws\" #event.module=\"cloudtrail\" \n| #event.kind=\"event\" #event.outcome=\"success\"\n| event.provider=\"rds.amazonaws.com\"\n| event.action=\"ModifyDBCluster\"\n| Vendor.requestParameters.masterUserPassword=*\n// Exclude service users\n//| user.name=~ NOT in(values=[\"awsreservedsso*\", \"automation\", \"*service*\", \"*deployment*\", \"*platform*\", \"*monitoring*\", \"*cloud*\", \"*password*\", \"*rotation*\", \"*secret*\"])\n",
      "search_window_start": "-70m",
      "search_window_end": "-10m",
      "schedule": "1h",
      "author": "CrowdStrike",
      "sigma_author": "",
      "category": "",
      "license": "",
      "tactic": "TA0003",
      "technique": "T1098.001",
      "mitre_attack": [
       {
        "tactic_id": "TA0003",
        "technique_id": "T1098.001"
       }
      ],
      "vendor": "AWS",
      "vendors": [
       "AWS"
      ],
      "product": "",
      "tags": "",
      "active": true,
      "source_url": "",
      "license_details": {
       "name": "",
       "url": ""
      },
      "outcome": "detection",
      "created_timestamp": "2025-04-28T00:00:00Z",
      "modified_timestamp": "0001-01-01T00:00:00Z"
     },
     {
      "id": "37e2aa16-1140-4d29-9c32-3155542b4de4",
      "name": "AWS - CloudTrail - Relational Database Service (RDS) Snapshot Deleted",
      "description": "This rule detects the deletion of RDS database snapshots, which could indicate an attempt to destroy backup data or remove evidence of database access/modifications. This activity may be malicious when performed outside of retention policies or backup management procedures, potentially impacting business continuity and forensic capabilities.\n",
      "origin": "CrowdStrike",
      "severity": 50,
      "recommended": true,
      "query": "#Vendor=\"aws\" #event.module=\"cloudtrail\" \n| #event.kind=\"event\" #event.outcome=\"success\"\n| event.provider=\"rds.amazonaws.com\"\n| case { \n    event.action =~ in(values=[\"DeleteDBSnapshot\",\"DeleteDBClusterSnapshot\"]);\n    event.action=\"ModifyDBInstance\" | Vendor.requestParameters.backupRetentionPeriod=0;\n}\n",
      "search_window_start": "-70m",
      "search_window_end": "-10m",
      "schedule": "1h",
      "author": "CrowdStrike",
      "sigma_author": "",
      "category": "",
      "license": "",
      "tactic": "TA0040",
      "technique": "T1485",
      "mitre_attack": [
       {
        "tactic_id": "TA0040",
        "technique_id": "T1485"
       }
      ],
      "vendor": "AWS",
      "vendors": [
       "AWS"
      ],
      "product": "",
      "tags": "",
      "active": true,
      "source_url": "",
      "license_details": {
       "name": "",
       "url": ""
      },
      "outcome": "detection",
      "created_timestamp": "2025-04-28T00:00:00Z",
      "modified_timestamp": "0001-01-01T00:00:00Z"
     },
     {
      "id": "765f96b4-2a3b-4f51-85e0-f23d2086eafc",
      "name": "AWS - CloudTrail - Root User Access Key Usage",
      "description": "This rule identifies AWS root user access key usage. AWS best practices strongly discourage creating an access key for the root user. Root user tasks should instead be performed using the AWS Management Console. Using access keys for the root user can pose a serious risk if they fall into an adversary's hands.\n",
      "origin": "CrowdStrike",
      "severity": 50,
      "recommended": true,
      "query": "#Vendor=\"aws\" #event.module=\"cloudtrail\" #repo!=\"xdr*\"\n| #event.kind=\"event\" #event.outcome=\"success\" \n| Vendor.userIdentity.type=\"Root\"\n| Vendor.userIdentity.accessKeyId=\"*\"\n| ipLocation(source.ip)\n| asn(source.ip)\n// Exclude alerts for authorized, temporary root access key usage, if any exist.\n// | Vendor.userIdentity.userName =~ NOT in(values=[\"REPLACE\"])\n| groupBy([cloud.account.id, Vendor.userIdentity.type, Vendor.userIdentity.arn, Vendor.userIdentity.userName], function=collect([event.provider, event.action, source.ip, source.ip.org, source.ip.country, source.ip.state, source.ip.city, user_agent.original]))\n",
      "search_window_start": "-70m",
      "search_window_end": "-10m",
      "schedule": "1h",
      "author": "CrowdStrike",
      "sigma_author": "",
      "category": "",
      "license": "",
      "tactic": "TA0003",
      "technique": "T1078.004",
      "mitre_attack": [
       {
        "tactic_id": "TA0003",
        "technique_id": "T1078.004"
       }
      ],
      "vendor": "AWS",
      "vendors": [
       "AWS"
      ],
      "product": "",
      "tags": "",
      "active": true,
      "source_url": "",
      "license_details": {
       "name": "",
       "url": ""
      },
      "outcome": "detection",
      "created_timestamp": "2024-11-12T00:00:00Z",
      "modified_timestamp": "0001-01-01T00:00:00Z"
     },
     {
      "id": "f01f81a5-4f41-48f9-bc64-4374b982559c",
      "name": "AWS - CloudTrail - S3 Bucket Replication to External Account Attempted",
      "description": "Identifies an attempt to enable Amazon S3 bucket replication to an external AWS account. This could be indicative of data exfiltration activity where an attacker attempts to replicate sensitive data to an external AWS account.\n",
      "origin": "CrowdStrike",
      "severity": 50,
      "recommended": true,
      "query": "#Vendor=\"aws\" event.provider=\"s3.amazonaws.com\" #repo!=\"xdr*\"\n| #event.kind=\"event\" \n| event.action=\"PutBucketReplication\"\n| Vendor.requestParameters.ReplicationConfiguration.Rule.Destination.Account=\"*\"\n",
      "search_window_start": "-70m",
      "search_window_end": "-10m",
      "schedule": "1h",
      "author": "CrowdStrike",
      "sigma_author": "",
      "category": "",
      "license": "",
      "tactic": "TA0010",
      "technique": "T1537",
      "mitre_attack": [
       {
        "tactic_id": "TA0010",
        "technique_id": "T1537"
       }
      ],
      "vendor": "AWS",
      "vendors": [
       "AWS"
      ],
      "product": "",
      "tags": "",
      "active": true,
      "source_url": "",
      "license_details": {
       "name": "",
       "url": ""
      },
      "outcome": "detection",
      "created_timestamp": "2024-07-10T00:00:00Z",
      "modified_timestamp": "0001-01-01T00:00:00Z"
     },
     {
      "id": "b687a4b7-791d-41a1-9d6f-27ada213320d",
      "name": "AWS - CloudTrail - SSH Public Key Uploaded to EC2 Instance",
      "description": "Identifies the upload of a SSH public key to an AWS EC2 instance through the EC2 Instance Connect service. An attacker with access to a compromised AWS user could add a SSH public key to an EC2 instance, gaining unauthorized access to the instance or elevating their privileges to those of the attached EC2 IAM roles.\n",
      "origin": "CrowdStrike",
      "severity": 50,
      "recommended": true,
      "query": "#Vendor=\"aws\" event.provider=\"ec2-instance-connect.amazonaws.com\" #repo!=\"xdr*\"\n| #event.kind=\"event\" #event.outcome=\"success\"\n| in(event.action, values=[\"SendSSHPublicKey\", \"SendSerialConsoleSSHPublicKey\"])\n",
      "search_window_start": "-70m",
      "search_window_end": "-10m",
      "schedule": "1h",
      "author": "CrowdStrike",
      "sigma_author": "",
      "category": "",
      "license": "",
      "tactic": "TA0004",
      "technique": "T1098.004",
      "mitre_attack": [
       {
        "tactic_id": "TA0004",
        "technique_id": "T1098.004"
       }
      ],
      "vendor": "AWS",
      "vendors": [
       "AWS"
      ],
      "product": "",
      "tags": "",
      "active": true,
      "source_url": "",
      "license_details": {
       "name": "",
       "url": ""
      },
      "outcome": "detection",
      "created_timestamp": "2024-07-22T00:00:00Z",
      "modified_timestamp": "0001-01-01T00:00:00Z"
     },
     {
      "id": "5794020c-8690-4d84-bd93-6a9b9ef9d54d",
      "name": "AWS - CloudTrail - WAF Web Access Control List Updated",
      "description": "Identifies an AWS WAF web access control list being updated. AWS WAFv2 uses this API to delete rules as well. An attacker may carry out this action in an attempt to impair defenses.\n",
      "origin": "CrowdStrike",
      "severity": 50,
      "recommended": true,
      "query": "#Vendor=\"aws\" event.provider=\"waf*.amazonaws.com\" #repo!=\"xdr*\"\n| #event.kind=\"event\" #event.outcome=\"success\"\n| event.action=\"UpdateWebACL\"\n// Please add exclusions for known legitimate activities. (E.g.: User-Agent based exclusions for automation tools)\n// | user_agent.original =~ !in(values=[\"*terraform*\", \"*packer*\"], ignoreCase=true)\n",
      "search_window_start": "-70m",
      "search_window_end": "-10m",
      "schedule": "1h",
      "author": "CrowdStrike",
      "sigma_author": "",
      "category": "",
      "license": "",
      "tactic": "TA0005",
      "technique": "T1562.007",
      "mitre_attack": [
       {
        "tactic_id": "TA0005",
        "technique_id": "T1562.007"
       }
      ],
      "vendor": "AWS",
      "vendors": [
       "AWS"
      ],
      "product": "",
      "tags": "",
      "active": true,
      "source_url": "",
      "license_details": {
       "name": "",
       "url": ""
      },
      "outcome": "detection",
      "created_timestamp": "2024-09-26T00:00:00Z",
      "modified_timestamp": "0001-01-01T00:00:00Z"
     },
     {
      "id": "4db60cc0-36fb-42b7-9b58-a5b53019fb74",
      "name": "AWS - CloudTrail - AWS CloudTrail Important Change - Sigma",
      "description": "Detects disabling, deleting and updating of a Trail\n",
      "origin": "SigmaHQ",
      "severity": 50,
      "recommended": true,
      "query": "#Vendor=\"aws\" #event.module=\"cloudtrail\" #repo!=\"xdr*\"\n| event.provider=\"cloudtrail.amazonaws.com\" (event.action=\"StopLogging\" OR event.action=\"UpdateTrail\" OR event.action=\"DeleteTrail\")\n",
      "search_window_start": "-70m",
      "search_window_end": "-10m",
      "schedule": "1h",
      "author": "vitaliy0x1",
      "sigma_author": "",
      "category": "",
      "license": "",
      "tactic": "TA0005",
      "technique": "T1562.001",
      "mitre_attack": [
       {
        "tactic_id": "TA0005",
        "technique_id": "T1562.001"
       }
      ],
      "vendor": "AWS",
      "vendors": [
       "AWS"
      ],
      "product": "",
      "tags": "",
      "active": true,
      "source_url": "https://github.com/SigmaHQ/sigma/blob/master/rules/cloud/aws/cloudtrail/aws_cloudtrail_disable_logging.yml",
      "license_details": {
       "name": "DRL",
       "url": "https://github.com/SigmaHQ/Detection-Rule-License"
      },
      "outcome": "detection",
      "created_timestamp": "2020-01-21T00:00:00Z",
      "modified_timestamp": "2022-10-09T00:00:00Z"
     },
     {
      "id": "c803b2ce-c4a2-4836-beae-b112010390b1",
      "name": "AWS - CloudTrail - New Network Route Added - Sigma",
      "description": "Detects the addition of a new network route to a route table in AWS.\n",
      "origin": "SigmaHQ",
      "severity": 50,
      "recommended": true,
      "query": "#Vendor=\"aws\" #event.module=\"cloudtrail\" #repo!=\"xdr*\"\n| event.provider=\"ec2.amazonaws.com\" event.action=\"CreateRoute\"\n",
      "search_window_start": "-70m",
      "search_window_end": "-10m",
      "schedule": "1h",
      "author": "jamesc-grafana",
      "sigma_author": "",
      "category": "",
      "license": "",
      "tactic": "TA0001",
      "technique": "T1190",
      "mitre_attack": [
       {
        "tactic_id": "TA0001",
        "technique_id": "T1190"
       }
      ],
      "vendor": "AWS",
      "vendors": [
       "AWS"
      ],
      "product": "",
      "tags": "",
      "active": true,
      "source_url": "https://github.com/SigmaHQ/sigma/blob/master/rules/cloud/aws/cloudtrail/aws_cloudtrail_new_route_added.yml",
      "license_details": {
       "name": "DRL",
       "url": "https://github.com/SigmaHQ/Detection-Rule-License"
      },
      "outcome": "detection",
      "created_timestamp": "2024-07-11T00:00:00Z",
      "modified_timestamp": "0001-01-01T00:00:00Z"
     },
     {
      "id": "6fb77778-040f-4015-9440-572aa9b6b580",
      "name": "AWS - CloudTrail - Ingress/Egress Security Group Modification - Sigma",
      "description": "Detects when an account makes changes to the ingress or egress rules of a security group.\nThis can indicate that an attacker is attempting to open up new attack vectors in the account, that they are trying to exfiltrate data over the network, or that they are trying to allow machines in that VPC/Subnet to contact a C\u0026C server.\n",
      "origin": "SigmaHQ",
      "severity": 50,
      "recommended": true,
      "query": "#Vendor=\"aws\" #event.module=\"cloudtrail\" #repo!=\"xdr*\"\n| event.provider=\"ec2.amazonaws.com\" (event.action=\"AuthorizeSecurityGroupEgress\" OR event.action=\"AuthorizeSecurityGroupIngress\" OR event.action=\"RevokeSecurityGroupEgress\" OR event.action=\"RevokeSecurityGroupIngress\")\n",
      "search_window_start": "-70m",
      "search_window_end": "-10m",
      "schedule": "1h",
      "author": "jamesc-grafana",
      "sigma_author": "",
      "category": "",
      "license": "",
      "tactic": "TA0001",
      "technique": "T1190",
      "mitre_attack": [
       {
        "tactic_id": "TA0001",
        "technique_id": "T1190"
       }
      ],
      "vendor": "AWS",
      "vendors": [
       "AWS"
      ],
      "product": "",
      "tags": "",
      "active": true,
      "source_url": "https://github.com/SigmaHQ/sigma/blob/master/rules/cloud/aws/cloudtrail/aws_cloudtrail_security_group_change_ingress_egress.yml",
      "license_details": {
       "name": "DRL",
       "url": "https://github.com/SigmaHQ/Detection-Rule-License"
      },
      "outcome": "detection",
      "created_timestamp": "2024-07-11T00:00:00Z",
      "modified_timestamp": "0001-01-01T00:00:00Z"
     },
     {
      "id": "38e7f511-3f74-41d4-836e-f57dfa18eead",
      "name": "AWS - CloudTrail - Potential Malicious Usage of CloudTrail System Manager - Sigma",
      "description": "Detect when System Manager successfully executes commands against an instance.\n",
      "origin": "SigmaHQ",
      "severity": 70,
      "recommended": true,
      "query": "#Vendor=\"aws\" #event.module=\"cloudtrail\" #repo!=\"xdr*\"\n| event.action=\"SendCommand\" event.provider=\"ssm.amazonaws.com\" Vendor.responseElements.command.status=/^Success$/i\n",
      "search_window_start": "-70m",
      "search_window_end": "-10m",
      "schedule": "1h",
      "author": "jamesc-grafana",
      "sigma_author": "",
      "category": "",
      "license": "",
      "tactic": "TA0002",
      "technique": "T1072",
      "mitre_attack": [
       {
        "tactic_id": "TA0002",
        "technique_id": "T1072"
       }
      ],
      "vendor": "AWS",
      "vendors": [
       "AWS"
      ],
      "product": "",
      "tags": "",
      "active": true,
      "source_url": "https://github.com/SigmaHQ/sigma/blob/master/rules/cloud/aws/cloudtrail/aws_cloudtrail_ssm_malicious_usage.yml",
      "license_details": {
       "name": "DRL",
       "url": "https://github.com/SigmaHQ/Detection-Rule-License"
      },
      "outcome": "detection",
      "created_timestamp": "2024-07-11T00:00:00Z",
      "modified_timestamp": "0001-01-01T00:00:00Z"
     },
     {
      "id": "07330162-dba1-4746-8121-a9647d49d297",
      "name": "AWS - CloudTrail - AWS Config Disabling Channel/Recorder - Sigma",
      "description": "Detects AWS Config Service disabling\n",
      "origin": "SigmaHQ",
      "severity": 70,
      "recommended": true,
      "query": "#Vendor=\"aws\" #event.module=\"cloudtrail\" #repo!=\"xdr*\"\n| event.provider=\"config.amazonaws.com\" (event.action=\"DeleteDeliveryChannel\" OR event.action=\"StopConfigurationRecorder\")\n",
      "search_window_start": "-70m",
      "search_window_end": "-10m",
      "schedule": "1h",
      "author": "vitaliy0x1",
      "sigma_author": "",
      "category": "",
      "license": "",
      "tactic": "TA0005",
      "technique": "T1562.001",
      "mitre_attack": [
       {
        "tactic_id": "TA0005",
        "technique_id": "T1562.001"
       }
      ],
      "vendor": "AWS",
      "vendors": [
       "AWS"
      ],
      "product": "",
      "tags": "",
      "active": true,
      "source_url": "https://github.com/SigmaHQ/sigma/blob/master/rules/cloud/aws/cloudtrail/aws_config_disable_recording.yml",
      "license_details": {
       "name": "DRL",
       "url": "https://github.com/SigmaHQ/Detection-Rule-License"
      },
      "outcome": "detection",
      "created_timestamp": "2020-01-21T00:00:00Z",
      "modified_timestamp": "2022-10-09T00:00:00Z"
     },
     {
      "id": "1ab3c5ed-5baf-417b-bb6b-78ca33f6c3df",
      "name": "AWS - CloudTrail - AWS EC2 Startup Shell Script Change - Sigma",
      "description": "Detects changes to the EC2 instance startup script. The shell script will be executed as root/SYSTEM every time the specific instances are booted up.\n",
      "origin": "SigmaHQ",
      "severity": 70,
      "recommended": true,
      "query": "#Vendor=\"aws\" #event.module=\"cloudtrail\" #repo!=\"xdr*\"\n| event.provider=\"ec2.amazonaws.com\" Vendor.requestParameters.attribute=/^userData$/i event.action=\"ModifyInstanceAttribute\"\n",
      "search_window_start": "-70m",
      "search_window_end": "-10m",
      "schedule": "1h",
      "author": "faloker",
      "sigma_author": "",
      "category": "",
      "license": "",
      "tactic": "TA0002",
      "technique": "T1059.004",
      "mitre_attack": [
       {
        "tactic_id": "TA0002",
        "technique_id": "T1059.004"
       }
      ],
      "vendor": "AWS",
      "vendors": [
       "AWS"
      ],
      "product": "",
      "tags": "",
      "active": true,
      "source_url": "https://github.com/SigmaHQ/sigma/blob/master/rules/cloud/aws/cloudtrail/aws_ec2_startup_script_change.yml",
      "license_details": {
       "name": "DRL",
       "url": "https://github.com/SigmaHQ/Detection-Rule-License"
      },
      "outcome": "detection",
      "created_timestamp": "2020-02-12T00:00:00Z",
      "modified_timestamp": "2022-06-07T00:00:00Z"
     },
     {
      "id": "b45ab1d2-712f-4f01-a751-df3826969807",
      "name": "AWS - CloudTrail - AWS STS GetSessionToken Misuse - Sigma",
      "description": "Identifies the suspicious use of GetSessionToken. Tokens could be created and used by attackers to move laterally and escalate privileges.\n",
      "origin": "SigmaHQ",
      "severity": 30,
      "recommended": true,
      "query": "#Vendor=\"aws\" #event.module=\"cloudtrail\" #repo!=\"xdr*\"\n| event.provider=\"sts.amazonaws.com\" event.action=\"GetSessionToken\" Vendor.userIdentity.type=/^IAMUser$/i\n",
      "search_window_start": "-70m",
      "search_window_end": "-10m",
      "schedule": "1h",
      "author": "Austin Songer @austinsonger",
      "sigma_author": "",
      "category": "",
      "license": "",
      "tactic": "TA0008",
      "technique": "T1550.001",
      "mitre_attack": [
       {
        "tactic_id": "TA0008",
        "technique_id": "T1550.001"
       }
      ],
      "vendor": "AWS",
      "vendors": [
       "AWS"
      ],
      "product": "",
      "tags": "",
      "active": true,
      "source_url": "https://github.com/SigmaHQ/sigma/blob/master/rules/cloud/aws/cloudtrail/aws_sts_getsessiontoken_misuse.yml",
      "license_details": {
       "name": "DRL",
       "url": "https://github.com/SigmaHQ/Detection-Rule-License"
      },
      "outcome": "detection",
      "created_timestamp": "2021-07-24T00:00:00Z",
      "modified_timestamp": "2022-10-09T00:00:00Z"
     },
     {
      "id": "c2d85115-6500-4224-8f4e-63c377d6426c",
      "name": "Generic - Network - RPC Traffic to the Internet",
      "description": "Identifies network events associated with RPC (Remote Procedure Call) traffic to the Internet. This is suspicious network activity because RPC should never be exposed to the Internet as it is often exploited by threat actors for initial access.\n",
      "origin": "CrowdStrike",
      "severity": 70,
      "recommended": true,
      "query": "#repo!=\"xdr_*\"\n| #Vendor =~ in(values=[\"akamai\",\"aws\",\"cisco\",\"corelight\",\"extrahop\",\"fortinet\",\"microsoft\",\"nozomi\",\"paloalto\",\"zscaler\"])\n| #event.kind=\"event\" \n| array:contains(\"event.category[]\", value=\"network\")\n| network.transport=\"tcp\" destination.port=135\n| cidr(source.ip, subnet=[\"10.0.0.0/8\", \"172.16.0.0/12\", \"192.168.0.0/16\"])\n| NOT cidr(destination.ip, subnet=[\"127.0.0.0/8\", \"10.0.0.0/8\", \"172.16.0.0/12\", \"192.168.0.0/16\", \"::1\"])\n",
      "search_window_start": "-70m",
      "search_window_end": "-10m",
      "schedule": "1h",
      "author": "CrowdStrike",
      "sigma_author": "",
      "category": "",
      "license": "",
      "tactic": "TA0001",
      "technique": "T1190",
      "mitre_attack": [
       {
        "tactic_id": "TA0001",
        "technique_id": "T1190"
       }
      ],
      "vendor": "Akamai",
      "vendors": [
       "Akamai",
       "AWS",
       "Cisco",
       "Corelight",
       "ExtraHop",
       "Fortinet",
       "Microsoft",
       "Nozomi Networks",
       "Palo Alto Networks",
       "Zscaler"
      ],
      "product": "",
      "tags": "",
      "active": true,
      "source_url": "",
      "license_details": {
       "name": "",
       "url": ""
      },
      "outcome": "detection",
      "created_timestamp": "2024-05-10T00:00:00Z",
      "modified_timestamp": "2024-10-22T00:00:00Z"
     }
    ]
   }