{
    "meta": {
     "query_time": 0.026695829,
     "powered_by": "svc-cscrrulestemplates",
     "trace_id": "c2b07d09a7797fad468343d7f9197ef8"
    },
    "errors": [],
    "resources": [
     {
      "id": "362e7038-4fe6-42ac-8a7d-6e177af76cd6",
      "name": "AWS - CloudTrail - Mobile Console App Usage",
      "description": "This rule identifies the usage of AWS Console Mobile App to access an AWS account. It may indicate an attacker is attempting to hide their source IP address or a user is logging in from an insecure device.\n",
      "origin": "CrowdStrike",
      "severity": 10,
      "recommended": true,
      "query": "#Vendor=\"aws\" #event.module=\"cloudtrail\" #repo!=\"xdr*\"\n| #event.kind=\"event\" #event.outcome=\"success\"\n| source.address=/(?:AWSMobileOrchestraService|consoleapp)\\.amazonaws\\.com/i\n",
      "search_window_start": "-70m",
      "search_window_end": "-10m",
      "schedule": "1h",
      "author": "CrowdStrike",
      "sigma_author": "",
      "category": "",
      "license": "",
      "tactic": "TA0007",
      "technique": "T1538",
      "mitre_attack": [
       {
        "tactic_id": "TA0007",
        "technique_id": "T1538"
       }
      ],
      "vendor": "AWS",
      "vendors": [
       "AWS"
      ],
      "product": "",
      "tags": "",
      "active": true,
      "source_url": "",
      "license_details": {
       "name": "",
       "url": ""
      },
      "outcome": "detection",
      "created_timestamp": "2024-10-18T00:00:00Z",
      "modified_timestamp": "0001-01-01T00:00:00Z"
     },
     {
      "id": "4d56df7a-514e-4ecd-b9d0-6998ae4e0afd",
      "name": "AWS - CloudTrail - S3 Bucket Exposed via ACL",
      "description": "This rule detects exposed S3 buckets in AWS via a bucket access control list (ACL) that grants access to public or any authenticated user. An adversary may expose an S3 bucket to exfiltrate sensitive information.\n",
      "origin": "CrowdStrike",
      "severity": 50,
      "recommended": true,
      "query": "#Vendor=\"aws\" #event.module=\"cloudtrail\" #repo!=\"xdr*\"\n| #event.kind=\"event\" #event.outcome=\"success\"\n| event.action=\"PutBucketAcl\" event.provider=\"s3.amazonaws.com\"\n| split(\"Vendor.requestParameters.AccessControlPolicy.AccessControlList.Grant\")\n| case {\n    Vendor.requestParameters.AccessControlPolicy.AccessControlList.Grant.Grantee.URI=/http:\\/\\/acs.amazonaws.com\\/groups\\/global\\/(?:All|Authenticated)Users/ | Vendor.requestParameters.AccessControlPolicy.AccessControlList.Grant.Permission=/READ|WRITE|FULL/ ;\n    \"Vendor.requestParameters.x-amz-acl\"=/^(?:public|authenticated)/\n}\n",
      "search_window_start": "-70m",
      "search_window_end": "-10m",
      "schedule": "1h",
      "author": "CrowdStrike",
      "sigma_author": "",
      "category": "",
      "license": "",
      "tactic": "TA0009",
      "technique": "T1530",
      "mitre_attack": [
       {
        "tactic_id": "TA0009",
        "technique_id": "T1530"
       }
      ],
      "vendor": "AWS",
      "vendors": [
       "AWS"
      ],
      "product": "",
      "tags": "",
      "active": true,
      "source_url": "",
      "license_details": {
       "name": "",
       "url": ""
      },
      "outcome": "detection",
      "created_timestamp": "2024-10-31T00:00:00Z",
      "modified_timestamp": "0001-01-01T00:00:00Z"
     },
     {
      "id": "11c1aa8f-ed3e-42cb-81f7-7bf2e715aaea",
      "name": "AWS - CloudTrail - UserAgents Associated with Suspicious Tools",
      "description": "This rule identifies user agents associated with CloudBerry Explorer, Scout Suite and Endgame tools or offensive security operating systems. This may be a developer attempting to interact with the account, but if this tool does not look familiar, it may be a malicious actor attempting to enumerate information to further their attack.\n",
      "origin": "CrowdStrike",
      "severity": 50,
      "recommended": true,
      "query": "#Vendor=\"aws\" #event.module=\"cloudtrail\" #repo!=\"xdr*\"\n| #event.kind=\"event\" #event.outcome=\"success\"\n| user_agent.original=/(?:CloudBerry|kali|parrot|pentoo|HotDogsAreSandwiches|Scout Suite|Cyberduck|rclone)/i\n",
      "search_window_start": "-70m",
      "search_window_end": "-10m",
      "schedule": "1h",
      "author": "CrowdStrike",
      "sigma_author": "",
      "category": "",
      "license": "",
      "tactic": "TA0009",
      "technique": "T1530",
      "mitre_attack": [
       {
        "tactic_id": "TA0009",
        "technique_id": "T1530"
       }
      ],
      "vendor": "AWS",
      "vendors": [
       "AWS"
      ],
      "product": "",
      "tags": "",
      "active": true,
      "source_url": "",
      "license_details": {
       "name": "",
       "url": ""
      },
      "outcome": "detection",
      "created_timestamp": "2024-11-15T00:00:00Z",
      "modified_timestamp": "2025-03-11T00:00:00Z"
     },
     {
      "id": "a4ba102a-d164-4fd5-b9ac-79bb287e1fae",
      "name": "Generic - Web - HTTP Request With a Suspicious User Agent",
      "description": "This rule identifies a web request that was made with a suspicious user agent. \nIt focuses on detecting user agents commonly associated with Scripting activities, Cryptocurrency mining operations, Obfuscation techniques and other potentially malicious or unauthorized automated activities\n",
      "origin": "CrowdStrike",
      "severity": 50,
      "recommended": true,
      "query": "#Vendor=\"akamai\" OR #Vendor=\"aws\" OR #Vendor=\"cisco\" OR #Vendor=\"cloudflare\" OR #Vendor=\"corelight\" OR #Vendor=\"extrahop\" OR #Vendor=\"f5networks\" OR #Vendor=\"fortinet\" OR #Vendor=\"microsoft\" OR #Vendor=\"netskope\" OR #Vendor=\"okta\" OR #Vendor=\"paloalto\" OR #Vendor=\"proofpoint\" OR #Vendor=\"zscaler\"\n| #event.kind=\"event\"\n| match(file=\"falcon/ngsiem-content/suspicious_user_agents.csv\",field=user_agent.original,column=user_agent.original)\n// Exclude domains which are known vulnerability scanners or may cause false positives\n//| url.original =~ !in(values=[\"www.bing.com\", \"cloud.tenable.com\"])\n",
      "search_window_start": "-70m",
      "search_window_end": "-10m",
      "schedule": "1h",
      "author": "CrowdStrike",
      "sigma_author": "",
      "category": "",
      "license": "",
      "tactic": "TA0011",
      "technique": "T1071.001",
      "mitre_attack": [
       {
        "tactic_id": "TA0011",
        "technique_id": "T1071.001"
       }
      ],
      "vendor": "Cloudflare",
      "vendors": [
       "Akamai",
       "AWS",
       "Cisco",
       "Cloudflare",
       "Corelight",
       "ExtraHop",
       "F5",
       "Fortinet",
       "Microsoft",
       "Netskope",
       "Okta",
       "Palo Alto Networks",
       "Proofpoint",
       "Zscaler"
      ],
      "product": "",
      "tags": "",
      "active": true,
      "source_url": "",
      "license_details": {
       "name": "",
       "url": ""
      },
      "outcome": "detection",
      "created_timestamp": "2025-02-02T00:00:00Z",
      "modified_timestamp": "0001-01-01T00:00:00Z"
     },
     {
      "id": "1aa552b3-5b6c-410c-a15c-2e3b067576a6",
      "name": "AWS - CloudTrail - EBS Encryption Disabled",
      "description": "Identifies disabling Amazon Elastic Block Store (EBS) encryption by default. This is a Region-specific setting that when enabled it enforces the encryption of the new EBS volumes and snapshot copies. Encryption by default has no effect on existing EBS volumes or snapshots. An adversary may disable EBS encryption in an attempt to gain access to sensitive information stored within these files.\n",
      "origin": "CrowdStrike",
      "severity": 50,
      "recommended": true,
      "query": "#Vendor=\"aws\" event.provider=\"ec2.amazonaws.com\" #repo!=\"xdr*\"\n| #event.kind=\"event\" #event.outcome=\"success\"\n| event.action=\"DisableEbsEncryptionByDefault\"\n// Exclude user agent strings associated with cloud provisioning tools such as Terraform or Packer\n| user_agent.original =~ !in(values=[\"*terraform*\", \"*packer*\"], ignoreCase=true)\n",
      "search_window_start": "-70m",
      "search_window_end": "-10m",
      "schedule": "1h",
      "author": "CrowdStrike",
      "sigma_author": "",
      "category": "",
      "license": "",
      "tactic": "TA0040",
      "technique": "T1565.001",
      "mitre_attack": [
       {
        "tactic_id": "TA0040",
        "technique_id": "T1565.001"
       }
      ],
      "vendor": "AWS",
      "vendors": [
       "AWS"
      ],
      "product": "",
      "tags": "",
      "active": true,
      "source_url": "",
      "license_details": {
       "name": "",
       "url": ""
      },
      "outcome": "detection",
      "created_timestamp": "2024-07-08T00:00:00Z",
      "modified_timestamp": "2024-09-18T00:00:00Z"
     },
     {
      "id": "6b7adb21-5de5-43c7-a385-f8ba7e068e5f",
      "name": "AWS - CloudTrail - EC2 Network ACL Entry Created or Modified To Allow Ingress on All or High Range of Open Ports",
      "description": "Identifies an IAM user creating or modifying an EC2 network ACL entry to allow ingress on all or a high range of open ports. An attacker with access to a compromised IAM user can create or modify a network ACL entry to gain unrestricted access to the network.\n",
      "origin": "CrowdStrike",
      "severity": 50,
      "recommended": true,
      "query": "#Vendor=\"aws\" event.provider=\"ec2.amazonaws.com\" #repo!=\"xdr*\"\n| #event.kind=\"event\" #event.outcome=\"success\"\n| event.action =~ in(values=[\"CreateNetworkAclEntry\", \"ReplaceNetworkAclEntry\"])\n| Vendor.requestParameters.egress=\"false\" Vendor.requestParameters.ruleAction=\"allow\"\n| case {\n    Vendor.requestParameters.aclProtocol=-1 | ingress_allowed_with_all_open_ports := \"true\";\n    Vendor.requestParameters.aclProtocol!=-1 | port_range := Vendor.requestParameters.portRange.to - Vendor.requestParameters.portRange.from | port_range\u003e=1024 | ingress_allowed_with_high_range_of_open_ports := \"true\";\n    *\n}\n| ingress_allowed_with_all_open_ports=\"true\" OR ingress_allowed_with_high_range_of_open_ports=\"true\"\n",
      "search_window_start": "-70m",
      "search_window_end": "-10m",
      "schedule": "1h",
      "author": "CrowdStrike",
      "sigma_author": "",
      "category": "",
      "license": "",
      "tactic": "TA0005",
      "technique": "T1562.007",
      "mitre_attack": [
       {
        "tactic_id": "TA0005",
        "technique_id": "T1562.007"
       }
      ],
      "vendor": "AWS",
      "vendors": [
       "AWS"
      ],
      "product": "",
      "tags": "",
      "active": true,
      "source_url": "",
      "license_details": {
       "name": "",
       "url": ""
      },
      "outcome": "detection",
      "created_timestamp": "2024-09-19T00:00:00Z",
      "modified_timestamp": "0001-01-01T00:00:00Z"
     },
     {
      "id": "9f7da61e-d52a-4828-bb3b-ac4d95291121",
      "name": "AWS - CloudTrail - EC2 Snapshot Attributes Change Attempted",
      "description": "Identifies an attempt to change the attributes of an AWS EC2 snapshot. For data exfiltration purposes, an attacker may try to modify the permissions of an EC2 snapshot to allow it to be shared publicly or with another AWS account.\n",
      "origin": "CrowdStrike",
      "severity": 50,
      "recommended": true,
      "query": "#Vendor=\"aws\" event.provider=\"ec2.amazonaws.com\" #repo!=\"xdr*\"\n| #event.kind=\"event\"\n| event.action=\"ModifySnapshotAttribute\"\n",
      "search_window_start": "-70m",
      "search_window_end": "-10m",
      "schedule": "1h",
      "author": "CrowdStrike",
      "sigma_author": "",
      "category": "",
      "license": "",
      "tactic": "TA0010",
      "technique": "T1537",
      "mitre_attack": [
       {
        "tactic_id": "TA0010",
        "technique_id": "T1537"
       }
      ],
      "vendor": "AWS",
      "vendors": [
       "AWS"
      ],
      "product": "",
      "tags": "",
      "active": true,
      "source_url": "",
      "license_details": {
       "name": "",
       "url": ""
      },
      "outcome": "detection",
      "created_timestamp": "2024-07-08T00:00:00Z",
      "modified_timestamp": "2024-09-26T00:00:00Z"
     },
     {
      "id": "45bbe6ec-8bfc-4fb8-9ac5-437113a1a464",
      "name": "AWS - CloudTrail - Failed Management Console Login Attempts against Multiple Users from Single IP Address",
      "description": "Identifies failed AWS management console login attempts against multiple users from the same IP address, within a short time frame. This pattern may indicate a potential password spraying attack on the AWS management console where the adversary is attempting a single or small list of passwords against many different IAM users.\n",
      "origin": "CrowdStrike",
      "severity": 50,
      "recommended": true,
      "query": "#Vendor=\"aws\" event.provider=\"signin.amazonaws.com\" #repo!=\"xdr*\"\n| #event.kind=\"event\" #event.outcome=\"failure\"\n| array:contains(\"event.category[]\", value=\"authentication\") | array:contains(\"event.type[]\", value=\"info\") \n| event.action=\"ConsoleLogin\"\n| login_time := @timestamp | login_time := formatTime(\"%Y/%m/%d %H:%M:%S\", field=login_time, locale=en_US, timezone=Z)\n| ipLocation(source.ip)\n| groupBy([event.action, source.ip, source.ip.country, source.ip.city], \n    function=[\n        count(user.name, distinct=true, as=distinct_user_count),\n        collect([user.name, Vendor.userIdentity.accountId, Vendor.userIdentity.principalId, Vendor.additionalEventData.MFAUsed, login_time, user_agent.original])\n    ]\n)\n| distinct_user_count\u003e=10\n",
      "search_window_start": "-70m",
      "search_window_end": "-10m",
      "schedule": "1h",
      "author": "CrowdStrike",
      "sigma_author": "",
      "category": "",
      "license": "",
      "tactic": "TA0006",
      "technique": "T1110.003",
      "mitre_attack": [
       {
        "tactic_id": "TA0006",
        "technique_id": "T1110.003"
       }
      ],
      "vendor": "AWS",
      "vendors": [
       "AWS"
      ],
      "product": "",
      "tags": "",
      "active": true,
      "source_url": "",
      "license_details": {
       "name": "",
       "url": ""
      },
      "outcome": "detection",
      "created_timestamp": "2024-09-16T00:00:00Z",
      "modified_timestamp": "0001-01-01T00:00:00Z"
     },
     {
      "id": "2679fb9e-158b-4d93-bf4b-0eabdc3389dd",
      "name": "AWS - CloudTrail - Password Recovery Requested for Root User",
      "description": "This rule identifies an attempt to recover the password for the AWS root user. An attacker may try to take control of an AWS account by abusing the password recovery flow.\n",
      "origin": "CrowdStrike",
      "severity": 50,
      "recommended": true,
      "query": "#Vendor=\"aws\" event.provider=\"signin.amazonaws.com\" #repo!=\"xdr*\"\n| #event.kind=\"event\" #event.outcome=\"success\"\n| event.action=\"PasswordRecoveryRequested\"\n| Vendor.userIdentity.type=\"Root\"\n",
      "search_window_start": "-70m",
      "search_window_end": "-10m",
      "schedule": "1h",
      "author": "CrowdStrike",
      "sigma_author": "",
      "category": "",
      "license": "",
      "tactic": "TA0001",
      "technique": "T1078.004",
      "mitre_attack": [
       {
        "tactic_id": "TA0001",
        "technique_id": "T1078.004"
       }
      ],
      "vendor": "AWS",
      "vendors": [
       "AWS"
      ],
      "product": "",
      "tags": "",
      "active": true,
      "source_url": "",
      "license_details": {
       "name": "",
       "url": ""
      },
      "outcome": "detection",
      "created_timestamp": "2024-09-23T00:00:00Z",
      "modified_timestamp": "0001-01-01T00:00:00Z"
     },
     {
      "id": "a2d2932f-1416-4559-bf70-49eba474041f",
      "name": "AWS - CloudTrail - Potential S3 Bucket Enumeration",
      "description": "This rule identifies a high number of AWS S3 operations using the 'ListBuckets' and 'GetBucket*' API calls from a single source within a relatively short time period. This could be indicative of S3 bucket enumeration activity from an adversary trying to discover potentially vulnerable Amazon S3 buckets.\n",
      "origin": "CrowdStrike",
      "severity": 30,
      "recommended": true,
      "query": "#Vendor=\"aws\" event.provider=\"s3.amazonaws.com\" #repo!=\"xdr*\"\n| #event.kind=\"event\"\n| event.action =~ in(values=[\"ListBuckets\", \"GetBucket*\"])\n| Vendor.userIdentity.type =~ !in(values=[\"AssumedRole\", \"AWSService\"])\n// Consider excluding AWS account IDs associated with expected cloud automations.\n// | cloud.account.id =~ !in(values=[\"111111111111\"])\n// Consider excluding Amazon Resource Names (ARNs) associated with expected cloud automations.\n// | Vendor.userIdentity.arn =~ !in(values=[\"arn:aws:iam::111111111111:user/DevOpsDeploymentUser\"])\n// Exclusion for user agent strings known to be associated with manual AWS Console actions.\n| user_agent.original!=/^\\[(?:S3Console\\/|Mozilla)/i\n| bucket(span=5m, field=[cloud.account.id, source.address, Vendor.userIdentity.arn, Vendor.userIdentity.principalId, Vendor.userIdentity.type], limit=500,\n    function=[\n        enumeration_calls_count := count(),\n        collect([enumeration_calls_count, event.action, Vendor.requestParameters.bucketName, user_agent.original])\n    ]\n)\n// Fine tune the rule by adjusting the 'span' parameter of the 'bucket()' function or the 'enumeration_calls_count' threshold value based on the specifics of your environment.\n| enumeration_calls_count\u003e10\n",
      "search_window_start": "-70m",
      "search_window_end": "-10m",
      "schedule": "1h",
      "author": "CrowdStrike",
      "sigma_author": "",
      "category": "",
      "license": "",
      "tactic": "TA0007",
      "technique": "T1619",
      "mitre_attack": [
       {
        "tactic_id": "TA0007",
        "technique_id": "T1619"
       }
      ],
      "vendor": "AWS",
      "vendors": [
       "AWS"
      ],
      "product": "",
      "tags": "",
      "active": true,
      "source_url": "",
      "license_details": {
       "name": "",
       "url": ""
      },
      "outcome": "detection",
      "created_timestamp": "2024-10-17T00:00:00Z",
      "modified_timestamp": "0001-01-01T00:00:00Z"
     },
     {
      "id": "40a65c08-8fdb-4593-a447-e31e6fc7ba3e",
      "name": "AWS - CloudTrail - S3 Object Enumeration",
      "description": "This rule identifies possible enumeration of AWS S3 bucket objects via ListObjects and GetObject API calls. An adversary may attempt to enumerate AWS S3 bucket objects to gather information about the contents of the storage infrastructure, which can shape their next steps such as requesting specific objects or all objects from the cloud storage, ultimately aiding in their discovery and potential collection of sensitive data.\n",
      "origin": "CrowdStrike",
      "severity": 30,
      "recommended": true,
      "query": "#Vendor=\"aws\" #event.module=\"cloudtrail\" event.provider=\"s3.amazonaws.com\" #repo!=\"xdr*\"\n| event.action=/^(?:List|Get)Object/\n| groupBy([Vendor.userIdentity.arn], function=[count(event.action, as=\"enumeration_calls_count\", distinct=false), collect([enumeration_calls_count, event.action, Vendor.requestParameters.bucketName, source.ip, Vendor.userAgent])])\n| enumeration_calls_count\u003e=100\n",
      "search_window_start": "-70m",
      "search_window_end": "-10m",
      "schedule": "1h",
      "author": "CrowdStrike",
      "sigma_author": "",
      "category": "",
      "license": "",
      "tactic": "TA0007",
      "technique": "T1619",
      "mitre_attack": [
       {
        "tactic_id": "TA0007",
        "technique_id": "T1619"
       }
      ],
      "vendor": "AWS",
      "vendors": [
       "AWS"
      ],
      "product": "",
      "tags": "",
      "active": true,
      "source_url": "",
      "license_details": {
       "name": "",
       "url": ""
      },
      "outcome": "detection",
      "created_timestamp": "2024-10-15T00:00:00Z",
      "modified_timestamp": "0001-01-01T00:00:00Z"
     },
     {
      "id": "17e33320-8a56-4e9f-be2b-bd57e9b9e48c",
      "name": "AWS - CloudTrail - WAF Web Access Control List Traffic Logging Disabled",
      "description": "Identifies disabling of AWS WAF logging configuration within a Web Access Control List. Attackers may perform this to impair defenses.\n",
      "origin": "CrowdStrike",
      "severity": 50,
      "recommended": true,
      "query": "#Vendor=\"aws\" event.provider=\"waf*.amazonaws.com\" #repo!=\"xdr*\"\n| #event.kind=\"event\" #event.outcome=\"success\"\n| event.action=\"DeleteLoggingConfiguration\"\n",
      "search_window_start": "-70m",
      "search_window_end": "-10m",
      "schedule": "1h",
      "author": "CrowdStrike",
      "sigma_author": "",
      "category": "",
      "license": "",
      "tactic": "TA0005",
      "technique": "T1562.008",
      "mitre_attack": [
       {
        "tactic_id": "TA0005",
        "technique_id": "T1562.008"
       }
      ],
      "vendor": "AWS",
      "vendors": [
       "AWS"
      ],
      "product": "",
      "tags": "",
      "active": true,
      "source_url": "",
      "license_details": {
       "name": "",
       "url": ""
      },
      "outcome": "detection",
      "created_timestamp": "2024-09-19T00:00:00Z",
      "modified_timestamp": "0001-01-01T00:00:00Z"
     },
     {
      "id": "0427977b-45f0-4028-b675-ed491c09ead9",
      "name": "AWS - CloudTrail - Config Resource Deletion",
      "description": "This rule deteces when AWS Config resources (recorders, rules, aggregators) are deleted, which could indicate attempts to disable security monitoring and compliance tracking. This activity may suggest defense evasion or preparation for malicious activities by removing configuration tracking capabilities.\nNote: Consider excluding known automation/service accounts to reduce false positives. Regular review of excluded accounts recommended.\n",
      "origin": "CrowdStrike",
      "severity": 30,
      "recommended": true,
      "query": "#Vendor=\"aws\" #event.module=\"cloudtrail\" \n | #event.kind=\"event\" #event.outcome=\"success\"\n | event.provider=\"config.amazonaws.com\"\n | event.action =~ in(values=[\"DeleteConfigRule\",\"DeleteOrganizationConfigRule\",\"DeleteConfigurationAggregator\",\"DeleteConfigurationRecorder\",\"DeleteConformancePack\",\"DeleteOrganizationConformancePack\",\"DeleteRemediationConfiguration\",\"DeleteRetentionConfiguration\"])\n // Exclude service users\n //| user.name=~ NOT in(values=[\"awsreservedsso*\", \"automation\", \"*service*\", \"*deployment*\", \"*platform*\", \"*readonly*\", \"*monitoring*\", \"*cloud*\"])\n",
      "search_window_start": "-70m",
      "search_window_end": "-10m",
      "schedule": "1h",
      "author": "CrowdStrike",
      "sigma_author": "",
      "category": "",
      "license": "",
      "tactic": "TA0005",
      "technique": "T1562.001",
      "mitre_attack": [
       {
        "tactic_id": "TA0005",
        "technique_id": "T1562.001"
       }
      ],
      "vendor": "AWS",
      "vendors": [
       "AWS"
      ],
      "product": "",
      "tags": "",
      "active": true,
      "source_url": "",
      "license_details": {
       "name": "",
       "url": ""
      },
      "outcome": "detection",
      "created_timestamp": "2025-04-28T00:00:00Z",
      "modified_timestamp": "0001-01-01T00:00:00Z"
     },
     {
      "id": "6dee71c8-e953-4b56-aa3d-a6da56eb92f9",
      "name": "AWS - CloudTrail - Failed EC2 userData Attribute Retrieval",
      "description": "This rule detects failed attempts by an IAM user to retrieve the userData attribute via the DescribeInstanceAttribute action in AWS EC2. The userData attribute may contain sensitive information that an adversary could leverage to further their objectives. This detection focuses on identifying potential unauthorized access or reconnaissance activities targeting EC2 instance metadata.\n",
      "origin": "CrowdStrike",
      "severity": 50,
      "recommended": true,
      "query": "#Vendor=\"aws\" #event.module=\"cloudtrail\" #repo!=\"xdr*\"\n| #event.kind=\"event\" #event.outcome=\"failure\"\n| event.action=\"DescribeInstanceAttribute\" \n| Vendor.userIdentity.type=\"IAMUser\" OR  Vendor.userIdentity.type=\"AssumedRole\"\n| source.ip =~ cidr(subnet=[\"0.0.0.0/0\", \"::/0\"])\n| Vendor.requestParameters.attribute=\"userData\"\n",
      "search_window_start": "-70m",
      "search_window_end": "-10m",
      "schedule": "1h",
      "author": "CrowdStrike",
      "sigma_author": "",
      "category": "",
      "license": "",
      "tactic": "TA0006",
      "technique": "T1552.005",
      "mitre_attack": [
       {
        "tactic_id": "TA0006",
        "technique_id": "T1552.005"
       }
      ],
      "vendor": "AWS",
      "vendors": [
       "AWS"
      ],
      "product": "",
      "tags": "",
      "active": true,
      "source_url": "",
      "license_details": {
       "name": "",
       "url": ""
      },
      "outcome": "detection",
      "created_timestamp": "2025-04-07T00:00:00Z",
      "modified_timestamp": "0001-01-01T00:00:00Z"
     },
     {
      "id": "58d55b28-edb3-4814-aa34-af7890e32b86",
      "name": "AWS - CloudTrail - EC2 Security Group Opened To the World",
      "description": "Identifies an Amazon EC2 security group with an ingress rule that allows traffic from anywhere. A security group acts as a virtual firewall for EC2 instances to control incoming and outgoing traffic. An EC2 security group that is opened to the world could allow attackers to gain unauthorized access to resources or data.\n",
      "origin": "CrowdStrike",
      "severity": 70,
      "recommended": true,
      "query": "#Vendor=\"aws\" event.provider=\"ec2.amazonaws.com\" #repo!=\"xdr*\"\n| #event.kind=\"event\" #event.outcome=\"success\"\n| event.action=\"AuthorizeSecurityGroupIngress\"\n| writeJson(field=[\"Vendor.requestParameters.ipPermissions.items[*].ipRanges.items[*].cidrIp\"], as=\"cidrIp\")\n| cidrIp=\"*0.0.0.0/0*\" OR cidrIp=\"*::/0*\"\n",
      "search_window_start": "-70m",
      "search_window_end": "-10m",
      "schedule": "1h",
      "author": "CrowdStrike",
      "sigma_author": "",
      "category": "",
      "license": "",
      "tactic": "TA0005",
      "technique": "T1562.001",
      "mitre_attack": [
       {
        "tactic_id": "TA0005",
        "technique_id": "T1562.001"
       }
      ],
      "vendor": "AWS",
      "vendors": [
       "AWS"
      ],
      "product": "",
      "tags": "",
      "active": true,
      "source_url": "",
      "license_details": {
       "name": "",
       "url": ""
      },
      "outcome": "detection",
      "created_timestamp": "2024-07-15T00:00:00Z",
      "modified_timestamp": "0001-01-01T00:00:00Z"
     },
     {
      "id": "fb7215ce-6f6b-41f0-a625-034002d26e3a",
      "name": "AWS - CloudTrail - Anomalous EC2 userData Attribute Retrieval",
      "description": "This rule detects successful attempts from an IAM User to retrieve the userData attribute via the DescribeInstanceAttribute action in AWS. The userData attribute may contain sensitive information that an adversary could leverage to further their objectives. To reduce potential false positives from automation, a threshold of less than 4 EC2 instances per run and multiple user agent classes within an hour have been configured.\n",
      "origin": "CrowdStrike",
      "severity": 50,
      "recommended": true,
      "query": "#Vendor=\"aws\" #event.module=\"cloudtrail\" #repo!=\"xdr*\"\n| #event.kind=\"event\" #event.outcome=\"success\"\n| event.action=\"DescribeInstanceAttribute\"\n| Vendor.userIdentity.type=\"IAMUser\"\n| Vendor.requestParameters.attribute=\"userData\"\n| source.ip =~ cidr(subnet=[\"0.0.0.0/0\", \"::/0\"])\n| asn(source.ip)\n// Common Exclusion Block\n// | user.name!=/user_regex_pattern1|user_regex_pattern2/\n// | user_agent.original!=/user_agent_regex_pattern1|user_agent_regex_pattern2/\n// | source.ip =~ !cidr(subnet=[\"1.2.3.4\", \"4.5.6.7\"])\n// | source.ip.org =~ !in(values=[\"ASN1\", \"ASN2\"])\n| _normalizedUserAgent := replace(field=user_agent.original, regex=\"\\\\d+(\\\\.|\\\\s)\", replacement=\"#\")\n| case {\n    _normalizedUserAgent=/HashiCorp/ | _userAgentClass := \"Infrastructure as Code\";\n    _normalizedUserAgent=/Mozilla/ | _userAgentClass := \"Web Browser\";\n    _normalizedUserAgent=/aws-cli|python|aws-sdk-go/ | _userAgentClass := \"Generic Automation/CLI\";\n    * | _userAgentClass := \"Uncategorized User Agent Class\"\n}\n| groupBy([user.name], function=[\n    count(field=Vendor.requestParameters.instanceId, distinct=true, as=_totalInstances),\n    count(field=_userAgentClass, distinct=true, as=_distinctUserAgentClasses),\n    collect([source.ip,source.ip.org,_userAgentClass,_normalizedUserAgent,Vendor.requestParameters.attribute])\n    ])\n| case {\n    _totalInstances\u003c4; //Adjust threshold as needed\n    _distinctUserAgentClasses\u003e1; //Adjust threshold as needed\n}  \n",
      "search_window_start": "-70m",
      "search_window_end": "-10m",
      "schedule": "1h",
      "author": "CrowdStrike",
      "sigma_author": "",
      "category": "",
      "license": "",
      "tactic": "TA0006",
      "technique": "T1552",
      "mitre_attack": [
       {
        "tactic_id": "TA0006",
        "technique_id": "T1552"
       }
      ],
      "vendor": "AWS",
      "vendors": [
       "AWS"
      ],
      "product": "",
      "tags": "",
      "active": true,
      "source_url": "",
      "license_details": {
       "name": "",
       "url": ""
      },
      "outcome": "detection",
      "created_timestamp": "2025-04-07T00:00:00Z",
      "modified_timestamp": "0001-01-01T00:00:00Z"
     },
     {
      "id": "c45dbff4-b6db-49e6-981e-b1211b3e75a7",
      "name": "AWS - CloudTrail - GuardDuty Detector Deleted",
      "description": "Identifies the deletion of an AWS GuardDuty detector. A threat actor that managed to compromise an AWS user may delete a GuardDuty detector in an attempt to avoid being detected while doing illicit activities in the AWS environment.\n",
      "origin": "CrowdStrike",
      "severity": 70,
      "recommended": true,
      "query": "#Vendor=\"aws\" #event.module=\"cloudtrail\" #repo!=\"xdr*\"\n| #event.kind=\"event\" #event.outcome=\"success\"\n| event.provider=\"guardduty.amazonaws.com\" event.action=\"DeleteDetector\"\n",
      "search_window_start": "-70m",
      "search_window_end": "-10m",
      "schedule": "1h",
      "author": "CrowdStrike",
      "sigma_author": "",
      "category": "",
      "license": "",
      "tactic": "TA0005",
      "technique": "T1562.001",
      "mitre_attack": [
       {
        "tactic_id": "TA0005",
        "technique_id": "T1562.001"
       }
      ],
      "vendor": "AWS",
      "vendors": [
       "AWS"
      ],
      "product": "",
      "tags": "",
      "active": true,
      "source_url": "",
      "license_details": {
       "name": "",
       "url": ""
      },
      "outcome": "detection",
      "created_timestamp": "2024-05-13T00:00:00Z",
      "modified_timestamp": "2024-10-25T00:00:00Z"
     },
     {
      "id": "c2f782cf-a64a-4a06-8ee0-49d496be8aa9",
      "name": "AWS - CloudTrail - GuardDuty Protection Plan Disabled",
      "description": "Identifies when an Amazon GuardDuty protection plan is disabled. GuardDuty monitors foundational data sources such as AWS CloudTrail event logs, AWS CloudTrail management events, Amazon VPC Flow Logs and DNS logs. In addition to the foundational data sources, GuardDuty can use data from other AWS services, such as Amazon EKS, Amazon S3, Amazon Aurora, Amazon EC2, AWS Lambda and Runtime Monitoring, to monitor for potential security threats. An attacker with access to a compromised AWS user could disable a GuardDuty protection plan to avoid being detected while attempting illicit activities in the AWS environment.\n",
      "origin": "CrowdStrike",
      "severity": 50,
      "recommended": true,
      "query": "#Vendor=\"aws\" event.provider=\"guardduty.amazonaws.com\" #repo!=\"xdr*\"\n| #event.kind=\"event\" #event.outcome=\"success\"\n| event.action=\"UpdateDetector\"\n| Vendor.requestParameters.features[0].status=\"DISABLED\"\n",
      "search_window_start": "-70m",
      "search_window_end": "-10m",
      "schedule": "1h",
      "author": "CrowdStrike",
      "sigma_author": "",
      "category": "",
      "license": "",
      "tactic": "TA0005",
      "technique": "T1562.001",
      "mitre_attack": [
       {
        "tactic_id": "TA0005",
        "technique_id": "T1562.001"
       }
      ],
      "vendor": "AWS",
      "vendors": [
       "AWS"
      ],
      "product": "",
      "tags": "",
      "active": true,
      "source_url": "",
      "license_details": {
       "name": "",
       "url": ""
      },
      "outcome": "detection",
      "created_timestamp": "2024-07-15T00:00:00Z",
      "modified_timestamp": "0001-01-01T00:00:00Z"
     },
     {
      "id": "88dc3b88-b9c6-41af-8995-7d63218b96fd",
      "name": "AWS - CloudTrail - GuardDuty Detector Suspended",
      "description": "Identifies the suspending of an Amazon GuardDuty detector which temporarily stops monitoring of the AWS account for security threats and anomalies. Once a GuardDuty detector is suspended, it won't generate new security findings but any existing security findings that were generated before the suspension will still be available. An attacker with access to a compromised AWS user could suspend a GuardDuty detector to avoid being detected while attempting illicit activities in the AWS environment.\n",
      "origin": "CrowdStrike",
      "severity": 70,
      "recommended": true,
      "query": "#Vendor=\"aws\" event.provider=\"guardduty.amazonaws.com\" #repo!=\"xdr*\"\n| #event.kind=\"event\" #event.outcome=\"success\"\n| event.action=\"UpdateDetector\"\n| Vendor.requestParameters.enable=\"false\"\n",
      "search_window_start": "-70m",
      "search_window_end": "-10m",
      "schedule": "1h",
      "author": "CrowdStrike",
      "sigma_author": "",
      "category": "",
      "license": "",
      "tactic": "TA0005",
      "technique": "T1562.001",
      "mitre_attack": [
       {
        "tactic_id": "TA0005",
        "technique_id": "T1562.001"
       }
      ],
      "vendor": "AWS",
      "vendors": [
       "AWS"
      ],
      "product": "",
      "tags": "",
      "active": true,
      "source_url": "",
      "license_details": {
       "name": "",
       "url": ""
      },
      "outcome": "detection",
      "created_timestamp": "2024-07-12T00:00:00Z",
      "modified_timestamp": "0001-01-01T00:00:00Z"
     },
     {
      "id": "89021239-b273-43d6-935d-14b6dc982c12",
      "name": "AWS - CloudTrail - IAM Admin User Deleted",
      "description": "This detection identifies when an AWS IAM administrator user is deleted. This action could indicate an attempt to remove administrative access and potentially disrupt operations or cover malicious activity. Unauthorized deletion of admin users should be investigated as it may be part of a broader attack or insider threat scenario.\n",
      "origin": "CrowdStrike",
      "severity": 70,
      "recommended": true,
      "query": "#Vendor=\"aws\" event.provider=\"iam.amazonaws.com\" #repo!=\"xdr*\"\n| #event.kind=\"event\" #event.outcome=\"success\"\n| event.action =~ in(values=[\"DeleteUser\", \"DetachUserPolicy\"])\n| selfJoinFilter([Vendor.userIdentity.arn, Vendor.requestParameters.userName],\n    where=[\n        { event.action=\"DeleteUser\" },\n        //Please edit the policy ARN pattern below as per the requirement.\n        { event.action=\"DetachUserPolicy\" Vendor.requestParameters.policyArn=/Administrator/ }\n    ], prefilter=true\n)\n| ipLocation(source.ip)\n| asn(source.ip)\n| groupBy([Vendor.userIdentity.arn,Vendor.requestParameters.userName], function=collect([ event.action,Vendor.requestParameters.policyArn,source.ip,source.ip.org]))\n",
      "search_window_start": "-70m",
      "search_window_end": "-10m",
      "schedule": "1h",
      "author": "CrowdStrike",
      "sigma_author": "",
      "category": "",
      "license": "",
      "tactic": "TA0040",
      "technique": "T1531",
      "mitre_attack": [
       {
        "tactic_id": "TA0040",
        "technique_id": "T1531"
       }
      ],
      "vendor": "AWS",
      "vendors": [
       "AWS"
      ],
      "product": "",
      "tags": "",
      "active": true,
      "source_url": "",
      "license_details": {
       "name": "",
       "url": ""
      },
      "outcome": "detection",
      "created_timestamp": "2024-12-24T00:00:00Z",
      "modified_timestamp": "0001-01-01T00:00:00Z"
     },
     {
      "id": "21b2f08f-56ae-4bd4-8e28-92f210050c44",
      "name": "AWS - CloudTrail - IAM AdministratorAccess Policy Attached to User",
      "description": "Identifies the attachment of the AdministratorAccess AWS managed policy to an existing IAM user, granting the user full access to all AWS services and resources. An attacker with access to a compromised AWS user that has the iam:AttachUserPolicy permission could attach the AdministratorAccess policy to the current user or another compromised user, thereby escalating privileges or maintaining persistence.\n",
      "origin": "CrowdStrike",
      "severity": 50,
      "recommended": true,
      "query": "#Vendor=\"aws\" event.provider=\"iam.amazonaws.com\" #repo!=\"xdr*\"\n| #event.kind=\"event\" #event.outcome=\"success\"\n| event.action=\"AttachUserPolicy\"\n| Vendor.requestParameters.policyArn=\"arn:aws:iam::aws:policy/AdministratorAccess\"\n",
      "search_window_start": "-70m",
      "search_window_end": "-10m",
      "schedule": "1h",
      "author": "CrowdStrike",
      "sigma_author": "",
      "category": "",
      "license": "",
      "tactic": "TA0004",
      "technique": "T1098.003",
      "mitre_attack": [
       {
        "tactic_id": "TA0004",
        "technique_id": "T1098.003"
       }
      ],
      "vendor": "AWS",
      "vendors": [
       "AWS"
      ],
      "product": "",
      "tags": "",
      "active": true,
      "source_url": "",
      "license_details": {
       "name": "",
       "url": ""
      },
      "outcome": "detection",
      "created_timestamp": "2024-08-01T00:00:00Z",
      "modified_timestamp": "0001-01-01T00:00:00Z"
     },
     {
      "id": "78f93c8b-0b83-4520-89e2-14a885d4a81e",
      "name": "AWS - CloudTrail - IAM Identity Center Instance Management",
      "description": "This rule detects management actions related to AWS IAM Identity Center (successor to AWS Single Sign-On) instances. It monitors for events such as starting SSO, creating new instances, or deleting existing instances. These actions could indicate changes to the organization's identity and access management infrastructure, potentially impacting security posture and access controls across AWS accounts.\n",
      "origin": "CrowdStrike",
      "severity": 70,
      "recommended": true,
      "query": "#Vendor=\"aws\" #event.module=\"cloudtrail\" #repo!=\"xdr*\"\n| #event.kind=\"event\" #event.module=\"cloudtrail\" #event.outcome=\"success\"\n| event.provider=\"sso.amazonaws.com\"\n| event.action =~ in(values=[\"StartSSO\",\"CreateInstance\",\"DeleteInstance\"])\n",
      "search_window_start": "-70m",
      "search_window_end": "-10m",
      "schedule": "1h",
      "author": "CrowdStrike",
      "sigma_author": "",
      "category": "",
      "license": "",
      "tactic": "TA0004",
      "technique": "T1484.002",
      "mitre_attack": [
       {
        "tactic_id": "TA0004",
        "technique_id": "T1484.002"
       }
      ],
      "vendor": "AWS",
      "vendors": [
       "AWS"
      ],
      "product": "",
      "tags": "",
      "active": true,
      "source_url": "",
      "license_details": {
       "name": "",
       "url": ""
      },
      "outcome": "detection",
      "created_timestamp": "2025-03-19T00:00:00Z",
      "modified_timestamp": "0001-01-01T00:00:00Z"
     },
     {
      "id": "2804f8e6-ca64-481c-9f26-2c09f23e651e",
      "name": "AWS - CloudTrail - IAM Login Profile Added to User Followed by Console Login from Same IP Address",
      "description": "Identifies an AWS IAM user who creates a password for another user and then logs in to the AWS console as that user, with both activities originating from the same source IP address. This activity can indicate an adversary with access to a compromised IAM user creating a password to use to login to the AWS console on a target user that does not already have a login profile. Typically, this type of user is used only for programmatic access. This may lead to privilege escalation if the target user has an extended set of permissions compared to the compromised user. This technique can also be used by the attacker to maintain access to the target user in case the compromised access key is rotated or disabled.\n",
      "origin": "CrowdStrike",
      "severity": 70,
      "recommended": true,
      "query": "#Vendor=\"aws\" #event.module=\"cloudtrail\" #repo!=\"xdr*\"\n| #event.kind=\"event\" #event.outcome=\"success\"\n| case {\n    event.action=\"CreateLoginProfile\" | target_user := Vendor.requestParameters.userName;\n    event.action=\"ConsoleLogin\" | target_user := user.name;\n}\n| selfJoinFilter([cloud.account.id, target_user, source.ip],\n    where=[\n        { event.action=\"CreateLoginProfile\" },\n        { event.action=\"ConsoleLogin\" }\n    ], prefilter=true\n)\n",
      "search_window_start": "-70m",
      "search_window_end": "-10m",
      "schedule": "1h",
      "author": "CrowdStrike",
      "sigma_author": "",
      "category": "",
      "license": "",
      "tactic": "TA0004",
      "technique": "T1098.003",
      "mitre_attack": [
       {
        "tactic_id": "TA0004",
        "technique_id": "T1098.003"
       }
      ],
      "vendor": "AWS",
      "vendors": [
       "AWS"
      ],
      "product": "",
      "tags": "",
      "active": true,
      "source_url": "",
      "license_details": {
       "name": "",
       "url": ""
      },
      "outcome": "detection",
      "created_timestamp": "2024-09-12T00:00:00Z",
      "modified_timestamp": "0001-01-01T00:00:00Z"
     },
     {
      "id": "212dff31-a63e-413f-b689-5589da66256c",
      "name": "AWS - CloudTrail - IAM Quarantine Policy Attached to User",
      "description": "This rule identifies when the 'AWSCompromisedKeyQuarantine' AWS Managed Policy, also known as the 'Quarantine Policy', is automatically applied by AWS to an IAM User whose credentials have been compromised or publicly exposed. This Quarantine Policy denies access to high-risk actions to protect the AWS account from excessive charges and unauthorized activity.\n",
      "origin": "CrowdStrike",
      "severity": 70,
      "recommended": true,
      "query": "#Vendor=\"aws\" event.provider=\"iam.amazonaws.com\" #repo!=\"xdr*\"\n| #event.kind=\"event\" #event.outcome=\"success\"\n| event.action=\"AttachUserPolicy\"\n| Vendor.userIdentity.invokedBy=\"AWS Internal\"\n| Vendor.requestParameters.policyArn=\"arn:aws:iam::aws:policy/AWSCompromisedKeyQuarantine*\"\n",
      "search_window_start": "-70m",
      "search_window_end": "-10m",
      "schedule": "1h",
      "author": "CrowdStrike",
      "sigma_author": "",
      "category": "",
      "license": "",
      "tactic": "TA0006",
      "technique": "T1552",
      "mitre_attack": [
       {
        "tactic_id": "TA0006",
        "technique_id": "T1552"
       }
      ],
      "vendor": "AWS",
      "vendors": [
       "AWS"
      ],
      "product": "",
      "tags": "",
      "active": true,
      "source_url": "",
      "license_details": {
       "name": "",
       "url": ""
      },
      "outcome": "detection",
      "created_timestamp": "2024-10-18T00:00:00Z",
      "modified_timestamp": "0001-01-01T00:00:00Z"
     },
     {
      "id": "664052d6-ef2b-47f1-8392-ca03fb5a5263",
      "name": "AWS - CloudTrail - IAM User Added to IAM Group",
      "description": "This detection identifies when an IAM User is added to an IAM Group in AWS, which could indicate legitimate permission changes or potential privilege escalation attempts.\nNote: Consider excluding known automation/service accounts to reduce false positives. Regular review of excluded accounts recommended.\n",
      "origin": "CrowdStrike",
      "severity": 50,
      "recommended": true,
      "query": "#Vendor=\"aws\" #event.module=\"cloudtrail\" #repo!=\"xdr*\"\n| #event.kind=\"event\" #event.outcome=\"success\"\n| event.provider=\"iam.amazonaws.com\"\n| event.action=\"AddUserToGroup\"\n| Vendor.userIdentity.type=\"IAMUser\"\n// Exclude users\n// | user.name=~ NOT in(values=[\"*automation*\", \"*jenkins*\", \"*gitlab*\", \"*cloudformation*\", \"*terraform*\", \"*service*\", \"bootstrap*\"]) \n",
      "search_window_start": "-70m",
      "search_window_end": "-10m",
      "schedule": "1h",
      "author": "CrowdStrike",
      "sigma_author": "",
      "category": "",
      "license": "",
      "tactic": "TA0003",
      "technique": "T1098",
      "mitre_attack": [
       {
        "tactic_id": "TA0003",
        "technique_id": "T1098"
       }
      ],
      "vendor": "AWS",
      "vendors": [
       "AWS"
      ],
      "product": "",
      "tags": "",
      "active": true,
      "source_url": "",
      "license_details": {
       "name": "",
       "url": ""
      },
      "outcome": "detection",
      "created_timestamp": "2025-04-10T00:00:00Z",
      "modified_timestamp": "0001-01-01T00:00:00Z"
     }
    ]
   }