{
    "meta": {
     "query_time": 0.022318513,
     "powered_by": "svc-cscrrulestemplates",
     "trace_id": "049ebcdbb1f53d0e31e515f2fdd73e25"
    },
    "errors": [],
    "resources": [
     {
      "id": "aa425e31-2a25-4cba-aeb5-21d652f05bec",
      "name": "Generic - Network - RPC Traffic from the Internet",
      "description": "Identifies network events associated with RPC (Remote Procedure Call) traffic from the Internet. This is suspicious network activity because RPC should never be exposed to the Internet as it is often exploited by threat actors for initial access.\n",
      "origin": "CrowdStrike",
      "severity": 70,
      "recommended": true,
      "query": "#repo!=\"xdr_*\"\n| #Vendor =~ in(values=[\"akamai\",\"aws\",\"cisco\",\"corelight\",\"extrahop\",\"fortinet\",\"microsoft\",\"nozomi\",\"paloalto\",\"zscaler\"])\n| #event.kind=\"event\" \n| array:contains(\"event.category[]\", value=\"network\")\n| network.transport=\"tcp\" destination.port=135\n| cidr(destination.ip, subnet=[\"10.0.0.0/8\", \"172.16.0.0/12\", \"192.168.0.0/16\"])\n| NOT cidr(source.ip, subnet=[\"127.0.0.0/8\", \"10.0.0.0/8\", \"172.16.0.0/12\", \"192.168.0.0/16\", \"::1\"])\n",
      "search_window_start": "-70m",
      "search_window_end": "-10m",
      "schedule": "1h",
      "author": "CrowdStrike",
      "sigma_author": "",
      "category": "",
      "license": "",
      "tactic": "TA0001",
      "technique": "T1190",
      "mitre_attack": [
       {
        "tactic_id": "TA0001",
        "technique_id": "T1190"
       }
      ],
      "vendor": "Akamai",
      "vendors": [
       "Akamai",
       "AWS",
       "Cisco",
       "Corelight",
       "ExtraHop",
       "Fortinet",
       "Microsoft",
       "Nozomi Networks",
       "Palo Alto Networks",
       "Zscaler"
      ],
      "product": "",
      "tags": "",
      "active": true,
      "source_url": "",
      "license_details": {
       "name": "",
       "url": ""
      },
      "outcome": "detection",
      "created_timestamp": "2023-11-23T00:00:00Z",
      "modified_timestamp": "2024-10-22T00:00:00Z"
     },
     {
      "id": "2846a0b8-5355-4996-b9be-0c3d9369bd6d",
      "name": "Generic - Network - Suspicious Outbound LDAP Connection",
      "description": "This rule identifies internal IP addresses making LDAP requests to external addresses that exist in CrowdStrike's Threat Intelligence Feed.\n",
      "origin": "CrowdStrike",
      "severity": 70,
      "recommended": true,
      "query": "#repo!=\"xdr_*\" \n| #Vendor =~ in(values=[\"akamai\",\"aws\",\"cisco\",\"corelight\",\"extrahop\",\"fortinet\",\"aruba\",\"microsoft\",\"netskope\",\"nozomi\",\"paloalto\",\"radware\",\"zscaler\"])\n| #event.kind=\"event\"\n| array:contains(array=\"event.category[]\", value=\"network\")\n| destination.port =~ in(values=[\"389\", \"636\", \"3268\"])\n| cidr(source.ip, subnet=[\"10.0.0.0/8\", \"172.16.0.0/12\", \"192.168.0.0/16\", \"fe80::/10\", \"169.254.0.0/16\"])\n| !cidr(destination.ip, subnet=[\"10.0.0.0/8\", \"172.16.0.0/12\", \"192.168.0.0/16\", \"fe80::/10\", \"169.254.0.0/16\"])\n| ioc:lookup(field=[destination.ip],type=\"ip_address\",confidenceThreshold=\"unverified\")\n| ioc.detected=\"true\"\n",
      "search_window_start": "-70m",
      "search_window_end": "-10m",
      "schedule": "1h",
      "author": "CrowdStrike",
      "sigma_author": "",
      "category": "",
      "license": "",
      "tactic": "TA0001",
      "technique": "T1190",
      "mitre_attack": [
       {
        "tactic_id": "TA0001",
        "technique_id": "T1190"
       }
      ],
      "vendor": "Akamai",
      "vendors": [
       "Akamai",
       "AWS",
       "Cisco",
       "Corelight",
       "ExtraHop",
       "Fortinet",
       "HPE Aruba Networking",
       "Microsoft",
       "Netskope",
       "Nozomi Networks",
       "Palo Alto Networks",
       "Radware",
       "Zscaler"
      ],
      "product": "",
      "tags": "",
      "active": true,
      "source_url": "",
      "license_details": {
       "name": "",
       "url": ""
      },
      "outcome": "detection",
      "created_timestamp": "2024-10-10T00:00:00Z",
      "modified_timestamp": "2024-10-22T00:00:00Z"
     },
     {
      "id": "7b572e89-685f-4fdb-bf8c-73b040d87e40",
      "name": "Generic - Network - IP Address IOC Match",
      "description": "This rule identifies network traffic involving suspicious IP addresses by using a lookup in CrowdStrike's database of IOCs. The rule considers IOCs with a confidence level of 'unverified' or higher. Note that the confidence level threshold can be adjusted as necessary. For more information about the ioc:lookup() function, see https://library.humio.com/data-analysis/functions-ioc-lookup.html.\n",
      "origin": "CrowdStrike",
      "severity": 50,
      "recommended": true,
      "query": "#repo!=\"xdr_*\"\n| #Vendor =~ in(values=[\"akamai\",\"arista\",\"aws\",\"cisco\",\"cloudflare\",\"corelight\",\"extrahop\",\"fortinet\",\"aruba\",\"linux\",\"microsoft\",\"netskope\",\"nozomi\",\"paloalto\",\"radware\",\"skyhigh\",\"vectra\",\"zscaler\"])\n| #event.kind=\"event\" \n| array:contains(array=\"event.category[]\", value=\"network\")\n| coalesce([source.ip, client.ip, related.ip, \"EMPTY\"], as=\"ip_coalesce_source\")\n| coalesce([destination.ip, server.ip, \"EMPTY\"], as=\"ip_coalesce_destination\")\n| case {\n    ip_coalesce_source!=\"EMPTY\"\n        | !cidr(ip_coalesce_source, subnet=[\"10.0.0.0/8\", \"172.16.0.0/12\", \"192.168.0.0/16\", \"127.0.0.0/8\"])\n        | case {\n            ip_coalesce_destination=\"EMPTY\";\n            cidr(ip_coalesce_destination, subnet=[\"10.0.0.0/8\", \"172.16.0.0/12\", \"192.168.0.0/16\", \"127.0.0.0/8\"]);\n        }\n        | ip_of_interest := ip_coalesce_source;\n    ip_coalesce_destination!=\"EMPTY\"\n      | !cidr(ip_coalesce_destination, subnet=[\"10.0.0.0/8\", \"172.16.0.0/12\", \"192.168.0.0/16\", \"127.0.0.0/8\"])\n      | case {\n          ip_coalesce_source=\"EMPTY\";\n            cidr(ip_coalesce_source, subnet=[\"10.0.0.0/8\", \"172.16.0.0/12\", \"192.168.0.0/16\", \"127.0.0.0/8\"]);\n        }\n        | ip_of_interest := ip_coalesce_destination;\n}\n| groupBy([ip_of_interest], function=collect([#Vendor,#event.module, ip_coalesce_source, ip_coalesce_destination]))\n| ioc:lookup(field=ip_of_interest, type=\"ip_address\", confidenceThreshold=\"unverified\", strict=\"true\")\n",
      "search_window_start": "-70m",
      "search_window_end": "-10m",
      "schedule": "1h",
      "author": "CrowdStrike",
      "sigma_author": "",
      "category": "",
      "license": "",
      "tactic": "",
      "technique": "",
      "mitre_attack": [],
      "vendor": "Akamai",
      "vendors": [
       "Akamai",
       "Arista Networks",
       "AWS",
       "Cisco",
       "Cloudflare",
       "Corelight",
       "ExtraHop",
       "Fortinet",
       "HPE Aruba Networking",
       "Linux",
       "Microsoft",
       "Netskope",
       "Nozomi Networks",
       "Palo Alto Networks",
       "Radware",
       "Skyhigh",
       "Vectra AI",
       "Zscaler"
      ],
      "product": "",
      "tags": "",
      "active": true,
      "source_url": "",
      "license_details": {
       "name": "",
       "url": ""
      },
      "outcome": "detection",
      "created_timestamp": "2024-10-25T00:00:00Z",
      "modified_timestamp": "0001-01-01T00:00:00Z"
     },
     {
      "id": "4239b2bd-300c-4b9d-9077-684da161e3fa",
      "name": "AWS - CloudTrail - CloudWatch Logs Policy Modified to Allow Public Access",
      "description": "Identifies the attempt to make a CloudWatch log group publicly accessible. Adversaries may retrive sensitive information such as API keys, authentication tokens, or personal identifiable information (PII) from the logs.\n",
      "origin": "CrowdStrike",
      "severity": 50,
      "recommended": true,
      "query": "#Vendor=\"aws\" event.provider=\"logs.amazonaws.com\" #repo!=\"xdr*\"\n| #event.outcome=\"success\"\n| event.action=\"PutResourcePolicy\"\n| parseJson(field=Vendor.requestParameters.policyDocument) \n| split(Statement) \n| Statement.Principal.AWS=/^\\*$/ Statement.Effect=\"Allow\"\n",
      "search_window_start": "-70m",
      "search_window_end": "-10m",
      "schedule": "1h",
      "author": "CrowdStrike",
      "sigma_author": "",
      "category": "",
      "license": "",
      "tactic": "TA0005",
      "technique": "T1562.008",
      "mitre_attack": [
       {
        "tactic_id": "TA0005",
        "technique_id": "T1562.008"
       }
      ],
      "vendor": "AWS",
      "vendors": [
       "AWS"
      ],
      "product": "",
      "tags": "",
      "active": true,
      "source_url": "",
      "license_details": {
       "name": "",
       "url": ""
      },
      "outcome": "detection",
      "created_timestamp": "2024-10-18T00:00:00Z",
      "modified_timestamp": "0001-01-01T00:00:00Z"
     },
     {
      "id": "2805fa64-fe37-4e9c-8c3a-6e9f58526b9e",
      "name": "AWS - CloudTrail - IAM User Created via EC2 Instance",
      "description": "A new user was created using the privileges associated with an EC2 instance. This is an uncommon way to create a new user, which adversaries may use to persist in an environment.\n",
      "origin": "CrowdStrike",
      "severity": 90,
      "recommended": true,
      "query": "#Vendor=\"aws\" #event.module=\"cloudtrail\" #repo!=\"xdr*\"\n| #event.kind=\"event\" #event.outcome=\"success\"\n| array:contains(array=\"event.category[]\", value=\"iam\")\n| event.action=\"CreateUser\" event.provider=\"iam.amazonaws.com\"\n| Vendor.userIdentity.type=\"AssumedRole\"\n| Vendor.userIdentity.arn=/\\/i-[a-z0-9]+$/i \n",
      "search_window_start": "-70m",
      "search_window_end": "-10m",
      "schedule": "1h",
      "author": "CrowdStrike",
      "sigma_author": "",
      "category": "",
      "license": "",
      "tactic": "TA0003",
      "technique": "T1136.003",
      "mitre_attack": [
       {
        "tactic_id": "TA0003",
        "technique_id": "T1136.003"
       }
      ],
      "vendor": "AWS",
      "vendors": [
       "AWS"
      ],
      "product": "",
      "tags": "",
      "active": true,
      "source_url": "",
      "license_details": {
       "name": "",
       "url": ""
      },
      "outcome": "detection",
      "created_timestamp": "2024-10-24T00:00:00Z",
      "modified_timestamp": "0001-01-01T00:00:00Z"
     },
     {
      "id": "ef9f9d7d-d309-4c17-b469-c9052b9f20f7",
      "name": "AWS - CloudTrail - Lambda Layer Version Policy Modified to Allow Public Access",
      "description": "This rule detects the modification of AWS Lambda layer version policy to allow public access. An adversary may utilize this technique to exfiltrate sensitive code or dependencies.\n",
      "origin": "CrowdStrike",
      "severity": 70,
      "recommended": true,
      "query": "#Vendor=\"aws\" event.provider=\"lambda.amazonaws.com\" #repo!=\"xdr*\"\n| #event.kind=\"event\" #event.outcome=\"success\"\n| event.action = \"AddLayerVersionPermission*\"  \n| Vendor.requestParameters.principal=/^\\*$/\n",
      "search_window_start": "-70m",
      "search_window_end": "-10m",
      "schedule": "1h",
      "author": "CrowdStrike",
      "sigma_author": "",
      "category": "",
      "license": "",
      "tactic": "TA0005",
      "technique": "T1484",
      "mitre_attack": [
       {
        "tactic_id": "TA0005",
        "technique_id": "T1484"
       }
      ],
      "vendor": "AWS",
      "vendors": [
       "AWS"
      ],
      "product": "",
      "tags": "",
      "active": true,
      "source_url": "",
      "license_details": {
       "name": "",
       "url": ""
      },
      "outcome": "detection",
      "created_timestamp": "2024-11-08T00:00:00Z",
      "modified_timestamp": "0001-01-01T00:00:00Z"
     },
     {
      "id": "4e520387-e163-4c1a-a9eb-d20303905fb2",
      "name": "AWS - CloudTrail - Multiple EC2 Instances Launched from an EC2 Instance",
      "description": "This rule detects the launch of multiple EC2 instances from an EC2 instance. This may indicate the activity of an attacker trying to ramp up resources for activities like cryptomining.\n",
      "origin": "CrowdStrike",
      "severity": 70,
      "recommended": true,
      "query": "#Vendor=\"aws\" #event.module=\"cloudtrail\" #repo!=\"xdr*\"\n| #event.kind=\"event\" #event.outcome=\"success\"\n| array:contains(array=\"event.category[]\", value=\"configuration\")\n| event.action=\"RunInstances\" event.provider=\"ec2.amazonaws.com\" \n| Vendor.userIdentity.type=\"AssumedRole\" Vendor.userIdentity.arn=/\\/i-[a-z0-9]+$/i \n// Please uncomment below line and add the names of EC2 IAM roles that are supposed to create EC2 instances from another instance\n// | user.name =~ !in(values=[\"Role1\", \"Role2\"], ignoreCase=true)\n| split(\"Vendor.responseElements.instancesSet.items\") \n| groupBy(Vendor.userIdentity.arn, function=[count(as=_instanceCount), collect([Vendor.responseElements.instancesSet.items.instanceId,Vendor.responseElements.instancesSet.items.imageId,Vendor.responseElements.instancesSet.items.instanceId, Vendor.responseElements.instancesSet.items.placement.availabilityZone])] )\n| _instanceCount\u003e2\n",
      "search_window_start": "-70m",
      "search_window_end": "-10m",
      "schedule": "1h",
      "author": "CrowdStrike",
      "sigma_author": "",
      "category": "",
      "license": "",
      "tactic": "TA0040",
      "technique": "T1496",
      "mitre_attack": [
       {
        "tactic_id": "TA0040",
        "technique_id": "T1496"
       }
      ],
      "vendor": "AWS",
      "vendors": [
       "AWS"
      ],
      "product": "",
      "tags": "",
      "active": true,
      "source_url": "",
      "license_details": {
       "name": "",
       "url": ""
      },
      "outcome": "detection",
      "created_timestamp": "2024-10-23T00:00:00Z",
      "modified_timestamp": "0001-01-01T00:00:00Z"
     },
     {
      "id": "4bae2dc4-7be3-4c8b-bf2b-369ca959fc45",
      "name": "AWS - CloudTrail - S3 Bucket Made Public Through Policy",
      "description": "This rule detects the modification to an Amazon S3 bucket policy to make it publicly available. An attacker may utilize this technique to exfiltrate sensitive information or to upload malicious files.\n",
      "origin": "CrowdStrike",
      "severity": 50,
      "recommended": true,
      "query": "#Vendor=\"aws\" event.provider=\"s3.amazonaws.com\" #repo!=\"xdr*\"\n| #event.kind=\"event\" #event.outcome=\"success\"\n| event.action=\"PutBucketPolicy\"\n| split(Vendor.requestParameters.bucketPolicy.Statement) \n| Vendor.requestParameters.bucketPolicy.Statement.Effect=\"Allow\" \n| split(Vendor.requestParameters.bucketPolicy.Statement.Principal.AWS) \n| Vendor.requestParameters.bucketPolicy.Statement.Principal.AWS=/^\\*$/\n",
      "search_window_start": "-70m",
      "search_window_end": "-10m",
      "schedule": "1h",
      "author": "CrowdStrike",
      "sigma_author": "",
      "category": "",
      "license": "",
      "tactic": "TA0010",
      "technique": "T1537",
      "mitre_attack": [
       {
        "tactic_id": "TA0010",
        "technique_id": "T1537"
       }
      ],
      "vendor": "AWS",
      "vendors": [
       "AWS"
      ],
      "product": "",
      "tags": "",
      "active": true,
      "source_url": "",
      "license_details": {
       "name": "",
       "url": ""
      },
      "outcome": "detection",
      "created_timestamp": "2024-11-12T00:00:00Z",
      "modified_timestamp": "0001-01-01T00:00:00Z"
     },
     {
      "id": "7ed0f781-fe07-4714-b971-ec3c37f7176d",
      "name": "AWS - CloudTrail - SES Identity Policy Modified to Allow Public Access",
      "description": "This rule detects the modification of Amazon Simple Email Service (SES) identity policy to allow public access. Attackers may utilize this technique to exfiltrate sensitive information, conduct phishing campaigns, or disrupt legitimate email operations. This change could lead to unauthorized use of the organization's email service and potential reputational damage.\n",
      "origin": "CrowdStrike",
      "severity": 30,
      "recommended": true,
      "query": "#Vendor=\"aws\" event.provider=\"ses.amazonaws.com\" #repo!=\"xdr*\"\n| #event.kind=\"event\" #event.outcome=\"success\"\n| event.action=\"PutIdentityPolicy\"\n| parseJson(Vendor.requestParameters.policy, prefix=\"policyText.\") \n| split(policyText.Statement) \n| policyText.Statement.Effect=\"Allow\" \n| case {\n        split(policyText.Statement.Principal.AWS);\n        *\n      }\n| policyText.Statement.Principal.AWS=/^\\*$/\n",
      "search_window_start": "-70m",
      "search_window_end": "-10m",
      "schedule": "1h",
      "author": "CrowdStrike",
      "sigma_author": "",
      "category": "",
      "license": "",
      "tactic": "TA0001",
      "technique": "T1566",
      "mitre_attack": [
       {
        "tactic_id": "TA0001",
        "technique_id": "T1566"
       }
      ],
      "vendor": "AWS",
      "vendors": [
       "AWS"
      ],
      "product": "",
      "tags": "",
      "active": true,
      "source_url": "",
      "license_details": {
       "name": "",
       "url": ""
      },
      "outcome": "detection",
      "created_timestamp": "2024-11-12T00:00:00Z",
      "modified_timestamp": "0001-01-01T00:00:00Z"
     },
     {
      "id": "46194bd2-30c1-41cb-bbe2-622f14e7f60a",
      "name": "AWS - CloudTrail - CloudWatch Alarm Deleted",
      "description": "Identifies an AWS CloudWatch alarm being deleted. An attacker may carry out this action in an attempt to remove their tracks and evade security defenses.\n",
      "origin": "CrowdStrike",
      "severity": 50,
      "recommended": true,
      "query": "#Vendor=\"aws\" event.provider=\"monitoring.amazonaws.com\" #repo!=\"xdr*\"\n| #event.kind=\"event\" #event.outcome=\"success\"\n| event.action=\"DeleteAlarms\"\n| userAgent=~!in(values=[\"ecs.application-autoscaling.amazonaws.com\"], ignoreCase=true)\n",
      "search_window_start": "-70m",
      "search_window_end": "-10m",
      "schedule": "1h",
      "author": "CrowdStrike",
      "sigma_author": "",
      "category": "",
      "license": "",
      "tactic": "TA0005",
      "technique": "T1562.008",
      "mitre_attack": [
       {
        "tactic_id": "TA0005",
        "technique_id": "T1562.008"
       }
      ],
      "vendor": "AWS",
      "vendors": [
       "AWS"
      ],
      "product": "",
      "tags": "",
      "active": true,
      "source_url": "",
      "license_details": {
       "name": "",
       "url": ""
      },
      "outcome": "detection",
      "created_timestamp": "2024-05-14T00:00:00Z",
      "modified_timestamp": "2024-09-20T00:00:00Z"
     },
     {
      "id": "7699b6e4-a57b-4c6f-b8f1-1059dfc2cef9",
      "name": "AWS - CloudTrail - Management Console Login from Multiple IP Addresses",
      "description": "Identifies a user successfully logging into the AWS Console from multiple IP addresses within a short span of time.\n",
      "origin": "CrowdStrike",
      "severity": 50,
      "recommended": true,
      "query": "#Vendor=\"aws\" event.provider=\"signin.amazonaws.com\" #repo!=\"xdr*\"\n| #event.kind=\"event\" #event.outcome=\"success\"\n| array:contains(\"event.category[]\", value=\"authentication\") | array:contains(\"event.type[]\", value=\"info\") \n| event.action=\"ConsoleLogin\"\n| login_time := @timestamp | login_time := formatTime(\"%Y/%m/%d %H:%M:%S\", field=login_time, locale=en_US, timezone=Z)\n| ipLocation(source.ip)\n| asn(source.ip)\n| groupBy([event.action, Vendor.userIdentity.arn],\n    function=[\n        count(source.ip, distinct=true, as=distinct_ip_count),\n        collect([source.ip, source.ip.country, source.ip.city, source.ip.asn, source.ip.org, Vendor.userIdentity.accountId, Vendor.userIdentity.principalId, Vendor.recipientAccountId, Vendor.additionalEventData.MFAUsed, login_time, user_agent.original])\n    ]\n)\n| distinct_ip_count\u003e=2\n",
      "search_window_start": "-25m",
      "search_window_end": "-10m",
      "schedule": "15m",
      "author": "CrowdStrike",
      "sigma_author": "",
      "category": "",
      "license": "",
      "tactic": "TA0001",
      "technique": "T1078.004",
      "mitre_attack": [
       {
        "tactic_id": "TA0001",
        "technique_id": "T1078.004"
       }
      ],
      "vendor": "AWS",
      "vendors": [
       "AWS"
      ],
      "product": "",
      "tags": "",
      "active": true,
      "source_url": "",
      "license_details": {
       "name": "",
       "url": ""
      },
      "outcome": "detection",
      "created_timestamp": "2024-09-24T00:00:00Z",
      "modified_timestamp": "0001-01-01T00:00:00Z"
     },
     {
      "id": "ef72c289-0db9-4795-a293-1f6289e0a9b0",
      "name": "AWS - CloudTrail - EC2 Instance Created or Modified with Instance Metadata Service Version 1 (IMDSv1)",
      "description": "Identifies the creation or modification of an AWS EC2 instance to use the Instance Metadata Service Version 1 (IMDSv1). The AWS Instance Metadata Service allows code running on an EC2 instance to retrieve data about the instance that can be used to configure or manage the running instance.\nInstance metadata includes the credentials for any IAM role that is associated with the EC2 instance, making the instance metadata service a target for attackers. A common technique for stealing IAM credentials from instance metadata is via the exploitation of server-side request forgery (SSRF) vulnerabilities in web applications running on EC2 instances, attacks which are only possible with EC2 instances using IMDSv1.\n",
      "origin": "CrowdStrike",
      "severity": 30,
      "recommended": true,
      "query": "#Vendor=\"aws\" event.provider=\"ec2.amazonaws.com\" #repo!=\"xdr*\"\n| #event.kind=\"event\" #event.outcome=\"success\"\n| event.action =~ in(values=[\"RunInstances\", \"ModifyInstanceMetadataOptions\"])\n| case {\n    event.action=\"RunInstances\" Vendor.requestParameters.metadataOptions.httpEndpoint=\"enabled\" Vendor.requestParameters.metadataOptions.httpTokens=\"optional\";\n    event.action=\"ModifyInstanceMetadataOptions\" Vendor.requestParameters.ModifyInstanceMetadataOptionsRequest.HttpEndpoint=\"enabled\" Vendor.requestParameters.ModifyInstanceMetadataOptionsRequest.HttpTokens=\"optional\"\n}\n",
      "search_window_start": "-70m",
      "search_window_end": "-10m",
      "schedule": "1h",
      "author": "CrowdStrike",
      "sigma_author": "",
      "category": "",
      "license": "",
      "tactic": "TA0005",
      "technique": "T1578",
      "mitre_attack": [
       {
        "tactic_id": "TA0005",
        "technique_id": "T1578"
       }
      ],
      "vendor": "AWS",
      "vendors": [
       "AWS"
      ],
      "product": "",
      "tags": "",
      "active": true,
      "source_url": "",
      "license_details": {
       "name": "",
       "url": ""
      },
      "outcome": "detection",
      "created_timestamp": "2024-09-20T00:00:00Z",
      "modified_timestamp": "0001-01-01T00:00:00Z"
     },
     {
      "id": "16734b88-6ca8-4254-b089-398952a0c58b",
      "name": "AWS - CloudTrail - EC2 Instance Export to S3 Bucket Attempted",
      "description": "This rule identifies an attempt to export an AWS EC2 instance to an S3 bucket. An attacker with access to a compromised IAM user account could attempt to export an EC2 instance to an S3 bucket under their control, allowing them to collect or exfiltrate data from the instance.\n",
      "origin": "CrowdStrike",
      "severity": 30,
      "recommended": true,
      "query": "#Vendor=\"aws\" event.provider=\"ec2.amazonaws.com\" #repo!=\"xdr*\"\n| #event.kind=\"event\" event.action=\"CreateInstanceExportTask\"\n| asn(source.ip)\n| ipLocation(source.ip)\n",
      "search_window_start": "-70m",
      "search_window_end": "-10m",
      "schedule": "1h",
      "author": "CrowdStrike",
      "sigma_author": "",
      "category": "",
      "license": "",
      "tactic": "TA0009",
      "technique": "T1074.002",
      "mitre_attack": [
       {
        "tactic_id": "TA0009",
        "technique_id": "T1074.002"
       }
      ],
      "vendor": "AWS",
      "vendors": [
       "AWS"
      ],
      "product": "",
      "tags": "",
      "active": true,
      "source_url": "",
      "license_details": {
       "name": "",
       "url": ""
      },
      "outcome": "detection",
      "created_timestamp": "2024-09-23T00:00:00Z",
      "modified_timestamp": "0001-01-01T00:00:00Z"
     },
     {
      "id": "97242334-baa6-4501-8d15-9b3f4f577b8c",
      "name": "AWS - CloudTrail - IAM User Created Access Key For Another User",
      "description": "This rule identifies an AWS IAM user creating an access key for another IAM user. An attacker with access to a compromised IAM user can create an access key for another IAM user to use it for persistence or privilege escalation purposes.\n",
      "origin": "CrowdStrike",
      "severity": 30,
      "recommended": true,
      "query": "#Vendor=\"aws\" event.provider=\"iam.amazonaws.com\" #repo!=\"xdr*\"\n| #event.kind=\"event\" #event.outcome=\"success\" \n| event.action=\"CreateAccessKey\"\n| Vendor.userIdentity.type=\"IAMUser\"\n| test(user.name!=Vendor.requestParameters.userName)\n",
      "search_window_start": "-70m",
      "search_window_end": "-10m",
      "schedule": "1h",
      "author": "CrowdStrike",
      "sigma_author": "",
      "category": "",
      "license": "",
      "tactic": "TA0003",
      "technique": "T1098.001",
      "mitre_attack": [
       {
        "tactic_id": "TA0003",
        "technique_id": "T1098.001"
       }
      ],
      "vendor": "AWS",
      "vendors": [
       "AWS"
      ],
      "product": "",
      "tags": "",
      "active": true,
      "source_url": "",
      "license_details": {
       "name": "",
       "url": ""
      },
      "outcome": "detection",
      "created_timestamp": "2024-09-23T00:00:00Z",
      "modified_timestamp": "0001-01-01T00:00:00Z"
     },
     {
      "id": "305c7485-5483-405a-8054-7f92f281fa25",
      "name": "AWS - CloudTrail - Log Trail Impairment via S3 Lifecycle Rule",
      "description": "Identifies a CloudTrail log trail where availability is impaired by applying an S3 lifecycle rule that sets a short retention policy on the S3 bucket used by the log trail.\nAn attacker with access to a compromised AWS user could create or update an S3 lifecycle rule to have CloudTrail logs automatically deleted after a short period, thereby affecting the availability of CloudTrail logs.\n",
      "origin": "CrowdStrike",
      "severity": 50,
      "recommended": true,
      "query": "#Vendor=\"aws\" event.provider=\"s3.amazonaws.com\" #repo!=\"xdr*\"\n| #event.kind=\"event\" #event.outcome=\"success\"\n| event.action=\"PutBucketLifecycle\"\n// Please replace the name of the S3 bucket with that used for CloudTrail logs\n| Vendor.requestParameters.bucketName=\"*cloudtrail*\"\n| writeJson(field=\"Vendor.requestParameters.LifecycleConfiguration.Rule[*].Expiration.Days\", as=\"json_expiration_days\")\n| case {\n    Vendor.requestParameters.LifecycleConfiguration.Rule.Expiration.Days=\"*\" | expiration_days := Vendor.requestParameters.LifecycleConfiguration.Rule.Expiration.Days;\n    * | json_expiration_days =~ regex(\"Expiration\\\":\\\\{\\\"Days\\\":(?\u003cexpiration_days\u003e\\\\d+)\", repeat=true)\n}\n| expiration_days \u003c 5\n",
      "search_window_start": "-70m",
      "search_window_end": "-10m",
      "schedule": "1h",
      "author": "CrowdStrike",
      "sigma_author": "",
      "category": "",
      "license": "",
      "tactic": "TA0005",
      "technique": "T1562.008",
      "mitre_attack": [
       {
        "tactic_id": "TA0005",
        "technique_id": "T1562.008"
       }
      ],
      "vendor": "AWS",
      "vendors": [
       "AWS"
      ],
      "product": "",
      "tags": "",
      "active": true,
      "source_url": "",
      "license_details": {
       "name": "",
       "url": ""
      },
      "outcome": "detection",
      "created_timestamp": "2024-05-17T00:00:00Z",
      "modified_timestamp": "2024-09-23T00:00:00Z"
     },
     {
      "id": "00d1cf1c-7e1c-4d9f-956c-cd1783d12375",
      "name": "AWS - CloudTrail - Log Trail Suspended",
      "description": "Identifies a CloudTrail log trail being suspended. An attacker may turn off logging for a trail in an attempt to avoid being detected by security monitoring that relies on this data source.\n",
      "origin": "CrowdStrike",
      "severity": 50,
      "recommended": true,
      "query": "#Vendor=\"aws\" event.provider=\"cloudtrail.amazonaws.com\" #repo!=\"xdr*\"\n| #event.kind=\"event\" #event.outcome=\"success\"\n| event.action=\"StopLogging\"\n",
      "search_window_start": "-70m",
      "search_window_end": "-10m",
      "schedule": "1h",
      "author": "CrowdStrike",
      "sigma_author": "",
      "category": "",
      "license": "",
      "tactic": "TA0005",
      "technique": "T1562.008",
      "mitre_attack": [
       {
        "tactic_id": "TA0005",
        "technique_id": "T1562.008"
       }
      ],
      "vendor": "AWS",
      "vendors": [
       "AWS"
      ],
      "product": "",
      "tags": "",
      "active": true,
      "source_url": "",
      "license_details": {
       "name": "",
       "url": ""
      },
      "outcome": "detection",
      "created_timestamp": "2024-05-14T00:00:00Z",
      "modified_timestamp": "2024-09-20T00:00:00Z"
     },
     {
      "id": "849ac2a5-ab1d-4d50-a02d-5519136534b4",
      "name": "AWS - CloudTrail - Multiple EC2 Key Pairs Created",
      "description": "This rule identifies the creation of multiple Amazon EC2 key pairs by the same identity within a relatively short time period. A key pair is a set of security credentials used for connecting to an Amazon EC2 instance. This behavior may indicate an adversary attempting to carry out cryptocurrency mining activities in a compromised AWS environment, where they create multiple EC2 instances and corresponding SSH key pairs to connect to the instances and initiate mining operations.\n",
      "origin": "CrowdStrike",
      "severity": 30,
      "recommended": true,
      "query": "#Vendor=\"aws\" #event.module=\"cloudtrail\" #repo!=\"xdr*\"\n| event.provider =~ in(values=[\"ec2.amazonaws.com\", \"lightsail.amazonaws.com\"])\n| #event.kind=\"event\" #event.outcome=\"success\"\n| event.action=\"CreateKeyPair\"\n| user_agent.original =~ !in(values=[\"AWS Internal\"])\n| groupBy([Vendor.userIdentity.arn, Vendor.userIdentity.principalId], \n    function=[\n        collect([event.action, source.ip, unique_keys_created, Vendor.responseElements.keyName, Vendor.responseElements.keyFingerprint, user_agent.original]), \n        unique_keys_created := count(Vendor.responseElements.keyFingerprint)])\n// Adjust the threshold value based on the specifics of the AWS environment.\n| unique_keys_created\u003e10\n",
      "search_window_start": "-70m",
      "search_window_end": "-10m",
      "schedule": "1h",
      "author": "CrowdStrike",
      "sigma_author": "",
      "category": "",
      "license": "",
      "tactic": "TA0003",
      "technique": "T1098.004",
      "mitre_attack": [
       {
        "tactic_id": "TA0003",
        "technique_id": "T1098.004"
       }
      ],
      "vendor": "AWS",
      "vendors": [
       "AWS"
      ],
      "product": "",
      "tags": "",
      "active": true,
      "source_url": "",
      "license_details": {
       "name": "",
       "url": ""
      },
      "outcome": "detection",
      "created_timestamp": "2024-10-18T00:00:00Z",
      "modified_timestamp": "0001-01-01T00:00:00Z"
     },
     {
      "id": "239b374b-9fd1-4f4a-9f21-d68d11f81116",
      "name": "AWS - CloudTrail - Multiple Secret Retrievals from AWS Secrets Manager",
      "description": "This rule detects multiple secret retrievals from AWS Secrets Manager by the same user identity within a short time frame, using 'GetSecretValue' or 'BatchGetSecretValue' API actions. An adversary may attempt to programmatically retrieve secrets from Secrets Manager, looking for credentials to use for lateral movement to other applications within the environment.\n",
      "origin": "CrowdStrike",
      "severity": 30,
      "recommended": true,
      "query": "#Vendor=\"aws\" event.provider=\"secretsmanager.amazonaws.com\" #repo!=\"xdr*\"\n| #event.kind=\"event\" #event.outcome=\"success\"\n| event.action =~ in(values=[\"GetSecretValue\", \"BatchGetSecretValue\"])\n// Exclude API calls from Amazon RDS (Relational Database Service). RDS instances often need to access Secrets Manager to retrieve database credentials, and the GetSecretValue API call would be made from the RDS service.\n| source.address =~ !in(values=[\"rds.amazonaws.com\"])\n| asn(source.ip)\n// The AMAZON-AES ASN is used by AWS services such as AWS Lambda, AWS CloudFormation, and AWS Elastic Beanstalk, among others. These services may need to access Secrets Manager to retrieve secrets, and the GetSecretValue API call would be made from the AMAZON-AES ASN.\n// Exclude additional organizations names based on the environment (e.g. \"ZSCALER-*\").\n| source.ip.org =~ !in(values=[\"AMAZON-AES\"])\n// To achieve a higher confidence consider additional exclusions based on source IP address.\n// | source.ip =~ !cidr(subnet=[\"10.45.168.0/24\"])\n| bucket(span=10m, field=[Vendor.userIdentity.arn, Vendor.userIdentity.principalId, Vendor.userIdentity.type, cloud.account.id], limit=500,\n    function=[\n        collect([event.action, Vendor.requestParameters.secretId, unique_secret_count, source.ip, source.ip.org, user_agent.original, Vendor.awsRegion]), \n        unique_secret_count := count(Vendor.requestParameters.secretId, distinct=true)\n    ]\n)\n// Fine tune the rule by adjusting the 'span' parameter of the 'bucket()' function and/or the 'unique_secret_count' threshold value based on the environment.\n| unique_secret_count\u003e10\n",
      "search_window_start": "-70m",
      "search_window_end": "-10m",
      "schedule": "1h",
      "author": "CrowdStrike",
      "sigma_author": "",
      "category": "",
      "license": "",
      "tactic": "TA0006",
      "technique": "T1555.006",
      "mitre_attack": [
       {
        "tactic_id": "TA0006",
        "technique_id": "T1555.006"
       }
      ],
      "vendor": "AWS",
      "vendors": [
       "AWS"
      ],
      "product": "",
      "tags": "",
      "active": true,
      "source_url": "",
      "license_details": {
       "name": "",
       "url": ""
      },
      "outcome": "detection",
      "created_timestamp": "2024-10-21T00:00:00Z",
      "modified_timestamp": "0001-01-01T00:00:00Z"
     },
     {
      "id": "bd84053f-f994-4afa-b123-ee9372b9ef4a",
      "name": "AWS - CloudTrail - Potential Reconnaissance Activity",
      "description": "This rule identifies a high number of Get*, List*, and Describe* AWS API calls from a single identity within a short time period. This may be indicative of reconnaissance activity from an adversary attempting to  enumerate AWS resources.\n",
      "origin": "CrowdStrike",
      "severity": 30,
      "recommended": true,
      "query": "#Vendor=\"aws\" #event.module=\"cloudtrail\" #repo!=\"xdr*\"\n| #event.kind=\"event\" #event.outcome=\"success\"\n| event.action =~ in(values=[\"Get*\", \"List*\", \"Describe*\"])\n| Vendor.userIdentity.type =~ in(values=[\"IAMUser\", \"AssumedRole\"])\n// Exclude AWS CloudFormation and valid operations that originate from within AWS directly.\n| source.address =~ !in(values=[\"aws internal\", \"cloudformation.amazonaws.com\"])\n// Exclude expected AWS identities, such as the CSPM Reader Role for the CrowdStrike CSPM module. Exclude other legitimate AWS identities expected to make such API calls. \n| Vendor.userIdentity.arn =~ !in(values=[\"arn:aws:sts::*crowdstrike*\"], ignoreCase=true)\n| asn(source.ip)\n// Exclude organization names based on the environment (e.g. \"Zscaler\").\n// | source.ip.org =~ !in(values=[\"zscaler*\"], ignoreCase=true)\n| bucket(span=10m, field=[Vendor.userIdentity.arn, Vendor.userIdentity.principalId, Vendor.userIdentity.type, cloud.account.id], limit=500,\n    function=[\n        collect([event.action, source.ip, source.ip.org, user_agent.original]), \n        unique_api_count := count(event.action, distinct=true),\n        unique_requests_count := count(Vendor.requestID, distinct=true)\n    ]\n)\n// Fine tune the rule by adjusting the 'span' parameter of the 'bucket()' function and/or the threshold values based on the environment.\n| unique_api_count\u003e5 unique_requests_count\u003e100\n",
      "search_window_start": "-70m",
      "search_window_end": "-10m",
      "schedule": "1h",
      "author": "CrowdStrike",
      "sigma_author": "",
      "category": "",
      "license": "",
      "tactic": "TA0007",
      "technique": "T1526",
      "mitre_attack": [
       {
        "tactic_id": "TA0007",
        "technique_id": "T1526"
       }
      ],
      "vendor": "AWS",
      "vendors": [
       "AWS"
      ],
      "product": "",
      "tags": "",
      "active": true,
      "source_url": "",
      "license_details": {
       "name": "",
       "url": ""
      },
      "outcome": "detection",
      "created_timestamp": "2024-10-21T00:00:00Z",
      "modified_timestamp": "2025-03-13T00:00:00Z"
     },
     {
      "id": "e4407e94-7489-403b-9d16-2e4294e453cf",
      "name": "AWS - CloudTrail - Relational Database Service (RDS) Snapshot Export",
      "description": "Identifies the export of an Amazon Relational Database Service (RDS) database snapshot. An attacker with access to a compromised IAM user account that has the proper permission can export an RDS database snapshot to an S3 bucket under the attacker's control to gain access to the data within the exported snapshot.\n",
      "origin": "CrowdStrike",
      "severity": 30,
      "recommended": true,
      "query": "#Vendor=\"aws\" event.provider=\"rds.amazonaws.com\" #repo!=\"xdr*\"\n| #event.kind=\"event\" #event.outcome=\"success\"\n| event.action=\"StartExportTask\"\n| asn(source.ip)\n| ipLocation(source.ip)\n// A tuning opportunity may be to exclude user agent strings associated with cloud provisioning tools such as Terraform or Packer. Additionally, you may want to use fields such as source.ip, source.ip.asn, source.ip.org, and source.ip.country for excluding legitimate sources of the API call.\n// | user_agent.original =~ !in(values=[\"*terraform*\", \"*packer*\"], ignoreCase=true)\n",
      "search_window_start": "-70m",
      "search_window_end": "-10m",
      "schedule": "1h",
      "author": "CrowdStrike",
      "sigma_author": "",
      "category": "",
      "license": "",
      "tactic": "TA0010",
      "technique": "T1537",
      "mitre_attack": [
       {
        "tactic_id": "TA0010",
        "technique_id": "T1537"
       }
      ],
      "vendor": "AWS",
      "vendors": [
       "AWS"
      ],
      "product": "",
      "tags": "",
      "active": true,
      "source_url": "",
      "license_details": {
       "name": "",
       "url": ""
      },
      "outcome": "detection",
      "created_timestamp": "2024-09-20T00:00:00Z",
      "modified_timestamp": "0001-01-01T00:00:00Z"
     },
     {
      "id": "f64f3991-520d-4196-a29c-b7edf18e7214",
      "name": "AWS - CloudTrail - Admin Credential Fetch Attempts from Multiple EC2 Instances",
      "description": "Identifies an AWS IAM user attempting to retrieve encrypted administrator passwords from multiple Windows EC2 instances within a relatively short period of time. This activity can indicate an adversary with access to a compromised IAM user attempting to retrieve administrator passwords on a large number of Windows EC2 instances.\n",
      "origin": "CrowdStrike",
      "severity": 70,
      "recommended": true,
      "query": "#Vendor=\"aws\" event.provider=\"ec2.amazonaws.com\" #repo!=\"xdr*\"\n| #event.kind=\"event\" event.action=\"GetPasswordData\"\n| groupBy([cloud.account.id, Vendor.userIdentity.arn], \n    function=[\n        count(Vendor.requestParameters.instanceId, distinct=true, as=\"distinct_instance_ids\"),\n        collect([Vendor.requestParameters.instanceId, source.ip, #event.outcome, Vendor.userIdentity.type, Vendor.userIdentity.principalId, user_agent.original])\n    ]\n)\n| distinct_instance_ids\u003e=5\n",
      "search_window_start": "-10m",
      "search_window_end": "-5m",
      "schedule": "5m",
      "author": "CrowdStrike",
      "sigma_author": "",
      "category": "",
      "license": "",
      "tactic": "TA0006",
      "technique": "T1552.005",
      "mitre_attack": [
       {
        "tactic_id": "TA0006",
        "technique_id": "T1552.005"
       }
      ],
      "vendor": "AWS",
      "vendors": [
       "AWS"
      ],
      "product": "",
      "tags": "",
      "active": true,
      "source_url": "",
      "license_details": {
       "name": "",
       "url": ""
      },
      "outcome": "detection",
      "created_timestamp": "2024-09-13T00:00:00Z",
      "modified_timestamp": "0001-01-01T00:00:00Z"
     },
     {
      "id": "abfc3f2b-006d-4dc9-b2d2-a63c40791975",
      "name": "AWS - CloudTrail - AMI Attributes Change Attempted",
      "description": "Identifies an attempt to change the attributes of an AWS Amazon Machine Image (AMI), such as sharing it publicly or with another AWS account. An attacker can abuse these changes for data exfiltration purposes.\n",
      "origin": "CrowdStrike",
      "severity": 50,
      "recommended": true,
      "query": "#Vendor=\"aws\" event.provider=\"ec2.amazonaws.com\" #repo!=\"xdr*\"\n| #event.kind=\"event\" \n| event.action=\"ModifyImageAttribute\"\n| Vendor.requestParameters.launchPermission.add.items[0].group=\"all\" OR Vendor.requestParameters.launchPermission.add.items[0].userId=*\n",
      "search_window_start": "-70m",
      "search_window_end": "-10m",
      "schedule": "1h",
      "author": "CrowdStrike",
      "sigma_author": "",
      "category": "",
      "license": "",
      "tactic": "TA0010",
      "technique": "T1537",
      "mitre_attack": [
       {
        "tactic_id": "TA0010",
        "technique_id": "T1537"
       }
      ],
      "vendor": "AWS",
      "vendors": [
       "AWS"
      ],
      "product": "",
      "tags": "",
      "active": true,
      "source_url": "",
      "license_details": {
       "name": "",
       "url": ""
      },
      "outcome": "detection",
      "created_timestamp": "2024-07-10T00:00:00Z",
      "modified_timestamp": "0001-01-01T00:00:00Z"
     },
     {
      "id": "be7ea1b7-fa08-425c-9329-2dca5de7c7ff",
      "name": "AWS - CloudTrail - Successful Authentication from High Confidence Malicious IP Address",
      "description": "Identifies successful authentication via the AWS IAM and STS services from a high-confidence malicious IP address.\n",
      "origin": "CrowdStrike",
      "severity": 70,
      "recommended": true,
      "query": "#Vendor=\"aws\" #event.module=\"cloudtrail\" #repo!=\"xdr*\"\n| event.provider =~ in(values=[\"signin.amazonaws.com\", \"sts.amazonaws.com\"])\n| array:contains(array=\"event.category[]\", value=\"authentication\")\n| cidr(source.ip, subnet=[\"0.0.0.0/0\", \"::/0\"])\n| !cidr(source.ip, subnet=[\"10.0.0.0/8\", \"172.16.0.0/12\", \"192.168.0.0/16\"])\n| #event.outcome=\"success\"\n| ioc:lookup(field=[source.ip],type=\"ip_address\",confidenceThreshold=\"high\")\n| ioc.detected=\"true\"\n",
      "search_window_start": "-70m",
      "search_window_end": "-10m",
      "schedule": "1h",
      "author": "CrowdStrike",
      "sigma_author": "",
      "category": "",
      "license": "",
      "tactic": "TA0001",
      "technique": "T1078.004",
      "mitre_attack": [
       {
        "tactic_id": "TA0001",
        "technique_id": "T1078.004"
       }
      ],
      "vendor": "AWS",
      "vendors": [
       "AWS"
      ],
      "product": "",
      "tags": "",
      "active": true,
      "source_url": "",
      "license_details": {
       "name": "",
       "url": ""
      },
      "outcome": "detection",
      "created_timestamp": "2024-08-19T00:00:00Z",
      "modified_timestamp": "2024-10-29T00:00:00Z"
     },
     {
      "id": "2d2cf44c-d6b3-42d3-9ffc-30ca84bbfe43",
      "name": "AWS - CloudTrail - CloudWatch Log Group Deleted",
      "description": "Identifies an AWS CloudWatch log group being deleted. An attacker may carry out this action in an attempt to avoid being detected by security monitoring that relies on this data source.\n",
      "origin": "CrowdStrike",
      "severity": 50,
      "recommended": true,
      "query": "#Vendor=\"aws\" event.provider=\"logs.amazonaws.com\" #repo!=\"xdr*\"\n| #event.kind=\"event\" #event.outcome=\"success\"\n| event.action=\"DeleteLogGroup\"\n",
      "search_window_start": "-70m",
      "search_window_end": "-10m",
      "schedule": "1h",
      "author": "CrowdStrike",
      "sigma_author": "",
      "category": "",
      "license": "",
      "tactic": "TA0005",
      "technique": "T1562.001",
      "mitre_attack": [
       {
        "tactic_id": "TA0005",
        "technique_id": "T1562.001"
       }
      ],
      "vendor": "AWS",
      "vendors": [
       "AWS"
      ],
      "product": "",
      "tags": "",
      "active": true,
      "source_url": "",
      "license_details": {
       "name": "",
       "url": ""
      },
      "outcome": "detection",
      "created_timestamp": "2024-05-31T00:00:00Z",
      "modified_timestamp": "0001-01-01T00:00:00Z"
     },
     {
      "id": "cdf57ab7-fc03-4f6b-b4c6-984de6c0f459",
      "name": "AWS - CloudTrail - CloudWatch Log Stream Deleted",
      "description": "Identifies an AWS CloudWatch log stream being deleted. An attacker may carry out this action in an attempt to avoid being detected by security monitoring that relies on this data source.\n",
      "origin": "CrowdStrike",
      "severity": 50,
      "recommended": true,
      "query": "#Vendor=\"aws\" event.provider=\"logs.amazonaws.com\" #repo!=\"xdr*\"\n| #event.kind=\"event\" #event.outcome=\"success\"\n| event.action=\"DeleteLogStream\"\n",
      "search_window_start": "-70m",
      "search_window_end": "-10m",
      "schedule": "1h",
      "author": "CrowdStrike",
      "sigma_author": "",
      "category": "",
      "license": "",
      "tactic": "TA0005",
      "technique": "T1562.001",
      "mitre_attack": [
       {
        "tactic_id": "TA0005",
        "technique_id": "T1562.001"
       }
      ],
      "vendor": "AWS",
      "vendors": [
       "AWS"
      ],
      "product": "",
      "tags": "",
      "active": true,
      "source_url": "",
      "license_details": {
       "name": "",
       "url": ""
      },
      "outcome": "detection",
      "created_timestamp": "2024-06-05T00:00:00Z",
      "modified_timestamp": "0001-01-01T00:00:00Z"
     }
    ]
   }