{
    "meta": {
     "query_time": 0.098754459,
     "powered_by": "svc-cscrrulestemplates",
     "trace_id": "1e3e15d4505deb3db61e2bce989b3878"
    },
    "errors": [],
    "resources": [
     {
      "id": "4048118c-f4e1-402f-a87d-8ec562dc8d76",
      "name": "Cisco - ASA - Logging Disabled",
      "description": "This rule identifies when some form of logging has been disabled on a Cisco ASA appliance. The 'no logging enable' command stops all logging. Individual logging destinations, specific logging levels, or syslog messages can also be disabled using the 'no logging' command. For details, go to https://www.cisco.com/c/en/us/td/docs/security/asa/asa-cli-reference/I-R/asa-command-ref-I-R/m_log-lz.html.\nA threat actor who managed to get access to a Cisco ASA appliance might attempt to evade detection by disabling logging functions.\n",
      "origin": "CrowdStrike",
      "severity": 50,
      "recommended": true,
      "query": "#repo=\"cisco_asa\" #Vendor=\"cisco\" #event.module=\"asa\"\n| #event.kind=\"event\"\n| event.reason=/executed the 'no\\s+logging\\s+/i\n// Depending on your environment, consider excluding certain 'no logging' commands to improve rule efficacy. Below are examples of 'no logging' commands that you may wish to exclude. For details, check https://www.cisco.com/c/en/us/td/docs/security/asa/asa-cli-reference/I-R/asa-command-ref-I-R/m_log-lz.html.\n// | event.reason!=/no\\s+logging\\s+(?:list|queue|buffer-size)/i\n",
      "search_window_start": "-70m",
      "search_window_end": "-10m",
      "schedule": "1h",
      "author": "CrowdStrike",
      "sigma_author": "",
      "category": "",
      "license": "",
      "tactic": "TA0005",
      "technique": "T1562.001",
      "mitre_attack": [
       {
        "tactic_id": "TA0005",
        "technique_id": "T1562.001"
       }
      ],
      "vendor": "Cisco",
      "vendors": [
       "Cisco"
      ],
      "product": "",
      "tags": "",
      "active": true,
      "source_url": "",
      "license_details": {
       "name": "",
       "url": ""
      },
      "outcome": "detection",
      "created_timestamp": "2024-10-31T00:00:00Z",
      "modified_timestamp": "0001-01-01T00:00:00Z"
     },
     {
      "id": "c2d85115-6500-4224-8f4e-63c377d6426c",
      "name": "Generic - Network - RPC Traffic to the Internet",
      "description": "Identifies network events associated with RPC (Remote Procedure Call) traffic to the Internet. This is suspicious network activity because RPC should never be exposed to the Internet as it is often exploited by threat actors for initial access.\n",
      "origin": "CrowdStrike",
      "severity": 70,
      "recommended": true,
      "query": "#repo!=\"xdr_*\"\n| #Vendor =~ in(values=[\"akamai\",\"aws\",\"cisco\",\"corelight\",\"extrahop\",\"fortinet\",\"microsoft\",\"nozomi\",\"paloalto\",\"zscaler\"])\n| #event.kind=\"event\" \n| array:contains(\"event.category[]\", value=\"network\")\n| network.transport=\"tcp\" destination.port=135\n| cidr(source.ip, subnet=[\"10.0.0.0/8\", \"172.16.0.0/12\", \"192.168.0.0/16\"])\n| NOT cidr(destination.ip, subnet=[\"127.0.0.0/8\", \"10.0.0.0/8\", \"172.16.0.0/12\", \"192.168.0.0/16\", \"::1\"])\n",
      "search_window_start": "-70m",
      "search_window_end": "-10m",
      "schedule": "1h",
      "author": "CrowdStrike",
      "sigma_author": "",
      "category": "",
      "license": "",
      "tactic": "TA0001",
      "technique": "T1190",
      "mitre_attack": [
       {
        "tactic_id": "TA0001",
        "technique_id": "T1190"
       }
      ],
      "vendor": "Akamai",
      "vendors": [
       "Akamai",
       "AWS",
       "Cisco",
       "Corelight",
       "ExtraHop",
       "Fortinet",
       "Microsoft",
       "Nozomi Networks",
       "Palo Alto Networks",
       "Zscaler"
      ],
      "product": "",
      "tags": "",
      "active": true,
      "source_url": "",
      "license_details": {
       "name": "",
       "url": ""
      },
      "outcome": "detection",
      "created_timestamp": "2024-05-10T00:00:00Z",
      "modified_timestamp": "2024-10-22T00:00:00Z"
     },
     {
      "id": "c755e2bb-9191-4aca-8a1e-425bad002769",
      "name": "Generic - Network - TOR Traffic to the Internet",
      "description": "This rule detects traffic associated with TOR applications or ports commonly used by TOR, which adversaries might exploit to avoid detection on the environment.\n",
      "origin": "CrowdStrike",
      "severity": 50,
      "recommended": true,
      "query": "#repo!=xdr_*\n| #Vendor =~ in(values=[\"akamai\",\"aws\",\"cisco\",\"cloudflare\",\"corelight\",\"extrahop\",\"fortinet\",\"microsoft\",\"netskope\",\"nozomi\",\"paloalto\",\"skyhigh\",\"zscaler\"])\n| #event.kind=\"event\"\n| array:contains(array=\"event.category[]\", value=\"network\")\n| network.transport=\"tcp\"\n| case {\n    destination.port =~ in(values=[\"9001\", \"9030\", \"9040\", \"9050\", \"9051\", \"9150\"]);\n    destination.port=\"443\" network.application=/^tor/i\n}\n| cidr(source.ip, subnet=[\"10.0.0.0/8\", \"172.16.0.0/12\", \"192.168.0.0/16\", \"fe80::/10\", \"169.254.0.0/16\"])\n| !cidr(destination.ip, subnet=[\"10.0.0.0/8\", \"172.16.0.0/12\", \"192.168.0.0/16\", \"fe80::/10\", \"169.254.0.0/16\"])\n",
      "search_window_start": "-70m",
      "search_window_end": "-10m",
      "schedule": "1h",
      "author": "CrowdStrike",
      "sigma_author": "",
      "category": "",
      "license": "",
      "tactic": "TA0011",
      "technique": "T1090.003",
      "mitre_attack": [
       {
        "tactic_id": "TA0011",
        "technique_id": "T1090.003"
       }
      ],
      "vendor": "Akamai",
      "vendors": [
       "Akamai",
       "AWS",
       "Cisco",
       "Cloudflare",
       "Corelight",
       "ExtraHop",
       "Fortinet",
       "Microsoft",
       "Netskope",
       "Nozomi Networks",
       "Palo Alto Networks",
       "Skyhigh",
       "Zscaler"
      ],
      "product": "",
      "tags": "",
      "active": true,
      "source_url": "",
      "license_details": {
       "name": "",
       "url": ""
      },
      "outcome": "detection",
      "created_timestamp": "2024-10-23T00:00:00Z",
      "modified_timestamp": "0001-01-01T00:00:00Z"
     },
     {
      "id": "a40f7f7c-7129-4699-9d61-0b7c470be540",
      "name": "Generic - Network - VNC Traffic to the Internet",
      "description": "Identifies network events associated with VNC (Virtual Network Computing) traffic to the Internet. The VNC related network activity can raise suspicions of intrusion, as adversaries often exploit insecure VNC configurations for initial access.\n",
      "origin": "CrowdStrike",
      "severity": 50,
      "recommended": true,
      "query": "#repo!=\"xdr_*\"\n| #Vendor =~ in(values=[\"akamai\", \"aws\", \"cisco\", \"corelight\", \"extrahop\", \"fortinet\", \"microsoft\", \"nozomi\", \"paloalto\", \"zscaler\"])\n| #event.kind=\"event\" | array:contains(\"event.category[]\", value=\"network\")\n| network.transport=\"tcp\" (destination.port\u003e=5800 destination.port\u003c=5810) OR (destination.port\u003e=5900 destination.port\u003c=5910)\n| cidr(source.ip, subnet=[\"10.0.0.0/8\", \"172.16.0.0/12\", \"192.168.0.0/16\"])\n| NOT cidr(destination.ip, subnet=[\"127.0.0.0/8\", \"10.0.0.0/8\", \"172.16.0.0/12\", \"192.168.0.0/16\", \"::1\"])\n",
      "search_window_start": "-70m",
      "search_window_end": "-10m",
      "schedule": "1h",
      "author": "CrowdStrike",
      "sigma_author": "",
      "category": "",
      "license": "",
      "tactic": "TA0011",
      "technique": "T1219",
      "mitre_attack": [
       {
        "tactic_id": "TA0011",
        "technique_id": "T1219"
       }
      ],
      "vendor": "Corelight",
      "vendors": [
       "Akamai",
       "AWS",
       "Cisco",
       "Corelight",
       "ExtraHop",
       "Fortinet",
       "Microsoft",
       "Nozomi Networks",
       "Palo Alto Networks",
       "Zscaler"
      ],
      "product": "",
      "tags": "",
      "active": true,
      "source_url": "",
      "license_details": {
       "name": "",
       "url": ""
      },
      "outcome": "detection",
      "created_timestamp": "2024-05-10T00:00:00Z",
      "modified_timestamp": "2024-10-22T00:00:00Z"
     },
     {
      "id": "8e1d1657-0410-4272-9941-e3d5b9c73a67",
      "name": "Cisco - ISE - ACSAdmin User Password Reset to Default Value",
      "description": "This rule monitors Cisco Identity Services Engine (ISE) logs to identify when the ACSAdmin user password is reset to its default value. This action may indicate an attempt to take over the administrative account and escalate privileges on the ISE instance. It constitutes a major security risk if the password is not promptly changed to a more secure one.\n",
      "origin": "CrowdStrike",
      "severity": 30,
      "recommended": true,
      "query": "#Vendor=\"cisco\" #event.module=\"ise\" #event.dataset=\"ise.log\"\n| #event.kind=\"event\"\n| event.reason=\"33108*\"\n",
      "search_window_start": "-70m",
      "search_window_end": "-10m",
      "schedule": "1h",
      "author": "CrowdStrike",
      "sigma_author": "",
      "category": "",
      "license": "",
      "tactic": "TA0004",
      "technique": "T1098",
      "mitre_attack": [
       {
        "tactic_id": "TA0004",
        "technique_id": "T1098"
       }
      ],
      "vendor": "Cisco",
      "vendors": [
       "Cisco"
      ],
      "product": "",
      "tags": "",
      "active": true,
      "source_url": "",
      "license_details": {
       "name": "",
       "url": ""
      },
      "outcome": "detection",
      "created_timestamp": "2024-11-19T00:00:00Z",
      "modified_timestamp": "0001-01-01T00:00:00Z"
     },
     {
      "id": "53486647-165b-4b75-b637-16b0a832ecb9",
      "name": "Cisco - ISE - Log Categories Overridden",
      "description": "This rule identifies when a Cisco Identity Services Engine (ISE) instance has been detached from the global logging policy. For defense evasion purposes, adversaries may attempt to manipulate logging policies.\n",
      "origin": "CrowdStrike",
      "severity": 30,
      "recommended": true,
      "query": "#Vendor=\"cisco\" #event.module=\"ise\" #event.dataset=\"ise.log\"\n| #event.kind=\"event\" #event.outcome=\"success\"\n| event.reason=\"52018*\"\n",
      "search_window_start": "-70m",
      "search_window_end": "-10m",
      "schedule": "1h",
      "author": "CrowdStrike",
      "sigma_author": "",
      "category": "",
      "license": "",
      "tactic": "TA0005",
      "technique": "T1562.003",
      "mitre_attack": [
       {
        "tactic_id": "TA0005",
        "technique_id": "T1562.003"
       }
      ],
      "vendor": "Cisco",
      "vendors": [
       "Cisco"
      ],
      "product": "",
      "tags": "",
      "active": true,
      "source_url": "",
      "license_details": {
       "name": "",
       "url": ""
      },
      "outcome": "detection",
      "created_timestamp": "2024-11-19T00:00:00Z",
      "modified_timestamp": "0001-01-01T00:00:00Z"
     },
     {
      "id": "fac5a960-a2d3-4889-b623-b6788dae2fd1",
      "name": "Cisco - ISE - Log File Deletion Attempted",
      "description": "This rule identifies attempts to delete Cisco ISE log files. Attackers will often manipulate logging policies and existing log files to cover their tracks.\n",
      "origin": "CrowdStrike",
      "severity": 50,
      "recommended": true,
      "query": "#Vendor=\"cisco\" #event.module=\"ise\" #event.dataset=\"ise.log\"\n| #event.kind=\"event\"\n| event.reason=/58015|5910[123]/\n",
      "search_window_start": "-70m",
      "search_window_end": "-10m",
      "schedule": "1h",
      "author": "CrowdStrike",
      "sigma_author": "",
      "category": "",
      "license": "",
      "tactic": "TA0005",
      "technique": "T1562.003",
      "mitre_attack": [
       {
        "tactic_id": "TA0005",
        "technique_id": "T1562.003"
       }
      ],
      "vendor": "Cisco",
      "vendors": [
       "Cisco"
      ],
      "product": "",
      "tags": "",
      "active": true,
      "source_url": "",
      "license_details": {
       "name": "",
       "url": ""
      },
      "outcome": "detection",
      "created_timestamp": "2024-11-18T00:00:00Z",
      "modified_timestamp": "0001-01-01T00:00:00Z"
     },
     {
      "id": "0b961d93-f25d-493b-8da6-6541612f6473",
      "name": "Generic - Network - Internal Targeted Service Discovery Scan",
      "description": "This rule identifies targeted service discovery scans. In this type of scan, an adversary is interested in a small number of IP addresses, but a wide range of ports.\nThe following thresholds can be adjusted to better reflect network activity in the target environment.\ndc_ips: total number of IP addresses\ndc_ports: total number of scanned ports.\n",
      "origin": "CrowdStrike",
      "severity": 50,
      "recommended": true,
      "query": "#repo!=\"xdr_*\" #event.kind=\"event\"\n| #Vendor =~ in(values=[\"aws\",\"cisco\",\"corelight\",\"extrahop\",\"fortinet\",\"microsoft\",\"nozomi\",\"paloalto\",\"zscaler\"])\n| array:contains(array=\"event.category[]\", value=\"network\")\n| network.transport=/tcp|udp/ OR network.iana_number=6 OR network.iana_number=17\n| case {\n    test(source.port\u003edestination.port) | destination.port\u003c20000 | scanned_port := destination.port | scanned_ip := destination.ip | scan_source_ip := source.ip;\n    test(source.port\u003cdestination.port) | source.port\u003c20000 | scanned_port := source.port | scanned_ip := source.ip | scan_source_ip := destination.ip;\n    test(source.port==destination.port) | destination.port\u003c20000 | scanned_port := destination.port | scanned_ip := destination.ip | scan_source_ip := source.ip;\n}\n| cidr(source.ip, subnet=[\"10.0.0.0/8\", \"172.16.0.0/12\", \"192.168.0.0/16\", \"fe80::/10\", \"169.254.0.0/16\"])\n| cidr(destination.ip, subnet=[\"10.0.0.0/8\", \"172.16.0.0/12\", \"192.168.0.0/16\", \"fe80::/10\", \"169.254.0.0/16\"])\n| groupBy(field=[#Vendor,#event.module,#type,scan_source_ip], function=[count(scanned_port, distinct=true, as=dc_ports),count(scanned_ip, distinct=true, as=\"dc_ips\"), collect([scanned_port])])\n// Adjust thresholds below as appropriate for your environment.\n| dc_ips\u003c20 dc_ports\u003e5\n\n// Exclusions\n// Exclude known scanners below\n// scan_source_ip =~ !in(values=[\"1.2.3.4\"]) \n",
      "search_window_start": "-70m",
      "search_window_end": "-10m",
      "schedule": "1h",
      "author": "CrowdStrike",
      "sigma_author": "",
      "category": "",
      "license": "",
      "tactic": "TA0007",
      "technique": "T1046",
      "mitre_attack": [
       {
        "tactic_id": "TA0007",
        "technique_id": "T1046"
       }
      ],
      "vendor": "AWS",
      "vendors": [
       "AWS",
       "Cisco",
       "Corelight",
       "ExtraHop",
       "Fortinet",
       "Microsoft",
       "Nozomi Networks",
       "Palo Alto Networks",
       "Zscaler"
      ],
      "product": "",
      "tags": "",
      "active": true,
      "source_url": "",
      "license_details": {
       "name": "",
       "url": ""
      },
      "outcome": "detection",
      "created_timestamp": "2024-10-18T00:00:00Z",
      "modified_timestamp": "0001-01-01T00:00:00Z"
     },
     {
      "id": "34b43f32-c5df-4ba8-85d2-e78f3d6512e2",
      "name": "Cisco - ASA - Administrator User Created",
      "description": "This rule detects the creation of local user accounts with full administrative privileges (level 15) on Cisco ASA devices. Such events could indicate unauthorized access attempts or security risks when not part of authorized change management procedures. \nIf there is a need to adapt the rule for different use cases, like (1) monitor all privilege levels (0-15) or (2) monitor specific privilege level, comment out or modify the 'Vendor.privilege_level=15' filter.\n",
      "origin": "CrowdStrike",
      "severity": 30,
      "recommended": true,
      "query": "#Vendor=\"cisco\" #event.module=\"asa\" #event.kind=\"event\" #repo!=\"xdr_*\"\n| array:contains(array=\"event.category[]\", value=\"iam\")\n| event.code=502101\n| message=\"New user added to local dbase*\"\n// Filter for local users created with full administrative privileges (level 15)\n// Comment out following line to monitor all privilege levels (0-15)\n| Vendor.privilege_level=15\n",
      "search_window_start": "-70m",
      "search_window_end": "-10m",
      "schedule": "1h",
      "author": "CrowdStrike",
      "sigma_author": "",
      "category": "",
      "license": "",
      "tactic": "TA0003",
      "technique": "T1136.001",
      "mitre_attack": [
       {
        "tactic_id": "TA0003",
        "technique_id": "T1136.001"
       }
      ],
      "vendor": "Cisco",
      "vendors": [
       "Cisco"
      ],
      "product": "",
      "tags": "",
      "active": true,
      "source_url": "",
      "license_details": {
       "name": "",
       "url": ""
      },
      "outcome": "detection",
      "created_timestamp": "2025-03-04T00:00:00Z",
      "modified_timestamp": "0001-01-01T00:00:00Z"
     },
     {
      "id": "5c129b77-2bb9-424d-a2ef-58538026853e",
      "name": "Cisco - ASA - Successful Management Interface Login After Multiple Failures",
      "description": "This rule detects when a user successfully logs in to Cisco ASA management interfaces after experiencing multiple login failures (default is 5 login denied events), all occurring within a short time frame (default is a 15-minute window). For SSH and Telnet connections, a login denied event is generated after three failed authentication attempts in a session or when the TCP session terminates after one or more failed attempts. For other management sessions, a login denied event is generated after each failed authentication attempt. \nThis pattern could indicate unauthorized access attempts through password guessing or brute force attacks targeting ASA management access. The thresholds for failed logins and time window can be adjusted based on your organization's typical login patterns, security policies, and risk tolerance to minimize false positives while maintaining effective detection of potential unauthorized access attempts.\nPrerequisites: \n- Username logging configuration: Ensure Cisco ASA command 'no logging hide username' is configured, as usernames must be visible in syslog messages.\n- Device identification: Cisco ASA command 'logging device-id' with appropriate options adds device identifier to syslog messages. If not configured, rule will correlate login attempts across all ASA devices for the same username, which may lead to false positives in multi-device environments.\n",
      "origin": "CrowdStrike",
      "severity": 50,
      "recommended": true,
      "query": "#Vendor=\"cisco\" #event.module=\"asa\" #repo!=\"xdr_*\"\n| #event.kind=\"event\"\n| array:contains(\"event.category[]\", value=\"authentication\")\n// Filter for user login permitted (605005) and denied (605004) events when accessing Cisco ASA management interfaces\n| event.code =~ in(values=[605004, 605005])\n| ipLocation(source.ip)\n| asn(source.ip)\n| user.name := lower(user.name)\n| groupBy([user.name, log.syslog.hostname], \n    function=[\n        series(\n            collect=[#event.outcome], \n            endmatch={ #event.outcome=\"success\" },\n            // maxduration is used to set the time window to detect pattern of failed logins followed by success\n            // Adjust this value based on your security requirements (default: 15 minutes)\n            maxduration=15m,\n            memlimit=1KiB\n        ), \n        collect([source.ip, source.ip.org, source.ip.country, source.ip.state, source.ip.city]),\n        // Calculate total login success/failure counts over the rule's search time window for additional context in alert output\n        { #event.outcome=\"failure\" | count(as=\"_fail_count\") },\n        { #event.outcome=\"success\" | count(as=\"_success_count\") }\n    ]\n)\n// The condition below matches when there are at least 5 consecutive failed logins followed by a successful one\n// Adjust threshold based on your environment's security requirements\n| #event.outcome=/(?:failure\\n){5,}success/\n| drop([_duration, #event.outcome])\n",
      "search_window_start": "-70m",
      "search_window_end": "-10m",
      "schedule": "1h",
      "author": "CrowdStrike",
      "sigma_author": "",
      "category": "",
      "license": "",
      "tactic": "TA0006",
      "technique": "T1110.001",
      "mitre_attack": [
       {
        "tactic_id": "TA0006",
        "technique_id": "T1110.001"
       }
      ],
      "vendor": "Cisco",
      "vendors": [
       "Cisco"
      ],
      "product": "",
      "tags": "",
      "active": true,
      "source_url": "",
      "license_details": {
       "name": "",
       "url": ""
      },
      "outcome": "detection",
      "created_timestamp": "2025-03-25T00:00:00Z",
      "modified_timestamp": "0001-01-01T00:00:00Z"
     },
     {
      "id": "e1aa1ee0-a9de-4484-a8fc-943055328322",
      "name": "Cisco - ISE - Backup Failed",
      "description": "This rule detects failed backup operations in Cisco ISE (Identity Services Engine) by monitoring for error message codes 60095 (failure in the main ISE Backup process) and 60098 (failure in the ISE Log Backup process). \nBoth types of backup failures are important events that could indicate storage issues, network connectivity problems, or potential tampering with backup processes.\n",
      "origin": "CrowdStrike",
      "severity": 50,
      "recommended": true,
      "query": "#Vendor=\"cisco\" #event.module=\"ise\" #event.dataset=\"ise.log\"\n| #event.kind=\"event\" #event.outcome=\"failure\"\n// 60095: ISE Backup has failed\n// 60098: ISE Log Backup has failed\n| event.reason=/^(?:60095|60098)/\n",
      "search_window_start": "-70m",
      "search_window_end": "-10m",
      "schedule": "1h",
      "author": "CrowdStrike",
      "sigma_author": "",
      "category": "",
      "license": "",
      "tactic": "TA0040",
      "technique": "T1490",
      "mitre_attack": [
       {
        "tactic_id": "TA0040",
        "technique_id": "T1490"
       }
      ],
      "vendor": "Cisco",
      "vendors": [
       "Cisco"
      ],
      "product": "",
      "tags": "",
      "active": true,
      "source_url": "",
      "license_details": {
       "name": "",
       "url": ""
      },
      "outcome": "detection",
      "created_timestamp": "2025-04-10T00:00:00Z",
      "modified_timestamp": "0001-01-01T00:00:00Z"
     },
     {
      "id": "948bf6c9-7e5c-47f9-8f80-4e454b79b17e",
      "name": "Cisco - IOS - Firewall Block Followed by Successful Cloud Provider Authentication",
      "description": "This rule detects potential cloud provider identity compromise by correlating external IP addresses blocked by a Cisco firewall appliance with subsequent successful authentication to cloud providers (AWS, Azure, or GCP) within a 3-hour window. The rule uses a 7-day baseline to reduce false positives by excluding any source IP address with a history of successful authentication. This activity pattern is concerning because it may indicate an attacker attempting to brute force their way into cloud environments after being blocked at the network perimeter, potentially leading to unauthorized access to critical cloud resources and data exfiltration.\n",
      "origin": "CrowdStrike",
      "severity": 30,
      "recommended": true,
      "query": "// Create baseline of source IPs that have any successful cloud authentication in the past 7 days (excluding last 3 hour)\n// These IPs will be excluded from alerting to reduce false positives\ndefineTable(\n    query={\n        #repo!=\"xdr_*\"\n        | case {\n            // Enable/disable cloud providers based on available data sources in your environment\n            // Cloud provider selection in both baseline and main query must match\n            #Vendor=\"microsoft\" #event.dataset=/entraid\\.signin/;\n            #Vendor=\"aws\" #event.module=\"cloudtrail\";\n            #Vendor=\"google\" #event.module=\"gcp\";\n        }\n        | #event.kind=\"event\" #event.outcome=\"success\"\n        | array:contains(\"event.category[]\", value=\"authentication\")\n        | cidr(source.ip, subnet=[\"0.0.0.0/0\", \"::/0\"])\n        | NOT cidr(source.ip, subnet=[\"10.0.0.0/8\", \"172.16.0.0/12\", \"192.168.0.0/16\"])\n        | groupBy([source.ip], limit=max)\n    },\n    start=7d,\n    end=3h,\n    include=[*], \n    name=\"baseline_for_successful_cloud_provider_auth\"\n)\n// Main query\n| #repo!=\"xdr_*\"\n| case {\n    // Cisco IOS firewall blocks\n    #Vendor=\"cisco\" #event.module=\"ios\" #event.kind=\"event\" #event.outcome=\"failure\" event.action=\"deny\"\n        | message=/list (?\u003cVendor.ios.access_list\u003e\\S+) (?\u003cVendor.eventAction\u003e\\S+) \\S+ (?\u003csource.mac\u003e.+?) (?\u003csource.ip\u003e.+?)(?:\\((?\u003csource.port\u003e\\d+)\\)| )/\n        | _time_of_fw_block := @timestamp;\n    // Successful cloud provider authentications\n    case {\n        // Enable/disable cloud providers based on available data sources in your environment\n        // Cloud provider selection in both baseline and main query must match\n        #Vendor=\"microsoft\" #event.dataset=/entraid\\.signin/;\n        #Vendor=\"aws\" #event.module=\"cloudtrail\";\n        #Vendor=\"google\" #event.module=\"gcp\";\n    }\n        | #event.kind=\"event\" #event.outcome=\"success\"\n        | array:contains(array=\"event.category[]\", value=\"authentication\")\n        | _time_of_success_auth_to_cloud_provider := @timestamp;\n}\n| cidr(\"source.ip\", subnet=[\"0.0.0.0/0\", \"::/0\"])\n| NOT cidr(source.ip, subnet=[\"10.0.0.0/8\", \"172.16.0.0/12\", \"192.168.0.0/16\"])\n| NOT match(file=\"baseline_for_successful_cloud_provider_auth\", field=[source.ip])\n| groupBy([source.ip], limit=max, \n    function=[\n        count(#event.module, distinct=true, as=_distinct_products),\n        collect([user.name, user.email, #Vendor, #event.module]),\n        _min_time_of_fw_block := min(_time_of_fw_block),\n        _min_time_of_success_auth_to_cloud_provider := min(_time_of_success_auth_to_cloud_provider)\n    ]\n)\n// Ensure we have both a firewall block and a cloud authentication event for the same IP\n| #Vendor=/cisco/ _distinct_products \u003e= 2\n| _min_time_of_fw_block_fmt := formatTime(\"%Y/%m/%d %H:%M:%S\", field=_min_time_of_fw_block, locale=en_US, timezone=Z)\n| _min_time_of_success_auth_to_cloud_provider_fmt := formatTime(\"%Y/%m/%d %H:%M:%S\", field=_min_time_of_success_auth_to_cloud_provider, locale=en_US, timezone=Z)\n| test(_min_time_of_fw_block \u003c _min_time_of_success_auth_to_cloud_provider)\n| asn(source.ip)\n| ipLocation(source.ip)\n",
      "search_window_start": "-180m",
      "search_window_end": "0m",
      "schedule": "3h",
      "author": "CrowdStrike",
      "sigma_author": "",
      "category": "",
      "license": "",
      "tactic": "TA0001",
      "technique": "T1078.004",
      "mitre_attack": [
       {
        "tactic_id": "TA0001",
        "technique_id": "T1078.004"
       }
      ],
      "vendor": "Cisco",
      "vendors": [
       "Cisco",
       "AWS",
       "Microsoft",
       "Google"
      ],
      "product": "",
      "tags": "",
      "active": true,
      "source_url": "",
      "license_details": {
       "name": "",
       "url": ""
      },
      "outcome": "detection",
      "created_timestamp": "2025-04-08T00:00:00Z",
      "modified_timestamp": "0001-01-01T00:00:00Z"
     },
     {
      "id": "d50ffcbb-d114-49e2-aa0b-db9ce29b3b9e",
      "name": "Cisco - ISE - Command Execution on New or IP-Changed Network Device",
      "description": "This rule detects when Cisco Identity Services Engine (ISE) authorizes commands on network devices that are either newly added to the environment or appear with an IP address different from their established baseline. Since network infrastructure typically uses static addressing, IP changes may indicate configuration tampering, unauthorized infrastructure modification, or network infrastructure compromise. The rule maintains a 7-day baseline of device-to-IP mappings for comparison.\n",
      "origin": "CrowdStrike",
      "severity": 50,
      "recommended": true,
      "query": "// Create a 7-day baseline of network device hostnames to IP address associations based on device administration events\ndefineTable(\n    name=\"baseline_ise_device_hostname_to_ip_address_mapping\",\n    start=7d,\n    end=1h, // 'end' parameter must match the search time window specified during rule creation. Update this parameter if using a non-default search window.\n    query={\n        #Vendor=\"cisco\" #event.module=\"ise\" #event.dataset=\"ise.log\" #repo!=\"xdr_*\"\n        | #event.kind=\"event\" #event.outcome=\"success\"\n        | event.action=\"device-administration\"\n        | Vendor.log.message.description=\"Device-Administration: Command Authorization succeeded\"\n        | groupBy([Vendor.NetworkDeviceName, server.ip])\n    }, \n    include=[*]\n)\n// Main query\n| #Vendor=\"cisco\" #event.module=\"ise\" #event.dataset=\"ise.log\" #repo!=\"xdr_*\"\n| #event.kind=\"event\" #event.outcome=\"success\"\n| event.action=\"device-administration\"\n| Vendor.log.message.description=\"Device-Administration: Command Authorization succeeded\"\n// Compare current hostname-IP pairs against baseline to detect changes\n| NOT match(file=\"baseline_ise_device_hostname_to_ip_address_mapping\", field=[Vendor.NetworkDeviceName, server.ip])\n| groupBy([log.syslog.hostname, host.ip[0], event.action, Vendor.log.message.description, \"Vendor.Privilege-Level\", Vendor.NetworkDeviceName, server.ip], function=collect([user.name, \"Vendor.Remote-Address\", network.protocol, Vendor.Service, \"Vendor.Service-Argument\", Vendor.CmdSet, Vendor.MatchedCommandSet]))\n| ipLocation(\"Vendor.Remote-Address\")\n| asn(\"Vendor.Remote-Address\")\n",
      "search_window_start": "-60m",
      "search_window_end": "0m",
      "schedule": "1h",
      "author": "CrowdStrike",
      "sigma_author": "",
      "category": "",
      "license": "",
      "tactic": "TA0042",
      "technique": "T1584",
      "mitre_attack": [
       {
        "tactic_id": "TA0042",
        "technique_id": "T1584"
       }
      ],
      "vendor": "Cisco",
      "vendors": [
       "Cisco"
      ],
      "product": "",
      "tags": "",
      "active": true,
      "source_url": "",
      "license_details": {
       "name": "",
       "url": ""
      },
      "outcome": "detection",
      "created_timestamp": "2025-04-15T00:00:00Z",
      "modified_timestamp": "0001-01-01T00:00:00Z"
     },
     {
      "id": "8e1add1a-c68c-4213-ae18-8a66261ec504",
      "name": "Cisco - ISE - Network Device Command with Highest Privilege Level from Unexpected Source IP",
      "description": "This rule detects when Cisco ISE authorizes privilege level 15 (highest) commands on network devices from previously unseen source IP addresses. The detection uses a 7-day baseline of source IPs. A new source IP address executing privileged commands could indicate unauthorized access to network devices, compromised administrative credentials being used from new locations, or lateral movement attempts within the network.\n",
      "origin": "CrowdStrike",
      "severity": 50,
      "recommended": true,
      "query": "// Create a 7-day baseline of source IP addresses authorized to execute privilege level 15 commands on network devices\ndefineTable(\n    name=\"baseline_ise_priv15_sources\",\n    start=7d,\n    end=1h, // 'end' parameter must match the search time window specified during rule creation. Update this parameter if using a non-default search window.\n    query={\n        #Vendor=\"cisco\" #event.module=\"ise\" #event.dataset=\"ise.log\" #repo!=\"xdr_*\"\n        | #event.kind=\"event\" #event.outcome=\"success\"\n        | event.action=\"device-administration\"\n        | \"Vendor.Privilege-Level\"=15\n        | Vendor.log.message.description=\"Device-Administration: Command Authorization succeeded\"\n        | groupBy(\"Vendor.Remote-Address\", limit=max, function=count(as=_commands_count))\n    }, \n    include=[*]\n)\n// Main query\n| #Vendor=\"cisco\" #event.module=\"ise\" #event.dataset=\"ise.log\" #repo!=\"xdr_*\"\n| #event.kind=\"event\" #event.outcome=\"success\"\n| event.action=\"device-administration\"\n| \"Vendor.Privilege-Level\"=15\n| Vendor.log.message.description=\"Device-Administration: Command Authorization succeeded\"\n// Match on a previously unseen source IP address executing commands on network devices with privilege level 15\n| NOT match(file=\"baseline_ise_priv15_sources\", field=[\"Vendor.Remote-Address\"])\n| groupBy([log.syslog.hostname, host.ip[0], event.action, Vendor.log.message.description, \"Vendor.Privilege-Level\", \"Vendor.Remote-Address\", server.ip, Vendor.NetworkDeviceName, network.protocol], function=collect([user.name, \"Vendor.Service-Argument\", Vendor.CmdSet, Vendor.MatchedCommandSet]))\n| ipLocation(\"Vendor.Remote-Address\")\n| asn(\"Vendor.Remote-Address\")\n",
      "search_window_start": "-60m",
      "search_window_end": "0m",
      "schedule": "1h",
      "author": "CrowdStrike",
      "sigma_author": "",
      "category": "",
      "license": "",
      "tactic": "TA0004",
      "technique": "T1548",
      "mitre_attack": [
       {
        "tactic_id": "TA0004",
        "technique_id": "T1548"
       }
      ],
      "vendor": "Cisco",
      "vendors": [
       "Cisco"
      ],
      "product": "",
      "tags": "",
      "active": true,
      "source_url": "",
      "license_details": {
       "name": "",
       "url": ""
      },
      "outcome": "detection",
      "created_timestamp": "2025-04-11T00:00:00Z",
      "modified_timestamp": "0001-01-01T00:00:00Z"
     },
     {
      "id": "fbca6cd7-a97d-40a8-baa0-fa332e17da34",
      "name": "Cisco - ASA - Management Interface Authentication from Public IP Address",
      "description": "This rule identifies authentication events to the Cisco ASA appliance from the Internet. An exposed management interface could lead to adversaries attempting to use credential stuffing or brute-force attacks to gain unauthorized access to the Cisco ASA appliance.\n",
      "origin": "CrowdStrike",
      "severity": 70,
      "recommended": true,
      "query": "#repo=\"cisco_asa\" #Vendor=\"cisco\" #event.module=\"asa\"\n| #event.kind=\"event\"\n| array:contains(\"event.category[]\", value=\"authentication\")\n| in(event.code, values=[605005, 611101])\n| case {\n    source.ip=* | !cidr(source.ip, subnet=[\"10.0.0.0/8\", \"172.16.0.0/12\", \"192.168.0.0/16\", \"fe80::/10\", \"169.254.0.0/16\"]) | ipLocation(source.ip);\n    client.ip=* | !cidr(client.ip, subnet=[\"10.0.0.0/8\", \"172.16.0.0/12\", \"192.168.0.0/16\", \"fe80::/10\", \"169.254.0.0/16\"]) | ipLocation(client.ip)\n}\n",
      "search_window_start": "-70m",
      "search_window_end": "-10m",
      "schedule": "1h",
      "author": "CrowdStrike",
      "sigma_author": "",
      "category": "",
      "license": "",
      "tactic": "TA0001",
      "technique": "T1078",
      "mitre_attack": [
       {
        "tactic_id": "TA0001",
        "technique_id": "T1078"
       }
      ],
      "vendor": "Cisco",
      "vendors": [
       "Cisco"
      ],
      "product": "",
      "tags": "",
      "active": true,
      "source_url": "",
      "license_details": {
       "name": "",
       "url": ""
      },
      "outcome": "detection",
      "created_timestamp": "2024-10-28T00:00:00Z",
      "modified_timestamp": "0001-01-01T00:00:00Z"
     },
     {
      "id": "aa425e31-2a25-4cba-aeb5-21d652f05bec",
      "name": "Generic - Network - RPC Traffic from the Internet",
      "description": "Identifies network events associated with RPC (Remote Procedure Call) traffic from the Internet. This is suspicious network activity because RPC should never be exposed to the Internet as it is often exploited by threat actors for initial access.\n",
      "origin": "CrowdStrike",
      "severity": 70,
      "recommended": true,
      "query": "#repo!=\"xdr_*\"\n| #Vendor =~ in(values=[\"akamai\",\"aws\",\"cisco\",\"corelight\",\"extrahop\",\"fortinet\",\"microsoft\",\"nozomi\",\"paloalto\",\"zscaler\"])\n| #event.kind=\"event\" \n| array:contains(\"event.category[]\", value=\"network\")\n| network.transport=\"tcp\" destination.port=135\n| cidr(destination.ip, subnet=[\"10.0.0.0/8\", \"172.16.0.0/12\", \"192.168.0.0/16\"])\n| NOT cidr(source.ip, subnet=[\"127.0.0.0/8\", \"10.0.0.0/8\", \"172.16.0.0/12\", \"192.168.0.0/16\", \"::1\"])\n",
      "search_window_start": "-70m",
      "search_window_end": "-10m",
      "schedule": "1h",
      "author": "CrowdStrike",
      "sigma_author": "",
      "category": "",
      "license": "",
      "tactic": "TA0001",
      "technique": "T1190",
      "mitre_attack": [
       {
        "tactic_id": "TA0001",
        "technique_id": "T1190"
       }
      ],
      "vendor": "Akamai",
      "vendors": [
       "Akamai",
       "AWS",
       "Cisco",
       "Corelight",
       "ExtraHop",
       "Fortinet",
       "Microsoft",
       "Nozomi Networks",
       "Palo Alto Networks",
       "Zscaler"
      ],
      "product": "",
      "tags": "",
      "active": true,
      "source_url": "",
      "license_details": {
       "name": "",
       "url": ""
      },
      "outcome": "detection",
      "created_timestamp": "2023-11-23T00:00:00Z",
      "modified_timestamp": "2024-10-22T00:00:00Z"
     },
     {
      "id": "2846a0b8-5355-4996-b9be-0c3d9369bd6d",
      "name": "Generic - Network - Suspicious Outbound LDAP Connection",
      "description": "This rule identifies internal IP addresses making LDAP requests to external addresses that exist in CrowdStrike's Threat Intelligence Feed.\n",
      "origin": "CrowdStrike",
      "severity": 70,
      "recommended": true,
      "query": "#repo!=\"xdr_*\" \n| #Vendor =~ in(values=[\"akamai\",\"aws\",\"cisco\",\"corelight\",\"extrahop\",\"fortinet\",\"aruba\",\"microsoft\",\"netskope\",\"nozomi\",\"paloalto\",\"radware\",\"zscaler\"])\n| #event.kind=\"event\"\n| array:contains(array=\"event.category[]\", value=\"network\")\n| destination.port =~ in(values=[\"389\", \"636\", \"3268\"])\n| cidr(source.ip, subnet=[\"10.0.0.0/8\", \"172.16.0.0/12\", \"192.168.0.0/16\", \"fe80::/10\", \"169.254.0.0/16\"])\n| !cidr(destination.ip, subnet=[\"10.0.0.0/8\", \"172.16.0.0/12\", \"192.168.0.0/16\", \"fe80::/10\", \"169.254.0.0/16\"])\n| ioc:lookup(field=[destination.ip],type=\"ip_address\",confidenceThreshold=\"unverified\")\n| ioc.detected=\"true\"\n",
      "search_window_start": "-70m",
      "search_window_end": "-10m",
      "schedule": "1h",
      "author": "CrowdStrike",
      "sigma_author": "",
      "category": "",
      "license": "",
      "tactic": "TA0001",
      "technique": "T1190",
      "mitre_attack": [
       {
        "tactic_id": "TA0001",
        "technique_id": "T1190"
       }
      ],
      "vendor": "Akamai",
      "vendors": [
       "Akamai",
       "AWS",
       "Cisco",
       "Corelight",
       "ExtraHop",
       "Fortinet",
       "HPE Aruba Networking",
       "Microsoft",
       "Netskope",
       "Nozomi Networks",
       "Palo Alto Networks",
       "Radware",
       "Zscaler"
      ],
      "product": "",
      "tags": "",
      "active": true,
      "source_url": "",
      "license_details": {
       "name": "",
       "url": ""
      },
      "outcome": "detection",
      "created_timestamp": "2024-10-10T00:00:00Z",
      "modified_timestamp": "2024-10-22T00:00:00Z"
     },
     {
      "id": "232f01ce-0f80-4f56-aa69-1b003890d3e7",
      "name": "Generic - Web - URL IOC Match",
      "description": "This rule identifies web-related events where the URL is flagged by CrowdStrike's threat intelligence feed, which may indicate malicious activity. By default, the rule uses IOCs with a confidence level of 'high'. You can adjust the lowest level of confidence for IOCs to consider, as necessary.\n",
      "origin": "CrowdStrike",
      "severity": 70,
      "recommended": true,
      "query": "#repo!=xdr_*\n| #Vendor =~ in(values=[\"akamai\",\"cisco\",\"cloudflare\",\"extrahop\",\"aruba\",\"microsoft\",\"netskope\",\"nozomi\",\"paloalto\",\"pingidentity\",\"qualys\",\"radware\",\"zscaler\"])\n| #event.kind=\"event\"\n| array:contains(\"event.category[]\", value=\"network\")\n| case {\n    url.original=\"http*\" | ioc:lookup(url.original, type=\"url\", confidenceThreshold=high, strict=true);\n    url.full=\"http*\" | ioc:lookup(url.full, type=\"url\", confidenceThreshold=high, strict=true)\n}\n",
      "search_window_start": "-70m",
      "search_window_end": "-10m",
      "schedule": "1h",
      "author": "CrowdStrike",
      "sigma_author": "",
      "category": "",
      "license": "",
      "tactic": "TA0011",
      "technique": "T1071.001",
      "mitre_attack": [
       {
        "tactic_id": "TA0011",
        "technique_id": "T1071.001"
       }
      ],
      "vendor": "Akamai",
      "vendors": [
       "Akamai",
       "Cisco",
       "Cloudflare",
       "ExtraHop",
       "HPE Aruba Networking",
       "Microsoft",
       "Netskope",
       "Nozomi Networks",
       "Palo Alto Networks",
       "Ping Identity",
       "Qualys",
       "Radware",
       "Zscaler"
      ],
      "product": "",
      "tags": "",
      "active": true,
      "source_url": "",
      "license_details": {
       "name": "",
       "url": ""
      },
      "outcome": "detection",
      "created_timestamp": "2024-10-25T00:00:00Z",
      "modified_timestamp": "0001-01-01T00:00:00Z"
     },
     {
      "id": "7b572e89-685f-4fdb-bf8c-73b040d87e40",
      "name": "Generic - Network - IP Address IOC Match",
      "description": "This rule identifies network traffic involving suspicious IP addresses by using a lookup in CrowdStrike's database of IOCs. The rule considers IOCs with a confidence level of 'unverified' or higher. Note that the confidence level threshold can be adjusted as necessary. For more information about the ioc:lookup() function, see https://library.humio.com/data-analysis/functions-ioc-lookup.html.\n",
      "origin": "CrowdStrike",
      "severity": 50,
      "recommended": true,
      "query": "#repo!=\"xdr_*\"\n| #Vendor =~ in(values=[\"akamai\",\"arista\",\"aws\",\"cisco\",\"cloudflare\",\"corelight\",\"extrahop\",\"fortinet\",\"aruba\",\"linux\",\"microsoft\",\"netskope\",\"nozomi\",\"paloalto\",\"radware\",\"skyhigh\",\"vectra\",\"zscaler\"])\n| #event.kind=\"event\" \n| array:contains(array=\"event.category[]\", value=\"network\")\n| coalesce([source.ip, client.ip, related.ip, \"EMPTY\"], as=\"ip_coalesce_source\")\n| coalesce([destination.ip, server.ip, \"EMPTY\"], as=\"ip_coalesce_destination\")\n| case {\n    ip_coalesce_source!=\"EMPTY\"\n        | !cidr(ip_coalesce_source, subnet=[\"10.0.0.0/8\", \"172.16.0.0/12\", \"192.168.0.0/16\", \"127.0.0.0/8\"])\n        | case {\n            ip_coalesce_destination=\"EMPTY\";\n            cidr(ip_coalesce_destination, subnet=[\"10.0.0.0/8\", \"172.16.0.0/12\", \"192.168.0.0/16\", \"127.0.0.0/8\"]);\n        }\n        | ip_of_interest := ip_coalesce_source;\n    ip_coalesce_destination!=\"EMPTY\"\n      | !cidr(ip_coalesce_destination, subnet=[\"10.0.0.0/8\", \"172.16.0.0/12\", \"192.168.0.0/16\", \"127.0.0.0/8\"])\n      | case {\n          ip_coalesce_source=\"EMPTY\";\n            cidr(ip_coalesce_source, subnet=[\"10.0.0.0/8\", \"172.16.0.0/12\", \"192.168.0.0/16\", \"127.0.0.0/8\"]);\n        }\n        | ip_of_interest := ip_coalesce_destination;\n}\n| groupBy([ip_of_interest], function=collect([#Vendor,#event.module, ip_coalesce_source, ip_coalesce_destination]))\n| ioc:lookup(field=ip_of_interest, type=\"ip_address\", confidenceThreshold=\"unverified\", strict=\"true\")\n",
      "search_window_start": "-70m",
      "search_window_end": "-10m",
      "schedule": "1h",
      "author": "CrowdStrike",
      "sigma_author": "",
      "category": "",
      "license": "",
      "tactic": "",
      "technique": "",
      "mitre_attack": [],
      "vendor": "Akamai",
      "vendors": [
       "Akamai",
       "Arista Networks",
       "AWS",
       "Cisco",
       "Cloudflare",
       "Corelight",
       "ExtraHop",
       "Fortinet",
       "HPE Aruba Networking",
       "Linux",
       "Microsoft",
       "Netskope",
       "Nozomi Networks",
       "Palo Alto Networks",
       "Radware",
       "Skyhigh",
       "Vectra AI",
       "Zscaler"
      ],
      "product": "",
      "tags": "",
      "active": true,
      "source_url": "",
      "license_details": {
       "name": "",
       "url": ""
      },
      "outcome": "detection",
      "created_timestamp": "2024-10-25T00:00:00Z",
      "modified_timestamp": "0001-01-01T00:00:00Z"
     },
     {
      "id": "82282b78-3df0-4609-a62f-af37eef2cdd0",
      "name": "Cisco - ASA - Identity Provider Added or Removed",
      "description": "This rule detects the addition or removal of SAML 2.0-based Identity Providers (IdPs) to Cisco ASA devices for VPN access authentication. \nAdding or removing IdPs can significantly impact the authentication framework, potentially leading to risks such as: unintended access due to misconfigured SAML attributes, unauthorized VPN access resulting from improperly configured trust relationships, and disruption of legitimate user access when IdP removal is not properly coordinated.\n",
      "origin": "CrowdStrike",
      "severity": 70,
      "recommended": true,
      "query": "#Vendor=\"cisco\" #event.module=\"asa\" #repo!=\"xdr_*\"\n| #event.kind=\"event\"\n| case {\n    event.code=\"716053\"; // SAML IdP added\n    event.code=\"716054\"; // SAML IdP removed\n}\n",
      "search_window_start": "-70m",
      "search_window_end": "-10m",
      "schedule": "1h",
      "author": "CrowdStrike",
      "sigma_author": "",
      "category": "",
      "license": "",
      "tactic": "TA0003",
      "technique": "T1556",
      "mitre_attack": [
       {
        "tactic_id": "TA0003",
        "technique_id": "T1556"
       }
      ],
      "vendor": "Cisco",
      "vendors": [
       "Cisco"
      ],
      "product": "",
      "tags": "",
      "active": true,
      "source_url": "",
      "license_details": {
       "name": "",
       "url": ""
      },
      "outcome": "detection",
      "created_timestamp": "2025-03-13T00:00:00Z",
      "modified_timestamp": "0001-01-01T00:00:00Z"
     },
     {
      "id": "0dc1c8a8-62e6-4739-b063-4b2933cb9d79",
      "name": "Cisco - ASA - Break Glass Account Usage",
      "description": "This rule detects the usage of the Cisco ASA break glass account, which is an emergency access account typically reserved for critical situations or disaster recovery testing. Given the highly privileged nature of this account and its potential for single-factor authentication, any use of it warrants immediate attention and investigation. \nTo minimize false positives and distinguish this activity from routine privileged operations, it is recommended that the break glass account be given a unique, identifiable name. Adding the break glass account to the logic of this rule is required for the rule to work as intended.\n",
      "origin": "CrowdStrike",
      "severity": 90,
      "recommended": true,
      "query": "#Vendor=\"cisco\" #event.module=\"asa\"\n| #event.kind=\"event\" #event.outcome=\"success\"\n| array:contains(array=\"event.category[]\", value=\"authentication\")\n// A user was authenticated successfully, and a management session started\n| event.code=605005\n// Enter break-glass accounts below \n| user.name =~ in(values=[\"BREAK_GLASS_ACCOUNT_1\", \"BREAK_GLASS_ACCOUNT_2\"])\n| case {\n    source.ip=* \n    | source.ip =~ NOT cidr(subnet=[\"10.0.0.0/8\", \"172.16.0.0/12\", \"192.168.0.0/16\", \"fe80::/10\", \"169.254.0.0/16\"]) \n    | ipLocation(source.ip)\n    | asn(source.ip);\n    *\n}\n",
      "search_window_start": "-70m",
      "search_window_end": "-10m",
      "schedule": "1h",
      "author": "CrowdStrike",
      "sigma_author": "",
      "category": "",
      "license": "",
      "tactic": "TA0004",
      "technique": "T1078.003",
      "mitre_attack": [
       {
        "tactic_id": "TA0004",
        "technique_id": "T1078.003"
       }
      ],
      "vendor": "Cisco",
      "vendors": [
       "Cisco"
      ],
      "product": "",
      "tags": "",
      "active": true,
      "source_url": "",
      "license_details": {
       "name": "",
       "url": ""
      },
      "outcome": "detection",
      "created_timestamp": "2025-02-13T00:00:00Z",
      "modified_timestamp": "0001-01-01T00:00:00Z"
     },
     {
      "id": "ef955d8b-83a3-49e5-ab20-27b5e6ac6678",
      "name": "Cisco - ASA - Token Created",
      "description": "This rule detects token creation for programmatic access to Cisco ASA's REST API. Since Cisco ASA doesn't generate a dedicated syslog message for token creation, this detection correlates trust-point selection for REST API (event 725016) with successful management session establishment (event 605005) from the same source within the same minute. This correlation reflects the REST API authentication process where a client sends a POST request to '/api/tokenservices' with basic authentication to obtain a token. While token creation is common for legitimate automated processes and API interactions, unexpected token generation could indicate unauthorized access attempts or compromise of API credentials.\n",
      "origin": "CrowdStrike",
      "severity": 30,
      "recommended": true,
      "query": "#Vendor=\"cisco\" #event.module=\"asa\" #repo!=\"xdr_*\"\n| case {\n    // Trust-point selection for REST API\n    event.code=725016 message=/^Device selects trust-point RESTAPI for client/ \n        | regex(field=message, \"Device selects trust-point RESTAPI for client \\w+:(?\u003csource.ip\u003e(\\d{1,3}\\.){3}\\d{1,3})/(?\u003csource.port\u003e\\d+) \");\n    // Management session started\n    event.code=605005\n}\n| selfJoinFilter([log.syslog.hostname, source.ip, source.port],\n    where=[\n        { event.code=725016 },\n        { event.code=605005 }\n    ], prefilter=true\n)\n| minutes_time_bucket := formatTime(\"%Y/%m/%d %H:%M\", field=@timestamp, locale=en_US, timezone=Z)\n| groupBy([log.syslog.hostname, source.ip, source.port, minutes_time_bucket],\n    function=[\n        collect([user.name, message]),\n        count(event.code, distinct=true, as=_distinct_events)\n    ]\n)\n| _distinct_events=2\n",
      "search_window_start": "-70m",
      "search_window_end": "-10m",
      "schedule": "1h",
      "author": "CrowdStrike",
      "sigma_author": "",
      "category": "",
      "license": "",
      "tactic": "TA0008",
      "technique": "T1550.001",
      "mitre_attack": [
       {
        "tactic_id": "TA0008",
        "technique_id": "T1550.001"
       }
      ],
      "vendor": "Cisco",
      "vendors": [
       "Cisco"
      ],
      "product": "",
      "tags": "",
      "active": true,
      "source_url": "",
      "license_details": {
       "name": "",
       "url": ""
      },
      "outcome": "detection",
      "created_timestamp": "2025-03-21T00:00:00Z",
      "modified_timestamp": "0001-01-01T00:00:00Z"
     },
     {
      "id": "9710b3e9-3e75-4bbf-9908-9ca3de8fdec0",
      "name": "Cisco - ASA - Successful IPsec/WebVPN Authentication After Multiple Failed Attempts",
      "description": "This rule detects when a Cisco ASA end-user successfully authenticates to IPsec or WebVPN services after experiencing multiple failed authentication attempts (default is 10), all occurring within a short time frame (default is a 15-minute window). This pattern could indicate unauthorized access attempts through password guessing or brute force attacks targeting VPN access. The thresholds for failed VPN authentication attempts and time window can be adjusted based on your organization's typical authentication patterns, security policies, and risk tolerance to minimize false positives while maintaining effective detection of potential unauthorized access attempts.\nPrerequisites:\n- Username logging configuration: Ensure Cisco ASA command 'no logging hide username' is configured, as usernames must be visible in syslog messages.\n- Device identification: Cisco ASA command 'logging device-id' with appropriate options adds device identifier to syslog messages. If not configured, rule will correlate authentication attempts across all ASA devices for the same username, which may lead to false positives in multi-device environments.\n",
      "origin": "CrowdStrike",
      "severity": 50,
      "recommended": true,
      "query": "#Vendor=\"cisco\" #event.module=\"asa\" #repo!=\"xdr_*\"\n| #event.kind=\"event\"\n| array:contains(\"event.category[]\", value=\"authentication\")\n// Filters Cisco ASA IPsec/WebVPN authentication events\n| case {\n    event.code=113004 message=/^AAA user authentication Successful/; // Successful user authentication\n    event.code=113005; // Failed user authentication \n}\n| ipLocation(source.ip)\n| asn(source.ip)\n| user.name := lower(user.name)\n| groupBy([user.name, log.syslog.hostname],\n    function=[\n        series(\n            collect=[#event.outcome], \n            endmatch={ #event.outcome=\"success\" },\n            // maxduration is used to set the time window to detect pattern of failed authentications followed by success\n            // Adjust this value based on your security requirements (default: 15 minutes)\n            maxduration=15m,\n            memlimit=1KiB\n        ), \n        collect([event.reason, source.ip, source.ip.org, source.ip.country, source.ip.state, source.ip.city]),\n        // Calculate total success/failure counts over the rule's search time window for additional context in alert output\n        { #event.outcome=\"failure\" | count(as=\"_fail_count\") },\n        { #event.outcome=\"success\" | count(as=\"_success_count\") }\n    ],\n    limit=max\n)\n// The condition below matches when there are at least 10 consecutive failed authentication attempts followed by a successful one\n// Adjust threshold based on your environment's security requirements\n| #event.outcome=/(?:failure\\n){10,}success/\n| drop([_duration, #event.outcome])\n",
      "search_window_start": "-70m",
      "search_window_end": "-10m",
      "schedule": "1h",
      "author": "CrowdStrike",
      "sigma_author": "",
      "category": "",
      "license": "",
      "tactic": "TA0006",
      "technique": "T1110.001",
      "mitre_attack": [
       {
        "tactic_id": "TA0006",
        "technique_id": "T1110.001"
       }
      ],
      "vendor": "Cisco",
      "vendors": [
       "Cisco"
      ],
      "product": "",
      "tags": "",
      "active": true,
      "source_url": "",
      "license_details": {
       "name": "",
       "url": ""
      },
      "outcome": "detection",
      "created_timestamp": "2025-03-25T00:00:00Z",
      "modified_timestamp": "0001-01-01T00:00:00Z"
     },
     {
      "id": "ccc231fa-dc83-4e1d-90d6-c395a8ad1c9d",
      "name": "Cisco - ASA - Successful Management Authentication After Multiple Failed Attempts",
      "description": "This rule detects when a user successfully authenticates to Cisco ASA management interfaces after experiencing multiple failed authentication attempts (default is 10), all occurring within a short time frame (default is a 15-minute window). This pattern could indicate unauthorized access attempts through password guessing or brute force attacks targeting ASA management access. The thresholds for failed attempts and time window can be adjusted based on your organization's typical authentication patterns, security policies, and risk tolerance to minimize false positives while maintaining effective detection of potential unauthorized access attempts.\nPrerequisites:\n- Username logging configuration: Ensure Cisco ASA command 'no logging hide username' is configured, as usernames must be visible in syslog messages.\n- Device identification: Cisco ASA command 'logging device-id' with appropriate options adds device identifier to syslog messages. If not configured, rule will correlate authentication attempts across all ASA devices for the same username, which may lead to false positives in multi-device environments.\n",
      "origin": "CrowdStrike",
      "severity": 50,
      "recommended": true,
      "query": "#Vendor=\"cisco\" #event.module=\"asa\" #repo!=\"xdr_*\"\n| #event.kind=\"event\"\n| array:contains(\"event.category[]\", value=\"authentication\")\n// Filter for user authentication succeeded (611101) and failed (611102) events when accessing the Cisco ASA\n| event.code =~ in(values=[611101, 611102])\n| ipLocation(source.ip)\n| asn(source.ip)\n| user.name := lower(user.name)\n| groupBy([user.name, log.syslog.hostname],\n    function=[\n        series(\n            collect=[#event.outcome], \n            endmatch={ #event.outcome=\"success\" },\n            // maxduration is used to set the time window to detect pattern of failed authentications followed by success\n            // Adjust this value based on your security requirements (default: 15 minutes)\n            maxduration=15m,\n            memlimit=1KiB\n        ), \n        collect([source.ip, source.ip.org, source.ip.country, source.ip.state, source.ip.city]),\n        // Calculate total success/failure counts over the rule's search time window for additional context in alert output\n        { #event.outcome=\"failure\" | count(as=\"_fail_count\") },\n        { #event.outcome=\"success\" | count(as=\"_success_count\") }\n    ]\n)\n// The condition below matches when there are at least 10 consecutive failed authentication attempts followed by a successful one\n// Adjust threshold based on your environment's security requirements\n| #event.outcome=/(?:failure\\n){10,}success/\n| drop([_duration, #event.outcome])\n",
      "search_window_start": "-70m",
      "search_window_end": "-10m",
      "schedule": "1h",
      "author": "CrowdStrike",
      "sigma_author": "",
      "category": "",
      "license": "",
      "tactic": "TA0006",
      "technique": "T1110.001",
      "mitre_attack": [
       {
        "tactic_id": "TA0006",
        "technique_id": "T1110.001"
       }
      ],
      "vendor": "Cisco",
      "vendors": [
       "Cisco"
      ],
      "product": "",
      "tags": "",
      "active": true,
      "source_url": "",
      "license_details": {
       "name": "",
       "url": ""
      },
      "outcome": "detection",
      "created_timestamp": "2025-03-25T00:00:00Z",
      "modified_timestamp": "0001-01-01T00:00:00Z"
     },
     {
      "id": "5fda54d6-fc7a-47c4-826a-96e1ee9d06d0",
      "name": "Cisco - IOS - Successful Login from Malicious IP Address",
      "description": "This rule detects successful login events to the management console of Cisco IOS originating from IP addresses flagged as malicious by CrowdStrike's threat intelligence feed. By default, the rule uses IOCs with confidence levels of 'medium' or 'high'. For more information about 'ioc:lookup' function, see https://library.humio.com/data-analysis/functions-ioc-lookup.html.\nThis rule helps identify potential account compromises and unauthorized access from known adversarial infrastructure.\n",
      "origin": "CrowdStrike",
      "severity": 70,
      "recommended": true,
      "query": "#Vendor=\"cisco\" #event.module=\"ios\" #event.dataset=\"ios.sec_login\" #repo!=\"xdr_*\"\n| #event.kind=\"event\" #event.outcome=\"success\"\n| Vendor.ios.action=\"Login\"\n// Check source IP against threat intel with medium+ confidence\n| ioc:lookup(field=\"source.ip\", type=\"ip_address\", confidenceThreshold=\"medium\", strict=true)\n// Enrich with ASN and location data\n| asn(source.ip)\n| ipLocation(source.ip)\n",
      "search_window_start": "-70m",
      "search_window_end": "-10m",
      "schedule": "1h",
      "author": "CrowdStrike",
      "sigma_author": "",
      "category": "",
      "license": "",
      "tactic": "TA0001",
      "technique": "T1078",
      "mitre_attack": [
       {
        "tactic_id": "TA0001",
        "technique_id": "T1078"
       }
      ],
      "vendor": "Cisco",
      "vendors": [
       "Cisco"
      ],
      "product": "",
      "tags": "",
      "active": true,
      "source_url": "",
      "license_details": {
       "name": "",
       "url": ""
      },
      "outcome": "detection",
      "created_timestamp": "2025-04-02T00:00:00Z",
      "modified_timestamp": "0001-01-01T00:00:00Z"
     }
    ]
   }