{
    "meta": {
     "query_time": 0.055219723,
     "powered_by": "svc-cscrrulestemplates",
     "trace_id": "9654b79ed6a5f89320497de4ba371ca0"
    },
    "errors": [],
    "resources": [
     {
      "id": "b9b3ff52-d2fd-4b27-9777-834201264609",
      "name": "Cisco - ASA - Built-in Threat Detection Events Observed",
      "description": "This rule detects various threat events from Cisco ASA Threat Detection engine including:\n  - Network scanning activities [%ASA-4-733101]\n  - Hosts being automatically shunned [%ASA-4-733102]\n  - SYN flood attacks detected by TCP Intercept [%ASA-4-733104, %ASA-4-733105]\n  - Excessive remote access connection attempts [%ASA-4-733201]\nThese events indicate potential malicious activity that triggered Cisco ASA's built-in protection mechanisms.\nEven though Cisco ASA is protecting against these attacks, this rule can be useful for attack pattern analysis or threat intelligence.\n",
      "origin": "CrowdStrike",
      "severity": 30,
      "recommended": true,
      "query": "#Vendor=\"cisco\" #event.module=\"asa\" #event.kind=\"event\" #repo!=\"xdr_*\"\n/*\n    733101: Scanning threat detection\n        Shows either target host/subnet being scanned or attacker IP performing scan\n    733102: Host shunning by threat detection\n        Shows IP address being added to shun list\n        Occurs when threat-detection scanning-threat shun-host command is configured\n    733104/733105: TCP Intercept protecting against SYN flood\n        733104: Average rate exceeded threshold\n        733105: Burst rate exceeded threshold\n        Shows which server is under attack and where the attacks are coming from\n    733201: Excessive remote access initiation requests\n        Shows peer IP being shunned\n        Applies to: IKEv2 and SSL connection requests\n*/\n| in(field=\"event.code\", values=[733101, 733102, 733104, 733105, 733201])\n",
      "search_window_start": "-70m",
      "search_window_end": "-10m",
      "schedule": "1h",
      "author": "CrowdStrike",
      "sigma_author": "",
      "category": "",
      "license": "",
      "tactic": "TA0007",
      "technique": "T1046",
      "mitre_attack": [
       {
        "tactic_id": "TA0007",
        "technique_id": "T1046"
       }
      ],
      "vendor": "Cisco",
      "vendors": [
       "Cisco"
      ],
      "product": "",
      "tags": "",
      "active": true,
      "source_url": "",
      "license_details": {
       "name": "",
       "url": ""
      },
      "outcome": "detection",
      "created_timestamp": "2025-04-02T00:00:00Z",
      "modified_timestamp": "0001-01-01T00:00:00Z"
     },
     {
      "id": "57c8a7fc-329d-4e30-9db7-72b865bae333",
      "name": "Cisco - ASA - Logging Buffers Cleared",
      "description": "This rule detects the use of high-privilege commands that clear logging buffers on a Cisco ASA device. The logging buffers maintain critical records of system activities, security events, and user actions within the Cisco ASA environment. The deliberate clearing of these buffers is a serious security concern as it can indicate an attempt to cover up malicious activities, unauthorized access, or other suspicious behavior. The detection of such actions enables security teams to promptly investigate the circumstances surrounding the event, identify potential security breaches, and take appropriate remedial actions.\n",
      "origin": "CrowdStrike",
      "severity": 70,
      "recommended": true,
      "query": "#Vendor=\"cisco\" #event.module=\"asa\" #repo!=\"xdr_*\"\n| #event.kind=\"event\"\n// A user made a configuration change\n| event.code=111010 \n// Match commands that clear either internal logging buffer or ASDM buffer\n| process.command_line=/clear logging (?:buffer|asdm)/i\n",
      "search_window_start": "-70m",
      "search_window_end": "-10m",
      "schedule": "1h",
      "author": "CrowdStrike",
      "sigma_author": "",
      "category": "",
      "license": "",
      "tactic": "TA0005",
      "technique": "T1562.006",
      "mitre_attack": [
       {
        "tactic_id": "TA0005",
        "technique_id": "T1562.006"
       }
      ],
      "vendor": "Cisco",
      "vendors": [
       "Cisco"
      ],
      "product": "",
      "tags": "",
      "active": true,
      "source_url": "",
      "license_details": {
       "name": "",
       "url": ""
      },
      "outcome": "detection",
      "created_timestamp": "2025-03-13T00:00:00Z",
      "modified_timestamp": "0001-01-01T00:00:00Z"
     },
     {
      "id": "358e7caf-27d2-41a5-bdb4-317143646a01",
      "name": "Cisco - ASA - Potential Successful Password Spray Attack",
      "description": "This rule detects potential password spraying attacks against Cisco ASA user accounts by identifying the following pattern within a 1-hour window:\nDetection Criteria:\n  - More than 1000 failed authentication attempts\n  - More than 90% failure rate\n  - At least one successful authentication\n  - Multiple source IPs from the same AS\n  - More than 50 unique usernames   \nPrerequisites:\n  - Username logging configuration: Ensure Cisco ASA command 'no logging hide username' is configured, as usernames must be visible in syslog messages.\n  - Device identification: Cisco ASA command 'logging device-id' with appropriate options adds device identifier to syslog messages. If not configured, rule will correlate authentication attempts by Autonomous System (AS) only.\nNOTE: Activity is clustered by AS and Cisco ASA device as adversaries might be using different IP addresses to execute the attack and try to evade traditional brute force protection.\n",
      "origin": "CrowdStrike",
      "severity": 70,
      "recommended": true,
      "query": "#Vendor=\"cisco\" #event.module=\"asa\" #repo!=\"xdr_*\"\n| #event.kind=\"event\"\n| array:contains(\"event.category[]\", value=\"authentication\")\n| case {\n    event.code=611101; // User authentication succeeded when accessing the Cisco ASA\n    event.code=611102; // User authentication failed when attempting to access the Cisco ASA\n}\n| source.ip =~ !cidr(subnet=[\"10.0.0.0/8\",\"172.16.0.0/12\",\"192.168.0.0/16\"])\n| ipLocation(source.ip)\n| asn(source.ip)\n| user.name := lower(user.name)\n| source.ip.org=* log.syslog.hostname=*\n| groupBy(field=[source.ip.org, log.syslog.hostname], \n    function=[\n        { #event.outcome=\"success\" | count(as=\"_success_count\") }, \n        { #event.outcome=\"failure\" | count(as=\"_failure_count\") },\n        count(as=\"_total\"), \n        count(source.ip, as=\"_source_ip_count\", distinct=\"true\"),\n        count(user.name, as=\"_user_count\", distinct=\"true\"),\n        collect([source.ip.country, user.name])\n    ]\n)\n| _percent_fail := _failure_count/_total*100\n| _percent_success := _success_count/_total*100\n// Adjust thresholds as needed  \n| _percent_fail \u003e 90\n| _percent_success \u003e 0\n| _user_count \u003e 50\n| _source_ip_count \u003e 1\n| _failure_count \u003e 1000\n",
      "search_window_start": "-70m",
      "search_window_end": "-10m",
      "schedule": "1h",
      "author": "CrowdStrike",
      "sigma_author": "",
      "category": "",
      "license": "",
      "tactic": "TA0006",
      "technique": "T1110.003",
      "mitre_attack": [
       {
        "tactic_id": "TA0006",
        "technique_id": "T1110.003"
       }
      ],
      "vendor": "Cisco",
      "vendors": [
       "Cisco"
      ],
      "product": "",
      "tags": "",
      "active": true,
      "source_url": "",
      "license_details": {
       "name": "",
       "url": ""
      },
      "outcome": "detection",
      "created_timestamp": "2025-03-27T00:00:00Z",
      "modified_timestamp": "0001-01-01T00:00:00Z"
     },
     {
      "id": "bf3ddf6f-fb91-48fa-b340-1363a4f77300",
      "name": "Cisco - ISE - Multiple Dynamic Authorization Failures for Same Network Device",
      "description": "This rule detects multiple failed dynamic authorization attempts on Cisco ISE devices. It monitors various failure scenarios including RADIUS processing errors, network device timeouts, and authorization failures. Multiple failures related to the same network device could indicate potential security issues or network problems.\n",
      "origin": "CrowdStrike",
      "severity": 50,
      "recommended": true,
      "query": "#Vendor=\"cisco\" #event.module=\"ise\" #event.dataset=\"ise.log\" #repo!=\"xdr_*\"\n| #event.kind=\"event\" #event.outcome=\"failure\"\n// Event code 5417: Dynamic Authorization failed\n| Vendor.code=\"5417\" OR event.reason=\"5417*\"\n| groupBy([log.syslog.hostname, host.ip[0], Vendor.NetworkDeviceName, server.ip, Vendor.NetworkDeviceProfileName, Vendor.log.message.description, #event.outcome], \n    function=[\n        collect([event.reason, Vendor.CoAType, \"Vendor.Device CoA type\", Vendor.CoAReason, Vendor.CoASourceComponent]), \n        count()\n    ]\n)\n| _count \u003e 10\n",
      "search_window_start": "-70m",
      "search_window_end": "-10m",
      "schedule": "1h",
      "author": "CrowdStrike",
      "sigma_author": "",
      "category": "",
      "license": "",
      "tactic": "TA0001",
      "technique": "T1078",
      "mitre_attack": [
       {
        "tactic_id": "TA0001",
        "technique_id": "T1078"
       }
      ],
      "vendor": "Cisco",
      "vendors": [
       "Cisco"
      ],
      "product": "",
      "tags": "",
      "active": true,
      "source_url": "",
      "license_details": {
       "name": "",
       "url": ""
      },
      "outcome": "detection",
      "created_timestamp": "2025-04-17T00:00:00Z",
      "modified_timestamp": "0001-01-01T00:00:00Z"
     },
     {
      "id": "b9333ba6-b435-4e23-a5b8-619828b80d1f",
      "name": "Cisco - ISE - Network Device Command with Highest Privilege Level from Unexpected User",
      "description": "This rule detects potential privilege escalation when Cisco Identity Services Engine (ISE) authorizes privilege level 15 (highest administrative access) commands on network devices from previously unseen users. The rule compares current activity against a 7-day baseline of authorized administrative usernames. New users executing privilege level 15 commands may indicate unauthorized access to network infrastructure, compromised administrative credentials, creation of backdoor privileged accounts, or lateral movement through the network infrastructure.\nFalse positives may occur for example with break-glass accounts used only during incidents, new administrators without activity in the baseline period, or users with sporadic access patterns.\n",
      "origin": "CrowdStrike",
      "severity": 50,
      "recommended": true,
      "query": "// Create a 7-day baseline of users authorized to execute privilege level 15 commands on network devices\ndefineTable(\n    name=\"baseline_ise_priv15_users\",\n    start=7d,\n    end=1h, // 'end' parameter must match the search time window specified during rule creation. Update this parameter if using a non-default search window.\n    query={\n        #Vendor=\"cisco\" #event.module=\"ise\" #event.dataset=\"ise.log\" #repo!=\"xdr_*\"\n        | #event.kind=\"event\" #event.outcome=\"success\"\n        | event.action=\"device-administration\"\n        | \"Vendor.Privilege-Level\"=15\n        | Vendor.log.message.description=\"Device-Administration: Command Authorization succeeded\"\n        // TUNING: Uncomment and modify the line below to exclude known legitimate users that may trigger false positives (e.g. break-glass or emergency accounts)\n        // | user.name =~ NOT in(values=[\"legit_user_1\", \"legit_user_2\"])\n        | groupBy(user.name, limit=max, function=[])\n    }, \n    include=[*]\n)\n// Main query\n| #Vendor=\"cisco\" #event.module=\"ise\" #event.dataset=\"ise.log\" #repo!=\"xdr_*\"\n| #event.kind=\"event\" #event.outcome=\"success\"\n| event.action=\"device-administration\"\n| \"Vendor.Privilege-Level\"=15\n| Vendor.log.message.description=\"Device-Administration: Command Authorization succeeded\"\n// TUNING: Uncomment and modify the line below to exclude known legitimate users that may trigger false positives (e.g. break-glass or emergency accounts). Ensure this matches any exclusions in the baseline query above for consistency.\n// | user.name =~ NOT in(values=[\"legit_user_1\", \"legit_user_2\"])\n// Compare current users against the baseline to find previously unseen administrators\n| NOT match(file=\"baseline_ise_priv15_users\", field=[user.name])\n| groupBy([log.syslog.hostname, host.ip[0], event.action, Vendor.log.message.description, \"Vendor.Privilege-Level\", user.name], function=collect([\"Vendor.Remote-Address\", server.ip, Vendor.NetworkDeviceName, network.protocol, \"Vendor.Service-Argument\", Vendor.CmdSet, Vendor.MatchedCommandSet]))\n| ipLocation(\"Vendor.Remote-Address\")\n| asn(\"Vendor.Remote-Address\")\n",
      "search_window_start": "-60m",
      "search_window_end": "0m",
      "schedule": "1h",
      "author": "CrowdStrike",
      "sigma_author": "",
      "category": "",
      "license": "",
      "tactic": "TA0004",
      "technique": "T1548",
      "mitre_attack": [
       {
        "tactic_id": "TA0004",
        "technique_id": "T1548"
       }
      ],
      "vendor": "Cisco",
      "vendors": [
       "Cisco"
      ],
      "product": "",
      "tags": "",
      "active": true,
      "source_url": "",
      "license_details": {
       "name": "",
       "url": ""
      },
      "outcome": "detection",
      "created_timestamp": "2025-04-14T00:00:00Z",
      "modified_timestamp": "0001-01-01T00:00:00Z"
     },
     {
      "id": "ff74b0c3-6864-4ee1-9e8d-ff7fee3deba3",
      "name": "Cisco - IOS - Traffic Mirroring",
      "description": "This rule detects the configuration of traffic mirroring on Cisco IOS devices. Traffic mirroring can be used legitimately for network monitoring and troubleshooting, but it can also be abused for data exfiltration or unauthorized network monitoring.\n",
      "origin": "CrowdStrike",
      "severity": 50,
      "recommended": true,
      "query": "#Vendor=\"cisco\" #event.module=\"ios\" #event.kind=\"event\" #repo!=\"xdr_*\"\n| case {\n    // Packet capture session activation\n    Vendor.ios.facility=\"SPAN\" Vendor.eventCode=\"PKTCAP_START\";\n    // 'monitor session' configuration command\n    Vendor.eventCode=\"CFGLOG_LOGGEDCMD\" message=/monitor session/;\n}\n| groupBy([log.syslog.hostname], function=collect([Vendor.ios.facility, Vendor.eventCode, message]))\n",
      "search_window_start": "-70m",
      "search_window_end": "-10m",
      "schedule": "1h",
      "author": "CrowdStrike",
      "sigma_author": "",
      "category": "",
      "license": "",
      "tactic": "TA0010",
      "technique": "T1020.001",
      "mitre_attack": [
       {
        "tactic_id": "TA0010",
        "technique_id": "T1020.001"
       }
      ],
      "vendor": "Cisco",
      "vendors": [
       "Cisco"
      ],
      "product": "",
      "tags": "",
      "active": true,
      "source_url": "",
      "license_details": {
       "name": "",
       "url": ""
      },
      "outcome": "detection",
      "created_timestamp": "2025-04-09T00:00:00Z",
      "modified_timestamp": "0001-01-01T00:00:00Z"
     },
     {
      "id": "f48f2d0f-e2b4-453b-80af-2201a9feb317",
      "name": "Cisco - IOS - Rogue DHCP Server",
      "description": "This rule detects potential rogue DHCP server activity through DHCP snooping logs on Cisco IOS devices. DHCP snooping is a security feature that validates DHCP messages to prevent problems caused by an unauthorized DHCP server on the network that provides invalid configuration data to DHCP clients. When DHCP messages are received on untrusted ports, it could indicate an unauthorized DHCP server attempting to respond to client requests, which might lead to man-in-the-middle attacks or network disruption.\nNote: Verify DHCP Snooping feature support on your specific platform before enabling the rule.\n",
      "origin": "CrowdStrike",
      "severity": 50,
      "recommended": true,
      "query": "#Vendor=\"cisco\" #event.module=\"ios\" #event.kind=\"event\" #repo!=\"xdr_*\"\n| Vendor.ios.facility=\"DHCP_SNOOPING\" Vendor.eventCode=\"DHCP_SNOOPING_UNTRUSTED_PORT\"\n| groupBy([log.syslog.hostname, Vendor.ios.facility, Vendor.eventCode, message])\n",
      "search_window_start": "-70m",
      "search_window_end": "-10m",
      "schedule": "1h",
      "author": "CrowdStrike",
      "sigma_author": "",
      "category": "",
      "license": "",
      "tactic": "TA0009",
      "technique": "T1557",
      "mitre_attack": [
       {
        "tactic_id": "TA0009",
        "technique_id": "T1557"
       }
      ],
      "vendor": "Cisco",
      "vendors": [
       "Cisco"
      ],
      "product": "",
      "tags": "",
      "active": true,
      "source_url": "",
      "license_details": {
       "name": "",
       "url": ""
      },
      "outcome": "detection",
      "created_timestamp": "2025-04-09T00:00:00Z",
      "modified_timestamp": "0001-01-01T00:00:00Z"
     },
     {
      "id": "b2864b08-c966-4321-a580-2c8a99d30a5e",
      "name": "Cisco - ISE - Authentication Attempt to Suspended User Account",
      "description": "This rule detects when a user fails to authenticate to network resources through Cisco Identity Services Engine (ISE) due to their account being suspended (message code 86014). This may indicate potential brute force attempts or account compromise activities.\n",
      "origin": "CrowdStrike",
      "severity": 30,
      "recommended": true,
      "query": "#Vendor=\"cisco\" #event.module=\"ise\" #event.dataset=\"ise.log\" #repo!=\"xdr_*\"\n| #event.kind=\"event\"\n// Event code 86014: User authentication failed due to suspended account\n| Vendor.code=\"86014\" OR event.reason=\"86014*\"",
      "search_window_start": "-70m",
      "search_window_end": "-10m",
      "schedule": "1h",
      "author": "CrowdStrike",
      "sigma_author": "",
      "category": "",
      "license": "",
      "tactic": "TA0006",
      "technique": "T1110",
      "mitre_attack": [
       {
        "tactic_id": "TA0006",
        "technique_id": "T1110"
       }
      ],
      "vendor": "Cisco",
      "vendors": [
       "Cisco"
      ],
      "product": "",
      "tags": "",
      "active": true,
      "source_url": "",
      "license_details": {
       "name": "",
       "url": ""
      },
      "outcome": "detection",
      "created_timestamp": "2025-04-17T00:00:00Z",
      "modified_timestamp": "0001-01-01T00:00:00Z"
     },
     {
      "id": "68f90a78-9423-446a-b611-9c160a46ee0d",
      "name": "Generic - Network - VNC Traffic from the Internet",
      "description": "Identifies network events associated with VNC (Virtual Network Computing) traffic from the Internet. The VNC related network activity can raise suspicions of intrusion, as adversaries often exploit insecure VNC configurations for initial access.\n",
      "origin": "CrowdStrike",
      "severity": 70,
      "recommended": true,
      "query": "#repo!=\"xdr_*\"\n| #Vendor =~ in(values=[\"akamai\", \"aws\", \"cisco\", \"corelight\", \"extrahop\", \"fortinet\", \"microsoft\", \"nozomi\", \"paloalto\", \"zscaler\"])\n| #event.kind=\"event\" | array:contains(\"event.category[]\", value=\"network\")\n| network.transport=\"tcp\" (destination.port\u003e=5800 destination.port\u003c=5810) OR (destination.port\u003e=5900 destination.port\u003c=5910)\n| cidr(destination.ip, subnet=[\"10.0.0.0/8\", \"172.16.0.0/12\", \"192.168.0.0/16\"])\n| NOT cidr(source.ip, subnet=[\"127.0.0.0/8\", \"10.0.0.0/8\", \"172.16.0.0/12\", \"192.168.0.0/16\", \"::1\"])\n",
      "search_window_start": "-70m",
      "search_window_end": "-10m",
      "schedule": "1h",
      "author": "CrowdStrike",
      "sigma_author": "",
      "category": "",
      "license": "",
      "tactic": "TA0011",
      "technique": "T1219",
      "mitre_attack": [
       {
        "tactic_id": "TA0011",
        "technique_id": "T1219"
       }
      ],
      "vendor": "Corelight",
      "vendors": [
       "Akamai",
       "AWS",
       "Cisco",
       "Corelight",
       "ExtraHop",
       "Fortinet",
       "Microsoft",
       "Nozomi Networks",
       "Palo Alto Networks",
       "Zscaler"
      ],
      "product": "",
      "tags": "",
      "active": true,
      "source_url": "",
      "license_details": {
       "name": "",
       "url": ""
      },
      "outcome": "detection",
      "created_timestamp": "2023-11-23T00:00:00Z",
      "modified_timestamp": "2024-10-22T00:00:00Z"
     },
     {
      "id": "18108eba-e921-4505-a5e7-4ce362f032a4",
      "name": "Cisco - ISE - Authentication from Malicious IP Address",
      "description": "This rule identifies successful authentication events in Cisco Identity Services Engine (ISE) logs originating from known malicious IP addresses as flagged by CrowdStrike's threat intelligence feed. The rule considers IOCs with a confidence level of 'unverified' or higher. Note that the confidence level threshold can be adjusted as necessary. For more information about the ioc:lookup() function, see https://library.humio.com/data-analysis/functions-ioc-lookup.html.\n",
      "origin": "CrowdStrike",
      "severity": 70,
      "recommended": true,
      "query": "#Vendor=\"cisco\" #event.module=\"ise\" #event.dataset=\"ise.log\"\n| #event.kind=\"event\" #event.outcome=\"success\"\n| array:contains(\"event.category[]\", value=\"authentication\")\n| event.action=\"passed-authentication\" \n| \"Vendor.Remote-Address\"=* \"Vendor.Remote-Address\"!=\"\"\n| NOT cidr(\"Vendor.Remote-Address\", subnet=[\"10.0.0.0/8\", \"172.16.0.0/12\", \"192.168.0.0/16\"])\n| ioc:lookup(field=\"Vendor.Remote-Address\", type=\"ip_address\", confidenceThreshold=\"unverified\", strict=true)\n",
      "search_window_start": "-70m",
      "search_window_end": "-10m",
      "schedule": "1h",
      "author": "CrowdStrike",
      "sigma_author": "",
      "category": "",
      "license": "",
      "tactic": "TA0001",
      "technique": "T1078",
      "mitre_attack": [
       {
        "tactic_id": "TA0001",
        "technique_id": "T1078"
       }
      ],
      "vendor": "Cisco",
      "vendors": [
       "Cisco"
      ],
      "product": "",
      "tags": "",
      "active": true,
      "source_url": "",
      "license_details": {
       "name": "",
       "url": ""
      },
      "outcome": "detection",
      "created_timestamp": "2024-11-18T00:00:00Z",
      "modified_timestamp": "0001-01-01T00:00:00Z"
     },
     {
      "id": "99211b4d-e8a5-4294-9af6-6f676ba3fa1b",
      "name": "Cisco - ISE - Rejected Administrator Session from Unauthorized Client IP Address",
      "description": "This rule identifies a rejected attempt to start an administration session on a Cisco Identity Services Engine (ISE) instance from an unauthorized client IP address. Attackers often use networking equipment for initial access and lateral movement, making unusual authentication to these devices highly suspicious.\n",
      "origin": "CrowdStrike",
      "severity": 70,
      "recommended": true,
      "query": "#Vendor=\"cisco\" #event.module=\"ise\" #event.dataset=\"ise.log\"\n| #event.kind=\"event\" #event.outcome=\"failure\"\n| array:contains(\"event.category[]\", value=\"authentication\")\n| event.reason=\"51004*\"\n",
      "search_window_start": "-70m",
      "search_window_end": "-10m",
      "schedule": "1h",
      "author": "CrowdStrike",
      "sigma_author": "",
      "category": "",
      "license": "",
      "tactic": "TA0003",
      "technique": "T1078.001",
      "mitre_attack": [
       {
        "tactic_id": "TA0003",
        "technique_id": "T1078.001"
       }
      ],
      "vendor": "Cisco",
      "vendors": [
       "Cisco"
      ],
      "product": "",
      "tags": "",
      "active": true,
      "source_url": "",
      "license_details": {
       "name": "",
       "url": ""
      },
      "outcome": "detection",
      "created_timestamp": "2024-11-19T00:00:00Z",
      "modified_timestamp": "0001-01-01T00:00:00Z"
     },
     {
      "id": "747cce55-6c8b-470a-8ed9-152360343bc5",
      "name": "Cisco - ISE - User Account Lockout",
      "description": "This rule monitors Cisco Identity Services Engine (ISE) logs to identify user accounts that have been disabled after multiple failed authentication attempts. Although this behavior could be the result of legitimate activity, it could also be related to an adversary carrying out a brute force attack.\n",
      "origin": "CrowdStrike",
      "severity": 30,
      "recommended": true,
      "query": "#Vendor=\"cisco\" #event.module=\"ise\" #event.dataset=\"ise.log\"\n| #event.kind=\"event\" #event.outcome=\"failure\"\n| array:contains(\"event.category[]\", value=\"authentication\")\n| event.reason=\"22091*\"\n",
      "search_window_start": "-70m",
      "search_window_end": "-10m",
      "schedule": "1h",
      "author": "CrowdStrike",
      "sigma_author": "",
      "category": "",
      "license": "",
      "tactic": "TA0006",
      "technique": "T1110.001",
      "mitre_attack": [
       {
        "tactic_id": "TA0006",
        "technique_id": "T1110.001"
       }
      ],
      "vendor": "Cisco",
      "vendors": [
       "Cisco"
      ],
      "product": "",
      "tags": "",
      "active": true,
      "source_url": "",
      "license_details": {
       "name": "",
       "url": ""
      },
      "outcome": "detection",
      "created_timestamp": "2024-11-19T00:00:00Z",
      "modified_timestamp": "0001-01-01T00:00:00Z"
     },
     {
      "id": "f0e6f694-4fed-4145-b61e-6b22fbfef914",
      "name": "Generic - Network - ICMP Exfiltration",
      "description": "Identifies outbound Internet Control Message Protocol (ICMP) traffic exceeding 2 MB per hour, which may indicate unusual or malicious activity, including potential data exfiltration.\n",
      "origin": "CrowdStrike",
      "severity": 50,
      "recommended": true,
      "query": "#repo!=\"xdr_*\" \n| #Vendor =~ in(values=[\"aws\",\"cisco\",\"corelight\",\"extrahop\",\"fortinet\",\"paloalto\"])\n| #event.kind=\"event\"\n| array:contains(array=\"event.category[]\", value=\"network\")\n| network.transport=\"icmp\" network.bytes\u003e=0\n| cidr(source.ip, subnet=[\"127.0.0.0/8\", \"10.0.0.0/8\", \"172.16.0.0/12\", \"192.168.0.0/16\", \"::1\"])\n| !cidr(destination.ip, subnet=[\"127.0.0.0/8\", \"10.0.0.0/8\", \"172.16.0.0/12\", \"192.168.0.0/16\", \"::1\"])\n| groupBy([#Vendor,#event.module,network.transport,source.ip,destination.ip], function=sum(network.bytes, as=\"total_bytes\"))\n| total_mega_bytes := total_bytes/1024/1024\n| total_mega_bytes\u003e=2\n// Common Exclusions\n// | destination.ip =~ !in(values=[\"8.8.8.8\",\"8.8.4.4\",\"1.1.1.1\",\"9.9.9.9\"])\n",
      "search_window_start": "-70m",
      "search_window_end": "-10m",
      "schedule": "1h",
      "author": "CrowdStrike",
      "sigma_author": "",
      "category": "",
      "license": "",
      "tactic": "TA0010",
      "technique": "T1048.003",
      "mitre_attack": [
       {
        "tactic_id": "TA0010",
        "technique_id": "T1048.003"
       }
      ],
      "vendor": "AWS",
      "vendors": [
       "AWS",
       "Cisco",
       "Corelight",
       "ExtraHop",
       "Fortinet",
       "Palo Alto Networks"
      ],
      "product": "",
      "tags": "",
      "active": true,
      "source_url": "",
      "license_details": {
       "name": "",
       "url": ""
      },
      "outcome": "detection",
      "created_timestamp": "2024-10-16T00:00:00Z",
      "modified_timestamp": "2024-10-22T00:00:00Z"
     },
     {
      "id": "19c539ee-8336-4116-87ff-38f4d020c846",
      "name": "Generic - Network - Outbound Connection to Metasploit Default Port",
      "description": "This rule detects outbound traffic towards an external IP address on port 4444, which is commonly associated with Metasploit shells, indicating potential malicious activity. By default, this rule will fire when there are at least 10 events observed to the same destination IP address.\n",
      "origin": "CrowdStrike",
      "severity": 50,
      "recommended": true,
      "query": "#repo!=\"xdr_*\" \n| #Vendor =~ in(values=[\"akamai\",\"aws\",\"cisco\",\"corelight\",\"extrahop\",\"fortinet\",\"aruba\",\"microsoft\",\"netskope\",\"nozomi\",\"paloalto\",\"radware\",\"zscaler\"])\n| #event.kind=\"event\"\n| array:contains(array=\"event.category[]\", value=\"network\")\n| destination.port=4444\n| !cidr(destination.ip, subnet=[\"10.0.0.0/8\", \"172.16.0.0/12\", \"192.168.0.0/16\", \"fe80::/10\", \"169.254.0.0/16\"])\n| cidr(source.ip, subnet=[\"10.0.0.0/8\", \"172.16.0.0/12\", \"192.168.0.0/16\", \"fe80::/10\", \"169.254.0.0/16\"]) \n| ipLocation(destination.ip)\n| asn(destination.ip)\n| groupBy([destination.ip], function=[collect([destination.ip.org, destination.ip.country, destination.ip.city, event.action, source.ip, destination.port, network.protocol]), count(destination.ip, distinct=false, as=number_of_requests)])\n| number_of_requests\u003e10 \n",
      "search_window_start": "-70m",
      "search_window_end": "-10m",
      "schedule": "1h",
      "author": "CrowdStrike",
      "sigma_author": "",
      "category": "",
      "license": "",
      "tactic": "TA0011",
      "technique": "T1071",
      "mitre_attack": [
       {
        "tactic_id": "TA0011",
        "technique_id": "T1071"
       }
      ],
      "vendor": "Akamai",
      "vendors": [
       "Akamai",
       "AWS",
       "Cisco",
       "Corelight",
       "ExtraHop",
       "Fortinet",
       "HPE Aruba Networking",
       "Microsoft",
       "Nozomi Networks",
       "Palo Alto Networks",
       "Radware",
       "Zscaler"
      ],
      "product": "",
      "tags": "",
      "active": true,
      "source_url": "",
      "license_details": {
       "name": "",
       "url": ""
      },
      "outcome": "detection",
      "created_timestamp": "2024-10-07T00:00:00Z",
      "modified_timestamp": "2024-10-22T00:00:00Z"
     },
     {
      "id": "36f6e80d-925f-4160-8d4c-042e6973df4d",
      "name": "Generic - Network - Mass SMB Connections to External IP Addresses",
      "description": "This rule detects a single host establishing an abnormally high number of Server Message Block (SMB) connections to external IP addresses within a short period, potentially indicating a compromised host engaged in reconnaissance for lateral movement. By default the alerting threshold for total unique number of IP addresses is set to 1000. \n",
      "origin": "CrowdStrike",
      "severity": 70,
      "recommended": true,
      "query": "#repo!=\"xdr_*\"   \n| #Vendor =~ in(values=[\"akamai\",\"aws\",\"cisco\",\"corelight\",\"extrahop\",\"fortinet\",\"aruba\",\"microsoft\",\"netskope\",\"nozomi\",\"paloalto\",\"radware\",\"zscaler\"])\n| #event.kind=\"event\"\n| array:contains(array=\"event.category[]\", value=\"network\")\n| destination.port =~ in(values=[\"445\",\"135\"])\n| cidr(source.ip, subnet=[\"10.0.0.0/8\", \"172.16.0.0/12\", \"192.168.0.0/16\", \"fe80::/10\", \"169.254.0.0/16\"])\n| !cidr(destination.ip, subnet=[\"10.0.0.0/8\", \"172.16.0.0/12\", \"192.168.0.0/16\", \"fe80::/10\", \"169.254.0.0/16\"])\n| groupBy([source.ip], function=[count(destination.ip, distinct=true, as=dest_ip_count), collect([destination.port])])\n| dest_ip_count\u003e=1000 \n",
      "search_window_start": "-70m",
      "search_window_end": "-10m",
      "schedule": "1h",
      "author": "CrowdStrike",
      "sigma_author": "",
      "category": "",
      "license": "",
      "tactic": "TA0008",
      "technique": "T1021.002",
      "mitre_attack": [
       {
        "tactic_id": "TA0008",
        "technique_id": "T1021.002"
       }
      ],
      "vendor": "Akamai",
      "vendors": [
       "Akamai",
       "AWS",
       "Cisco",
       "Corelight",
       "ExtraHop",
       "Fortinet",
       "HPE Aruba Networking",
       "Microsoft",
       "Netskope",
       "Nozomi Networks",
       "Palo Alto Networks",
       "Radware",
       "Zscaler"
      ],
      "product": "",
      "tags": "",
      "active": true,
      "source_url": "",
      "license_details": {
       "name": "",
       "url": ""
      },
      "outcome": "detection",
      "created_timestamp": "2024-10-08T00:00:00Z",
      "modified_timestamp": "2024-10-22T00:00:00Z"
     },
     {
      "id": "eed1f5bf-da7d-4ea4-b02a-9cbfbd243904",
      "name": "Generic - Network - Mass SMB Connections to Internal IP Addresses",
      "description": "This rule detects a single host establishing an abnormally high number of Server Message Block (SMB) connections within a short period, potentially indicating a compromised host engaged in reconnaissance for lateral movement. By default the alerting threshold for total unique number of IP addresses is set to 1000. \n",
      "origin": "CrowdStrike",
      "severity": 50,
      "recommended": true,
      "query": "#repo!=\"xdr_*\"   \n| #Vendor =~ in(values=[\"akamai\",\"aws\",\"cisco\",\"corelight\",\"extrahop\",\"fortinet\",\"aruba\",\"microsoft\",\"netskope\",\"nozomi\",\"paloalto\",\"radware\",\"zscaler\"])\n| #event.kind=\"event\"\n| array:contains(array=\"event.category[]\", value=\"network\")\n| destination.port =~ in(values=[\"445\",\"135\"])\n| cidr(source.ip, subnet=[\"10.0.0.0/8\", \"172.16.0.0/12\", \"192.168.0.0/16\", \"fe80::/10\", \"169.254.0.0/16\"])\n| cidr(destination.ip, subnet=[\"10.0.0.0/8\", \"172.16.0.0/12\", \"192.168.0.0/16\", \"fe80::/10\", \"169.254.0.0/16\"])\n| groupBy([source.ip], function=[count(destination.ip, distinct=true, as=dest_ip_count), collect([destination.port])])\n| dest_ip_count\u003e=1000\n",
      "search_window_start": "-70m",
      "search_window_end": "-10m",
      "schedule": "1h",
      "author": "CrowdStrike",
      "sigma_author": "",
      "category": "",
      "license": "",
      "tactic": "TA0008",
      "technique": "T1021.002",
      "mitre_attack": [
       {
        "tactic_id": "TA0008",
        "technique_id": "T1021.002"
       }
      ],
      "vendor": "Akamai",
      "vendors": [
       "Akamai",
       "AWS",
       "Cisco",
       "Corelight",
       "ExtraHop",
       "Fortinet",
       "HPE Aruba Networking",
       "Microsoft",
       "Netskope",
       "Nozomi Networks",
       "Palo Alto Networks",
       "Radware",
       "Zscaler"
      ],
      "product": "",
      "tags": "",
      "active": true,
      "source_url": "",
      "license_details": {
       "name": "",
       "url": ""
      },
      "outcome": "detection",
      "created_timestamp": "2024-10-08T00:00:00Z",
      "modified_timestamp": "2024-10-22T00:00:00Z"
     },
     {
      "id": "3c33dafe-6d66-4c7e-8241-dc839d1d10d4",
      "name": "Generic - Network - Internal Host Discovery Scan",
      "description": "This rule identifies host discovery scans. In this type of scan, an adversary is interested in a large number of IP address, but a limited number of ports.\nThe following thresholds can be adjusted to better reflect network activity in the target environment.\ndc_ips: total number of IP addresses\ndc_ports: total number of scanned ports.\n",
      "origin": "CrowdStrike",
      "severity": 50,
      "recommended": true,
      "query": "#repo!=\"xdr_*\" #event.kind=\"event\"\n| #Vendor =~ in(values=[\"aws\",\"cisco\",\"corelight\",\"extrahop\",\"fortinet\",\"microsoft\",\"nozomi\",\"paloalto\",\"zscaler\"])\n| array:contains(array=\"event.category[]\", value=\"network\")\n| network.transport=/tcp|udp/ OR network.iana_number=6 OR network.iana_number=17\n| case {\n    test(source.port\u003edestination.port) | destination.port\u003c20000 | scanned_port := destination.port | scanned_ip := destination.ip | scan_source_ip := source.ip;\n    test(source.port\u003cdestination.port) | source.port\u003c20000 | scanned_port := source.port | scanned_ip := source.ip | scan_source_ip := destination.ip;\n    test(source.port==destination.port) | destination.port\u003c20000 | scanned_port := destination.port | scanned_ip := destination.ip | scan_source_ip := source.ip;\n}\n| cidr(source.ip, subnet=[\"10.0.0.0/8\", \"172.16.0.0/12\", \"192.168.0.0/16\", \"fe80::/10\", \"169.254.0.0/16\"])\n| cidr(destination.ip, subnet=[\"10.0.0.0/8\", \"172.16.0.0/12\", \"192.168.0.0/16\", \"fe80::/10\", \"169.254.0.0/16\"])\n| groupBy(field=[#Vendor,#event.module,#type,scan_source_ip], function=[count(scanned_port, distinct=true, as=dc_ports),count(scanned_ip, distinct=true, as=\"dc_ips\"), collect([scanned_port])])\n// Adjust thresholds below as appropriate for your environment.\n| dc_ips\u003e=20 dc_ports\u003c=5\n\n// Exclusions\n// Exclude known scanners below\n// scan_source_ip =~ !in(values=[\"1.2.3.4\"]) \n",
      "search_window_start": "-70m",
      "search_window_end": "-10m",
      "schedule": "1h",
      "author": "CrowdStrike",
      "sigma_author": "",
      "category": "",
      "license": "",
      "tactic": "TA0007",
      "technique": "T1046",
      "mitre_attack": [
       {
        "tactic_id": "TA0007",
        "technique_id": "T1046"
       }
      ],
      "vendor": "AWS",
      "vendors": [
       "AWS",
       "Cisco",
       "Corelight",
       "ExtraHop",
       "Fortinet",
       "Microsoft",
       "Nozomi Networks",
       "Palo Alto Networks",
       "Zscaler"
      ],
      "product": "",
      "tags": "",
      "active": true,
      "source_url": "",
      "license_details": {
       "name": "",
       "url": ""
      },
      "outcome": "detection",
      "created_timestamp": "2024-10-18T00:00:00Z",
      "modified_timestamp": "0001-01-01T00:00:00Z"
     },
     {
      "id": "11d4252c-0278-47f6-9bf6-adc35cfb5a15",
      "name": "Cisco - ASA - Administrator User Deleted",
      "description": "This rule detects the deletion of local user accounts with full administrative privileges (level 15) on Cisco ASA devices. Such events could indicate unauthorized access attempts or security risks when not part of authorized change management procedures.\n",
      "origin": "CrowdStrike",
      "severity": 30,
      "recommended": true,
      "query": "#Vendor=\"cisco\" #event.module=\"asa\" #event.kind=\"event\" #repo!=\"xdr_*\"\n| array:contains(array=\"event.category[]\", value=\"iam\")\n| event.code=502102\n| message=\"User deleted from local dbase*\"\n| Vendor.privilege_level=15\n",
      "search_window_start": "-70m",
      "search_window_end": "-10m",
      "schedule": "1h",
      "author": "CrowdStrike",
      "sigma_author": "",
      "category": "",
      "license": "",
      "tactic": "TA0040",
      "technique": "T1531",
      "mitre_attack": [
       {
        "tactic_id": "TA0040",
        "technique_id": "T1531"
       }
      ],
      "vendor": "Cisco",
      "vendors": [
       "Cisco"
      ],
      "product": "",
      "tags": "",
      "active": true,
      "source_url": "",
      "license_details": {
       "name": "",
       "url": ""
      },
      "outcome": "detection",
      "created_timestamp": "2025-03-04T00:00:00Z",
      "modified_timestamp": "0001-01-01T00:00:00Z"
     },
     {
      "id": "81611a48-6787-4e73-bfa4-3363878b5e98",
      "name": "Cisco - ASA - Short Lived Account",
      "description": "This rule detects the creation and subsequent deletion of local user accounts on Cisco ASA devices within a relatively short period (default is 30 minutes).\nAdversaries may create temporary local accounts for maintaining access while minimizing detection chances.\nPrerequisites:\n- ASA logging must be configured to capture Level 5 (notification) messages.\n- Note: Without hostname or logging device-id configuration, the rule will correlate events across all ASA devices, which might lead to false positives if multiple devices use the same username\n",
      "origin": "CrowdStrike",
      "severity": 50,
      "recommended": true,
      "query": "#Vendor=\"cisco\" #event.module=\"asa\" #event.kind=\"event\" #repo!=\"xdr_*\"\n| array:contains(array=\"event.category[]\", value=\"iam\")\n| case {\n    event.code=502101 | _action := \"user_created\";\n    event.code=502102 | _action := \"user_deleted\";\n}\n| groupBy(\n    field=[log.syslog.hostname, user.name],\n    function=series(\n        maxduration=30m, // Time window to consider an account as \"short-lived\" (creation to deletion). Adjust as needed.\n        collect=_action,\n        startmatch={ _action=\"user_created\" },\n        separator=\",\"\n    )\n)\n| _action=/^user_created,user_deleted$/\n",
      "search_window_start": "-70m",
      "search_window_end": "-10m",
      "schedule": "1h",
      "author": "CrowdStrike",
      "sigma_author": "",
      "category": "",
      "license": "",
      "tactic": "TA0003",
      "technique": "T1136.001",
      "mitre_attack": [
       {
        "tactic_id": "TA0003",
        "technique_id": "T1136.001"
       }
      ],
      "vendor": "Cisco",
      "vendors": [
       "Cisco"
      ],
      "product": "",
      "tags": "",
      "active": true,
      "source_url": "",
      "license_details": {
       "name": "",
       "url": ""
      },
      "outcome": "detection",
      "created_timestamp": "2025-03-14T00:00:00Z",
      "modified_timestamp": "0001-01-01T00:00:00Z"
     },
     {
      "id": "16c89e9d-db7b-4f89-a398-ed4dd5101231",
      "name": "Cisco - ASA - Successful Authentication to Management Console from Malicious IP Address",
      "description": "This rule detects successful authentication events to the management console of Cisco ASA originating from IP addresses flagged as malicious by CrowdStrike's threat intelligence feed. By default, the rule uses IOCs with confidence levels of 'medium' or 'high'. You can adjust the lowest level of confidence for IOCs to consider, as necessary. For more information about 'ioc:lookup' function, see https://library.humio.com/data-analysis/functions-ioc-lookup.html.\nThis rule helps identify potential account compromises and unauthorized access attempts from known adversarial infrastructure.\n",
      "origin": "CrowdStrike",
      "severity": 70,
      "recommended": true,
      "query": "#Vendor=\"cisco\" #event.module=\"asa\" #repo!=\"xdr_*\"\n| #event.kind=\"event\" #event.outcome=\"success\"\n| array:contains(array=\"event.category[]\", value=\"authentication\")\n// A user was authenticated successfully, and a management session started\n| event.code=605005\n| ioc:lookup(field=\"source.ip\", type=\"ip_address\", confidenceThreshold=\"medium\", strict=true)\n| asn(source.ip)\n| ipLocation(source.ip)\n",
      "search_window_start": "-70m",
      "search_window_end": "-10m",
      "schedule": "1h",
      "author": "CrowdStrike",
      "sigma_author": "",
      "category": "",
      "license": "",
      "tactic": "TA0001",
      "technique": "T1078.004",
      "mitre_attack": [
       {
        "tactic_id": "TA0001",
        "technique_id": "T1078.004"
       }
      ],
      "vendor": "Cisco",
      "vendors": [
       "Cisco"
      ],
      "product": "",
      "tags": "",
      "active": true,
      "source_url": "",
      "license_details": {
       "name": "",
       "url": ""
      },
      "outcome": "detection",
      "created_timestamp": "2025-03-18T00:00:00Z",
      "modified_timestamp": "0001-01-01T00:00:00Z"
     },
     {
      "id": "af741be1-ce12-4c55-923b-59775f5b4c9f",
      "name": "Cisco - ASA - Potential Mass SMB Scan",
      "description": "This rule detects potential mass SMB scanning activity based on Cisco ASA logs by identifying source IPs that connect to an abnormally high number of distinct destination IPs through SMB port 445 within a 1-hour window.\nThe rule uses statistical analysis based on a 7-day baseline, triggering when the number of distinct destination IPs exceeds 3 standard deviations above the mean for one source IP address and reaches a minimum threshold of 25 distinct destinations.\nThese statistical measures assume SMB connection patterns follow a normal distribution. False positives may occur when legitimate SMB activity is irregular/bursty or when source IPs are new with no baseline data.\nTuning options: \n  - Adjust the number of standard deviations (default: 3) based on environment and needs\n  - Modify minimum distinct IP threshold (default: 25) based on network size, normal client behavior, and detection sensitivity requirements\n",
      "origin": "CrowdStrike",
      "severity": 50,
      "recommended": true,
      "query": "// Baseline query\n// Performs a 7-day historical search to calculate the mean and standard deviation of hourly distinct SMB destination IPs per source IP.\ndefineTable(\n    name=\"smb_dest_ip_baseline\",\n    start=7d,\n    end=1h,\n    query={\n        #Vendor=\"cisco\" #event.module=\"asa\" #repo!=\"xdr_*\"\n        | #event.kind=\"event\"\n        | destination.port=445\n        | cidr(source.ip, subnet=[\"10.0.0.0/8\", \"172.16.0.0/12\", \"192.168.0.0/16\", \"fe80::/10\", \"169.254.0.0/16\"])\n        | formatTime(\"%Y-%m-%d %H:00:00\", as=hour_bucket, field=@timestamp)\n        | groupBy( \n            field=[hour_bucket, source.ip], \n            function=count(destination.ip, distinct=true, as=_dest_ip_count), \n            limit=max\n        )\n        | groupBy(source.ip, \n            function=[\n                _dest_ip_mean := avg(_dest_ip_count), \n                _dest_ip_stddev := stdDev(_dest_ip_count)\n            ], \n            limit=max\n        )\n    }, \n    include=[*]\n)\n// Main query\n| #Vendor=\"cisco\" #event.module=\"asa\" #repo!=\"xdr_*\"\n| #event.kind=\"event\"\n| destination.port=445\n| cidr(source.ip, subnet=[\"10.0.0.0/8\", \"172.16.0.0/12\", \"192.168.0.0/16\", \"fe80::/10\", \"169.254.0.0/16\"])\n| groupBy([source.ip], limit=max, \n    function=[\n        count(destination.ip, distinct=true, as=_dest_ip_count)\n    ]\n)\n// Minimum threshold for distinct destination IPs. Reduces noise from normal client activity.\n// Adjust threshold based on environment size, normal client behavior, detection sensitivity requirements\n| _dest_ip_count \u003e= 25\n| match(file=\"smb_dest_ip_baseline\", field=source.ip, strict=false)\n// Consider adjusting the number of standard deviations (SD) used in the threshold calculation based on your specific environment and needs.\n// Lower thresholds (e.g., 2 SD) will catch more potential issues but may increase false positives. Higher thresholds (e.g., 4 SD) will have fewer false positives but might miss some anomalies.\n| _threshold := _dest_ip_mean + 3 * _dest_ip_stddev\n| case {\n    _threshold!=* | _threshold := 0; // Set threshold to 0 for source IPs with no baseline data (previously unobserved sources)\n    *;    \n}\n| test(_dest_ip_count \u003e _threshold)\n",
      "search_window_start": "-60m",
      "search_window_end": "0m",
      "schedule": "1h",
      "author": "CrowdStrike",
      "sigma_author": "",
      "category": "",
      "license": "",
      "tactic": "TA0008",
      "technique": "T1021.002",
      "mitre_attack": [
       {
        "tactic_id": "TA0008",
        "technique_id": "T1021.002"
       }
      ],
      "vendor": "Cisco",
      "vendors": [
       "Cisco"
      ],
      "product": "",
      "tags": "",
      "active": true,
      "source_url": "",
      "license_details": {
       "name": "",
       "url": ""
      },
      "outcome": "detection",
      "created_timestamp": "2025-03-31T00:00:00Z",
      "modified_timestamp": "0001-01-01T00:00:00Z"
     },
     {
      "id": "b0d489f7-5149-43f8-b551-bffb3c32403c",
      "name": "Cisco - ASA - Successful VPN Access from Malicious IP Address",
      "description": "This rule detects successful VPN access events to Cisco ASA originating from IP addresses flagged as malicious by CrowdStrike's threat intelligence feed. It monitors (1) AnyConnect session starts (113039), (2) WebVPN authentication success (716038), and (3) VPN tunnel establishment (750006).\nBy default, the rule uses IOCs with confidence levels of 'medium' or 'high'. You can adjust the lowest level of confidence for IOCs to consider, as necessary. For more information about 'ioc:lookup' function, see https://library.humio.com/data-analysis/functions-ioc-lookup.html.\nThis rule helps identify potential account compromises and unauthorized access attempts from known adversarial infrastructure.\n",
      "origin": "CrowdStrike",
      "severity": 70,
      "recommended": true,
      "query": "#Vendor=\"cisco\" #event.module=\"asa\" #repo!=\"xdr_*\"\n| #event.kind=\"event\"\n| case {\n    event.code=113039 | _endpoint_ip := source.ip; // When the user logs in via the AnyConnect login page, the AnyConnect session starts\n    event.code=716038 | _endpoint_ip := source.ip; // Before a WebVPN session can start, the user must be authenticated successfully\n    event.code=750006 event.reason=\"New Connection Established\" | _endpoint_ip := destination.ip; // New VPN connection\n}\n// Check remote endpoint IP address against CrowdStrike Intel with medium+ confidence\n| ioc:lookup(field=\"_endpoint_ip\", type=\"ip_address\", confidenceThreshold=\"medium\", strict=true)\n// Enrich with network context for investigation\n| asn(_endpoint_ip)\n| ipLocation(_endpoint_ip)\n| _ioc_published_date := formatTime(\"%Y/%m/%d %H:%M:%S\", field=ioc[0].published_date)\n| _ioc_last_updated := formatTime(\"%Y/%m/%d %H:%M:%S\", field=ioc[0].last_updated)\n| groupBy([user.name], function=collect([log.syslog.hostname, event.code, message, _endpoint_ip, ioc.detected, ioc[0].labels, ioc[0].malicious_confidence, _ioc_published_date, _ioc_last_updated, _endpoint_ip.org, _endpoint_ip.asn, _endpoint_ip.country, _endpoint_ip.state, _endpoint_ip.city]))\n",
      "search_window_start": "-70m",
      "search_window_end": "-10m",
      "schedule": "1h",
      "author": "CrowdStrike",
      "sigma_author": "",
      "category": "",
      "license": "",
      "tactic": "TA0001",
      "technique": "T1078.004",
      "mitre_attack": [
       {
        "tactic_id": "TA0001",
        "technique_id": "T1078.004"
       }
      ],
      "vendor": "Cisco",
      "vendors": [
       "Cisco"
      ],
      "product": "",
      "tags": "",
      "active": true,
      "source_url": "",
      "license_details": {
       "name": "",
       "url": ""
      },
      "outcome": "detection",
      "created_timestamp": "2025-03-18T00:00:00Z",
      "modified_timestamp": "0001-01-01T00:00:00Z"
     },
     {
      "id": "ba4f9293-aa4f-4e77-ae66-9c9dfed4f739",
      "name": "Cisco - ASA - Basic Threat Detection Rate Violations Spike",
      "description": "This rule monitors for unusual spikes in Cisco ASA's basic threat detection rate violations (message ID 733100). Basic threat detection monitors drop rates for various security events including scanning attempts, DoS attacks, ACL drops, bad packets, and other potential threats.\nThe rule compares the current hour's average and burst rates against a 6-hour baseline period, alerting when either rate exceeds twice the baseline.\n",
      "origin": "CrowdStrike",
      "severity": 30,
      "recommended": true,
      "query": "// Calculate baseline from historical data (default: previous 6 hours, excluding last hour)\n// Used to establish normal threat detection rate patterns for comparison\ndefineTable(\n    name=\"baseline\",\n    start=7h, // Adjust historical window based on your environment's traffic patterns\n    end=1h,\n    query={\n        #Vendor=\"cisco\" #event.module=\"asa\" #event.kind=\"event\" #repo!=\"xdr_*\"\n        | event.code=733100\n        | @rawstring=/\\[ ?(?\u003c_source_of_drop_rate_count\u003e.+) ?\\] (?\u003c_drop_rate_id\u003e.+?)\\. Current burst rate is (?\u003c_current_burst_rate_per_sec\u003e\\d+) per second, max configured rate is (?\u003c_max_configured_burst_rate\u003e\\d+); Current average rate is (?\u003c_current_avg_rate_per_sec\u003e\\d+) per second, max configured rate is (?\u003c_max_configured_avg_rate\u003e\\d+); Cumulative total count is (?\u003c_cumulative_total\u003e\\d+)/\n        | groupBy( \n            field=[log.syslog.hostname, _source_of_drop_rate_count, _drop_rate_id], \n            function=[\n                _baseline_avg_rate_per_sec := avg(_current_avg_rate_per_sec), \n                _baseline_avg_burst_rate_per_sec := avg(_current_burst_rate_per_sec)\n            ]\n        )\n    }, \n    include=[log.syslog.hostname, _source_of_drop_rate_count, _drop_rate_id, _baseline_avg_rate_per_sec, _baseline_avg_burst_rate_per_sec]\n)\n// Main query\n| #Vendor=\"cisco\" #event.module=\"asa\" #event.kind=\"event\" #repo!=\"xdr_*\"\n| event.code=733100\n| @rawstring=/\\[ ?(?\u003c_source_of_drop_rate_count\u003e.+) ?\\] (?\u003c_drop_rate_id\u003e.+?)\\. Current burst rate is (?\u003c_current_burst_rate_per_sec\u003e\\d+) per second, max configured rate is (?\u003c_max_configured_burst_rate\u003e\\d+); Current average rate is (?\u003c_current_avg_rate_per_sec\u003e\\d+) per second, max configured rate is (?\u003c_max_configured_avg_rate\u003e\\d+); Cumulative total count is (?\u003c_cumulative_total\u003e\\d+)/\n| groupBy( \n    field=[log.syslog.hostname, _source_of_drop_rate_count, _drop_rate_id], \n    function=[\n        _current_window_avg_rate_per_sec := avg(_current_avg_rate_per_sec), \n        _current_window_avg_burst_rate_per_sec := avg(_current_burst_rate_per_sec)\n    ]\n)\n| match(file=\"baseline\", field=[log.syslog.hostname, _source_of_drop_rate_count, _drop_rate_id], strict=true)\n// Adjust multiplier based on environment size and normal activity patterns\n| _rate_multiplier := 2\n| case {\n    test(_current_window_avg_rate_per_sec \u003e _rate_multiplier * _baseline_avg_rate_per_sec);\n    test(_current_window_avg_burst_rate_per_sec \u003e _rate_multiplier * _baseline_avg_burst_rate_per_sec);\n}\n// Calculate rate increase factors for analysis\n| _rate_increase_factor_avg := _current_window_avg_rate_per_sec / _baseline_avg_rate_per_sec\n| _rate_increase_factor_burst := _current_window_avg_burst_rate_per_sec / _baseline_avg_burst_rate_per_sec\n| format(\"%,.2f\", field=_current_window_avg_rate_per_sec, as=_current_window_avg_rate_per_sec)\n| format(\"%,.2f\", field=_current_window_avg_burst_rate_per_sec, as=_current_window_avg_burst_rate_per_sec)\n| format(\"%,.2f\", field=_baseline_avg_rate_per_sec, as=_baseline_avg_rate_per_sec)\n| format(\"%,.2f\", field=_baseline_avg_burst_rate_per_sec, as=_baseline_avg_burst_rate_per_sec)\n| format(\"%,.2f\", field=_rate_increase_factor_avg, as=_rate_increase_factor_avg)\n| format(\"%,.2f\", field=_rate_increase_factor_burst, as=_rate_increase_factor_burst)\n",
      "search_window_start": "-70m",
      "search_window_end": "-10m",
      "schedule": "1h",
      "author": "CrowdStrike",
      "sigma_author": "",
      "category": "",
      "license": "",
      "tactic": "TA0007",
      "technique": "T1046",
      "mitre_attack": [
       {
        "tactic_id": "TA0007",
        "technique_id": "T1046"
       }
      ],
      "vendor": "Cisco",
      "vendors": [
       "Cisco"
      ],
      "product": "",
      "tags": "",
      "active": true,
      "source_url": "",
      "license_details": {
       "name": "",
       "url": ""
      },
      "outcome": "detection",
      "created_timestamp": "2025-04-02T00:00:00Z",
      "modified_timestamp": "0001-01-01T00:00:00Z"
     },
     {
      "id": "3d1d2dd2-3be2-4b14-a3d3-097bbc0ed674",
      "name": "Cisco - ASA - Management Activity Spike in a Short Period of Time",
      "description": "This rule detects an abnormal volume of management activities occurring on Cisco ASA within a short time window (default is 1 hour).\nWhile some level of management activity is expected in normal operations, this detection aims to identify significant deviations from the established baseline. This could indicate potential unauthorized access or privilege misuse.\nThe rule is using a relative threshold based on standard deviations, and will trigger if the volume of management activity for a Cisco ASA user account is 3 standard deviations above the mean. These statistical measures assume a normal distribution of activity. False positives may occur when management activity doesn't follow a normal distribution or for new or previously inactive administrative user accounts (no management activity in the baseline). Additionally, planned maintenance or updates may cause deviations from normal activity patterns, potentially triggering alerts.\nConsider adjusting the number of standard deviations (default is 3) used in the threshold calculation based on your specific environment and needs.\n",
      "origin": "CrowdStrike",
      "severity": 50,
      "recommended": true,
      "query": "// Baseline query. Performs a 7-day historical search to calculate the average and standard deviation of hourly admin events per Cisco ASA user account.\ndefineTable(\n    name=\"admin_events_stats\",\n    start=7d,\n    end=1h, // IMPORTANT: 'end' parameter must match the search time window specified during rule creation. Update this parameter if using a non-default search window.\n    query={\n        #Vendor=\"cisco\" #event.module=\"asa\" #event.kind=\"event\" #repo!=\"xdr_*\"\n        | event.code=111010 // A user made a configuration change\n        // Break glass account exclusions - must match in both the baseline and main query\n        // | user.name =~ NOT in(values=[\"BREAK_GLASS_ACCOUNT_1\", \"BREAK_GLASS_ACCOUNT_2\"])\n        | bucket(\n            span=1h, // IMPORTANT: 'span' parameter must match the search time window specified during rule creation. Update this parameter if using a non-default search window.\n            field=user.name, \n            function=count(as=_admin_events_total_count), \n            limit=500\n        )\n        | _admin_events_total_count\u003e0 // Only include active hours in baseline calculation\n        | groupBy(\n            field=user.name, \n            function=[\n                _admin_events_average_count := avg(_admin_events_total_count), \n                _admin_events_std_deviation_count := stdDev(_admin_events_total_count)\n            ]\n        )\n    },\n    include=[*]\n)\n// Main query\n| #Vendor=\"cisco\" #event.module=\"asa\" #event.kind=\"event\" #repo!=\"xdr_*\"\n| event.code=111010 // A user made a configuration change\n// Break glass account exclusions - must match in both the baseline and main query\n// | user.name =~ NOT in(values=[\"BREAK_GLASS_ACCOUNT_1\", \"BREAK_GLASS_ACCOUNT_2\"])\n| groupBy(\n    field=user.name, \n    function=[\n        _admin_events_total_count := count(),\n        _admin_events_distinct_commands_count := count(field=process.command_line, distinct=true),    \n        // Collect source.ip and process.command_line values for investigation context\n        collect([source.ip, process.command_line], limit=50)\n    ]\n)\n// Filter out repeated single commands - suspicious admin activity typically involves multiple distinct commands\n| _admin_events_distinct_commands_count\u003e1\n| match(file=\"admin_events_stats\", field=user.name, strict=false)\n// Consider adjusting the number of standard deviations (SD) used in the threshold calculation based on your specific environment and needs.\n// Lower thresholds (2 SD) catch more anomalies but increase false positives. Higher thresholds (4 SD) reduce false positives but may miss anomalies.\n| _threshold := _admin_events_average_count + 3 * _admin_events_std_deviation_count\n| case {\n    _threshold!=* | _threshold := 0; // Administrative user account with no activity in the baseline.\n    *;    \n}\n| test(_admin_events_total_count \u003e _threshold)\n| asn(source.ip)\n| ipLocation(source.ip)\n",
      "search_window_start": "-60m",
      "search_window_end": "0m",
      "schedule": "1h",
      "author": "CrowdStrike",
      "sigma_author": "",
      "category": "",
      "license": "",
      "tactic": "TA0005",
      "technique": "T1578.005",
      "mitre_attack": [
       {
        "tactic_id": "TA0005",
        "technique_id": "T1578.005"
       }
      ],
      "vendor": "Cisco",
      "vendors": [
       "Cisco"
      ],
      "product": "",
      "tags": "",
      "active": true,
      "source_url": "",
      "license_details": {
       "name": "",
       "url": ""
      },
      "outcome": "detection",
      "created_timestamp": "2025-03-11T00:00:00Z",
      "modified_timestamp": "0001-01-01T00:00:00Z"
     },
     {
      "id": "1a3b8d3b-1a5f-4016-8ff8-126054c151ee",
      "name": "Cisco - IOS - Port Security Violation",
      "description": "This rule detects port security violations on Cisco IOS devices. Port security violations occur when unauthorized MAC addresses attempt to connect to secured ports, when the maximum number of allowed MAC addresses is exceeded, or when security violations occur on specific VLANs. These events could indicate unauthorized access attempts, MAC spoofing, or misconfigured devices attempting to connect to the network.\n",
      "origin": "CrowdStrike",
      "severity": 50,
      "recommended": true,
      "query": "#Vendor=\"cisco\" #event.module=\"ios\" #event.dataset=/^ios\\.(?:port_security|pm)$/ #repo!=\"xdr_*\"\n| #event.kind=\"event\"\n| case {\n    Vendor.ios.facility=\"PM\" Vendor.eventCode=/^ERR_DISABLE|ERR_DISABLE_VP$/ message=/psecure-violation/;\n    Vendor.ios.facility=\"PORT_SECURITY\" Vendor.eventCode=/^PSECURE_VIOLATION|PSECURE_VIOLATION_VLAN$/;\n}\n| groupBy([log.syslog.hostname, Vendor.ios.facility, Vendor.eventCode, message])\n",
      "search_window_start": "-70m",
      "search_window_end": "-10m",
      "schedule": "1h",
      "author": "CrowdStrike",
      "sigma_author": "",
      "category": "",
      "license": "",
      "tactic": "TA0001",
      "technique": "T1200",
      "mitre_attack": [
       {
        "tactic_id": "TA0001",
        "technique_id": "T1200"
       }
      ],
      "vendor": "Cisco",
      "vendors": [
       "Cisco"
      ],
      "product": "",
      "tags": "",
      "active": true,
      "source_url": "",
      "license_details": {
       "name": "",
       "url": ""
      },
      "outcome": "detection",
      "created_timestamp": "2025-04-03T00:00:00Z",
      "modified_timestamp": "0001-01-01T00:00:00Z"
     }
    ]
   }