{
    "meta": {
     "query_time": 0.02873655,
     "powered_by": "svc-cscrrulestemplates",
     "trace_id": "d3dc53328dc67e33b2a3f909d6b4cd88"
    },
    "errors": [],
    "resources": [
     {
      "id": "2013ce53-feab-4781-bbbd-822305e16b6e",
      "name": "Generic - Network - LDAP Traffic to the Internet",
      "description": "Identifies LDAP connections to the Internet. This is suspicious activity because LDAP traffic should not be allowed outbound through your perimeter firewall.\n",
      "origin": "CrowdStrike",
      "severity": 70,
      "recommended": true,
      "query": "| in(#repo, values=[corelight, fortinet, paloalto])\n| #event.kind=\"event\" | array:contains(\"event.category[]\", value=\"network\")\n| in(destination.port, values=[389, 636])\n| NOT cidr(destination.ip, subnet=[\"10.0.0.0/8\", \"172.16.0.0/12\", \"192.168.0.0/16\"])\n",
      "search_window_start": "-70m",
      "search_window_end": "-10m",
      "schedule": "1h",
      "author": "CrowdStrike",
      "sigma_author": "",
      "category": "",
      "license": "",
      "tactic": "TA0001",
      "technique": "T1190",
      "mitre_attack": [
       {
        "tactic_id": "TA0001",
        "technique_id": "T1190"
       }
      ],
      "vendor": "Corelight",
      "vendors": [
       "Corelight",
       "Fortinet",
       "Palo Alto Networks"
      ],
      "product": "",
      "tags": "",
      "active": true,
      "source_url": "",
      "license_details": {
       "name": "",
       "url": ""
      },
      "outcome": "detection",
      "created_timestamp": "2024-05-31T00:00:00Z",
      "modified_timestamp": "0001-01-01T00:00:00Z"
     },
     {
      "id": "1ddf4596-1908-43c9-add2-1d2c2fcc4797",
      "name": "Potential OWASSRF Exploitation Attempt - Proxy",
      "description": "Detects exploitation attempt of the OWASSRF variant targeting exchange servers It uses the OWA endpoint to access the powershell backend endpoint\n",
      "origin": "SigmaHQ",
      "severity": 70,
      "recommended": true,
      "query": "| #event.kind=\"event\" \n| array:contains(\"event.category[]\", value=\"web\")\n| http.request.method=\"POST\" http.response.status_code=200 url.full=/\\/owa\\//i url.full=/\\/powershell/i (url.full=/@/ OR url.full=/%40/) NOT (user_agent.original=/^ClientInfo$/i OR user_agent.original=/^Microsoft WinRM Client$/i OR user_agent.original=/^Exchange BackEnd Probes$/i)\n",
      "search_window_start": "-70m",
      "search_window_end": "-10m",
      "schedule": "1h",
      "author": "Nasreddine Bencherchali (Nextron Systems)",
      "sigma_author": "",
      "category": "",
      "license": "",
      "tactic": "TA0001",
      "technique": "T1190",
      "mitre_attack": [
       {
        "tactic_id": "TA0001",
        "technique_id": "T1190"
       }
      ],
      "vendor": "Corelight",
      "vendors": [
       "Corelight"
      ],
      "product": "",
      "tags": "",
      "active": true,
      "source_url": "https://github.com/SigmaHQ/sigma/blob/master/rules-emerging-threats/2022/Exploits/CVE-2022-41082/proxy_cve_2022_36804_exchange_owassrf_exploitation.yml",
      "license_details": {
       "name": "DRL",
       "url": "https://github.com/SigmaHQ/Detection-Rule-License"
      },
      "outcome": "detection",
      "created_timestamp": "2022-12-22T00:00:00Z",
      "modified_timestamp": "0001-01-01T00:00:00Z"
     },
     {
      "id": "b59c98c6-95e8-4d65-93ee-f594dfb96b17",
      "name": "F5 BIG-IP iControl Rest API Command Execution - Proxy",
      "description": "Detects POST requests to the F5 BIG-IP iControl Rest API \"bash\" endpoint, which allows the execution of commands on the BIG-IP\n",
      "origin": "SigmaHQ",
      "severity": 50,
      "recommended": true,
      "query": "| #event.kind=\"event\" \n| array:contains(\"event.category[]\", value=\"web\")\n| http.request.method=\"POST\" url.path=/\\/mgmt\\/tm\\/util\\/bash$/i\n",
      "search_window_start": "-70m",
      "search_window_end": "-10m",
      "schedule": "1h",
      "author": "Nasreddine Bencherchali (Nextron Systems), Thurein Oo",
      "sigma_author": "",
      "category": "",
      "license": "",
      "tactic": "TA0001",
      "technique": "T1190",
      "mitre_attack": [
       {
        "tactic_id": "TA0001",
        "technique_id": "T1190"
       }
      ],
      "vendor": "Corelight",
      "vendors": [
       "Corelight"
      ],
      "product": "",
      "tags": "",
      "active": true,
      "source_url": "https://github.com/SigmaHQ/sigma/blob/master/rules/web/proxy_generic/proxy_f5_tm_utility_bash_api_request.yml",
      "license_details": {
       "name": "DRL",
       "url": "https://github.com/SigmaHQ/Detection-Rule-License"
      },
      "outcome": "detection",
      "created_timestamp": "2023-11-08T00:00:00Z",
      "modified_timestamp": "0001-01-01T00:00:00Z"
     },
     {
      "id": "953b895e-5cc9-454b-b183-7f3db555452e",
      "name": "CobaltStrike Malleable Amazon Browsing Traffic Profile",
      "description": "Detects Malleable Amazon Profile\n",
      "origin": "SigmaHQ",
      "severity": 70,
      "recommended": true,
      "query": "| #event.kind=\"event\" \n| array:contains(\"event.category[]\", value=\"web\")\n| (user_agent.original=/^Mozilla\\/5\\.0 \\(Windows NT 6\\.1; WOW64; Trident\\/7\\.0; rv:11\\.0\\) like Gecko$/i http.request.method=/^GET$/i url.full=/^\\/s\\/ref=nb_sb_noss_1\\/167-3294888\\-0262949\\/field\\-keywords=books$/i url.domain=\"www.amazon.com\" Vendor.cookie=/.*=csm\\-hit=s\\-24KU11BB82RZSYGJ3BDK\\|1419899012996$/i) OR (user_agent.original=/^Mozilla\\/5\\.0 \\(Windows NT 6\\.1; WOW64; Trident\\/7\\.0; rv:11\\.0\\) like Gecko$/i http.request.method=/^POST$/i url.full=/^\\/N4215\\/adj\\/amzn\\.us\\.sr\\.aps$/i url.domain=\"www.amazon.com\")\n",
      "search_window_start": "-70m",
      "search_window_end": "-10m",
      "schedule": "1h",
      "author": "Markus Neis",
      "sigma_author": "",
      "category": "",
      "license": "",
      "tactic": "TA0011",
      "technique": "T1071.001",
      "mitre_attack": [
       {
        "tactic_id": "TA0011",
        "technique_id": "T1071.001"
       }
      ],
      "vendor": "Corelight",
      "vendors": [
       "Corelight"
      ],
      "product": "",
      "tags": "",
      "active": true,
      "source_url": "https://github.com/SigmaHQ/sigma/blob/master/deprecated/web/proxy_cobalt_amazon.yml",
      "license_details": {
       "name": "DRL",
       "url": "https://github.com/SigmaHQ/Detection-Rule-License"
      },
      "outcome": "detection",
      "created_timestamp": "2019-11-12T00:00:00Z",
      "modified_timestamp": "2022-07-07T00:00:00Z"
     },
     {
      "id": "e06ac91d-b9e6-443d-8e5b-af749e7aa6b6",
      "name": "iOS Implant URL Pattern",
      "description": "Detects URL pattern used by iOS Implant\n",
      "origin": "SigmaHQ",
      "severity": 90,
      "recommended": true,
      "query": "| #event.kind=\"event\" \n| array:contains(\"event.category[]\", value=\"web\")\n| url.path=/\\/list\\/suc.name=/i\n",
      "search_window_start": "-70m",
      "search_window_end": "-10m",
      "schedule": "1h",
      "author": "Florian Roth (Nextron Systems)",
      "sigma_author": "",
      "category": "",
      "license": "",
      "tactic": "TA0006",
      "technique": "T1552.001",
      "mitre_attack": [
       {
        "tactic_id": "TA0006",
        "technique_id": "T1552.001"
       }
      ],
      "vendor": "Corelight",
      "vendors": [
       "Corelight"
      ],
      "product": "",
      "tags": "",
      "active": true,
      "source_url": "https://github.com/SigmaHQ/sigma/blob/master/deprecated/web/proxy_ios_implant.yml",
      "license_details": {
       "name": "DRL",
       "url": "https://github.com/SigmaHQ/Detection-Rule-License"
      },
      "outcome": "detection",
      "created_timestamp": "2019-08-30T00:00:00Z",
      "modified_timestamp": "2022-08-15T00:00:00Z"
     },
     {
      "id": "fdd1bfb5-f60b-4a35-910e-f36ed3d0b32f",
      "name": "Exploit Framework User Agent",
      "description": "Detects suspicious user agent strings used by exploit / pentest frameworks like Metasploit in proxy logs\n",
      "origin": "SigmaHQ",
      "severity": 70,
      "recommended": true,
      "query": "| #event.kind=\"event\" \n| array:contains(\"event.category[]\", value=\"web\")\n| user_agent.original=/^Internet Explorer /i OR user_agent.original=/^Mozilla\\/4\\.0 \\(compatible; MSIE 6\\.0; Windows NT 5\\.1; SV1; InfoPath\\.2\\)$/i OR user_agent.original=/^Mozilla\\/4\\.0 \\(compatible; Metasploit RSPEC\\)$/i OR user_agent.original=/^Mozilla\\/4\\.0 \\(compatible; MSIE 6\\.1; Windows NT\\)$/i OR user_agent.original=/^Mozilla\\/4\\.0 \\(compatible; MSIE 6\\.0; Windows NT 5\\.1\\)$/i OR user_agent.original=/^Mozilla\\/4\\.0 \\(compatible; MSIE 7\\.0; Windows NT 6\\.0\\)$/i OR user_agent.original=/^Mozilla\\/4\\.0 \\(compatible; MSIE 8\\.0; Windows NT 6\\.0; Trident\\/4\\.0\\)$/i OR user_agent.original=/^Mozilla\\/4\\.0 \\(compatible; MSIE 7\\.0; Windows NT 6\\.0; Trident\\/4\\.0; SIMBAR=\\{7DB0F6DE-8DE7-4841-9084-28FA914B0F2E\\}; SLCC1; \\.N$/i OR user_agent.original=/^Mozilla\\/5\\.0 \\(compatible; Googlebot\\/2\\.1; +http:\\/\\/www\\.google\\.com\\/bot\\.html\\)$/i OR user_agent.original=/^Mozilla\\/5\\.0 \\(Windows; U; Windows NT 5\\.1; en-US\\) AppleWebKit\\/525\\.13 \\(KHTML, like Gecko\\) Chrome\\/4\\.0\\.221\\.6 Safari\\/525\\.13$/i OR user_agent.original=/^Mozilla\\/5\\.0 \\(compatible; MSIE 9\\.0; Windows NT 6\\.1; WOW64; Trident\\/5\\.0; MAAU\\)$/i OR user_agent.original=/^Mozilla\\/5\\.0$/i OR user_agent.original=/^Mozilla\\/4\\.0 \\(compatible; SPIPE\\/1\\.0$/i OR user_agent.original=/^Mozilla\\/5\\.0 \\(Windows NT 6\\.3; rv:39\\.0\\) Gecko\\/20100101 Firefox\\/35\\.0$/i OR user_agent.original=/^Sametime Community Agent$/i OR user_agent.original=/^X-FORWARDED-FOR$/i OR user_agent.original=/^DotDotPwn v2\\.1$/i OR user_agent.original=/^SIPDROID$/i OR user_agent.original=/^Mozilla\\/5\\.0 \\(Windows NT 10\\.0; Win32; x32; rv:60\\.0\\)$/i OR user_agent.original=/^Mozilla\\/6\\.0 \\(X11; Linux x86_64; rv:24\\.0\\) Gecko\\/20140205     Firefox\\/27\\.0 Iceweasel\\/25\\.3\\.0/i OR user_agent.original=/^.*wordpress hash grabber.*/i OR user_agent.original=/^.*exploit.*/i\n",
      "search_window_start": "-70m",
      "search_window_end": "-10m",
      "schedule": "1h",
      "author": "Florian Roth (Nextron Systems)",
      "sigma_author": "",
      "category": "",
      "license": "",
      "tactic": "TA0011",
      "technique": "T1071.001",
      "mitre_attack": [
       {
        "tactic_id": "TA0011",
        "technique_id": "T1071.001"
       }
      ],
      "vendor": "Corelight",
      "vendors": [
       "Corelight"
      ],
      "product": "",
      "tags": "",
      "active": true,
      "source_url": "https://github.com/SigmaHQ/sigma/blob/master/rules/web/proxy_generic/proxy_ua_frameworks.yml",
      "license_details": {
       "name": "DRL",
       "url": "https://github.com/SigmaHQ/Detection-Rule-License"
      },
      "outcome": "detection",
      "created_timestamp": "2017-07-08T00:00:00Z",
      "modified_timestamp": "2021-11-27T00:00:00Z"
     },
     {
      "id": "68f90a78-9423-446a-b611-9c160a46ee0d",
      "name": "Generic - Network - VNC Traffic from the Internet",
      "description": "Identifies network events associated with VNC (Virtual Network Computing) traffic from the Internet. The VNC related network activity can raise suspicions of intrusion, as adversaries often exploit insecure VNC configurations for initial access.\n",
      "origin": "CrowdStrike",
      "severity": 70,
      "recommended": true,
      "query": "#repo!=\"xdr_*\"\n| #Vendor =~ in(values=[\"akamai\", \"aws\", \"cisco\", \"corelight\", \"extrahop\", \"fortinet\", \"microsoft\", \"nozomi\", \"paloalto\", \"zscaler\"])\n| #event.kind=\"event\" | array:contains(\"event.category[]\", value=\"network\")\n| network.transport=\"tcp\" (destination.port\u003e=5800 destination.port\u003c=5810) OR (destination.port\u003e=5900 destination.port\u003c=5910)\n| cidr(destination.ip, subnet=[\"10.0.0.0/8\", \"172.16.0.0/12\", \"192.168.0.0/16\"])\n| NOT cidr(source.ip, subnet=[\"127.0.0.0/8\", \"10.0.0.0/8\", \"172.16.0.0/12\", \"192.168.0.0/16\", \"::1\"])\n",
      "search_window_start": "-70m",
      "search_window_end": "-10m",
      "schedule": "1h",
      "author": "CrowdStrike",
      "sigma_author": "",
      "category": "",
      "license": "",
      "tactic": "TA0011",
      "technique": "T1219",
      "mitre_attack": [
       {
        "tactic_id": "TA0011",
        "technique_id": "T1219"
       }
      ],
      "vendor": "Corelight",
      "vendors": [
       "Akamai",
       "AWS",
       "Cisco",
       "Corelight",
       "ExtraHop",
       "Fortinet",
       "Microsoft",
       "Nozomi Networks",
       "Palo Alto Networks",
       "Zscaler"
      ],
      "product": "",
      "tags": "",
      "active": true,
      "source_url": "",
      "license_details": {
       "name": "",
       "url": ""
      },
      "outcome": "detection",
      "created_timestamp": "2023-11-23T00:00:00Z",
      "modified_timestamp": "2024-10-22T00:00:00Z"
     },
     {
      "id": "93e87775-8b6f-4065-91fa-df6080dc5733",
      "name": "Generic - Network - Domains with a Large Number of Subdomain DNS Queries",
      "description": "This rule detects possible signs of data exfiltration or Domain Generation Algorithm (DGA) activity by identifying domains with a large number of subdomain DNS queries. It generates an alert when the number of subdomain DNS queries and the mean query length for a domain exceed certain thresholds. To reduce false positives, it is recommended to adjust default thresholds based on the specifics of your environment. Additionally, since legitimate domains can also present the same pattern, consider creating and using a lookup file to exclude known good domains.\n",
      "origin": "CrowdStrike",
      "severity": 30,
      "recommended": true,
      "query": "#repo!=\"xdr_*\"\n| in(#Vendor, values=[\"corelight\", \"extrahop\", \"fortinet\", \"vectra\", \"zscaler\"])\n| #event.kind=event \n| array:contains(\"event.category[]\", value=\"network\")\n| dns.question.name=*\n| coalesce([destination.port, server.port], as=destination_port)\n| destination_port=53 \n// Parse DNS query registered domain\n| top_ld := splitString(field=dns.question.name, by=\"\\\\.\", index=-1)\n| second_ld := splitString(field=dns.question.name, by=\"\\\\.\", index=-2)\n| third_ld := splitString(field=dns.question.name, by=\"\\\\.\", index=-3)\n| len_top_ld := length(top_ld)\n| len_second_ld := length(second_ld)\n| case {\n    len_top_ld\u003c=2 len_second_ld\u003c=3 second_ld=/^(gov|org|edu|com|net|co|mil|ac|info|or|gob|name|int|mi|pro|me|go|web|tv|sch|tm|sc|med|id|ne|coop|asso)$/ \n        | dns_query_registered_domain := format(format=\"%s.%s.%s\", field=[third_ld, second_ld, top_ld]);\n    * | dns_query_registered_domain := format(format=\"%s.%s\", field=[second_ld, top_ld]);\n}\n| drop([top_ld, second_ld, third_ld, len_top_ld, len_second_ld])\n// Uncomment the following line and replace 'known_good_domains.csv' with your actual lookup file name\n// | NOT match(file=\"known_good_domains.csv\", column=domain, field=dns_query_registered_domain, include=[])\n| dns_query_length := length(dns.question.name)\n| groupBy([#Vendor, #event.module, dns_query_registered_domain], \n    function=[\n        avg(dns_query_length, as=avg_dns_query_length), \n        count(field=dns.question.name, as=subdomains_per_domain, distinct=true), \n        collect(dns.question.name, limit=50)\n    ]\n)\n// Fine-tuning may be done by adjusting default thresholds based on the environment and observed baseline.\n// Threshold explanations:\n// subdomains_per_domain\u003e100: More than 100 subdomains per domain in the time window may indicate DNS tunneling activity\n// avg_dns_query_length\u003e25: Average length over 25 characters suggests unusually long subdomains, common in data exfiltration\n| subdomains_per_domain\u003e100 avg_dns_query_length\u003e25\n",
      "search_window_start": "-70m",
      "search_window_end": "-10m",
      "schedule": "1h",
      "author": "CrowdStrike",
      "sigma_author": "",
      "category": "",
      "license": "",
      "tactic": "TA0011",
      "technique": "T1071.004",
      "mitre_attack": [
       {
        "tactic_id": "TA0011",
        "technique_id": "T1071.004"
       }
      ],
      "vendor": "Corelight",
      "vendors": [
       "Corelight",
       "ExtraHop",
       "Fortinet",
       "Vectra AI",
       "Zscaler"
      ],
      "product": "",
      "tags": "",
      "active": true,
      "source_url": "",
      "license_details": {
       "name": "",
       "url": ""
      },
      "outcome": "detection",
      "created_timestamp": "2024-12-16T00:00:00Z",
      "modified_timestamp": "0001-01-01T00:00:00Z"
     },
     {
      "id": "f0e6f694-4fed-4145-b61e-6b22fbfef914",
      "name": "Generic - Network - ICMP Exfiltration",
      "description": "Identifies outbound Internet Control Message Protocol (ICMP) traffic exceeding 2 MB per hour, which may indicate unusual or malicious activity, including potential data exfiltration.\n",
      "origin": "CrowdStrike",
      "severity": 50,
      "recommended": true,
      "query": "#repo!=\"xdr_*\" \n| #Vendor =~ in(values=[\"aws\",\"cisco\",\"corelight\",\"extrahop\",\"fortinet\",\"paloalto\"])\n| #event.kind=\"event\"\n| array:contains(array=\"event.category[]\", value=\"network\")\n| network.transport=\"icmp\" network.bytes\u003e=0\n| cidr(source.ip, subnet=[\"127.0.0.0/8\", \"10.0.0.0/8\", \"172.16.0.0/12\", \"192.168.0.0/16\", \"::1\"])\n| !cidr(destination.ip, subnet=[\"127.0.0.0/8\", \"10.0.0.0/8\", \"172.16.0.0/12\", \"192.168.0.0/16\", \"::1\"])\n| groupBy([#Vendor,#event.module,network.transport,source.ip,destination.ip], function=sum(network.bytes, as=\"total_bytes\"))\n| total_mega_bytes := total_bytes/1024/1024\n| total_mega_bytes\u003e=2\n// Common Exclusions\n// | destination.ip =~ !in(values=[\"8.8.8.8\",\"8.8.4.4\",\"1.1.1.1\",\"9.9.9.9\"])\n",
      "search_window_start": "-70m",
      "search_window_end": "-10m",
      "schedule": "1h",
      "author": "CrowdStrike",
      "sigma_author": "",
      "category": "",
      "license": "",
      "tactic": "TA0010",
      "technique": "T1048.003",
      "mitre_attack": [
       {
        "tactic_id": "TA0010",
        "technique_id": "T1048.003"
       }
      ],
      "vendor": "AWS",
      "vendors": [
       "AWS",
       "Cisco",
       "Corelight",
       "ExtraHop",
       "Fortinet",
       "Palo Alto Networks"
      ],
      "product": "",
      "tags": "",
      "active": true,
      "source_url": "",
      "license_details": {
       "name": "",
       "url": ""
      },
      "outcome": "detection",
      "created_timestamp": "2024-10-16T00:00:00Z",
      "modified_timestamp": "2024-10-22T00:00:00Z"
     },
     {
      "id": "19c539ee-8336-4116-87ff-38f4d020c846",
      "name": "Generic - Network - Outbound Connection to Metasploit Default Port",
      "description": "This rule detects outbound traffic towards an external IP address on port 4444, which is commonly associated with Metasploit shells, indicating potential malicious activity. By default, this rule will fire when there are at least 10 events observed to the same destination IP address.\n",
      "origin": "CrowdStrike",
      "severity": 50,
      "recommended": true,
      "query": "#repo!=\"xdr_*\" \n| #Vendor =~ in(values=[\"akamai\",\"aws\",\"cisco\",\"corelight\",\"extrahop\",\"fortinet\",\"aruba\",\"microsoft\",\"netskope\",\"nozomi\",\"paloalto\",\"radware\",\"zscaler\"])\n| #event.kind=\"event\"\n| array:contains(array=\"event.category[]\", value=\"network\")\n| destination.port=4444\n| !cidr(destination.ip, subnet=[\"10.0.0.0/8\", \"172.16.0.0/12\", \"192.168.0.0/16\", \"fe80::/10\", \"169.254.0.0/16\"])\n| cidr(source.ip, subnet=[\"10.0.0.0/8\", \"172.16.0.0/12\", \"192.168.0.0/16\", \"fe80::/10\", \"169.254.0.0/16\"]) \n| ipLocation(destination.ip)\n| asn(destination.ip)\n| groupBy([destination.ip], function=[collect([destination.ip.org, destination.ip.country, destination.ip.city, event.action, source.ip, destination.port, network.protocol]), count(destination.ip, distinct=false, as=number_of_requests)])\n| number_of_requests\u003e10 \n",
      "search_window_start": "-70m",
      "search_window_end": "-10m",
      "schedule": "1h",
      "author": "CrowdStrike",
      "sigma_author": "",
      "category": "",
      "license": "",
      "tactic": "TA0011",
      "technique": "T1071",
      "mitre_attack": [
       {
        "tactic_id": "TA0011",
        "technique_id": "T1071"
       }
      ],
      "vendor": "Akamai",
      "vendors": [
       "Akamai",
       "AWS",
       "Cisco",
       "Corelight",
       "ExtraHop",
       "Fortinet",
       "HPE Aruba Networking",
       "Microsoft",
       "Nozomi Networks",
       "Palo Alto Networks",
       "Radware",
       "Zscaler"
      ],
      "product": "",
      "tags": "",
      "active": true,
      "source_url": "",
      "license_details": {
       "name": "",
       "url": ""
      },
      "outcome": "detection",
      "created_timestamp": "2024-10-07T00:00:00Z",
      "modified_timestamp": "2024-10-22T00:00:00Z"
     },
     {
      "id": "36f6e80d-925f-4160-8d4c-042e6973df4d",
      "name": "Generic - Network - Mass SMB Connections to External IP Addresses",
      "description": "This rule detects a single host establishing an abnormally high number of Server Message Block (SMB) connections to external IP addresses within a short period, potentially indicating a compromised host engaged in reconnaissance for lateral movement. By default the alerting threshold for total unique number of IP addresses is set to 1000. \n",
      "origin": "CrowdStrike",
      "severity": 70,
      "recommended": true,
      "query": "#repo!=\"xdr_*\"   \n| #Vendor =~ in(values=[\"akamai\",\"aws\",\"cisco\",\"corelight\",\"extrahop\",\"fortinet\",\"aruba\",\"microsoft\",\"netskope\",\"nozomi\",\"paloalto\",\"radware\",\"zscaler\"])\n| #event.kind=\"event\"\n| array:contains(array=\"event.category[]\", value=\"network\")\n| destination.port =~ in(values=[\"445\",\"135\"])\n| cidr(source.ip, subnet=[\"10.0.0.0/8\", \"172.16.0.0/12\", \"192.168.0.0/16\", \"fe80::/10\", \"169.254.0.0/16\"])\n| !cidr(destination.ip, subnet=[\"10.0.0.0/8\", \"172.16.0.0/12\", \"192.168.0.0/16\", \"fe80::/10\", \"169.254.0.0/16\"])\n| groupBy([source.ip], function=[count(destination.ip, distinct=true, as=dest_ip_count), collect([destination.port])])\n| dest_ip_count\u003e=1000 \n",
      "search_window_start": "-70m",
      "search_window_end": "-10m",
      "schedule": "1h",
      "author": "CrowdStrike",
      "sigma_author": "",
      "category": "",
      "license": "",
      "tactic": "TA0008",
      "technique": "T1021.002",
      "mitre_attack": [
       {
        "tactic_id": "TA0008",
        "technique_id": "T1021.002"
       }
      ],
      "vendor": "Akamai",
      "vendors": [
       "Akamai",
       "AWS",
       "Cisco",
       "Corelight",
       "ExtraHop",
       "Fortinet",
       "HPE Aruba Networking",
       "Microsoft",
       "Netskope",
       "Nozomi Networks",
       "Palo Alto Networks",
       "Radware",
       "Zscaler"
      ],
      "product": "",
      "tags": "",
      "active": true,
      "source_url": "",
      "license_details": {
       "name": "",
       "url": ""
      },
      "outcome": "detection",
      "created_timestamp": "2024-10-08T00:00:00Z",
      "modified_timestamp": "2024-10-22T00:00:00Z"
     },
     {
      "id": "eed1f5bf-da7d-4ea4-b02a-9cbfbd243904",
      "name": "Generic - Network - Mass SMB Connections to Internal IP Addresses",
      "description": "This rule detects a single host establishing an abnormally high number of Server Message Block (SMB) connections within a short period, potentially indicating a compromised host engaged in reconnaissance for lateral movement. By default the alerting threshold for total unique number of IP addresses is set to 1000. \n",
      "origin": "CrowdStrike",
      "severity": 50,
      "recommended": true,
      "query": "#repo!=\"xdr_*\"   \n| #Vendor =~ in(values=[\"akamai\",\"aws\",\"cisco\",\"corelight\",\"extrahop\",\"fortinet\",\"aruba\",\"microsoft\",\"netskope\",\"nozomi\",\"paloalto\",\"radware\",\"zscaler\"])\n| #event.kind=\"event\"\n| array:contains(array=\"event.category[]\", value=\"network\")\n| destination.port =~ in(values=[\"445\",\"135\"])\n| cidr(source.ip, subnet=[\"10.0.0.0/8\", \"172.16.0.0/12\", \"192.168.0.0/16\", \"fe80::/10\", \"169.254.0.0/16\"])\n| cidr(destination.ip, subnet=[\"10.0.0.0/8\", \"172.16.0.0/12\", \"192.168.0.0/16\", \"fe80::/10\", \"169.254.0.0/16\"])\n| groupBy([source.ip], function=[count(destination.ip, distinct=true, as=dest_ip_count), collect([destination.port])])\n| dest_ip_count\u003e=1000\n",
      "search_window_start": "-70m",
      "search_window_end": "-10m",
      "schedule": "1h",
      "author": "CrowdStrike",
      "sigma_author": "",
      "category": "",
      "license": "",
      "tactic": "TA0008",
      "technique": "T1021.002",
      "mitre_attack": [
       {
        "tactic_id": "TA0008",
        "technique_id": "T1021.002"
       }
      ],
      "vendor": "Akamai",
      "vendors": [
       "Akamai",
       "AWS",
       "Cisco",
       "Corelight",
       "ExtraHop",
       "Fortinet",
       "HPE Aruba Networking",
       "Microsoft",
       "Netskope",
       "Nozomi Networks",
       "Palo Alto Networks",
       "Radware",
       "Zscaler"
      ],
      "product": "",
      "tags": "",
      "active": true,
      "source_url": "",
      "license_details": {
       "name": "",
       "url": ""
      },
      "outcome": "detection",
      "created_timestamp": "2024-10-08T00:00:00Z",
      "modified_timestamp": "2024-10-22T00:00:00Z"
     },
     {
      "id": "3c33dafe-6d66-4c7e-8241-dc839d1d10d4",
      "name": "Generic - Network - Internal Host Discovery Scan",
      "description": "This rule identifies host discovery scans. In this type of scan, an adversary is interested in a large number of IP address, but a limited number of ports.\nThe following thresholds can be adjusted to better reflect network activity in the target environment.\ndc_ips: total number of IP addresses\ndc_ports: total number of scanned ports.\n",
      "origin": "CrowdStrike",
      "severity": 50,
      "recommended": true,
      "query": "#repo!=\"xdr_*\" #event.kind=\"event\"\n| #Vendor =~ in(values=[\"aws\",\"cisco\",\"corelight\",\"extrahop\",\"fortinet\",\"microsoft\",\"nozomi\",\"paloalto\",\"zscaler\"])\n| array:contains(array=\"event.category[]\", value=\"network\")\n| network.transport=/tcp|udp/ OR network.iana_number=6 OR network.iana_number=17\n| case {\n    test(source.port\u003edestination.port) | destination.port\u003c20000 | scanned_port := destination.port | scanned_ip := destination.ip | scan_source_ip := source.ip;\n    test(source.port\u003cdestination.port) | source.port\u003c20000 | scanned_port := source.port | scanned_ip := source.ip | scan_source_ip := destination.ip;\n    test(source.port==destination.port) | destination.port\u003c20000 | scanned_port := destination.port | scanned_ip := destination.ip | scan_source_ip := source.ip;\n}\n| cidr(source.ip, subnet=[\"10.0.0.0/8\", \"172.16.0.0/12\", \"192.168.0.0/16\", \"fe80::/10\", \"169.254.0.0/16\"])\n| cidr(destination.ip, subnet=[\"10.0.0.0/8\", \"172.16.0.0/12\", \"192.168.0.0/16\", \"fe80::/10\", \"169.254.0.0/16\"])\n| groupBy(field=[#Vendor,#event.module,#type,scan_source_ip], function=[count(scanned_port, distinct=true, as=dc_ports),count(scanned_ip, distinct=true, as=\"dc_ips\"), collect([scanned_port])])\n// Adjust thresholds below as appropriate for your environment.\n| dc_ips\u003e=20 dc_ports\u003c=5\n\n// Exclusions\n// Exclude known scanners below\n// scan_source_ip =~ !in(values=[\"1.2.3.4\"]) \n",
      "search_window_start": "-70m",
      "search_window_end": "-10m",
      "schedule": "1h",
      "author": "CrowdStrike",
      "sigma_author": "",
      "category": "",
      "license": "",
      "tactic": "TA0007",
      "technique": "T1046",
      "mitre_attack": [
       {
        "tactic_id": "TA0007",
        "technique_id": "T1046"
       }
      ],
      "vendor": "AWS",
      "vendors": [
       "AWS",
       "Cisco",
       "Corelight",
       "ExtraHop",
       "Fortinet",
       "Microsoft",
       "Nozomi Networks",
       "Palo Alto Networks",
       "Zscaler"
      ],
      "product": "",
      "tags": "",
      "active": true,
      "source_url": "",
      "license_details": {
       "name": "",
       "url": ""
      },
      "outcome": "detection",
      "created_timestamp": "2024-10-18T00:00:00Z",
      "modified_timestamp": "0001-01-01T00:00:00Z"
     },
     {
      "id": "745bfe76-fef4-43c7-923a-fe4a5fd0f064",
      "name": "Corelight - IDS - Suspicious RDP and External File Sharing Activity",
      "description": "Detects DNS requests for various file sharing services from internal hosts accessed via known RDP credentials, indicating a potential data exfiltration attempt by an adversary or an insider threat.\n",
      "origin": "CrowdStrike",
      "severity": 50,
      "recommended": true,
      "query": "#repo=\"corelight\"\n| #event.module=\"ids\" #event.kind=\"event\"\n| #event.dataset =~ in(values=[\"ids.dns\", \"ids.conn\"])\n| array:contains(\"event.category[]\", value=\"network\")\n| array:contains(\"event.type[]\", value=\"connection\")\n| case {\n    // RDP connection initiated. RSTO - Connection established, originator of the connection aborted upon the conclusion of the interaction\n    network.transport=\"tcp\" destination.port=3389 Vendor.conn_state=\"RSTO\" | internalHost := destination.ip | successRDPTime := @timestamp | successRDP := true | rdpConn := format(\"[rdp] %s -\u003e %s\", field=[source.ip, destination.ip]);\n    // DNS resolution of External File Sharing Service. Edit this regex based on organizational activities\n    network.transport=\"dns\" dns.question.name=/(mystuff\\.bublup\\.com|pastebin\\.com|content\\.dropboxapi\\.com|dropbox\\.com|wetransfer\\.com|anonfile\\.net|sendspace\\.com|temp\\.sh|api\\.mega\\.co\\.nz|myairbridge\\.cloud)$/i Vendor.rcode = 0 Vendor.qtype = 65 | domainName := dns.question.name | internalHost := client.ip | successExfilTime := @timestamp | successExfil := true ;\n}\n| selfJoinFilter(internalHost,\n    where=[\n        { successRDP=true },\n        { successExfil=true }\n    ],\n    prefilter=true\n)\n| successRDPTimef := formatTime(\"%Y/%m/%d %H:%M:%S\", field=successRDPTime)\n| successExfilTimef := formatTime(\"%Y/%m/%d %H:%M:%S\", field=successExfilTime)\n| groupBy(internalHost,\n    function=[\n        session([\n            collect([rdpConn, successRDPTimef, domainName, successExfilTimef]),\n            count(rdpConn, distinct=true, as=\"_distinctRDPConnCnt\"),\n            count(domainName, distinct=true, as=\"_distinctFileSharingDomainsCnt\"),\n            min(successExfilTime, as=\"minExfilTime\"),\n            min(successRDPTime, as=\"minRDPTime\")\n        ],\n        maxpause=30m)\n    ]\n)\n| test(minExfilTime \u003e minRDPTime)\n//\n// edit the sensibility rule treshold based on organizational activities\n// * _distinctRDPConnCnt            : how many systems used RDP to connect to the system where the exfiltration took place.\n// * _distinctFileSharingDomainsCnt : how many resolutions to external file sharing services were made, signalling a potential exfil operation.\n//\n| _distinctFileSharingDomainsCnt\u003e=1 _distinctRDPConnCnt\u003e=1\n| formatDuration(_duration, precision=3, as=\"sessionDuration\")\n// transform in hours\n| sessionDurationh := _duration/(1000*60*60)\n// supplementary filter for assumtion that the attacker session takes max 2 hours, in which he searches what to exfiltrate after successful login.\n| sessionDurationh\u003e0 sessionDurationh\u003c2\n| drop([_duration, @timestamp, sessionDurationh, minExfilTime, minRDPTime])\n",
      "search_window_start": "-70m",
      "search_window_end": "-10m",
      "schedule": "1h",
      "author": "CrowdStrike",
      "sigma_author": "",
      "category": "",
      "license": "",
      "tactic": "TA0010",
      "technique": "T1567.002",
      "mitre_attack": [
       {
        "tactic_id": "TA0010",
        "technique_id": "T1567.002"
       }
      ],
      "vendor": "Corelight",
      "vendors": [
       "Corelight"
      ],
      "product": "",
      "tags": "",
      "active": true,
      "source_url": "",
      "license_details": {
       "name": "",
       "url": ""
      },
      "outcome": "detection",
      "created_timestamp": "2024-11-06T00:00:00Z",
      "modified_timestamp": "0001-01-01T00:00:00Z"
     },
     {
      "id": "a4ba102a-d164-4fd5-b9ac-79bb287e1fae",
      "name": "Generic - Web - HTTP Request With a Suspicious User Agent",
      "description": "This rule identifies a web request that was made with a suspicious user agent. \nIt focuses on detecting user agents commonly associated with Scripting activities, Cryptocurrency mining operations, Obfuscation techniques and other potentially malicious or unauthorized automated activities\n",
      "origin": "CrowdStrike",
      "severity": 50,
      "recommended": true,
      "query": "#Vendor=\"akamai\" OR #Vendor=\"aws\" OR #Vendor=\"cisco\" OR #Vendor=\"cloudflare\" OR #Vendor=\"corelight\" OR #Vendor=\"extrahop\" OR #Vendor=\"f5networks\" OR #Vendor=\"fortinet\" OR #Vendor=\"microsoft\" OR #Vendor=\"netskope\" OR #Vendor=\"okta\" OR #Vendor=\"paloalto\" OR #Vendor=\"proofpoint\" OR #Vendor=\"zscaler\"\n| #event.kind=\"event\"\n| match(file=\"falcon/ngsiem-content/suspicious_user_agents.csv\",field=user_agent.original,column=user_agent.original)\n// Exclude domains which are known vulnerability scanners or may cause false positives\n//| url.original =~ !in(values=[\"www.bing.com\", \"cloud.tenable.com\"])\n",
      "search_window_start": "-70m",
      "search_window_end": "-10m",
      "schedule": "1h",
      "author": "CrowdStrike",
      "sigma_author": "",
      "category": "",
      "license": "",
      "tactic": "TA0011",
      "technique": "T1071.001",
      "mitre_attack": [
       {
        "tactic_id": "TA0011",
        "technique_id": "T1071.001"
       }
      ],
      "vendor": "Cloudflare",
      "vendors": [
       "Akamai",
       "AWS",
       "Cisco",
       "Cloudflare",
       "Corelight",
       "ExtraHop",
       "F5",
       "Fortinet",
       "Microsoft",
       "Netskope",
       "Okta",
       "Palo Alto Networks",
       "Proofpoint",
       "Zscaler"
      ],
      "product": "",
      "tags": "",
      "active": true,
      "source_url": "",
      "license_details": {
       "name": "",
       "url": ""
      },
      "outcome": "detection",
      "created_timestamp": "2025-02-02T00:00:00Z",
      "modified_timestamp": "0001-01-01T00:00:00Z"
     },
     {
      "id": "1a61c23e-4955-404c-9e02-38b3b76a1649",
      "name": "Corelight - IDS - PowerShell Post Request Detected",
      "description": "Identifies when Corelight IDS detects a POST request being performed with a user agent that contains powershell. This may indicate an exfiltration attempt using powershell.\n",
      "origin": "CrowdStrike",
      "severity": 50,
      "recommended": true,
      "query": "| #repo=\"corelight\" #Vendor=\"corelight\" #event.kind=\"event\" \n| array:contains(\"event.category[]\", value=\"web\")\n| http.request.method=\"POST\"\n| Vendor.user_agent=\"*PowerShell*\"\n",
      "search_window_start": "-70m",
      "search_window_end": "-10m",
      "schedule": "1h",
      "author": "CrowdStrike",
      "sigma_author": "",
      "category": "",
      "license": "",
      "tactic": "TA0010",
      "technique": "T1567",
      "mitre_attack": [
       {
        "tactic_id": "TA0010",
        "technique_id": "T1567"
       }
      ],
      "vendor": "Corelight",
      "vendors": [
       "Corelight"
      ],
      "product": "",
      "tags": "",
      "active": true,
      "source_url": "",
      "license_details": {
       "name": "",
       "url": ""
      },
      "outcome": "detection",
      "created_timestamp": "2024-06-05T00:00:00Z",
      "modified_timestamp": "0001-01-01T00:00:00Z"
     },
     {
      "id": "bae2865c-5565-470d-b505-9496c87d0c30",
      "name": "Corelight - IDS - SMB Spoolss Name Piped Usage - Sigma",
      "description": "Detects the use of the spoolss named pipe over SMB. This can be used to trigger the authentication via NTLM of any machine that has the spoolservice enabled.\n",
      "origin": "SigmaHQ",
      "severity": 50,
      "recommended": true,
      "query": "| #repo=\"corelight\" #event.module=\"ids\" #event.dataset=\"ids.smb_files\"\n| Vendor.path=/IPC$$/i Vendor.name=/^spoolss$/i\n",
      "search_window_start": "-70m",
      "search_window_end": "-10m",
      "schedule": "1h",
      "author": "OTR (Open Threat Research), @neu5ron",
      "sigma_author": "",
      "category": "",
      "license": "",
      "tactic": "TA0008",
      "technique": "T1021.002",
      "mitre_attack": [
       {
        "tactic_id": "TA0008",
        "technique_id": "T1021.002"
       }
      ],
      "vendor": "Corelight",
      "vendors": [
       "Corelight"
      ],
      "product": "",
      "tags": "",
      "active": true,
      "source_url": "https://github.com/SigmaHQ/sigma/blob/master/rules/network/zeek/zeek_dce_rpc_smb_spoolss_named_pipe.yml",
      "license_details": {
       "name": "DRL",
       "url": "https://github.com/SigmaHQ/Detection-Rule-License"
      },
      "outcome": "detection",
      "created_timestamp": "2018-11-28T00:00:00Z",
      "modified_timestamp": "2022-10-09T00:00:00Z"
     },
     {
      "id": "7100f7e3-92ce-4584-b7b7-01b40d3d4118",
      "name": "Corelight - IDS - Default Cobalt Strike Certificate - Sigma",
      "description": "Detects the presence of default Cobalt Strike certificate in the HTTPS traffic\n",
      "origin": "SigmaHQ",
      "severity": 70,
      "recommended": true,
      "query": "| #repo=\"corelight\" #event.module=\"ids\" #event.dataset=\"ids.x509\"\n| x509.serial_number=/^8BB00EE$/i\n",
      "search_window_start": "-70m",
      "search_window_end": "-10m",
      "schedule": "1h",
      "author": "Bhabesh Raj",
      "sigma_author": "",
      "category": "",
      "license": "",
      "tactic": "TA0011",
      "technique": "T1071.001",
      "mitre_attack": [
       {
        "tactic_id": "TA0011",
        "technique_id": "T1071.001"
       }
      ],
      "vendor": "Corelight",
      "vendors": [
       "Corelight"
      ],
      "product": "",
      "tags": "",
      "active": true,
      "source_url": "https://github.com/SigmaHQ/sigma/blob/master/rules/network/zeek/zeek_default_cobalt_strike_certificate.yml",
      "license_details": {
       "name": "DRL",
       "url": "https://github.com/SigmaHQ/Detection-Rule-License"
      },
      "outcome": "detection",
      "created_timestamp": "2021-06-23T00:00:00Z",
      "modified_timestamp": "2022-10-09T00:00:00Z"
     },
     {
      "id": "dde85b37-40cd-4a94-b00c-0b8794f956b5",
      "name": "Corelight - IDS - Remote Task Creation via ATSVC Named Pipe - Zeek - Sigma",
      "description": "Detects remote task creation via at.exe or API interacting with ATSVC namedpipe\n",
      "origin": "SigmaHQ",
      "severity": 50,
      "recommended": true,
      "query": "| #repo=\"corelight\" #event.module=\"ids\" #event.dataset=\"ids.smb_files\"\n| Vendor.path=/^\\\\\\\\\\\\\\*\\\\IPC$$/i Vendor.name=/^atsvc$/i\n",
      "search_window_start": "-70m",
      "search_window_end": "-10m",
      "schedule": "1h",
      "author": "Samir Bousseaden, @neu5rn",
      "sigma_author": "",
      "category": "",
      "license": "",
      "tactic": "TA0003",
      "technique": "T1053.002",
      "mitre_attack": [
       {
        "tactic_id": "TA0003",
        "technique_id": "T1053.002"
       }
      ],
      "vendor": "Corelight",
      "vendors": [
       "Corelight"
      ],
      "product": "",
      "tags": "",
      "active": true,
      "source_url": "https://github.com/SigmaHQ/sigma/blob/master/rules/network/zeek/zeek_smb_converted_win_atsvc_task.yml",
      "license_details": {
       "name": "DRL",
       "url": "https://github.com/SigmaHQ/Detection-Rule-License"
      },
      "outcome": "detection",
      "created_timestamp": "2020-04-03T00:00:00Z",
      "modified_timestamp": "2022-12-27T00:00:00Z"
     },
     {
      "id": "2e69f167-47b5-4ae7-a390-47764529eff5",
      "name": "Corelight - IDS - Transferring Files with Credential Data via Network Shares - Zeek - Sigma",
      "description": "Transferring files with well-known filenames (sensitive files with credential data) using network shares\n",
      "origin": "SigmaHQ",
      "severity": 50,
      "recommended": true,
      "query": "| #repo=\"corelight\" #event.module=\"ids\" #event.dataset=\"ids.smb_files\"\n| (Vendor.name=/^\\\\mimidrv$/i OR Vendor.name=/^\\\\lsass$/i OR Vendor.name=/^\\\\windows\\\\minidump\\\\$/i OR Vendor.name=/^\\\\hiberfil$/i OR Vendor.name=/^\\\\sqldmpr$/i OR Vendor.name=/^\\\\sam$/i OR Vendor.name=/^\\\\ntds\\.dit$/i OR Vendor.name=/^\\\\security$/i)\n",
      "search_window_start": "-70m",
      "search_window_end": "-10m",
      "schedule": "1h",
      "author": "\\@neu5ron, Teymur Kheirkhabarov, oscd.community",
      "sigma_author": "",
      "category": "",
      "license": "",
      "tactic": "TA0006",
      "technique": "T1003.003",
      "mitre_attack": [
       {
        "tactic_id": "TA0006",
        "technique_id": "T1003.003"
       }
      ],
      "vendor": "Corelight",
      "vendors": [
       "Corelight"
      ],
      "product": "",
      "tags": "",
      "active": true,
      "source_url": "https://github.com/SigmaHQ/sigma/blob/master/rules/network/zeek/zeek_smb_converted_win_transferring_files_with_credential_data.yml",
      "license_details": {
       "name": "DRL",
       "url": "https://github.com/SigmaHQ/Detection-Rule-License"
      },
      "outcome": "detection",
      "created_timestamp": "2020-04-02T00:00:00Z",
      "modified_timestamp": "2021-11-27T00:00:00Z"
     },
     {
      "id": "fdd7e904-7304-4616-a46a-e32f917c4be4",
      "name": "OWASSRF Exploitation Attempt Using Public POC - Proxy",
      "description": "Detects exploitation attempt of the OWASSRF variant targeting exchange servers using publicly available POC. It uses the OWA endpoint to access the powershell backend endpoint\n",
      "origin": "SigmaHQ",
      "severity": 90,
      "recommended": true,
      "query": "| #event.kind=\"event\" \n| array:contains(\"event.category[]\", value=\"web\")\n| user_agent.original=/^Mozilla\\/5\\.0 \\(Windows NT 10\\.0; Win64; x64\\) AppleWebKit\\/537\\.36 \\(KHTML, like Gecko\\) Chrome\\/105\\.0\\.5195\\.54 Safari\\/537\\.36$/i http.request.method=\"POST\" http.response.status_code=200 url.path=/\\/owa\\/mastermailbox/i url.path=/\\/powershell/i\n",
      "search_window_start": "-70m",
      "search_window_end": "-10m",
      "schedule": "1h",
      "author": "Nasreddine Bencherchali (Nextron Systems)",
      "sigma_author": "",
      "category": "",
      "license": "",
      "tactic": "TA0001",
      "technique": "T1190",
      "mitre_attack": [
       {
        "tactic_id": "TA0001",
        "technique_id": "T1190"
       }
      ],
      "vendor": "Corelight",
      "vendors": [
       "Corelight"
      ],
      "product": "",
      "tags": "",
      "active": true,
      "source_url": "https://github.com/SigmaHQ/sigma/blob/master/rules-emerging-threats/2022/Exploits/CVE-2022-41082/proxy_cve_2022_36804_exchange_owassrf_poc_exploitation.yml",
      "license_details": {
       "name": "DRL",
       "url": "https://github.com/SigmaHQ/Detection-Rule-License"
      },
      "outcome": "detection",
      "created_timestamp": "2022-12-22T00:00:00Z",
      "modified_timestamp": "0001-01-01T00:00:00Z"
     },
     {
      "id": "5ba715b6-71b7-44fd-8245-f66893e81b3d",
      "name": "APT40 Dropbox Tool User Agent",
      "description": "Detects suspicious user agent string of APT40 Dropbox tool\n",
      "origin": "SigmaHQ",
      "severity": 70,
      "recommended": true,
      "query": "| #event.kind=\"event\" \n| array:contains(\"event.category[]\", value=\"web\")\n| user_agent.original=/^Mozilla\\/5\\.0 \\(Windows NT 6\\.1; WOW64\\) AppleWebKit\\/537\\.36 \\(KHTML, like Gecko\\) Chrome\\/36\\.0\\.1985\\.143 Safari\\/537\\.36$/i url.domain=\"api.dropbox.com\"\n",
      "search_window_start": "-70m",
      "search_window_end": "-10m",
      "schedule": "1h",
      "author": "Thomas Patzke",
      "sigma_author": "",
      "category": "",
      "license": "",
      "tactic": "TA0011",
      "technique": "T1071.001",
      "mitre_attack": [
       {
        "tactic_id": "TA0011",
        "technique_id": "T1071.001"
       }
      ],
      "vendor": "Corelight",
      "vendors": [
       "Corelight"
      ],
      "product": "",
      "tags": "",
      "active": true,
      "source_url": "https://github.com/SigmaHQ/sigma/blob/master/rules-emerging-threats/2019/TA/APT40/proxy_apt_apt40_dropbox_tool_ua.yml",
      "license_details": {
       "name": "DRL",
       "url": "https://github.com/SigmaHQ/Detection-Rule-License"
      },
      "outcome": "detection",
      "created_timestamp": "2019-11-12T00:00:00Z",
      "modified_timestamp": "2023-05-18T00:00:00Z"
     },
     {
      "id": "4922a5dd-6743-4fc2-8e81-144374280997",
      "name": "Flash Player Update from Suspicious Location",
      "description": "Detects a flashplayer update from an unofficial location\n",
      "origin": "SigmaHQ",
      "severity": 70,
      "recommended": true,
      "query": "| #event.kind=\"event\" \n| array:contains(\"event.category[]\", value=\"web\")\n| (url.full=/\\/flash_install\\.php/i OR url.full=/\\/install_flash_player\\.exe$/i) NOT url.domain=\"*.adobe.com\"\n",
      "search_window_start": "-70m",
      "search_window_end": "-10m",
      "schedule": "1h",
      "author": "Florian Roth (Nextron Systems)",
      "sigma_author": "",
      "category": "",
      "license": "",
      "tactic": "TA0001",
      "technique": "T1189",
      "mitre_attack": [
       {
        "tactic_id": "TA0001",
        "technique_id": "T1189"
       }
      ],
      "vendor": "Corelight",
      "vendors": [
       "Corelight"
      ],
      "product": "",
      "tags": "",
      "active": true,
      "source_url": "https://github.com/SigmaHQ/sigma/blob/master/rules/web/proxy_generic/proxy_susp_flash_download_loc.yml",
      "license_details": {
       "name": "DRL",
       "url": "https://github.com/SigmaHQ/Detection-Rule-License"
      },
      "outcome": "detection",
      "created_timestamp": "2017-10-25T00:00:00Z",
      "modified_timestamp": "2022-08-08T00:00:00Z"
     },
     {
      "id": "c8557060-9221-4448-8794-96320e6f3e74",
      "name": "Windows PowerShell User Agent",
      "description": "Detects Windows PowerShell Web Access\n",
      "origin": "SigmaHQ",
      "severity": 50,
      "recommended": true,
      "query": "| #event.kind=\"event\" \n| array:contains(\"event.category[]\", value=\"web\")\n| user_agent.original=\"* WindowsPowerShell/*\"\n",
      "search_window_start": "-70m",
      "search_window_end": "-10m",
      "schedule": "1h",
      "author": "Florian Roth (Nextron Systems)",
      "sigma_author": "",
      "category": "",
      "license": "",
      "tactic": "TA0011",
      "technique": "T1071.001",
      "mitre_attack": [
       {
        "tactic_id": "TA0011",
        "technique_id": "T1071.001"
       }
      ],
      "vendor": "Corelight",
      "vendors": [
       "Corelight"
      ],
      "product": "",
      "tags": "",
      "active": true,
      "source_url": "https://github.com/SigmaHQ/sigma/blob/master/rules/web/proxy_generic/proxy_ua_powershell.yml",
      "license_details": {
       "name": "DRL",
       "url": "https://github.com/SigmaHQ/Detection-Rule-License"
      },
      "outcome": "detection",
      "created_timestamp": "2017-03-13T00:00:00Z",
      "modified_timestamp": "2021-11-27T00:00:00Z"
     },
     {
      "id": "c42a3073-30fb-48ae-8c99-c23ada84b103",
      "name": "Hack Tool User Agent",
      "description": "Detects suspicious user agent strings user by hack tools in proxy logs\n",
      "origin": "SigmaHQ",
      "severity": 70,
      "recommended": true,
      "query": "| #event.kind=\"event\" \n| array:contains(\"event.category[]\", value=\"web\")\n| user_agent.original=/\\(hydra\\)/i OR user_agent.original=/ arachni\\//i OR user_agent.original=/ BFAC /i OR user_agent.original=/ brutus /i OR user_agent.original=/ cgichk /i OR user_agent.original=/core-project/1\\.0/i OR user_agent.original=/ crimscanner\\//i OR user_agent.original=/datacha0s/i OR user_agent.original=/dirbuster/i OR user_agent.original=/domino hunter/i OR user_agent.original=/dotdotpwn/i OR user_agent.original=/FHScan Core/i OR user_agent.original=/floodgate/i OR user_agent.original=/get-minimal/i OR user_agent.original=/gootkit auto-rooter scanner/i OR user_agent.original=/grendel-scan/i OR user_agent.original=/ inspath /i OR user_agent.original=/internet ninja/i OR user_agent.original=/jaascois/i OR user_agent.original=/ zmeu /i OR user_agent.original=/masscan/i OR user_agent.original=/ metis /i OR user_agent.original=/morfeus fucking scanner/i OR user_agent.original=/n-stealth/i OR user_agent.original=/nsauditor/i OR user_agent.original=/pmafind/i OR user_agent.original=/security scan/i OR user_agent.original=/springenwerk/i OR user_agent.original=/teh forest lobster/i OR user_agent.original=/toata dragostea/i OR user_agent.original=/ vega/i OR user_agent.original=/voideye/i OR user_agent.original=/webshag/i OR user_agent.original=/webvulnscan/i OR user_agent.original=/ whcc\\//i OR user_agent.original=/ Havij/i OR user_agent.original=/absinthe/i OR user_agent.original=/bsqlbf/i OR user_agent.original=/mysqloit/i OR user_agent.original=/pangolin/i OR user_agent.original=/sql power injector/i OR user_agent.original=/sqlmap/i OR user_agent.original=/sqlninja/i OR user_agent.original=/uil2pn/i OR user_agent.original=/ruler/i OR user_agent.original=/Mozilla\\/5\\.0 \\(Windows; U; Windows NT 5\\.1; pt-PT; rv:1\\.9\\.1\\.2\\) Gecko\\/20090729 Firefox\\/3\\.5\\.2 \\(\\.NET CLR 3\\.5\\.30729\\)/i\n",
      "search_window_start": "-70m",
      "search_window_end": "-10m",
      "schedule": "1h",
      "author": "Florian Roth (Nextron Systems)",
      "sigma_author": "",
      "category": "",
      "license": "",
      "tactic": "TA0006",
      "technique": "T1110",
      "mitre_attack": [
       {
        "tactic_id": "TA0006",
        "technique_id": "T1110"
       }
      ],
      "vendor": "Corelight",
      "vendors": [
       "Corelight"
      ],
      "product": "",
      "tags": "",
      "active": true,
      "source_url": "https://github.com/SigmaHQ/sigma/blob/master/rules/web/proxy_generic/proxy_ua_hacktool.yml",
      "license_details": {
       "name": "DRL",
       "url": "https://github.com/SigmaHQ/Detection-Rule-License"
      },
      "outcome": "detection",
      "created_timestamp": "2017-07-08T00:00:00Z",
      "modified_timestamp": "2022-07-07T00:00:00Z"
     }
    ]
   }