{
    "meta": {
     "query_time": 0.028751702,
     "powered_by": "svc-cscrrulestemplates",
     "trace_id": "660e429e58307c79fa438acd0a6c25ae"
    },
    "errors": [],
    "resources": [
     {
      "id": "c755e2bb-9191-4aca-8a1e-425bad002769",
      "name": "Generic - Network - TOR Traffic to the Internet",
      "description": "This rule detects traffic associated with TOR applications or ports commonly used by TOR, which adversaries might exploit to avoid detection on the environment.\n",
      "origin": "CrowdStrike",
      "severity": 50,
      "recommended": true,
      "query": "#repo!=xdr_*\n| #Vendor =~ in(values=[\"akamai\",\"aws\",\"cisco\",\"cloudflare\",\"corelight\",\"extrahop\",\"fortinet\",\"microsoft\",\"netskope\",\"nozomi\",\"paloalto\",\"skyhigh\",\"zscaler\"])\n| #event.kind=\"event\"\n| array:contains(array=\"event.category[]\", value=\"network\")\n| network.transport=\"tcp\"\n| case {\n    destination.port =~ in(values=[\"9001\", \"9030\", \"9040\", \"9050\", \"9051\", \"9150\"]);\n    destination.port=\"443\" network.application=/^tor/i\n}\n| cidr(source.ip, subnet=[\"10.0.0.0/8\", \"172.16.0.0/12\", \"192.168.0.0/16\", \"fe80::/10\", \"169.254.0.0/16\"])\n| !cidr(destination.ip, subnet=[\"10.0.0.0/8\", \"172.16.0.0/12\", \"192.168.0.0/16\", \"fe80::/10\", \"169.254.0.0/16\"])\n",
      "search_window_start": "-70m",
      "search_window_end": "-10m",
      "schedule": "1h",
      "author": "CrowdStrike",
      "sigma_author": "",
      "category": "",
      "license": "",
      "tactic": "TA0011",
      "technique": "T1090.003",
      "mitre_attack": [
       {
        "tactic_id": "TA0011",
        "technique_id": "T1090.003"
       }
      ],
      "vendor": "Akamai",
      "vendors": [
       "Akamai",
       "AWS",
       "Cisco",
       "Cloudflare",
       "Corelight",
       "ExtraHop",
       "Fortinet",
       "Microsoft",
       "Netskope",
       "Nozomi Networks",
       "Palo Alto Networks",
       "Skyhigh",
       "Zscaler"
      ],
      "product": "",
      "tags": "",
      "active": true,
      "source_url": "",
      "license_details": {
       "name": "",
       "url": ""
      },
      "outcome": "detection",
      "created_timestamp": "2024-10-23T00:00:00Z",
      "modified_timestamp": "0001-01-01T00:00:00Z"
     },
     {
      "id": "a40f7f7c-7129-4699-9d61-0b7c470be540",
      "name": "Generic - Network - VNC Traffic to the Internet",
      "description": "Identifies network events associated with VNC (Virtual Network Computing) traffic to the Internet. The VNC related network activity can raise suspicions of intrusion, as adversaries often exploit insecure VNC configurations for initial access.\n",
      "origin": "CrowdStrike",
      "severity": 50,
      "recommended": true,
      "query": "#repo!=\"xdr_*\"\n| #Vendor =~ in(values=[\"akamai\", \"aws\", \"cisco\", \"corelight\", \"extrahop\", \"fortinet\", \"microsoft\", \"nozomi\", \"paloalto\", \"zscaler\"])\n| #event.kind=\"event\" | array:contains(\"event.category[]\", value=\"network\")\n| network.transport=\"tcp\" (destination.port\u003e=5800 destination.port\u003c=5810) OR (destination.port\u003e=5900 destination.port\u003c=5910)\n| cidr(source.ip, subnet=[\"10.0.0.0/8\", \"172.16.0.0/12\", \"192.168.0.0/16\"])\n| NOT cidr(destination.ip, subnet=[\"127.0.0.0/8\", \"10.0.0.0/8\", \"172.16.0.0/12\", \"192.168.0.0/16\", \"::1\"])\n",
      "search_window_start": "-70m",
      "search_window_end": "-10m",
      "schedule": "1h",
      "author": "CrowdStrike",
      "sigma_author": "",
      "category": "",
      "license": "",
      "tactic": "TA0011",
      "technique": "T1219",
      "mitre_attack": [
       {
        "tactic_id": "TA0011",
        "technique_id": "T1219"
       }
      ],
      "vendor": "Corelight",
      "vendors": [
       "Akamai",
       "AWS",
       "Cisco",
       "Corelight",
       "ExtraHop",
       "Fortinet",
       "Microsoft",
       "Nozomi Networks",
       "Palo Alto Networks",
       "Zscaler"
      ],
      "product": "",
      "tags": "",
      "active": true,
      "source_url": "",
      "license_details": {
       "name": "",
       "url": ""
      },
      "outcome": "detection",
      "created_timestamp": "2024-05-10T00:00:00Z",
      "modified_timestamp": "2024-10-22T00:00:00Z"
     },
     {
      "id": "5957ff13-4fb6-4208-ad69-babb95013a8c",
      "name": "Corelight - IDS - Suspicious RDP and SCP Activity",
      "description": "Detects a suspiciously large number of SCP connections towards external IPs, made during an active RDP session, signaling a potential data exfiltration event by an attacker (or an insider threat) who has accessed multiple systems via known RDP credentials.\n",
      "origin": "CrowdStrike",
      "severity": 50,
      "recommended": true,
      "query": "#repo=\"corelight\"\n| #event.module=\"ids\" #event.dataset=\"ids.conn\" #event.kind=\"event\"\n| array:contains(\"event.category[]\", value=\"network\")\n| array:contains(\"event.type[]\", value=\"connection\") \n| case {\n    // RDP connection initiated\n    network.transport=\"tcp\" destination.port=3389 destination.bytes \u003e= 1000 | internalHost := destination.ip | cidr(internalHost, subnet=[\"224.0.0.0/4\", \"10.0.0.0/8\", \"172.16.0.0/12\", \"192.168.0.0/16\", \"127.0.0.0/8\", \"169.254.0.0/16\", \"0.0.0.0/32\"]) | rdpConn := format(\"%s -\u003e %s:%s\", field=[source.ip, destination.ip, destination.port]) | successRDPTime := @timestamp | successRDP := true ;\n    // SCP connection initiated\n    network.transport=\"tcp\" destination.port=22 | internalHost := source.ip | externalHost := destination.ip | NOT cidr(externalHost, subnet=[\"224.0.0.0/4\", \"10.0.0.0/8\", \"172.16.0.0/12\", \"192.168.0.0/16\", \"127.0.0.0/8\", \"169.254.0.0/16\", \"0.0.0.0/32\"]) | scpConn := format(\"%s -\u003e %s:%s\", field=[source.ip, destination.ip, destination.port]) | successExfilTime := @timestamp | successExfil:= true ;\n}\n| selfJoinFilter(internalHost,\n    where=[\n        { successRDP=true },\n        { successExfil=true }\n    ],\n    prefilter=true\n)\n| successRDPTimef := formatTime(\"%Y/%m/%d %H:%M:%S\", field=successRDPTime)\n| successExfilTimef := formatTime(\"%Y/%m/%d %H:%M:%S\", field=successExfilTime)\n| groupBy([internalHost],\n    function=[\n        session([\n            collect([rdpConn, successRDPTimef, scpConn, successExfilTimef]),\n            count(rdpConn, distinct=true, as=\"totalLateralMovementCount\"),\n            count(scpConn, distinct=true, as=\"totalExfilCount\"),\n            min(successExfilTime, as=\"minExfilTime\"),\n            min(successRDPTime, as=\"minRDPTime\")\n        ],\n        maxpause=30m)\n    ]\n)\n| test(minExfilTime \u003e minRDPTime)\n//\n// fine-tune the rule by adjusting 'totalLateralMovementCount' and 'totalExfilCount' treshold values based on the specifics of the environment.\n// * totalLateralMovementCount : how many systems used RDP to connect to the system where the exfiltration took place.\n// * totalExfilCount           : how many connections to external hosts using SSH were made, signalling a potential exfil operation.\n//\n| totalLateralMovementCount\u003e=1 totalExfilCount\u003e=1\n| formatDuration(_duration, precision=3, as=\"sessionDuration\")\n// transform in hours\n| sessionDurationh := _duration/(1000*60*60)\n// supplementary filter for assumtion that the attacker session takes max 2 hours, in which he searches what to exfiltrate after successful login.\n| sessionDurationh\u003e0 sessionDurationh\u003c2\n| drop([_duration, @timestamp, totalLateralMovementCount, totalExfilCount, sessionDurationh, minExfilTime, minRDPTime])\n",
      "search_window_start": "-70m",
      "search_window_end": "-10m",
      "schedule": "1h",
      "author": "CrowdStrike",
      "sigma_author": "",
      "category": "",
      "license": "",
      "tactic": "TA0010",
      "technique": "T1567.002",
      "mitre_attack": [
       {
        "tactic_id": "TA0010",
        "technique_id": "T1567.002"
       }
      ],
      "vendor": "Corelight",
      "vendors": [
       "Corelight"
      ],
      "product": "",
      "tags": "",
      "active": true,
      "source_url": "",
      "license_details": {
       "name": "",
       "url": ""
      },
      "outcome": "detection",
      "created_timestamp": "2024-11-05T00:00:00Z",
      "modified_timestamp": "0001-01-01T00:00:00Z"
     },
     {
      "id": "0b961d93-f25d-493b-8da6-6541612f6473",
      "name": "Generic - Network - Internal Targeted Service Discovery Scan",
      "description": "This rule identifies targeted service discovery scans. In this type of scan, an adversary is interested in a small number of IP addresses, but a wide range of ports.\nThe following thresholds can be adjusted to better reflect network activity in the target environment.\ndc_ips: total number of IP addresses\ndc_ports: total number of scanned ports.\n",
      "origin": "CrowdStrike",
      "severity": 50,
      "recommended": true,
      "query": "#repo!=\"xdr_*\" #event.kind=\"event\"\n| #Vendor =~ in(values=[\"aws\",\"cisco\",\"corelight\",\"extrahop\",\"fortinet\",\"microsoft\",\"nozomi\",\"paloalto\",\"zscaler\"])\n| array:contains(array=\"event.category[]\", value=\"network\")\n| network.transport=/tcp|udp/ OR network.iana_number=6 OR network.iana_number=17\n| case {\n    test(source.port\u003edestination.port) | destination.port\u003c20000 | scanned_port := destination.port | scanned_ip := destination.ip | scan_source_ip := source.ip;\n    test(source.port\u003cdestination.port) | source.port\u003c20000 | scanned_port := source.port | scanned_ip := source.ip | scan_source_ip := destination.ip;\n    test(source.port==destination.port) | destination.port\u003c20000 | scanned_port := destination.port | scanned_ip := destination.ip | scan_source_ip := source.ip;\n}\n| cidr(source.ip, subnet=[\"10.0.0.0/8\", \"172.16.0.0/12\", \"192.168.0.0/16\", \"fe80::/10\", \"169.254.0.0/16\"])\n| cidr(destination.ip, subnet=[\"10.0.0.0/8\", \"172.16.0.0/12\", \"192.168.0.0/16\", \"fe80::/10\", \"169.254.0.0/16\"])\n| groupBy(field=[#Vendor,#event.module,#type,scan_source_ip], function=[count(scanned_port, distinct=true, as=dc_ports),count(scanned_ip, distinct=true, as=\"dc_ips\"), collect([scanned_port])])\n// Adjust thresholds below as appropriate for your environment.\n| dc_ips\u003c20 dc_ports\u003e5\n\n// Exclusions\n// Exclude known scanners below\n// scan_source_ip =~ !in(values=[\"1.2.3.4\"]) \n",
      "search_window_start": "-70m",
      "search_window_end": "-10m",
      "schedule": "1h",
      "author": "CrowdStrike",
      "sigma_author": "",
      "category": "",
      "license": "",
      "tactic": "TA0007",
      "technique": "T1046",
      "mitre_attack": [
       {
        "tactic_id": "TA0007",
        "technique_id": "T1046"
       }
      ],
      "vendor": "AWS",
      "vendors": [
       "AWS",
       "Cisco",
       "Corelight",
       "ExtraHop",
       "Fortinet",
       "Microsoft",
       "Nozomi Networks",
       "Palo Alto Networks",
       "Zscaler"
      ],
      "product": "",
      "tags": "",
      "active": true,
      "source_url": "",
      "license_details": {
       "name": "",
       "url": ""
      },
      "outcome": "detection",
      "created_timestamp": "2024-10-18T00:00:00Z",
      "modified_timestamp": "0001-01-01T00:00:00Z"
     },
     {
      "id": "2df66e12-2734-11ef-b9d1-b2a0e0bf5316",
      "name": "Generic - URL Accessed From Malicious Email",
      "description": "An emailed deemed to be malicious from an email security vendor has an embedded URL that has been accessed by an endpoint within the organization.\n",
      "origin": "CrowdStrike",
      "severity": 70,
      "recommended": true,
      "query": "((#repo=\"abnormal_security\" AND #event.module=\"email-security\") OR (#repo=\"corelight\" AND #event.module=\"ids\"))\n| case{\n  #Vendor=\"corelight\" | url.prefix := \"http://\" | url.original := concat([url.prefix,\"/\",client.address,\"/\",url.path]); *\n}\n| selfJoinFilter(field=[url.original], where=[\n        {#event.module=\"email-security\"},\n        {#event.module=\"ids\"}\n])\n",
      "search_window_start": "-70m",
      "search_window_end": "-10m",
      "schedule": "1h",
      "author": "CrowdStrike",
      "sigma_author": "",
      "category": "",
      "license": "",
      "tactic": "TA0001",
      "technique": "T1566.002",
      "mitre_attack": [
       {
        "tactic_id": "TA0001",
        "technique_id": "T1566.002"
       }
      ],
      "vendor": "Abnormal",
      "vendors": [
       "Abnormal",
       "Corelight"
      ],
      "product": "",
      "tags": "",
      "active": true,
      "source_url": "",
      "license_details": {
       "name": "",
       "url": ""
      },
      "outcome": "detection",
      "created_timestamp": "2024-06-10T00:00:00Z",
      "modified_timestamp": "0001-01-01T00:00:00Z"
     }
    ]
   }