{
    "meta": {
     "query_time": 0.082683377,
     "powered_by": "svc-cscrrulestemplates",
     "trace_id": "9f519008d7dae29ddfc1ef5a44a221a9"
    },
    "errors": [],
    "resources": [
     {
      "id": "6ec820f2-e963-4801-9127-d8b2dce4d31b",
      "name": "APT User Agent",
      "description": "Detects suspicious user agent strings used in APT malware in proxy logs\n",
      "origin": "SigmaHQ",
      "severity": 70,
      "recommended": true,
      "query": "| #event.kind=\"event\" \n| array:contains(\"event.category[]\", value=\"web\")\n| (user_agent.original=/^SJZJ \\(compatible; MSIE 6\\.0; Win32\\)$/i OR user_agent.original=/^Mozilla\\/5\\.0 \\(Windows NT 6\\.; WOW64; rv:20\\.0\\) Gecko\\/20100101 Firefox\\/20\\.0$/i OR user_agent.original=/^User-Agent: Mozilla\\/4\\.0 \\(compatible; MSIE 8\\.0; Windows NT 6\\.1; Trident\\/4\\.0; SLCC$/i OR user_agent.original=/^Mozilla\\/4\\.0 \\(compatible; MSIE 7\\.4; Win32;32-bit\\)$/i OR user_agent.original=/^webclient$/i OR user_agent.original=/^Mozilla\\/5\\.0 \\(Windows; U; Windows NT 5\\.1; zh-EN; rv:1\\.7\\.12\\) Gecko\\/200$/i OR user_agent.original=/^Mozilla\\/4\\.0 \\(compatible; MSI 6\\.0;$/i OR user_agent.original=/^Mozilla\\/5\\.0 \\(Windows NT 6\\.3; WOW64; rv:28\\.0\\) Gecko\\/20100101 Firefox\\/28\\.0$/i OR user_agent.original=/^Mozilla\\/5\\.0 \\(Windows NT 6\\.2; WOW64; rv:20\\.0\\) Gecko\\/20100101 Firefox\\/$/i OR user_agent.original=/^Mozilla\\/5\\.0 \\(Windows NT 6\\.; WOW64; rv:20\\.0\\) Gecko\\/20100101 Firefox\\/2$/i OR user_agent.original=/^Mozilla\\/4\\.0$/i OR user_agent.original=/^Netscape$/i OR user_agent.original=/^Mozilla\\/5\\.0 \\(Windows; U; Windows NT 5\\.1; zh-EN; rv:1\\.7\\.12\\) Gecko\\/20100719 Firefox\\/1\\.0\\.7$/i OR user_agent.original=/^Mozilla\\/5\\.0 \\(Windows; U; Windows NT 5\\.1; en-US; rv:1\\.9\\.2\\.13\\) Firefox\\/3\\.6\\.13 GTB7\\.1$/i OR user_agent.original=/^Mozilla\\/5\\.0 \\(compatible; MSIE 9\\.0; Windows NT 6\\.1; WOW64; Trident\\/5\\.0\\)$/i OR user_agent.original=/^Mozilla\\/4\\.0 \\(compatible; MSIE 8\\.0; Windows NT 6\\.1; WOW64; Trident\\/4\\.0; SLCC2; \\.NETCLR 2\\.0\\.50727\\)$/i OR user_agent.original=/^Mozilla\\/4\\.0 \\(compatible; MSIE 8\\.0; Windows NT 6\\.0; SV1\\)$/i OR user_agent.original=/^Mozilla\\/4\\.0 \\(compatible; MSIE 11\\.0; Windows NT 6\\.1; SV1\\)$/i OR user_agent.original=/^Mozilla\\/4\\.0 \\(compatible; MSIE 8\\.0; Win32\\)$/i OR user_agent.original=/^Mozilla v5\\.1 \\(Windows NT 6\\.1; rv:6\\.0\\.1\\) Gecko\\/20100101 Firefox\\/6\\.0\\.1$/i OR user_agent.original=/^Mozilla\\/6\\.1 \\(compatible; MSIE 9\\.0; Windows NT 5\\.3; Trident\\/5\\.0\\)$/i OR user_agent.original=/^Mozilla\\/4\\.0 \\(compatible; MSIE 6\\.0; Windows NT 5\\.1; SV1; \\.NET CLR 1\\.1\\.4322; \\.NET CLR 2\\.0\\.50727; \\.NET CLR 3\\.0\\.04506\\.30; \\.NET CLR 3\\.0\\.04506\\.648; InfoPath\\.1\\)$/i OR user_agent.original=/^Mozilla\\/5\\.0 \\(Windows NT 6\\.1; WOW64\\) WinHttp\\/1\\.6\\.3\\.8 \\(WinHTTP\\/5\\.1\\) like Gecko$/i OR user_agent.original=/^Mozilla v5\\.1 *$/i OR user_agent.original=/^MSIE 8\\.0$/i OR user_agent.original=/^Mozilla\\/4\\.0 \\(compatible; MSIE 7\\.0; Windows NT 6\\.1; SLCC2; \\.NET CLR 2\\.0\\.50727; \\.NET CLR 3\\.5\\.30729; \\.NET CLR 3\\.0\\.30729; Media Center PC 6\\.0; \\.NET4\\.0C; \\.NET4\\.0E; InfoPath\\.2\\)$/i OR user_agent.original=/^Mozilla\\/4\\.0 \\(compatible; RMS\\)$/i OR user_agent.original=/^Mozilla\\/4\\.0 \\(compatible; MSIE 6\\.0; DynGate\\)$/i OR user_agent.original=/^O\\/9\\.27 \\(W; U; Z\\)$/i OR user_agent.original=/^Mozilla\\/5\\.0 \\(compatible; MSIE 9\\.0; Windows NT 6\\.0; Trident\\/5\\.0;  Trident\\/5\\.0*$/i OR user_agent.original=/^Mozilla\\/5\\.0 \\(Windows NT 9; *$/i OR user_agent.original=/^hots scot$/i OR user_agent.original=/^Mozilla\\/5\\.0 \\(compatible; MSIE 10\\.0; Windows NT\\)$/i OR user_agent.original=/^Mozilla\\/5\\.0 \\(Windows NT 6\\.1; WOW64\\) Chrome\\/28\\.0\\.1500\\.95 Safari\\/537\\.36$/i OR user_agent.original=/^Mozilla\\/5\\.0 \\(Windows NT 6\\.2; Win32; rv:47\\.0\\)$/i OR user_agent.original=/^Mozilla\\/4\\.0 \\(compatible; MSIE 6\\.0; Windows NT 5\\.1;SV1;$/i OR user_agent.original=/^Mozilla\\/5\\.0 \\(X11; Linux i686; rv:22\\.0\\) Firefox\\/22\\.0$/i OR user_agent.original=/^Mozilla\\/5\\.0 Chrome\\/72\\.0\\.3626\\.109 Safari\\/537\\.36$/i OR user_agent.original=/^Mozilla\\/5\\.0 \\(Windows NT 10\\.0; Win64; x64; rv:FTS_06\\) Gecko\\/22\\.36\\.35\\.06 Firefox\\/2\\.0$/i OR user_agent.original=/^Mozilla\\/5\\.0 \\(Windows NT 10\\.0; Win64; x64\\) AppleWebKit\\/537\\.36 \\(KHTML, like Gecko\\) Chrome\\/102\\.0\\.5005\\.63 Safari\\/537\\.36 Edg\\/100\\.0\\.1185\\.39$/i OR user_agent.original=/^Mozilla\\/4\\.0 \\(compatible; MSIE 7\\.0; Windows NT 6\\.1; WOW64; Trident\\/4\\.0; SLCC2; \\.NET CLR 2\\.0\\.50727; \\.NET CLR 3\\.5\\.30729; \\.NET CLR 3\\.0\\.30729; InfoPath\\.3; \\.NET4\\.0C; \\.NET4\\.0E\\)$/i OR UserAgent=\"Mozilla\\/4\\.0 \\(compatible; MSIE 9\\.0; Windows NT 10\\.0; \\.NET4\\.0C; \\.NET4\\.0E; Tablet PC 2\\.0\\)\")\n",
      "search_window_start": "-70m",
      "search_window_end": "-10m",
      "schedule": "1h",
      "author": "Florian Roth (Nextron Systems), Markus Neis",
      "sigma_author": "",
      "category": "",
      "license": "",
      "tactic": "TA0011",
      "technique": "T1071.001",
      "mitre_attack": [
       {
        "tactic_id": "TA0011",
        "technique_id": "T1071.001"
       }
      ],
      "vendor": "Corelight",
      "vendors": [
       "Corelight"
      ],
      "product": "",
      "tags": "",
      "active": true,
      "source_url": "https://github.com/SigmaHQ/sigma/blob/master/rules/web/proxy_generic/proxy_ua_apt.yml",
      "license_details": {
       "name": "DRL",
       "url": "https://github.com/SigmaHQ/Detection-Rule-License"
      },
      "outcome": "detection",
      "created_timestamp": "2019-11-12T00:00:00Z",
      "modified_timestamp": "2022-11-13T00:00:00Z"
     },
     {
      "id": "ed15bdf3-3b91-4163-aa52-4a1ae85f5d1c",
      "name": "Generic - Network - SMB Traffic to the Internet",
      "description": "Identifies network events associated with Windows file sharing (SMB) traffic to the Internet. This is suspicious network activity because SMB should never be exposed to the Internet as it is often exploited by threat actors for initial access or data exfiltration.\n",
      "origin": "CrowdStrike",
      "severity": 70,
      "recommended": true,
      "query": "| #event.kind=\"event\"\n| array:contains(\"event.category[]\", value=\"network\")\n| array:contains(\"event.type[]\", value=\"connection\") \n| network.transport=\"tcp\"\n| in(destination.port, values=[\"139\", \"445\"])\n| cidr(source.ip, subnet=[\"10.0.0.0/8\", \"172.16.0.0/12\", \"192.168.0.0/16\"])\n| NOT cidr(destination.ip, subnet=[\"127.0.0.0/8\", \"10.0.0.0/8\", \"172.16.0.0/12\", \"192.168.0.0/16\", \"::1\"])\n",
      "search_window_start": "-70m",
      "search_window_end": "-10m",
      "schedule": "1h",
      "author": "CrowdStrike",
      "sigma_author": "",
      "category": "",
      "license": "",
      "tactic": "TA0010",
      "technique": "T1048",
      "mitre_attack": [
       {
        "tactic_id": "TA0010",
        "technique_id": "T1048"
       }
      ],
      "vendor": "Corelight",
      "vendors": [
       "Corelight",
       "ExtraHop"
      ],
      "product": "",
      "tags": "",
      "active": true,
      "source_url": "",
      "license_details": {
       "name": "",
       "url": ""
      },
      "outcome": "detection",
      "created_timestamp": "2023-10-23T00:00:00Z",
      "modified_timestamp": "0001-01-01T00:00:00Z"
     },
     {
      "id": "2810b092-e46b-42ca-b84e-41cab8175a85",
      "name": "Corelight - IDS - Large Amount of Active Directory Information Retrieved via LDAP(S)",
      "description": "A large amount of Active Directory (AD) information has been observed being retrieved via LDAP(S). This can be suspicious activity as often threat actors and penetration testers make use of LDAP for gathering information as part of their reconnaissance efforts. This reconnaissance technique is especially interesting because any authenticated user or machine can be used to retrieve AD domain information.\n",
      "origin": "CrowdStrike",
      "severity": 30,
      "recommended": true,
      "query": "| #event.kind=\"event\" #Vendor=\"corelight\"\n| array:contains(\"event.category[]\", value=\"network\") \n| array:contains(\"event.type[]\", value=\"connection\") \n| in(destination.port, values=[389, 636])\n| destination.bytes\u003e=100000\n",
      "search_window_start": "-70m",
      "search_window_end": "-10m",
      "schedule": "1h",
      "author": "CrowdStrike",
      "sigma_author": "",
      "category": "",
      "license": "",
      "tactic": "TA0007",
      "technique": "T1087",
      "mitre_attack": [
       {
        "tactic_id": "TA0007",
        "technique_id": "T1087"
       }
      ],
      "vendor": "Corelight",
      "vendors": [
       "Corelight"
      ],
      "product": "",
      "tags": "",
      "active": true,
      "source_url": "",
      "license_details": {
       "name": "",
       "url": ""
      },
      "outcome": "detection",
      "created_timestamp": "2022-12-22T00:00:00Z",
      "modified_timestamp": "0001-01-01T00:00:00Z"
     },
     {
      "id": "f5b803b1-5635-44e6-91d1-ae3307b894e4",
      "name": "Corelight - IDS - Known Encrypted Metasploit Traffic",
      "description": "A JA3-JA3S hash pair known to be associated with encrypted Metasploit traffic has been detected.\n",
      "origin": "CrowdStrike",
      "severity": 50,
      "recommended": true,
      "query": "| #event.kind=\"event\" #Vendor=\"corelight\"\n| array:contains(\"event.category[]\", value=\"network\") \n| array:contains(\"event.type[]\", value=\"connection\")\n| network.protocol=\"tls\"\n| in(tls.client.ja3, values=[\"72a589da586844d7f0818ce684948eea\", \"a0e9f5d64349fb13191bc781f81f42e1\"])\n| tls.server.ja3s=\"70999de61602be74d4b25185843bd18e\"\n",
      "search_window_start": "-70m",
      "search_window_end": "-10m",
      "schedule": "1h",
      "author": "CrowdStrike",
      "sigma_author": "",
      "category": "",
      "license": "",
      "tactic": "TA0011",
      "technique": "T1573",
      "mitre_attack": [
       {
        "tactic_id": "TA0011",
        "technique_id": "T1573"
       }
      ],
      "vendor": "Corelight",
      "vendors": [
       "Corelight"
      ],
      "product": "",
      "tags": "",
      "active": true,
      "source_url": "",
      "license_details": {
       "name": "",
       "url": ""
      },
      "outcome": "detection",
      "created_timestamp": "2022-07-27T00:00:00Z",
      "modified_timestamp": "0001-01-01T00:00:00Z"
     },
     {
      "id": "b923f7d6-ac89-4a50-a71a-89fb846b4aa8",
      "name": "Empire UserAgent URI Combo",
      "description": "Detects user agent and URI paths used by empire agents\n",
      "origin": "SigmaHQ",
      "severity": 70,
      "recommended": true,
      "query": "| #event.kind=\"event\" \n| array:contains(\"event.category[]\", value=\"web\")\n| user_agent.original=/^Mozilla\\/5\\.0 \\(Windows NT 6\\.1; WOW64; Trident\\/7\\.0; rv:11\\.0\\) like Gecko$/i (url.full=/^\\/admin\\/get\\.php$/i OR url.full=/^\\/news\\.php$/i OR url.full=/^\\/login\\/process\\.php$/i) http.request.method=\"POST\"\n",
      "search_window_start": "-70m",
      "search_window_end": "-10m",
      "schedule": "1h",
      "author": "Florian Roth (Nextron Systems)",
      "sigma_author": "",
      "category": "",
      "license": "",
      "tactic": "TA0011",
      "technique": "T1071.001",
      "mitre_attack": [
       {
        "tactic_id": "TA0011",
        "technique_id": "T1071.001"
       }
      ],
      "vendor": "Corelight",
      "vendors": [
       "Corelight"
      ],
      "product": "",
      "tags": "",
      "active": true,
      "source_url": "https://github.com/SigmaHQ/sigma/blob/master/rules/web/proxy_generic/proxy_hktl_empire_ua_uri_patterns.yml",
      "license_details": {
       "name": "DRL",
       "url": "https://github.com/SigmaHQ/Detection-Rule-License"
      },
      "outcome": "detection",
      "created_timestamp": "2020-07-13T00:00:00Z",
      "modified_timestamp": "2022-08-05T00:00:00Z"
     },
     {
      "id": "aa425e31-2a25-4cba-aeb5-21d652f05bec",
      "name": "Generic - Network - RPC Traffic from the Internet",
      "description": "Identifies network events associated with RPC (Remote Procedure Call) traffic from the Internet. This is suspicious network activity because RPC should never be exposed to the Internet as it is often exploited by threat actors for initial access.\n",
      "origin": "CrowdStrike",
      "severity": 70,
      "recommended": true,
      "query": "#repo!=\"xdr_*\"\n| #Vendor =~ in(values=[\"akamai\",\"aws\",\"cisco\",\"corelight\",\"extrahop\",\"fortinet\",\"microsoft\",\"nozomi\",\"paloalto\",\"zscaler\"])\n| #event.kind=\"event\" \n| array:contains(\"event.category[]\", value=\"network\")\n| network.transport=\"tcp\" destination.port=135\n| cidr(destination.ip, subnet=[\"10.0.0.0/8\", \"172.16.0.0/12\", \"192.168.0.0/16\"])\n| NOT cidr(source.ip, subnet=[\"127.0.0.0/8\", \"10.0.0.0/8\", \"172.16.0.0/12\", \"192.168.0.0/16\", \"::1\"])\n",
      "search_window_start": "-70m",
      "search_window_end": "-10m",
      "schedule": "1h",
      "author": "CrowdStrike",
      "sigma_author": "",
      "category": "",
      "license": "",
      "tactic": "TA0001",
      "technique": "T1190",
      "mitre_attack": [
       {
        "tactic_id": "TA0001",
        "technique_id": "T1190"
       }
      ],
      "vendor": "Akamai",
      "vendors": [
       "Akamai",
       "AWS",
       "Cisco",
       "Corelight",
       "ExtraHop",
       "Fortinet",
       "Microsoft",
       "Nozomi Networks",
       "Palo Alto Networks",
       "Zscaler"
      ],
      "product": "",
      "tags": "",
      "active": true,
      "source_url": "",
      "license_details": {
       "name": "",
       "url": ""
      },
      "outcome": "detection",
      "created_timestamp": "2023-11-23T00:00:00Z",
      "modified_timestamp": "2024-10-22T00:00:00Z"
     },
     {
      "id": "2846a0b8-5355-4996-b9be-0c3d9369bd6d",
      "name": "Generic - Network - Suspicious Outbound LDAP Connection",
      "description": "This rule identifies internal IP addresses making LDAP requests to external addresses that exist in CrowdStrike's Threat Intelligence Feed.\n",
      "origin": "CrowdStrike",
      "severity": 70,
      "recommended": true,
      "query": "#repo!=\"xdr_*\" \n| #Vendor =~ in(values=[\"akamai\",\"aws\",\"cisco\",\"corelight\",\"extrahop\",\"fortinet\",\"aruba\",\"microsoft\",\"netskope\",\"nozomi\",\"paloalto\",\"radware\",\"zscaler\"])\n| #event.kind=\"event\"\n| array:contains(array=\"event.category[]\", value=\"network\")\n| destination.port =~ in(values=[\"389\", \"636\", \"3268\"])\n| cidr(source.ip, subnet=[\"10.0.0.0/8\", \"172.16.0.0/12\", \"192.168.0.0/16\", \"fe80::/10\", \"169.254.0.0/16\"])\n| !cidr(destination.ip, subnet=[\"10.0.0.0/8\", \"172.16.0.0/12\", \"192.168.0.0/16\", \"fe80::/10\", \"169.254.0.0/16\"])\n| ioc:lookup(field=[destination.ip],type=\"ip_address\",confidenceThreshold=\"unverified\")\n| ioc.detected=\"true\"\n",
      "search_window_start": "-70m",
      "search_window_end": "-10m",
      "schedule": "1h",
      "author": "CrowdStrike",
      "sigma_author": "",
      "category": "",
      "license": "",
      "tactic": "TA0001",
      "technique": "T1190",
      "mitre_attack": [
       {
        "tactic_id": "TA0001",
        "technique_id": "T1190"
       }
      ],
      "vendor": "Akamai",
      "vendors": [
       "Akamai",
       "AWS",
       "Cisco",
       "Corelight",
       "ExtraHop",
       "Fortinet",
       "HPE Aruba Networking",
       "Microsoft",
       "Netskope",
       "Nozomi Networks",
       "Palo Alto Networks",
       "Radware",
       "Zscaler"
      ],
      "product": "",
      "tags": "",
      "active": true,
      "source_url": "",
      "license_details": {
       "name": "",
       "url": ""
      },
      "outcome": "detection",
      "created_timestamp": "2024-10-10T00:00:00Z",
      "modified_timestamp": "2024-10-22T00:00:00Z"
     },
     {
      "id": "98529df0-484d-47ce-9315-f1a1826e7d1f",
      "name": "Generic - Network - Potential DNS Tunneling via Randomized Subdomains",
      "description": "This rule detects potential DNS tunneling activity that uses randomized subdomains to exfiltrate data via DNS queries. The rule logic calculates the mean Shannon entropy, mean query length, and standard deviation of query length for each domain name. It triggers an alert when these measures exceed certain thresholds. To reduce false positives, it is recommended to adjust default thresholds based on the specifics of your environment. Additionally, since legitimate domains can also have high entropy, consider creating and using a lookup file to exclude known good domains.\n",
      "origin": "CrowdStrike",
      "severity": 30,
      "recommended": true,
      "query": "#repo!=\"xdr_*\"\n| in(#Vendor, values=[\"corelight\", \"extrahop\", \"fortinet\", \"vectra\", \"zscaler\"])\n| #event.kind=event \n| array:contains(\"event.category[]\", value=\"network\")\n| dns.question.name=*\n| coalesce([destination.port, server.port], as=destination_port)\n| destination_port=53 \n// Parse DNS query registered domain\n| top_ld := splitString(field=dns.question.name, by=\"\\\\.\", index=-1)\n| second_ld := splitString(field=dns.question.name, by=\"\\\\.\", index=-2)\n| third_ld := splitString(field=dns.question.name, by=\"\\\\.\", index=-3)\n| len_top_ld := length(top_ld)\n| len_second_ld := length(second_ld)\n| case {\n    len_top_ld\u003c=2 len_second_ld\u003c=3 second_ld=/^(gov|org|edu|com|net|co|mil|ac|info|or|gob|name|int|mi|pro|me|go|web|tv|sch|tm|sc|med|id|ne|coop|asso)$/ \n        | dns_query_registered_domain := format(format=\"%s.%s.%s\", field=[third_ld, second_ld, top_ld]);\n    * | dns_query_registered_domain := format(format=\"%s.%s\", field=[second_ld, top_ld]);\n}\n| drop([top_ld, second_ld, third_ld, len_top_ld, len_second_ld])\n// Uncomment the following line and replace 'known_good_domains.csv' with your actual lookup file name\n// | NOT match(file=\"known_good_domains.csv\", column=domain, field=dns_query_registered_domain, include=[])\n| dns_query_shannon_entropy := shannonEntropy(dns.question.name)\n| dns_query_length := length(dns.question.name)\n| groupBy([#Vendor, #event.module, dns_query_registered_domain], \n    function=[\n        avg(dns_query_shannon_entropy, as=avg_dns_query_shannon_entropy), \n        avg(dns_query_length, as=avg_dns_query_length), \n        stdDev(dns_query_length, as=st_dev_dns_query_length),\n        count(dns.question.name, distinct=true, as=distinct_dns_queries),\n        collect(dns.question.name, limit=50)\n    ]\n)\n// Fine-tuning may be done by adjusting default thresholds based on the environment and observed baseline.\n// Threshold explanations:\n// avg_dns_query_shannon_entropy\u003e4: Shannon entropy above 4 indicates high randomness, typical of encoded/encrypted data\n// avg_dns_query_length\u003e25: Average length over 25 characters suggests unusually long subdomains, common in data exfiltration\n// st_dev_dns_query_length\u003c2: Low standard deviation indicates consistent query lengths, often seen in automated tunneling\n// distinct_dns_queries\u003e50: More than 50 distinct queries to the same domain in the time window may indicate tunneling activity\n| avg_dns_query_shannon_entropy\u003e4 avg_dns_query_length\u003e25 st_dev_dns_query_length\u003c2 distinct_dns_queries\u003e50\n",
      "search_window_start": "-70m",
      "search_window_end": "-10m",
      "schedule": "1h",
      "author": "CrowdStrike",
      "sigma_author": "",
      "category": "",
      "license": "",
      "tactic": "TA0011",
      "technique": "T1071.004",
      "mitre_attack": [
       {
        "tactic_id": "TA0011",
        "technique_id": "T1071.004"
       }
      ],
      "vendor": "Corelight",
      "vendors": [
       "Corelight",
       "ExtraHop",
       "Fortinet",
       "Vectra AI",
       "Zscaler"
      ],
      "product": "",
      "tags": "",
      "active": true,
      "source_url": "",
      "license_details": {
       "name": "",
       "url": ""
      },
      "outcome": "detection",
      "created_timestamp": "2024-12-13T00:00:00Z",
      "modified_timestamp": "0001-01-01T00:00:00Z"
     },
     {
      "id": "7b572e89-685f-4fdb-bf8c-73b040d87e40",
      "name": "Generic - Network - IP Address IOC Match",
      "description": "This rule identifies network traffic involving suspicious IP addresses by using a lookup in CrowdStrike's database of IOCs. The rule considers IOCs with a confidence level of 'unverified' or higher. Note that the confidence level threshold can be adjusted as necessary. For more information about the ioc:lookup() function, see https://library.humio.com/data-analysis/functions-ioc-lookup.html.\n",
      "origin": "CrowdStrike",
      "severity": 50,
      "recommended": true,
      "query": "#repo!=\"xdr_*\"\n| #Vendor =~ in(values=[\"akamai\",\"arista\",\"aws\",\"cisco\",\"cloudflare\",\"corelight\",\"extrahop\",\"fortinet\",\"aruba\",\"linux\",\"microsoft\",\"netskope\",\"nozomi\",\"paloalto\",\"radware\",\"skyhigh\",\"vectra\",\"zscaler\"])\n| #event.kind=\"event\" \n| array:contains(array=\"event.category[]\", value=\"network\")\n| coalesce([source.ip, client.ip, related.ip, \"EMPTY\"], as=\"ip_coalesce_source\")\n| coalesce([destination.ip, server.ip, \"EMPTY\"], as=\"ip_coalesce_destination\")\n| case {\n    ip_coalesce_source!=\"EMPTY\"\n        | !cidr(ip_coalesce_source, subnet=[\"10.0.0.0/8\", \"172.16.0.0/12\", \"192.168.0.0/16\", \"127.0.0.0/8\"])\n        | case {\n            ip_coalesce_destination=\"EMPTY\";\n            cidr(ip_coalesce_destination, subnet=[\"10.0.0.0/8\", \"172.16.0.0/12\", \"192.168.0.0/16\", \"127.0.0.0/8\"]);\n        }\n        | ip_of_interest := ip_coalesce_source;\n    ip_coalesce_destination!=\"EMPTY\"\n      | !cidr(ip_coalesce_destination, subnet=[\"10.0.0.0/8\", \"172.16.0.0/12\", \"192.168.0.0/16\", \"127.0.0.0/8\"])\n      | case {\n          ip_coalesce_source=\"EMPTY\";\n            cidr(ip_coalesce_source, subnet=[\"10.0.0.0/8\", \"172.16.0.0/12\", \"192.168.0.0/16\", \"127.0.0.0/8\"]);\n        }\n        | ip_of_interest := ip_coalesce_destination;\n}\n| groupBy([ip_of_interest], function=collect([#Vendor,#event.module, ip_coalesce_source, ip_coalesce_destination]))\n| ioc:lookup(field=ip_of_interest, type=\"ip_address\", confidenceThreshold=\"unverified\", strict=\"true\")\n",
      "search_window_start": "-70m",
      "search_window_end": "-10m",
      "schedule": "1h",
      "author": "CrowdStrike",
      "sigma_author": "",
      "category": "",
      "license": "",
      "tactic": "",
      "technique": "",
      "mitre_attack": [],
      "vendor": "Akamai",
      "vendors": [
       "Akamai",
       "Arista Networks",
       "AWS",
       "Cisco",
       "Cloudflare",
       "Corelight",
       "ExtraHop",
       "Fortinet",
       "HPE Aruba Networking",
       "Linux",
       "Microsoft",
       "Netskope",
       "Nozomi Networks",
       "Palo Alto Networks",
       "Radware",
       "Skyhigh",
       "Vectra AI",
       "Zscaler"
      ],
      "product": "",
      "tags": "",
      "active": true,
      "source_url": "",
      "license_details": {
       "name": "",
       "url": ""
      },
      "outcome": "detection",
      "created_timestamp": "2024-10-25T00:00:00Z",
      "modified_timestamp": "0001-01-01T00:00:00Z"
     },
     {
      "id": "3561d305-b64a-45be-a8ab-56d248a6773a",
      "name": "Corelight - IDS - Suspicious LDAP Search via UDP (LDAPNightmare)",
      "description": "This rule detects potential exploitation of the LDAPNightmare vulnerability (CVE-2024-49113) by identifying suspicious LDAP search activity. It monitors for outbound Connectionless Lightweight Directory Access Protocol (CLDAP) requests exceeding 200 characters in length, followed by corresponding CLDAP referral responses. This pattern typically indicates an attempt to exploit a vulnerable system, where the oversized request is sent to an attacker-controlled system, and the malicious response triggers a crash and reboot of the Local Security Authority Subsystem Service (LSASS) on the victim.\n",
      "origin": "CrowdStrike",
      "severity": 70,
      "recommended": true,
      "query": "#repo=\"corelight\"\n| case {\n    #event.dataset=\"ids.conn\" network.transport=\"udp\" destination.port=389 OR destination.port=636;\n    #event.dataset=\"ids.ldap_search\" Vendor.filter=* OR \"Vendor.result[0]\"=\"referral\";\n}\n| ldap_filter_length := length(\"Vendor.filter\")\n| groupBy([event.sequence,source.ip,source.port,destination.ip,destination.port], function=collect([ldap_filter_length,network.transport,Vendor.filter,\"Vendor.result[0]\"]))\n| network.transport=\"udp\" \"Vendor.result[0]\"=\"referral\" ldap_filter_length\u003e=200 \n",
      "search_window_start": "-70m",
      "search_window_end": "-10m",
      "schedule": "1h",
      "author": "CrowdStrike",
      "sigma_author": "",
      "category": "",
      "license": "",
      "tactic": "TA0040",
      "technique": "T1499",
      "mitre_attack": [
       {
        "tactic_id": "TA0040",
        "technique_id": "T1499"
       }
      ],
      "vendor": "Corelight",
      "vendors": [
       "Corelight"
      ],
      "product": "",
      "tags": "",
      "active": true,
      "source_url": "",
      "license_details": {
       "name": "",
       "url": ""
      },
      "outcome": "detection",
      "created_timestamp": "2025-01-06T00:00:00Z",
      "modified_timestamp": "0001-01-01T00:00:00Z"
     },
     {
      "id": "16f4ed02-154f-45ff-84eb-5bf12b56c689",
      "name": "Corelight - IDS - Detected Meterpreter in Network Traffic",
      "description": "Attributes associated with Metasploit have been detected by Corelight IDS in network traffic.\n",
      "origin": "CrowdStrike",
      "severity": 70,
      "recommended": true,
      "query": "| #repo=\"corelight\" #Vendor=\"corelight\" #event.kind=\"event\" \n| #event.dataset=\"ids.notice\"\n| array:contains(\"event.category[]\", value=\"intrusion_detection\")\n| Vendor.severity.name=\"critical\" \n| event.reason=\"Meterpreter*\"\n",
      "search_window_start": "-70m",
      "search_window_end": "-10m",
      "schedule": "1h",
      "author": "CrowdStrike",
      "sigma_author": "",
      "category": "",
      "license": "",
      "tactic": "TA0011",
      "technique": "T1071",
      "mitre_attack": [
       {
        "tactic_id": "TA0011",
        "technique_id": "T1071"
       }
      ],
      "vendor": "Corelight",
      "vendors": [
       "Corelight"
      ],
      "product": "",
      "tags": "",
      "active": true,
      "source_url": "",
      "license_details": {
       "name": "",
       "url": ""
      },
      "outcome": "detection",
      "created_timestamp": "2024-05-31T00:00:00Z",
      "modified_timestamp": "0001-01-01T00:00:00Z"
     },
     {
      "id": "4096842a-8f9f-4d36-92b4-d0b2a62f9b2a",
      "name": "Corelight - IDS - Potential PetitPotam Attack Via EFS RPC Calls - Sigma",
      "description": "Detects usage of the windows RPC library Encrypting File System Remote Protocol (MS-EFSRPC). Variations of this RPC are used within the attack refereed to as PetitPotam.\nThe usage of this RPC function should be rare if ever used at all.\nThus usage of this function is uncommon enough that any usage of this RPC function should warrant further investigation to determine if it is legitimate.\n View surrounding logs (within a few minutes before and after) from the Source IP to. Logs from from the Source IP would include dce_rpc, smb_mapping, smb_files, rdp, ntlm, kerberos, etc..'\n",
      "origin": "SigmaHQ",
      "severity": 50,
      "recommended": true,
      "query": "| #repo=\"corelight\" #event.module=\"ids\" #event.dataset=\"ids.dce_rpc\"\n| event.action=/^efs/i\n",
      "search_window_start": "-70m",
      "search_window_end": "-10m",
      "schedule": "1h",
      "author": "\\@neu5ron, @Antonlovesdnb, Mike Remen",
      "sigma_author": "",
      "category": "",
      "license": "",
      "tactic": "TA0006",
      "technique": "T1187",
      "mitre_attack": [
       {
        "tactic_id": "TA0006",
        "technique_id": "T1187"
       }
      ],
      "vendor": "Corelight",
      "vendors": [
       "Corelight"
      ],
      "product": "",
      "tags": "",
      "active": true,
      "source_url": "https://github.com/SigmaHQ/sigma/blob/master/rules/network/zeek/zeek_dce_rpc_potential_petit_potam_efs_rpc_call.yml",
      "license_details": {
       "name": "DRL",
       "url": "https://github.com/SigmaHQ/Detection-Rule-License"
      },
      "outcome": "detection",
      "created_timestamp": "2021-08-17T00:00:00Z",
      "modified_timestamp": "2022-11-28T00:00:00Z"
     },
     {
      "id": "7b33baef-2a75-4ca3-9da4-34f9a15382d8",
      "name": "Corelight - IDS - Possible PrintNightmare Print Driver Install - Sigma",
      "description": "Detects the remote installation of a print driver which is possible indication of the exploitation of PrintNightmare (CVE-2021-1675).\nThe occurrence of print drivers being installed remotely via RPC functions should be rare, as print drivers are normally installed locally and or through group policy.\n",
      "origin": "SigmaHQ",
      "severity": 50,
      "recommended": true,
      "query": "| #repo=\"corelight\" #event.module=\"ids\" #event.dataset=\"ids.dce_rpc\"\n| (event.action=\"RpcAsyncInstallPrinterDriverFromPackage\" OR event.action=\"RpcAsyncAddPrintProcessor\" OR event.action=\"RpcAddPrintProcessor\" OR event.action=\"RpcAddPrinterDriverEx\" OR event.action=\"RpcAddPrinterDriver\" OR event.action=\"RpcAsyncAddPrinterDriver\")\n",
      "search_window_start": "-70m",
      "search_window_end": "-10m",
      "schedule": "1h",
      "author": "\\@neu5ron (Nate Guagenti)",
      "sigma_author": "",
      "category": "",
      "license": "",
      "tactic": "TA0003",
      "technique": "T1547.012",
      "mitre_attack": [
       {
        "tactic_id": "TA0003",
        "technique_id": "T1547.012"
       }
      ],
      "vendor": "Corelight",
      "vendors": [
       "Corelight"
      ],
      "product": "",
      "tags": "",
      "active": true,
      "source_url": "https://github.com/SigmaHQ/sigma/blob/master/rules/network/zeek/zeek_dce_rpc_printnightmare_print_driver_install.yml",
      "license_details": {
       "name": "DRL",
       "url": "https://github.com/SigmaHQ/Detection-Rule-License"
      },
      "outcome": "detection",
      "created_timestamp": "2021-08-23T00:00:00Z",
      "modified_timestamp": "2022-07-07T00:00:00Z"
     },
     {
      "id": "a8322756-015c-42e7-afb1-436e85ed3ff5",
      "name": "Corelight - IDS - DNS TOR Proxies - Sigma",
      "description": "Identifies IPs performing DNS lookups associated with common Tor proxies.\n",
      "origin": "SigmaHQ",
      "severity": 50,
      "recommended": true,
      "query": "| #repo=\"corelight\" #event.module=\"ids\" #event.dataset=\"ids.dns\"\n| (dns.question.name=/^tor2web\\.org$/i OR dns.question.name=/^tor2web\\.com$/i OR dns.question.name=/^torlink\\.co$/i OR dns.question.name=/^onion\\.to$/i OR dns.question.name=/^onion\\.ink$/i OR dns.question.name=/^onion\\.cab$/i OR dns.question.name=/^onion\\.nu$/i OR dns.question.name=/^onion\\.link$/i OR dns.question.name=/^onion\\.it$/i OR dns.question.name=/^onion\\.city$/i OR dns.question.name=/^onion\\.direct$/i OR dns.question.name=/^onion\\.top$/i OR dns.question.name=/^onion\\.casa$/i OR dns.question.name=/^onion\\.plus$/i OR dns.question.name=/^onion\\.rip$/i OR dns.question.name=/^onion\\.dog$/i OR dns.question.name=/^tor2web\\.fi$/i OR dns.question.name=/^tor2web\\.blutmagie\\.de$/i OR dns.question.name=/^onion\\.sh$/i OR dns.question.name=/^onion\\.lu$/i OR dns.question.name=/^onion\\.pet$/i OR dns.question.name=/^t2w\\.pw$/i OR dns.question.name=/^tor2web\\.ae\\.org$/i OR dns.question.name=/^tor2web\\.io$/i OR dns.question.name=/^tor2web\\.xyz$/i OR dns.question.name=/^onion\\.lt$/i OR dns.question.name=/^s1\\.tor-gateways\\.de$/i OR dns.question.name=/^s2\\.tor-gateways\\.de$/i OR dns.question.name=/^s3\\.tor-gateways\\.de$/i OR dns.question.name=/^s4\\.tor-gateways\\.de$/i OR dns.question.name=/^s5\\.tor-gateways\\.de$/i OR dns.question.name=/^hiddenservice\\.net$/i)\n",
      "search_window_start": "-70m",
      "search_window_end": "-10m",
      "schedule": "1h",
      "author": "Saw Winn Naung , Azure-Sentinel",
      "sigma_author": "",
      "category": "",
      "license": "",
      "tactic": "TA0010",
      "technique": "T1048",
      "mitre_attack": [
       {
        "tactic_id": "TA0010",
        "technique_id": "T1048"
       }
      ],
      "vendor": "Corelight",
      "vendors": [
       "Corelight"
      ],
      "product": "",
      "tags": "",
      "active": true,
      "source_url": "https://github.com/SigmaHQ/sigma/blob/master/rules/network/zeek/zeek_dns_torproxy.yml",
      "license_details": {
       "name": "DRL",
       "url": "https://github.com/SigmaHQ/Detection-Rule-License"
      },
      "outcome": "detection",
      "created_timestamp": "2021-08-15T00:00:00Z",
      "modified_timestamp": "2022-10-09T00:00:00Z"
     },
     {
      "id": "d443095b-a221-4957-a2c4-cd1756c9b747",
      "name": "Suspicious Base64 Encoded User-Agent",
      "description": "Detects suspicious encoded User-Agent strings, as seen used by some malware.\n",
      "origin": "SigmaHQ",
      "severity": 50,
      "recommended": true,
      "query": "| #event.kind=\"event\" \n| array:contains(\"event.category[]\", value=\"web\")\n| user_agent.original=/^Q2hyb21l/i OR user_agent.original=/^QXBwbGVXZWJLaX/i OR user_agent.original=/^RGFsdmlr/i OR user_agent.original=/^TW96aWxsY/i\n",
      "search_window_start": "-70m",
      "search_window_end": "-10m",
      "schedule": "1h",
      "author": "Nasreddine Bencherchali (Nextron Systems)",
      "sigma_author": "",
      "category": "",
      "license": "",
      "tactic": "TA0011",
      "technique": "T1071.001",
      "mitre_attack": [
       {
        "tactic_id": "TA0011",
        "technique_id": "T1071.001"
       }
      ],
      "vendor": "Corelight",
      "vendors": [
       "Corelight"
      ],
      "product": "",
      "tags": "",
      "active": true,
      "source_url": "https://github.com/SigmaHQ/sigma/blob/master/rules/web/proxy_generic/proxy_ua_base64_encoded.yml",
      "license_details": {
       "name": "DRL",
       "url": "https://github.com/SigmaHQ/Detection-Rule-License"
      },
      "outcome": "detection",
      "created_timestamp": "2023-05-04T00:00:00Z",
      "modified_timestamp": "0001-01-01T00:00:00Z"
     },
     {
      "id": "2b1ee7e4-89b6-4739-b7bb-b811b6607e5e",
      "name": "PwnDrp Access",
      "description": "Detects downloads from PwnDrp web servers developed for red team testing and most likely also used for criminal activity\n",
      "origin": "SigmaHQ",
      "severity": 90,
      "recommended": true,
      "query": "| #event.kind=\"event\" \n| array:contains(\"event.category[]\", value=\"web\")\n| url.full=/\\/pwndrop\\//i\n",
      "search_window_start": "-70m",
      "search_window_end": "-10m",
      "schedule": "1h",
      "author": "Florian Roth (Nextron Systems)",
      "sigma_author": "",
      "category": "",
      "license": "",
      "tactic": "TA0011",
      "technique": "T1071.001",
      "mitre_attack": [
       {
        "tactic_id": "TA0011",
        "technique_id": "T1071.001"
       }
      ],
      "vendor": "Corelight",
      "vendors": [
       "Corelight"
      ],
      "product": "",
      "tags": "",
      "active": true,
      "source_url": "https://github.com/SigmaHQ/sigma/blob/master/rules/web/proxy_generic/proxy_pwndrop.yml",
      "license_details": {
       "name": "DRL",
       "url": "https://github.com/SigmaHQ/Detection-Rule-License"
      },
      "outcome": "detection",
      "created_timestamp": "2020-04-15T00:00:00Z",
      "modified_timestamp": "2021-11-27T00:00:00Z"
     },
     {
      "id": "53c15703-b04c-42bb-9055-1937ddfb3392",
      "name": ".Class Extension URI Ending Request",
      "description": "Detects requests to URI ending with the \".class\" extension in proxy logs. This could rules can be used to hunt for potential downloads of Java classes as seen for example in Log4shell exploitation attacks against Log4j.\n",
      "origin": "SigmaHQ",
      "severity": 70,
      "recommended": true,
      "query": "| #event.kind=\"event\" \n| array:contains(\"event.category[]\", value=\"web\")\n| url.path=/\\.class$/i\n",
      "search_window_start": "-70m",
      "search_window_end": "-10m",
      "schedule": "1h",
      "author": "Andreas Hunkeler (@Karneades)",
      "sigma_author": "",
      "category": "",
      "license": "",
      "tactic": "TA0001",
      "technique": "T1190",
      "mitre_attack": [
       {
        "tactic_id": "TA0001",
        "technique_id": "T1190"
       }
      ],
      "vendor": "Corelight",
      "vendors": [
       "Corelight"
      ],
      "product": "",
      "tags": "",
      "active": true,
      "source_url": "https://github.com/SigmaHQ/sigma/blob/master/rules-threat-hunting/web/proxy_generic/proxy_susp_class_extension_request.yml",
      "license_details": {
       "name": "DRL",
       "url": "https://github.com/SigmaHQ/Detection-Rule-License"
      },
      "outcome": "detection",
      "created_timestamp": "2021-12-21T00:00:00Z",
      "modified_timestamp": "2022-12-25T00:00:00Z"
     },
     {
      "id": "5c84856b-55a5-45f1-826f-13f37250cf4e",
      "name": "Malware User Agent",
      "description": "Detects suspicious user agent strings used by malware in proxy logs\n",
      "origin": "SigmaHQ",
      "severity": 70,
      "recommended": true,
      "query": "| #event.kind=\"event\" \n| array:contains(\"event.category[]\", value=\"web\")\n| user_agent.original=/^Mozilla\\/5\\.0 \\(Windows NT 6\\.1; WOW64; rv:53\\.0\\) Gecko\\/20100101 Chrome \\/53\\.0$/i OR user_agent.original=/^Mozilla\\/4\\.0 \\(compatible; MSIE 8\\.0; Windows NT 5\\.1\\)$/i OR user_agent.original=/^Mozilla\\/4\\.0 \\(compatible; MSIE 7\\.0; Windows NT 5\\.1; Trident\\/4\\.0\\)$/i OR user_agent.original=/^Mozilla\\/4\\.0 \\(compatible; MSIE 6\\.0; Windows NT 5\\.0; \\.NET CLR  1\\.1\\.4322\\)$/i OR user_agent.original=/^HttpBrowser\\/1\\.0$/i OR user_agent.original=/.*\u003c|\u003e.*/i OR user_agent.original=/^nsis_inetc \\(mozilla\\)$/i OR user_agent.original=/^Wget\\/1\\.9+cvs-stable \\(Red Hat modified\\)$/i OR user_agent.original=/^Mozilla\\/4\\.0 \\(compatible; MSIE 8\\.0; Windows NT 6\\.1; Trident\\/4\\.0; \\.NET CLR 1\\.1\\.4322\\)$/i OR user_agent.original=/.*zeroup.*/i OR user_agent.original=/^Mozilla\\/5\\.0 \\(Windows NT 5\\.1 ; v\\..*/i OR user_agent.original=/.* adlib\\/.*/i OR user_agent.original=/.* tiny$/i OR user_agent.original=/.* BGroom .*/i OR user_agent.original=/.* changhuatong$$/i OR user_agent.original=/.* CholTBAgent$$/i OR user_agent.original=/^Mozilla\\/5\\.0 WinInet$$/i OR user_agent.original=/^RookIE\\/1\\.0$/i OR user_agent.original=/^M$/i OR user_agent.original=/^Mozilla\\/4\\.0 \\(compatible; MSIE 8\\.0; Windows NT 5\\.1; Trident\\/4\\.0\\)$/i OR user_agent.original=/^Mozilla\\/4\\.0 \\(compatible;MSIE 7\\.0;Windows NT 6\\.0\\)$/i OR user_agent.original=/^backdoorbot$/i OR user_agent.original=/^Mozilla\\/5\\.0 \\(Windows; U; Windows NT 5\\.1; en-US; rv:1\\.9\\.2\\.3\\) Gecko\\/20100401 Firefox\\/3\\.6\\.1 \\(\\.NET CLR 3\\.5\\.30731\\)$/i OR user_agent.original=/^Opera\\/8\\.81 \\(Windows NT 6\\.0; U; en\\)$/i OR user_agent.original=/^Mozilla\\/5\\.0 \\(Windows; U; Windows NT 5\\.1; en-US; rv:1\\.9\\.2\\.3\\) Gecko\\/20100401 Firefox\\/3\\.6\\.1 \\(\\.NET CLR 3\\.5\\.30729\\)$/i OR user_agent.original=/^Opera$/i OR user_agent.original=/^Mozilla\\/4\\.0 \\(compatible; MSIE 5\\.0; Windows 98\\)$/i OR user_agent.original=/^Mozilla\\/4\\.0 \\(compatible; MSIE 5\\.01; Windows NT 5\\.0\\)$/i OR user_agent.original=/^MSIE$/i OR user_agent.original=/.*\\(Charon; Inferno\\)$/i OR user_agent.original=/^Mozilla\\/4\\.0 \\(compatible; MSIE 8\\.0; Windows NT 5\\.1; Trident\\/5\\.0\\)$/i OR user_agent.original=/^Mozilla\\/4\\.0 \\(compatible; MSIE 6\\.1; Windows NT\\)$/i OR user_agent.original=/^Mozilla\\/4\\.0\\(compatible; MSIE 6\\.0; Windows NT 5\\.1\\)$/i OR user_agent.original=/^Mozilla\\/5\\.0 \\(Windows NT 10\\.0; Win64; x64\\)$/i OR user_agent.original=/^Mozilla\\/4\\.0 \\(compatible; MSIE 8\\.0; Windows NT 10\\.0; Win64; x64\\)$/i OR user_agent.original=/^Mozilla\\/4\\.0 \\(compatible; MSIE 8\\.0; Windows NT 6\\.1; Win64; x64\\)$/i OR user_agent.original=/^Mozilla\\/4\\.0 \\(compatible; MSIE 7\\.0; Windows NT 6\\.2; WOW64; Trident\\/7\\.0; \\.NET4\\.0C; \\.NET4\\.0E; InfoPath\\.3\\)$/i OR user_agent.original=/^Mozilla\\/5\\.0 \\(Windows NT 6\\.1\\)$/i OR user_agent.original=/^AppleWebkit\\/587\\.38 \\(KHTML, like Gecko\\)$/i OR user_agent.original=/^Chrome\\/91\\.0\\.4472\\.77$/i OR user_agent.original=/^Safari\\/537\\.36$/i OR user_agent.original=/^Edge\\/91\\.0\\.864\\.37$/i OR user_agent.original=/^Firefox\\/89\\.0$/i OR user_agent.original=/^Gecko\\/20100101$/i OR user_agent.original=/.* pxyscand.*/i OR user_agent.original=/.* asd$/i OR user_agent.original=/.* mdms$/i OR user_agent.original=/^sample$/i OR user_agent.original=/^nocase$/i OR user_agent.original=/^Moxilla$/i OR user_agent.original=/^Win32 .*/i OR user_agent.original=/.*Microsoft Internet Explorer.*/i OR user_agent.original=/^agent .*/i OR user_agent.original=/^AutoIt$/i OR user_agent.original=/^IczelionDownLoad$/i OR user_agent.original=/^Mozilla\\/4\\.0 \\(compatible; MSIE 9\\.0; Windows NT 10\\.0; \\.NET4\\.0C; \\.NET4\\.0E; Tablet PC 2\\.0\\)$/i OR user_agent.original=/^record$/i OR user_agent.original=/^mozzzzzzzzzzz$/i OR user_agent.original=/^Mozilla\\/5\\.0 \\(Windows NT 10\\.0; Win64; x64; rv:76\\.0\\) Gecko\\/20100101 Firefox\\/76\\.0$/i OR user_agent.original=/^Havana\\/0\\.1$/i OR user_agent.original=/^antSword\\/v2\\.1$/i OR user_agent.original=/^rqwrwqrqwrqw$/i OR user_agent.original=/^qwrqrwrqwrqwr$/i OR user_agent.original=/^rc2\\.0\\/client$/i OR user_agent.original=/^TakeMyPainBack$/i OR user_agent.original=/^xxx$/i OR user_agent.original=/^20112211$/i OR user_agent.original=/^23591$/i OR user_agent.original=/^901785252112$/i OR user_agent.original=/^1235125521512$/i OR user_agent.original=/^125122112551$/i OR user_agent.original=/^B1D3N_RIM_MY_ASS$/i OR user_agent.original=/^AYAYAYAY1337$/i OR user_agent.original=/^iMightJustPayMySelfForAFeature$/i OR user_agent.original=/^ForAFeature$/i OR user_agent.original=/^Ares_ldr_v_.*/i OR user_agent.original=/^Microsoft Internet Explorer$/i OR user_agent.original=/^CLCTR$/i OR user_agent.original=/^uploader$/i OR user_agent.original=/^agent$/i OR user_agent.original=/^License$/i OR user_agent.original=/^vb wininet$/i OR user_agent.original=/^Client$/i OR user_agent.original=/^Lilith-Bot\\/3\\.0$/i OR user_agent.original=/^svc\\/1\\.0$/i OR user_agent.original=/^WSHRAT$/i OR user_agent.original=/^ZeroStresser Botnet\\/1\\.5$/i OR user_agent.original=/^OK$/i OR user_agent.original=/^Project1sqlite$/i OR user_agent.original=/^Project1$/i OR user_agent.original=/^DuckTales$/i OR user_agent.original=/^Zadanie$/i OR user_agent.original=/^GunnaWunnaBlueTips$/i OR user_agent.original=/^Xlmst$/i OR user_agent.original=/^GeekingToTheMoon$/i OR user_agent.original=/^SunShineMoonLight$/i OR user_agent.original=/^BunnyRequester$/i OR user_agent.original=/^BunnyTasks$/i OR user_agent.original=/^BunnyStealer$/i OR user_agent.original=/^BunnyLoader_Dropper$/i OR user_agent.original=/^BunnyLoader$/i OR user_agent.original=/^BunnyShell$/i OR user_agent.original=/^SPARK-COMMIT$/i OR user_agent.original=/^4B4DB4B3$/i OR user_agent.original=/^SouthSide$/i OR user_agent.original=/^Mozilla\\/4\\.0 \\(compatible; MSIE 7\\.0; Windows NT 5\\.1; Tob 1\\.1\\)$/i\n",
      "search_window_start": "-70m",
      "search_window_end": "-10m",
      "schedule": "1h",
      "author": "Florian Roth (Nextron Systems), X__Junior (Nextron Systems), Nasreddine Bencherchali (Nextron Systems)",
      "sigma_author": "",
      "category": "",
      "license": "",
      "tactic": "TA0011",
      "technique": "T1071.001",
      "mitre_attack": [
       {
        "tactic_id": "TA0011",
        "technique_id": "T1071.001"
       }
      ],
      "vendor": "Corelight",
      "vendors": [
       "Corelight"
      ],
      "product": "",
      "tags": "",
      "active": true,
      "source_url": "https://github.com/SigmaHQ/sigma/blob/master/rules/web/proxy_generic/proxy_ua_malware.yml",
      "license_details": {
       "name": "DRL",
       "url": "https://github.com/SigmaHQ/Detection-Rule-License"
      },
      "outcome": "detection",
      "created_timestamp": "2017-07-08T00:00:00Z",
      "modified_timestamp": "2023-12-05T00:00:00Z"
     },
     {
      "id": "41b42a36-f62c-4c34-bd40-8cb804a34ad8",
      "name": "CobaltStrike Malformed UAs in Malleable Profiles",
      "description": "Detects different malformed user agents used in Malleable Profiles used with Cobalt Strike\n",
      "origin": "SigmaHQ",
      "severity": 90,
      "recommended": true,
      "query": "| #event.kind=\"event\" \n| array:contains(\"event.category[]\", value=\"web\")\n| user_agent.original=/^Mozilla\\/4.0 (compatible; MSIE 6.0;Windows NT 5.1)$/i OR user_agent.original=/^Mozilla\\/4\\.0 \\(compatible; MSIE 7\\.0; Windows NT 6\\.1; WOW64; Trident\\/4\\.0; SLCC2; \\.NET CLR 3\\.0\\.30729; \\.NET4\\.0C; \\.NET4\\.0E \\)$/i OR user_agent.original=/^Mozilla\\/5\\.0 \\(Windows; U; MSIE 7\\.0; Windows NT 5\\.2\\) Java\\/1\\.5\\.0_08$/i\n",
      "search_window_start": "-70m",
      "search_window_end": "-10m",
      "schedule": "1h",
      "author": "Florian Roth (Nextron Systems)",
      "sigma_author": "",
      "category": "",
      "license": "",
      "tactic": "TA0011",
      "technique": "T1071.001",
      "mitre_attack": [
       {
        "tactic_id": "TA0011",
        "technique_id": "T1071.001"
       }
      ],
      "vendor": "Corelight",
      "vendors": [
       "Corelight"
      ],
      "product": "",
      "tags": "",
      "active": true,
      "source_url": "https://github.com/SigmaHQ/sigma/blob/master/deprecated/web/proxy_cobalt_malformed_uas.yml",
      "license_details": {
       "name": "DRL",
       "url": "https://github.com/SigmaHQ/Detection-Rule-License"
      },
      "outcome": "detection",
      "created_timestamp": "2021-05-06T00:00:00Z",
      "modified_timestamp": "2022-12-25T00:00:00Z"
     },
     {
      "id": "37325383-740a-403d-b1a2-b2b4ab7992e7",
      "name": "CobaltStrike Malleable (OCSP) Profile",
      "description": "Detects Malleable (OCSP) Profile with Typo (OSCP) in URL\n",
      "origin": "SigmaHQ",
      "severity": 70,
      "recommended": true,
      "query": "| #event.kind=\"event\" \n| array:contains(\"event.category[]\", value=\"web\")\n| url.full=/\\/oscp\\//i url.domain=\"ocsp.verisign.com\"\n",
      "search_window_start": "-70m",
      "search_window_end": "-10m",
      "schedule": "1h",
      "author": "Markus Neis",
      "sigma_author": "",
      "category": "",
      "license": "",
      "tactic": "TA0011",
      "technique": "T1071.001",
      "mitre_attack": [
       {
        "tactic_id": "TA0011",
        "technique_id": "T1071.001"
       }
      ],
      "vendor": "Corelight",
      "vendors": [
       "Corelight"
      ],
      "product": "",
      "tags": "",
      "active": true,
      "source_url": "https://github.com/SigmaHQ/sigma/blob/master/deprecated/web/proxy_cobalt_ocsp.yml",
      "license_details": {
       "name": "DRL",
       "url": "https://github.com/SigmaHQ/Detection-Rule-License"
      },
      "outcome": "detection",
      "created_timestamp": "2019-11-12T00:00:00Z",
      "modified_timestamp": "2021-11-27T00:00:00Z"
     },
     {
      "id": "9eb68894-7476-4cd6-8752-23b51f5883a7",
      "name": "Bitsadmin to Uncommon TLD",
      "description": "Detects Bitsadmin connections to domains with uncommon TLDs\n",
      "origin": "SigmaHQ",
      "severity": 70,
      "recommended": true,
      "query": "| #event.kind=\"event\" \n| array:contains(\"event.category[]\", value=\"web\")\n| user_agent.original=/^Microsoft BITS\\//i NOT (url.domain=\"*.com\" OR url.domain=\"*.net\" OR url.domain=\"*.org\" OR url.domain=\"*.scdn.co\" OR url.domain=\"*.sfx.ms\")\n",
      "search_window_start": "-70m",
      "search_window_end": "-10m",
      "schedule": "1h",
      "author": "Florian Roth (Nextron Systems), Tim Shelton",
      "sigma_author": "",
      "category": "",
      "license": "",
      "tactic": "TA0011",
      "technique": "T1071.001",
      "mitre_attack": [
       {
        "tactic_id": "TA0011",
        "technique_id": "T1071.001"
       }
      ],
      "vendor": "Corelight",
      "vendors": [
       "Corelight"
      ],
      "product": "",
      "tags": "",
      "active": true,
      "source_url": "https://github.com/SigmaHQ/sigma/blob/master/rules/web/proxy_generic/proxy_ua_bitsadmin_susp_tld.yml",
      "license_details": {
       "name": "DRL",
       "url": "https://github.com/SigmaHQ/Detection-Rule-License"
      },
      "outcome": "detection",
      "created_timestamp": "2019-03-07T00:00:00Z",
      "modified_timestamp": "2023-05-17T00:00:00Z"
     },
     {
      "id": "5468045b-4fcc-4d1a-973c-c9c9578edacb",
      "name": "Raw Paste Service Access",
      "description": "Detects direct access to raw pastes in different paste services often used by malware in their second stages to download malicious code in encrypted or encoded form\n",
      "origin": "SigmaHQ",
      "severity": 70,
      "recommended": true,
      "query": "| #event.kind=\"event\" \n| array:contains(\"event.category[]\", value=\"web\")\n| (url.full=/\\.paste\\.ee\\/r\\//i OR url.full=/pastebin\\.com\\/raw\\//i OR url.full=/\\.hastebin\\.com\\/raw\\//i OR url.full=/\\.ghostbin\\.co\\/paste\\/.+\\/raw\\//i OR url.full=/pastetext\\.net\\//i OR url.full=/pastebin\\.pl\\//i OR url.full=/paste\\.ee\\//i)\n",
      "search_window_start": "-70m",
      "search_window_end": "-10m",
      "schedule": "1h",
      "author": "Florian Roth (Nextron Systems)",
      "sigma_author": "",
      "category": "",
      "license": "",
      "tactic": "TA0011",
      "technique": "T1071.001",
      "mitre_attack": [
       {
        "tactic_id": "TA0011",
        "technique_id": "T1071.001"
       }
      ],
      "vendor": "Corelight",
      "vendors": [
       "Corelight"
      ],
      "product": "",
      "tags": "",
      "active": true,
      "source_url": "https://github.com/SigmaHQ/sigma/blob/master/rules/web/proxy_generic/proxy_raw_paste_service_access.yml",
      "license_details": {
       "name": "DRL",
       "url": "https://github.com/SigmaHQ/Detection-Rule-License"
      },
      "outcome": "detection",
      "created_timestamp": "2019-12-05T00:00:00Z",
      "modified_timestamp": "2023-01-19T00:00:00Z"
     },
     {
      "id": "b2136cc8-beac-4ab3-9e4b-4d5d4cec7156",
      "name": "Generic - Network - RDP Traffic from the Internet",
      "description": "Identifies network events associated with RDP (Remote Desktop Protocol) traffic from the Internet. This is suspicious network activity because RDP should never be exposed to the Internet as it is often exploited by threat actors for initial access.\n",
      "origin": "CrowdStrike",
      "severity": 50,
      "recommended": true,
      "query": "| #event.kind=\"event\"\n| array:contains(\"event.category[]\", value=\"network\")\n| array:contains(\"event.type[]\", value=\"connection\") \n| network.transport=\"tcp\" destination.port=\"3389\"\n| cidr(destination.ip, subnet=[\"10.0.0.0/8\", \"172.16.0.0/12\", \"192.168.0.0/16\"])\n| NOT cidr(source.ip, subnet=[\"127.0.0.0/8\", \"10.0.0.0/8\", \"172.16.0.0/12\", \"192.168.0.0/16\", \"::1\"])\n",
      "search_window_start": "-70m",
      "search_window_end": "-10m",
      "schedule": "1h",
      "author": "CrowdStrike",
      "sigma_author": "",
      "category": "",
      "license": "",
      "tactic": "TA0008",
      "technique": "T1021",
      "mitre_attack": [
       {
        "tactic_id": "TA0008",
        "technique_id": "T1021"
       }
      ],
      "vendor": "Corelight",
      "vendors": [
       "Corelight",
       "ExtraHop"
      ],
      "product": "",
      "tags": "",
      "active": true,
      "source_url": "",
      "license_details": {
       "name": "",
       "url": ""
      },
      "outcome": "detection",
      "created_timestamp": "2023-11-23T00:00:00Z",
      "modified_timestamp": "0001-01-01T00:00:00Z"
     },
     {
      "id": "05729953-22c1-43fe-bdf2-42e77b935dfe",
      "name": "Corelight - IDS - Generic ASPX WebShell Upload Activity",
      "description": "An HTTP POST was sent to upload a file named `cmdasp.aspx`. Considering that this is the default name of a webshell provided by the popular Kali Linux distribution, an investigation should be conducted.\n",
      "origin": "CrowdStrike",
      "severity": 70,
      "recommended": true,
      "query": "| #event.kind=\"event\" #Vendor=\"corelight\"\n| array:contains(\"event.category[]\", value=\"web\") \n| array:contains(\"event.type[]\", value=\"info\")\n| http.request.method=POST url.path=/cmdasp\\.aspx/i\n",
      "search_window_start": "-70m",
      "search_window_end": "-10m",
      "schedule": "1h",
      "author": "CrowdStrike",
      "sigma_author": "",
      "category": "",
      "license": "",
      "tactic": "TA0003",
      "technique": "T1505.003",
      "mitre_attack": [
       {
        "tactic_id": "TA0003",
        "technique_id": "T1505.003"
       }
      ],
      "vendor": "Corelight",
      "vendors": [
       "Corelight"
      ],
      "product": "",
      "tags": "",
      "active": true,
      "source_url": "",
      "license_details": {
       "name": "",
       "url": ""
      },
      "outcome": "detection",
      "created_timestamp": "2023-02-21T00:00:00Z",
      "modified_timestamp": "0001-01-01T00:00:00Z"
     },
     {
      "id": "c2d85115-6500-4224-8f4e-63c377d6426c",
      "name": "Generic - Network - RPC Traffic to the Internet",
      "description": "Identifies network events associated with RPC (Remote Procedure Call) traffic to the Internet. This is suspicious network activity because RPC should never be exposed to the Internet as it is often exploited by threat actors for initial access.\n",
      "origin": "CrowdStrike",
      "severity": 70,
      "recommended": true,
      "query": "#repo!=\"xdr_*\"\n| #Vendor =~ in(values=[\"akamai\",\"aws\",\"cisco\",\"corelight\",\"extrahop\",\"fortinet\",\"microsoft\",\"nozomi\",\"paloalto\",\"zscaler\"])\n| #event.kind=\"event\" \n| array:contains(\"event.category[]\", value=\"network\")\n| network.transport=\"tcp\" destination.port=135\n| cidr(source.ip, subnet=[\"10.0.0.0/8\", \"172.16.0.0/12\", \"192.168.0.0/16\"])\n| NOT cidr(destination.ip, subnet=[\"127.0.0.0/8\", \"10.0.0.0/8\", \"172.16.0.0/12\", \"192.168.0.0/16\", \"::1\"])\n",
      "search_window_start": "-70m",
      "search_window_end": "-10m",
      "schedule": "1h",
      "author": "CrowdStrike",
      "sigma_author": "",
      "category": "",
      "license": "",
      "tactic": "TA0001",
      "technique": "T1190",
      "mitre_attack": [
       {
        "tactic_id": "TA0001",
        "technique_id": "T1190"
       }
      ],
      "vendor": "Akamai",
      "vendors": [
       "Akamai",
       "AWS",
       "Cisco",
       "Corelight",
       "ExtraHop",
       "Fortinet",
       "Microsoft",
       "Nozomi Networks",
       "Palo Alto Networks",
       "Zscaler"
      ],
      "product": "",
      "tags": "",
      "active": true,
      "source_url": "",
      "license_details": {
       "name": "",
       "url": ""
      },
      "outcome": "detection",
      "created_timestamp": "2024-05-10T00:00:00Z",
      "modified_timestamp": "2024-10-22T00:00:00Z"
     }
    ]
   }