{
    "meta": {
     "query_time": 0.041624582,
     "powered_by": "svc-cscrrulestemplates",
     "trace_id": "e5fd6299ec24911cd84f46b4fbd5f687"
    },
    "errors": [],
    "resources": [
     {
      "id": "6ef437de-96c1-46b7-aec3-49f11265a84e",
      "name": "CrowdStrike - Endpoint - Suspicious Windows Commands Sequence",
      "description": "Detects potentially suspicious sequences of command executions on Windows systems that may indicate malicious activity. This detection focuses on the use of Living Off The Land Binaries and Scripts (LOLBins) and other common Windows utilities that are frequently abused by adversaries.\n",
      "origin": "CrowdStrike",
      "severity": 50,
      "recommended": true,
      "query": "#repo=\"base_sensor\" #event_simpleName=\"ProcessRollup2\" event_platform=\"Win\"\n| in(GrandParentBaseFileName, values=[\"explorer.exe\", \"cmd.exe\"])\n// Add exclusions here \n| NOT (\n    CommandLine=/^\\/k\\ echo\\ \\{[a-f0-9]{8}-[a-f0-9]{4}-[a-f0-9]{4}-[a-f0-9]{4}-[a-f0-9]{12}\\}$/i OR\n    CommandLine=/\"C:\\\\Program\\ Files\\ \\(x86\\)\\\\BigFix\\ Enterprise\\\\BES\\ Installers\\\\BFI_installer\\\\BFI\\ v11\\.0\\.1\\.0\\ Installer\\\\tools\\\\getId\\.vbs\"/i OR\n    CommandLine=/\\\\windows\\\\system32\\\\conhost\\.exe\\ 0x[a-f0-9]+\\ \\-forcev1/i\n)\n| ProcessStartTime := ProcessStartTime*1000\n| execTime := formatTime(\"%Y-%m-%d %H\", field=ProcessStartTime, locale=en_US, timezone=Z)\n| FileName := lower(FileName)\n| regex(\"(sc|net1?)\\s+(?\u003ccmdParam\u003e\\S+)\\s+\", field=CommandLine, strict=false)\n| cmdParam := lower(cmdParam)\n// Add checks commandline parameters here for better accuracy\n// As the weights are different for different params of the same command, this might lead to overlaps. Ensure that cases with bigger weights of the same command are defined first, to be evaluated with priority. \n| case {\n    FileName=/net1?\\.exe/ cmdParam=\"stop\" CommandLine=/falcon/i | behaviorWeight := \"25\" ;\n    FileName=/net1?\\.exe/ cmdParam=/(user|localgroup)/ CommandLine=/(\\/delete|\\/add)/ | behaviorWeight := \"10\" ;\n    FileName=/net1?\\.exe/ cmdParam=\"group\" CommandLine=/\\/domain\\s+/i | behaviorWeight := \"5\" ;\n    FileName=/net1?\\.exe/ cmdParam=\"group\" CommandLine=/admin/i | behaviorWeight := \"5\" ;\n    FileName=/net1?\\.exe/ cmdParam=/(start|stop)/ | behaviorWeight := \"4\" ;\n    FileName=/net1?\\.exe/ cmdParam=\"share\" | behaviorWeight := \"2\" ;\n\n    FileName=\"sc.exe\" cmdParam=/(query|stop)/i CommandLine=/csagent/i | behaviorWeight := \"25\" ;\n    FileName=\"sc.exe\" cmdParam=/(start|stop)/ | behaviorWeight := \"4\" ;\n\n    FileName=\"nltest.exe\" | behaviorWeight := \"3\" ;\n    FileName=\"systeminfo.exe\" | behaviorWeight := \"3\" ;\n    FileName=\"whoami.exe\" | behaviorWeight := \"3\" ;\n    FileName=\"ping.exe\" | behaviorWeight := \"3\" ;\n    FileName=\"hostname.exe\" | behaviorWeight := \"3\" ;\n    FileName=\"ipconfig.exe\" | behaviorWeight := \"3\" ;\n    FileName=\"xcopy.exe\" | behaviorWeight := \"3\" ;\n    FileName=\"reg.exe\" | behaviorWeight := \"3\";\n    FileName=\"arp.exe\" | behaviorWeight := \"3\" ;\n    FileName=\"bitsadmin.exe\" | behaviorWeight := \"5\" ;\n    FileName=\"csvde.exe\" | behaviorWeight := \"4\" ;\n    FileName=\"dsquery.exe\" | behaviorWeight := \"4\" ;\n    FileName=\"ftp.exe\" | behaviorWeight := \"5\" ;\n    FileName=\"makecab.exe\" | behaviorWeight := \"3\" ;\n    FileName=\"nbtstat.exe\" | behaviorWeight := \"3\" ;\n    FileName=\"netsh.exe\" | behaviorWeight := \"4\" ;\n    FileName=\"netstat.exe\" | behaviorWeight := \"3\" ;\n    FileName=\"nslookup.exe\" | behaviorWeight := \"3\" ;\n    FileName=\"quser.exe\" | behaviorWeight := \"3\" ;\n    FileName=\"regsvr32.exe\" | behaviorWeight := \"5\" ;\n    FileName=\"rundll32.exe\" | behaviorWeight := \"4\" ;\n    FileName=\"route.exe\" | behaviorWeight := \"3\" ;\n    FileName=\"schtasks.exe\" | behaviorWeight := \"4\" ;\n    FileName=\"taskkill.exe\" | behaviorWeight := \"3\" ;\n    FileName=\"tasklist.exe\" | behaviorWeight := \"3\" ;\n    FileName=\"wevtutil.exe\" | behaviorWeight := \"4\" ;\n    FileName=\"xcopy.exe\" | behaviorWeight := \"3\" ;\n    FileName=\"wmic.exe\" | behaviorWeight := \"6\" ;\n    FileName=\"vssadmin.exe\" | behaviorWeight := \"6\" ;\n    FileName=\"psexec.exe\" | behaviorWeight := \"8\" ;\n    FileName=\"psexesvc.exe\" | behaviorWeight := \"8\" ;\n    FileName=\"utilman.exe\" | behaviorWeight := \"5\" ;\n    FileName=\"msiexec.exe\" | behaviorWeight := \"4\" ;\n    FileName=\"mshta.exe\" | behaviorWeight := \"5\" ;\n    FileName=\"wscript.exe\" | behaviorWeight := \"5\" ;\n    FileName=\"cscript.exe\" | behaviorWeight := \"5\" ;\n    FileName=\"csc.exe\" | behaviorWeight := \"4\" ;\n    FileName=\"mmc.exe\" | behaviorWeight := \"3\" ;\n    FileName=\"control.exe\" | behaviorWeight := \"3\" ;\n    FileName=\"installutil.exe\" | behaviorWeight := \"5\" ;\n    FileName=\"msbuild.exe\" | behaviorWeight := \"5\" ;\n    FileName=\"cmdkey.exe\" | behaviorWeight := \"4\" ;\n    FileName=\"cmstp.exe\" | behaviorWeight := \"5\" ;\n    FileName=\"certutil.exe\" | behaviorWeight := \"5\" ;\n    FileName=\"regasm.exe\" | behaviorWeight := \"5\" ;\n    FileName=\"regsvcs.exe\" | behaviorWeight := \"5\" ;\n    FileName=\"rpcping.exe\" | behaviorWeight := \"4\" ;\n    FileName=\"remote.exe\" | behaviorWeight := \"4\" ;\n    FileName=\"dfsvc.exe\" | behaviorWeight := \"4\" ;\n    FileName=\"diskshadow.exe\" | behaviorWeight := \"4\" ;\n    FileName=\"bash.exe\" | behaviorWeight := \"5\" ;\n    FileName=\"esentutl.exe\" | behaviorWeight := \"4\" ;\n    FileName=\"msxsl.exe\" | behaviorWeight := \"5\" ;\n    FileName=\"expand.exe\" | behaviorWeight := \"3\" ;\n    FileName=\"leexec.exe\" | behaviorWeight := \"5\" ;\n    FileName=\"hh.exe\" | behaviorWeight := \"4\" ;\n    FileName=\"forfiles.exe\" | behaviorWeight := \"4\" ;\n    FileName=\"infdefaultinstall.exe\" | behaviorWeight := \"5\" ;\n    FileName=\"ie4unit.exe\" | behaviorWeight := \"4\" ;\n    FileName=\"msdt.exe\" | behaviorWeight := \"5\" ;\n    FileName=\"mavinject.exe\" | behaviorWeight := \"5\" ;\n    FileName=\"findstr.exe\" | behaviorWeight := \"3\" ;\n    FileName=\"odbcconf.exe\" | behaviorWeight := \"4\" ;\n    FileName=\"pcalua.exe\" | behaviorWeight := \"4\" ;\n    FileName=\"regedit.exe\" | behaviorWeight := \"5\" ;\n    FileName=\"qprocess.exe\" | behaviorWeight := \"3\" ;\n    FileName=\"print.exe\" | behaviorWeight := \"3\" ;\n    FileName=\"presentationhost.exe\" | behaviorWeight := \"4\" ;\n    FileName=\"xwizard.exe\" | behaviorWeight := \"4\" ;\n    FileName=\"syncappvpublishingserver.exe\" | behaviorWeight := \"4\" ;\n    FileName=\"scriptrunner.exe\" | behaviorWeight := \"5\" ;\n    FileName=\"runscripthelper.exe\" | behaviorWeight := \"5\" ;\n    FileName=\"robocopy.exe\" | behaviorWeight := \"3\" ;\n    FileName=\"replace.exe\" | behaviorWeight := \"3\" ;\n    FileName=\"regini.exe\" | behaviorWeight := \"4\" ;\n    FileName=\"extrac32.exe\" | behaviorWeight := \"4\" ;\n    FileName=\"csi.exe\" | behaviorWeight := \"4\" ;\n    FileName=\"cdb.exe\" | behaviorWeight := \"4\" ;\n    FileName=\"bginfo.exe\" | behaviorWeight := \"3\" ;\n    FileName=\"nvudisp.exe\" | behaviorWeight := \"3\" ;\n    FileName=\"nvuhda6.exe\" | behaviorWeight := \"3\" ;\n    FileName=\"tracker.exe\" | behaviorWeight := \"3\" ;\n    FileName=\"te.exe\" | behaviorWeight := \"3\" ;\n    FileName=\"sqlps.exe\" | behaviorWeight := \"4\" ;\n    FileName=\"sqldumper.exe\" | behaviorWeight := \"4\" ;\n    FileName=\"rcsi.exe\" | behaviorWeight := \"4\" ;\n    FileName=\"dnx.exe\" | behaviorWeight := \"4\" ;\n    FileName=\"appvlp.exe\" | behaviorWeight := \"4\" ;\n    FileName=\"dnscmd.exe\" | behaviorWeight := \"5\" ;\n    FileName=\"extexport.exe\" | behaviorWeight := \"4\" ;\n    FileName=\"gpscript.exe\" | behaviorWeight := \"5\" ;\n    FileName=\"le4uinit.exe\" | behaviorWeight := \"4\" ;\n    FileName=\"mcsconfig.exe\" | behaviorWeight := \"4\" ;\n    FileName=\"openwith.exe\" | behaviorWeight := \"3\" ;\n    FileName=\"pcwrun.exe\" | behaviorWeight := \"4\" ;\n    FileName=\"psr.exe\" | behaviorWeight := \"3\" ;\n    FileName=\"register-cimprovider.exe\" | behaviorWeight := \"4\" ;\n    FileName=\"runonce.exe\" | behaviorWeight := \"5\" ;\n    FileName=\"wab.exe\" | behaviorWeight := \"3\" ;\n    FileName=\"dxcap.exe\" | behaviorWeight := \"3\" ;\n    FileName=\"mftrace.exe\" | behaviorWeight := \"4\" ;\n    FileName=\"msdeploy.exe\" | behaviorWeight := \"4\" ;\n    FileName=\"sqltoolsps.exe\" | behaviorWeight := \"4\" ;\n    FileName=\"vsjitdebugger.exe\" | behaviorWeight := \"4\" ;\n}\n| format(format=\"%s (Score: %s)\\t%s\", field=[execTime, behaviorWeight, CommandLine], as=\"executionDetails\")\n| groupby([aid, UserName],\n    function=[\n        collect([ComputerName, FileName, behaviorWeight, executionDetails]),\n        count(FileName, distinct=true, as=\"fileCount\"),\n        sum(behaviorWeight, as=\"behaviorWeightSum\")\n    ], \n    limit=max\n)\n// adjust thresholds based on the environment\n| fileCount \u003e= 5\n| behaviorWeightSum \u003e= 29\n| sort(behaviorWeight)\n| drop([@timestamp, _duration, fileCount, behaviorWeightSum, behaviorWeight])\n",
      "search_window_start": "-70m",
      "search_window_end": "-10m",
      "schedule": "1h",
      "author": "CrowdStrike",
      "sigma_author": "",
      "category": "",
      "license": "",
      "tactic": "",
      "technique": "",
      "mitre_attack": [],
      "vendor": "CrowdStrike",
      "vendors": [
       "CrowdStrike"
      ],
      "product": "",
      "tags": "",
      "active": true,
      "source_url": "",
      "license_details": {
       "name": "",
       "url": ""
      },
      "outcome": "detection",
      "created_timestamp": "2024-11-27T00:00:00Z",
      "modified_timestamp": "0001-01-01T00:00:00Z"
     },
     {
      "id": "a9301e61-68f5-44a6-9200-ce5cbef179f6",
      "name": "CrowdStrike - Endpoint - Malicious Cyberhaven Extension Callout DNS Request",
      "description": "This rule detects network communication attempts to known malicious domains associated with a supply chain compromise of a browser extension. Specifically, it targets the extension developed by Cyberhaven, which was identified as compromised. The rule monitors for outbound connections to the malicious domains used for exfiltrating sensitive data, including browser cookies.\n",
      "origin": "CrowdStrike",
      "severity": 90,
      "recommended": true,
      "query": "#repo=\"base_sensor\"\n| in(#event_simpleName, values=[\"DnsRequest\", \"SuspiciousDnsRequest\"])\n| ContextBaseFileName=/(?:chrome|chromium|microsoftedge|msedge|brave|opera)/i\n| DomainName=/(?:(?:cyberhavenext|primusext|internxtvpn|censortracker|iobit|ultrablock|dearflip|pieadblock)\\.pro|(?:castorus|parrottalks|bookmarkfc|yujaverity|readermodeext|tinamind)\\.info|(?:vpncity|wayinai|uvoice|vidnozflex)\\.live|moonsift\\.store|(?:wakelet|locallyext)\\.ink)/i\n",
      "search_window_start": "-70m",
      "search_window_end": "-10m",
      "schedule": "1h",
      "author": "CrowdStrike",
      "sigma_author": "",
      "category": "",
      "license": "",
      "tactic": "TA0003",
      "technique": "T1176",
      "mitre_attack": [
       {
        "tactic_id": "TA0003",
        "technique_id": "T1176"
       }
      ],
      "vendor": "CrowdStrike",
      "vendors": [
       "CrowdStrike"
      ],
      "product": "",
      "tags": "",
      "active": true,
      "source_url": "",
      "license_details": {
       "name": "",
       "url": ""
      },
      "outcome": "detection",
      "created_timestamp": "2024-12-26T00:00:00Z",
      "modified_timestamp": "2024-12-27T00:00:00Z"
     },
     {
      "id": "f0b433f3-6f92-4d0c-bfa2-87716cc45e50",
      "name": "CrowdStrike - Endpoint - Cyberhaven Malicious Browser Extension Install",
      "description": "This rule detects file writes of a known malicious browser extension version for Cyberhaven.\n",
      "origin": "CrowdStrike",
      "severity": 90,
      "recommended": true,
      "query": "#repo=base_sensor #event_simpleName=\"CrxFileWritten\" TargetFileName=/PAJKJNMEOJMBAPICMBPLIPHJMCEKEAAC_24_10_4_0.crx/  \n",
      "search_window_start": "-70m",
      "search_window_end": "-10m",
      "schedule": "1h",
      "author": "CrowdStrike",
      "sigma_author": "",
      "category": "",
      "license": "",
      "tactic": "TA0001",
      "technique": "T1190",
      "mitre_attack": [
       {
        "tactic_id": "TA0001",
        "technique_id": "T1190"
       }
      ],
      "vendor": "CrowdStrike",
      "vendors": [
       "CrowdStrike"
      ],
      "product": "",
      "tags": "",
      "active": true,
      "source_url": "",
      "license_details": {
       "name": "",
       "url": ""
      },
      "outcome": "detection",
      "created_timestamp": "2024-12-26T00:00:00Z",
      "modified_timestamp": "0001-01-01T00:00:00Z"
     },
     {
      "id": "9e54a994-66ec-48af-b34f-f16df1983e6a",
      "name": "CrowdStrike - Endpoint - LDAPNightmare Suspicious SRV Response IP with LSASS Crash",
      "description": "This rule identifies exploitation attempts of CVE-2024-49113 (LDAPNightmare) by looking for SRV type DNS Requests that responded with an IP address that does not belong to a known Domain Controller (DC) and the same process cause an Local Security Authority Subsystem Service (LSASS) crash.\nThe list of known DCs is calculated based on Falcon Endpoint telemetry from the previous 7 days. \nIP addresses for DCs that do not have Falcon Endpoint will have to be manually excluded.\n",
      "origin": "CrowdStrike",
      "severity": 70,
      "recommended": true,
      "query": "// Look for DNS_TYPE_SRV requests initiated by lsass.exe OR events that indicate that lsass.exe has crashed.\n| #repo=\"base_sensor\" (#event_simpleName=\"DnsRequest\" RequestType=33  ContextBaseFileName=\"lsass.exe\") OR (#event_simpleName=\"FalconProcessHandleOpDetectInfo\" ParentImageFileName=/lsass.exe$/i)\n| case {\n    #event_simpleName=\"DnsRequest\"\n    // Check that the DNS_TYPE_SRV requests are consistent with what is observed during exploitation \n    | DomainName=/^_ldap\\._tcp.Default-First-Site-Name\\._sites\\.dc\\._msdcs\\./i OR DomainName=/^_ldap\\._tcp\\.dc\\._msdcs\\./i\n    // Extract the base domain from the DNS_TYPE_SRV requests\n    | regex(field=\"DomainName\", regex=\"\\\\._msdcs\\\\.(?\u003cbase_domain\u003e.+?)\\\\.$\")\n    | base_domain := lower(\"base_domain\");\n    // Rename the ParentProcessId to ContextProcessId for correlation between DnsRequest and FalconProcessHandleOpDetectInfo events\n    #event_simpleName=\"FalconProcessHandleOpDetectInfo\" | ContextProcessId := ParentProcessId;\n}\n| groupBy([aid,ContextProcessId], function=collect([base_domain,FirstIP4Record,ContextBaseFileName,DomainName,ProductType,CommandLine]))\n\n// Include events that contain an IP address and an lsass.exe crash\n| FirstIP4Record=* CommandLine=/WerFault.exe/i\n",
      "search_window_start": "-70m",
      "search_window_end": "-10m",
      "schedule": "1h",
      "author": "CrowdStrike",
      "sigma_author": "",
      "category": "",
      "license": "",
      "tactic": "TA0040",
      "technique": "T1499",
      "mitre_attack": [
       {
        "tactic_id": "TA0040",
        "technique_id": "T1499"
       }
      ],
      "vendor": "CrowdStrike",
      "vendors": [
       "CrowdStrike"
      ],
      "product": "",
      "tags": "",
      "active": true,
      "source_url": "",
      "license_details": {
       "name": "",
       "url": ""
      },
      "outcome": "detection",
      "created_timestamp": "2025-01-03T00:00:00Z",
      "modified_timestamp": "0001-01-01T00:00:00Z"
     },
     {
      "id": "d97fdffe-ced4-4e04-927c-b74b0bcfcbdd",
      "name": "CrowdStrike - Endpoint - Potential Data Discovery and Exfiltration over HTTP (Linux)",
      "description": "This rule detects potential automated data discovery and HTTP exfiltration on Linux systems by identifying processes that meet all of the following criteria:\n- Are running for the first time or rarely seen\n- Access multiple sensitive files (default is 10 or more unique files)\n- Access multiple file types (default is 2 or more extensions)\n- Make HTTP POST requests\nA requirement for this rule to work as intended is to have HTTP visibility enabled in the Falcon sensor policy.\n",
      "origin": "CrowdStrike",
      "severity": 50,
      "recommended": true,
      "query": "#repo=\"base_sensor\" event_platform=\"Lin\"\n| case {\n    // Selected tags indicate first time or rare execution of binary\n    #event_simpleName=\"ProcessRollup2\" Tags=/(?:^|, )(883|1619|1850|1852)(?:$|, )/ | falcon_pid := TargetProcessId;\n    // HttpMethod=3: HTTP POST request\n    #event_simpleName=\"HttpRequest\" HttpMethod=3 HttpHost=* HttpHost!=\"\" HttpHost!=/^(?:localhost:|127\\.0\\.0\\.1|0\\.0\\.0\\.0)/ | falcon_pid := ContextProcessId;\n    // Optional: Add legitimate business application exclusions like internal build systems, artifact repositories, internal APIs, approved cloud services\n    // | HttpHost!=/(?:example\\.com|10\\.1\\.0\\.200)(:\\d+)?$/i\n    #event_simpleName=\"FileOpenInfo\" \n        | case {\n            // Documents \u0026 Office Files - Common business documents and text files\n            TargetFileName=/\\.(?:doc|docx|xls|xlsx|ppt|pptx|pdf|rtf|txt|odt|ods|odp|pages|numbers|key|csv|tsv)$/i;\n\n            // Database Files - Database and backup files that might contain structured sensitive data\n            TargetFileName=/\\.(?:sql|db|dbf|mdb|accdb|sqlite|sqlite3|bak|backup|dmp)$/i;\n\n            // Configuration \u0026 System Files - System configuration and security settings\n            TargetFileName=/\\.(?:config|conf|cfg|ini|reg|env|properties|pem|crt|key|pfx|p12|htaccess|htpasswd)$/i \n            OR TargetFileName=/(?:\\/\\.ssh\\/id_(?:rsa|dsa)|\\/\\.aws\\/credentials)$/i;\n\n            // Email \u0026 Communication Files - Email archives and communication data\n            TargetFileName=/\\.(?:pst|ost|msg|eml|mbox)$/i;\n\n            // Source Code \u0026 Scripts - Programming and scripting files\n            TargetFileName=/\\.(?:py|java|cpp|c|h|js|php|asp|aspx|rb|pl|sh|ps1|bat|cmd|vbs|hta)$/i;\n\n            // Compressed \u0026 Archive Files - Compressed containers that might contain sensitive data\n            TargetFileName=/\\.(?:zip|rar|7z|tar|gz|bz2|xz|iso|cab)$/i;\n\n            // Financial \u0026 Business - Business-specific and financial data files\n            TargetFileName=/\\.(?:qbw|tax|inv|financial|ledger|accounting)$/i;\n\n            // Password \u0026 Security - Password managers and security-related files\n            TargetFileName=/\\.(?:kdbx|kwallet|keychain|vault|pwd|kdb)$/i;\n\n            // Design \u0026 Technical Files - CAD and design files\n            TargetFileName=/\\.(?:dwg|dxf|psd|ai|eps|skp|blend)$/i;\n\n            // Personal Information Files - Files containing personal data\n            TargetFileName=/\\.(?:vcf|ics|wallet)$/i;\n\n            // Common Sensitive Paths - Specific paths known to contain sensitive data\n            TargetFileName=/(?:\\/etc\\/passwd|\\/etc\\/shadow|\\/etc\\/keys|\\/home\\/[^\\/]+\\/\\.ssh\\/|\\/root\\/\\.ssh\\/)$/i;\n\n            // Custom Internal Documents - Company-specific sensitive document patterns\n            // Adjust patterns based on your organization's naming conventions\n            TargetFileName=/(?:CONFIDENTIAL|RESTRICTED|INTERNAL|SECRET)/i;\n        }\n        | falcon_pid := ContextProcessId;\n}\n| groupBy([aid, ComputerName, falcon_pid], limit=max,\n    function=[\n        { #event_simpleName=\"FileOpenInfo\" | distinct_files_opened := count(TargetFileName, distinct=true) },\n        { #event_simpleName=\"FileOpenInfo\" TargetFileName=/\\.(?\u003cfile_extension\u003e[^\\.]+)$/ | distinct_file_extensions := count(file_extension, distinct=true) },\n        collect([#event_simpleName, ImageFileName, HttpHost, HttpMethod, HttpPath, CommandLine, ParentBaseFileName, SHA256HashData, TargetFileName])\n    ]\n)\n| #event_simpleName=/ProcessRollup2/m #event_simpleName=/HttpRequest/m #event_simpleName=/FileOpenInfo/m\n// Process has accessed multiple sensitive files\n| distinct_files_opened\u003e=10\n// Process has accessed multiple file types\n| distinct_file_extensions\u003e=2\n| drop([#event_simpleName])\n",
      "search_window_start": "-20m",
      "search_window_end": "-5m",
      "schedule": "15m",
      "author": "CrowdStrike",
      "sigma_author": "",
      "category": "",
      "license": "",
      "tactic": "TA0010",
      "technique": "T1567",
      "mitre_attack": [
       {
        "tactic_id": "TA0010",
        "technique_id": "T1567"
       }
      ],
      "vendor": "CrowdStrike",
      "vendors": [
       "CrowdStrike"
      ],
      "product": "",
      "tags": "",
      "active": true,
      "source_url": "",
      "license_details": {
       "name": "",
       "url": ""
      },
      "outcome": "detection",
      "created_timestamp": "2025-02-06T00:00:00Z",
      "modified_timestamp": "0001-01-01T00:00:00Z"
     },
     {
      "id": "ae9ca844-5a6d-4936-98af-0d13a17d3adc",
      "name": "CrowdStrike - Endpoint - Potential Abuse of SimpleHelp RMM",
      "description": "Detects potential abuse of the SimpleHelp remote management and monitoring (RMM) software by finding user sessions and reviewing the processes being spawned within those sessions for known adversary tradecraft.\n\nDetections should be reviewed by looking across the process tree for the session and determining if the activity observed is expected.\n",
      "origin": "CrowdStrike",
      "severity": 70,
      "recommended": true,
      "query": "defineTable(\n    name=\"simplehelp_sessions\",\n    query={\n        #repo=\"base_sensor\" #event_simpleName=\"ProcessRollup2\" ParentBaseFileName=\"winpty-agent*.exe\" CommandLine=\"*cmd.exe*\"\n    },\n    include=TargetProcessId\n)\n| #repo=\"base_sensor\" #event_simpleName=\"ProcessRollup2\" ParentBaseFileName=\"cmd.exe\"\n| match(file=\"simplehelp_sessions\", column=TargetProcessId, field=ParentProcessId, strict=true)\n| CommandLine =~ in(values=[\"nltest*\", \"quser*\", \"tasklist*\", \"hostname\", \"*net*user*add*\", \"*net*localgroup*administrators*\", \"*net*group*admin*\", \"*wmic.exe*\", \"*netsh.exe*\", \"cmd*start*temp*\"])\n| groupby([ComputerName, aid], function=collect(CommandLine))\n",
      "search_window_start": "-70m",
      "search_window_end": "-10m",
      "schedule": "1h",
      "author": "CrowdStrike",
      "sigma_author": "",
      "category": "",
      "license": "",
      "tactic": "TA0011",
      "technique": "T1219",
      "mitre_attack": [
       {
        "tactic_id": "TA0011",
        "technique_id": "T1219"
       }
      ],
      "vendor": "CrowdStrike",
      "vendors": [
       "CrowdStrike"
      ],
      "product": "",
      "tags": "",
      "active": true,
      "source_url": "",
      "license_details": {
       "name": "",
       "url": ""
      },
      "outcome": "detection",
      "created_timestamp": "2025-01-23T00:00:00Z",
      "modified_timestamp": "0001-01-01T00:00:00Z"
     },
     {
      "id": "c4718f1d-8fc6-4728-9ce8-fef818a03950",
      "name": "CrowdStrike - Endpoint - Windows Event Logs Deletion",
      "description": "This rule detects attempts to delete Windows event logs on endpoints through various methods including wevtutil.exe, PowerShell cmdlets (Clear-EventLog, Remove-EventLog, Limit-EventLog), and WMIC commands. Adversaries often clear logs to hide their activities and impair security monitoring capabilities.\nNote: This event can be sent hourly to the CrowdStrike Cloud when a interactive prompt session is left open. As a result:\n1. Alerts may fire for open shell sessions without recent commands.\n2. The reported CommandHistory may not always reflect the most recent activity.\n3. Alerts triggered shortly after the hour mark may be due to this regular reporting rather than new suspicious activity.\n",
      "origin": "CrowdStrike",
      "severity": 50,
      "recommended": true,
      "query": "#repo=\"base_sensor\" #event_simpleName=\"CommandHistory\"\n| event_platform=\"Win\"\n| CommandHistory=/wevtutil(\\.exe)?\\s+c(lear-)?l(og)?/i OR CommandHistory=/Clear-EventLog/i OR CommandHistory=/wmic\\s+nteventlog(\\s+.*?)?\\s+(call)?\\s+cleareventlog/i OR CommandHistory=/Remove-EventLog/i OR CommandHistory=/Limit-EventLog\\s+.*(-(MaximumSize|OverflowAction|OFA|RetentionDays|MRD))/i\n",
      "search_window_start": "-70m",
      "search_window_end": "-10m",
      "schedule": "1h",
      "author": "CrowdStrike",
      "sigma_author": "",
      "category": "",
      "license": "",
      "tactic": "TA0005",
      "technique": "T1070.001",
      "mitre_attack": [
       {
        "tactic_id": "TA0005",
        "technique_id": "T1070.001"
       }
      ],
      "vendor": "CrowdStrike",
      "vendors": [
       "CrowdStrike"
      ],
      "product": "",
      "tags": "",
      "active": true,
      "source_url": "",
      "license_details": {
       "name": "",
       "url": ""
      },
      "outcome": "detection",
      "created_timestamp": "2025-02-16T00:00:00Z",
      "modified_timestamp": "0001-01-01T00:00:00Z"
     },
     {
      "id": "a1f2cf77-5c24-4a15-b1e8-33667c870ca6",
      "name": "CrowdStrike - Endpoint - Windows Service Created Remotely via WMI",
      "description": "This rule detects attempts to create Windows services remotely using Windows Management Instrumentation (WMI). This technique is commonly used by adversaries for lateral movement and persistence. The rule correlates network connections, service creation events, and WMI activity to identify potentially malicious service installations from remote sources.\n",
      "origin": "CrowdStrike",
      "severity": 50,
      "recommended": true,
      "query": "#repo=\"base_sensor\" event_platform=\"Win\" \n| #event_simpleName=\"NetworkReceiveAcceptIP4\" OR #event_simpleName=\"CreateService\" OR ( #event_simpleName=\"AssociateIndicator\" TemplateInstanceId=14041 )\n// Optional: exclude legitimate administrative Windows services that are created remotely via WMI\n// Uncomment following lines and modify with appropriate service names and paths. Add more conditions as needed\n// | NOT (\n//     ( ServiceDisplayName=\"LEGITIMATE_SERVICE_NAME_1\" ServiceImagePath=\"LEGITIMATE_SERVICE_IMAGE_PATH_1\" ) OR\n//     ( ServiceDisplayName=\"LEGITIMATE_SERVICE_NAME_2\" ServiceImagePath=\"LEGITIMATE_SERVICE_IMAGE_PATH_2\" )\n// )\n| #event_simpleName match {\n    NetworkReceiveAcceptIP4 =\u003e falcon_pid := ContextProcessId;\n    CreateService =\u003e falcon_pid := RpcClientProcessId;\n    AssociateIndicator =\u003e falcon_pid := TargetProcessId;\n}\n| selfJoinFilter([aid, falcon_pid], prefilter=true,\n    where=[ \n        { #event_simpleName=\"NetworkReceiveAcceptIP4\" },\n        { #event_simpleName=\"CreateService\" },\n        // TemplateInstanceId=14041 indicates that a Windows service has been created by the WMI service\n        { #event_simpleName=\"AssociateIndicator\" TemplateInstanceId=14041 }\n    ]\n)\n| groupBy([aid, falcon_pid],\n    function=[\n        count(#event_simpleName, distinct=true, as=_distinct_event_types),\n        collect([#event_simpleName, ComputerName, aid, LocalIP, RemoteIP, ServiceDisplayName, ServiceObjectName, ServiceImagePath, CommandLine])\n    ]\n)\n| _distinct_event_types=3\n| drop([#event_simpleName, _distinct_event_types])\n",
      "search_window_start": "-25m",
      "search_window_end": "-10m",
      "schedule": "15m",
      "author": "CrowdStrike",
      "sigma_author": "",
      "category": "",
      "license": "",
      "tactic": "TA0003",
      "technique": "T1543.003",
      "mitre_attack": [
       {
        "tactic_id": "TA0003",
        "technique_id": "T1543.003"
       }
      ],
      "vendor": "CrowdStrike",
      "vendors": [
       "CrowdStrike"
      ],
      "product": "",
      "tags": "",
      "active": true,
      "source_url": "",
      "license_details": {
       "name": "",
       "url": ""
      },
      "outcome": "detection",
      "created_timestamp": "2024-09-10T00:00:00Z",
      "modified_timestamp": "2025-02-11T00:00:00Z"
     },
     {
      "id": "4add87aa-4252-4bc3-9677-58443fc691f1",
      "name": "CrowdStrike - Endpoint - Potential Privilege Escalation via Exploit",
      "description": "This rule detects a potential privilege escalation pattern by correlating a successful logon event with subsequent process executions that show a transition from low-privilege to high-privilege context. The detection specifically looks for: (1) a successful remote or interactive logon event, followed by (2) a low-integrity process execution from common shells (cmd.exe, powershell.exe, etc.), culminating in (3) a high-integrity process execution with a different user context.\n\nThis sequence of events may indicate an adversary attempting to elevate privileges after gaining initial access to a system.\n",
      "origin": "CrowdStrike",
      "severity": 50,
      "recommended": true,
      "query": "#repo=\"base_sensor\" event_platform=\"Win\"\n| in(field=#event_simpleName, values=[\"UserLogon\", \"NetworkReceiveAcceptIP4\", \"ProcessRollup2\"])\n| case {\n    // Initial network connection (potential webapp exploit entry point)\n    #event_simpleName=\"NetworkReceiveAcceptIP4\" LocalPort=/^(445|80)$/\n    | initConn := format(\"[conn] %s:%d -\u003e %s:%d\", field=[RemoteAddressIP4, RemotePort, LocalAddressIP4, LocalPort])\n    | connTime := @timestamp\n    | initialAccess := \"true\";\n    // Login event post successful credential collection\n    #event_simpleName=\"UserLogon\" LogonType=/^(3|10)$/ RemoteAddressIP4=*\n    | logonTime := @timestamp\n    | remLogon := format(\"[conn] %s -\u003e %s\", field=[RemoteAddressIP4, LocalIP])\n    | loggedUser := UserName\n    | successLogon := \"true\";\n\n    // Initial low privilege process execution\n    #event_simpleName=\"ProcessRollup2\" IntegrityLevel\u003e0 IntegrityLevel\u003c12288 ParentBaseFileName=/(cmd|powershell|explorer|pwsh|powershell_ise)\\.exe$/i ParentBaseFileName!=/CSFalconService\\.exe/i ImageFileName!=/(\\\\(Program\\ Files|Program\\ Files\\ \\(x86\\))\\\\)(.*\\.(exe|dll)$)/i\n    // To exclude false positives, use the following syntax: | CommandLine!=/benign_proc_regex/\n    | lowPrivUser := UserName\n    | lowPrivTime := @timestamp \n    | lowPrivProcess := ImageFileName\n    | lowPrivCmdLine := CommandLine\n    | lowPrivExec := \"true\";\n\n    // Subsequent high privilege process execution\n    #event_simpleName=\"ProcessRollup2\" IntegrityLevel\u003e=12288 IntegrityLevel\u003c20480 ImageFileName=/.*\\\\(cmd|powershell|pwsh|powershell_ise)\\.exe$/i ParentBaseFileName!=/(explorer|cmd|powershell|CSFalconService|RuntimeBroker|svchost|SenseIR|WmiPrvSE)\\.exe/i UserName!=/\\$/ ParentBaseFileName=*\n    // To exclude false positives, use the following syntax: | CommandLine!=/benign_proc_regex/ . Since (custom) apps/services may have exploitable vulnerabilities that lead to a shell, exclusion based on parentfilename is not recommended.\n    | highPrivUser := UserName \n    | highPrivTime := @timestamp \n    | highPrivProcess := ImageFileName\n    | highPrivCmdLine := CommandLine\n    | highParent := ParentBaseFileName\n    | highPrivExec := \"true\";\n}\n| selfJoinFilter(field=[aid],\n    where=[\n        { initialAccess=\"true\" OR successLogon=\"true\" },\n        { lowPrivExec=\"true\" },\n        { highPrivExec=\"true\" }\n    ]\n)\n| connTimef := formatTime(\"%Y/%m/%d %H:%M:%S\", field=connTime)\n| logonTimef := formatTime(\"%Y/%m/%d %H:%M:%S\", field=logonTime)\n| lowPrivTimef := formatTime(\"%Y/%m/%d %H:%M:%S\", field=lowPrivTime)\n| highPrivTimef := formatTime(\"%Y/%m/%d %H:%M:%S\", field=highPrivTime)\n| groupBy([aid], \n    function=[\n    session(\n        [\n        collect([initConn, connTimef, remLogon, loggedUser, logonTimef, lowPrivUser, lowPrivProcess, lowPrivTimef, highPrivUser, highPrivProcess, highPrivTimef, lowPrivCmdLine, highPrivCmdLine, highParent]),\n        min(connTime, as=\"minConnTime\"),\n        min(lowPrivTime, as=\"minLowPrivTime\"),\n        min(highPrivTime, as=\"minHighPrivTime\"),\n        min(logonTime, as=\"minLogonTime\")\n        ],\n        maxpause=15m\n    )\n    ]\n)\n// We have a potential vulnerable application, running in the context of a privileged user\n| highParent=*\n// successful exploitation of a vuln web app does not produce a userlogon event but it should have at least 1 networkreceive\n| testLogin := if(successLogon, then=(loggedUser==lowPrivUser), else=true)\n| test(testLogin)\n| test(highPrivUser!=lowPrivUser)\n// Ensure chronology of events\n| testCron1 := if(successLogon, then=(minLogonTime\u003cminLowPrivTime) , else=true)\n| test(testCron1)\n| test(minConnTime\u003cminLowPrivTime)\n| test(minLowPrivTime\u003cminHighPrivTime)\n| testCron2 := if(successLogon, then=(minLogonTime\u003cminHighPrivTime) , else=true)\n| test(testCron2)\n| test(minConnTime\u003cminHighPrivTime)\n// Assume searching for a privesc attack takes more than 1min\n| formatDuration(_duration, precision=3, as=\"sessionDuration\")\n| sessionDurationMin := _duration/(1000*60)\n| sessionDurationMin\u003e1\n| drop([_duration, testCron1, testCron2,  @timestamp])\n",
      "search_window_start": "-70m",
      "search_window_end": "-10m",
      "schedule": "1h",
      "author": "CrowdStrike",
      "sigma_author": "",
      "category": "",
      "license": "",
      "tactic": "TA0004",
      "technique": "T1548",
      "mitre_attack": [
       {
        "tactic_id": "TA0004",
        "technique_id": "T1548"
       }
      ],
      "vendor": "CrowdStrike",
      "vendors": [
       "CrowdStrike"
      ],
      "product": "",
      "tags": "",
      "active": true,
      "source_url": "",
      "license_details": {
       "name": "",
       "url": ""
      },
      "outcome": "detection",
      "created_timestamp": "2024-03-05T00:00:00Z",
      "modified_timestamp": "0001-01-01T00:00:00Z"
     },
     {
      "id": "a4562ecb-d04d-403d-9f11-5d696e93daa3",
      "name": "Microsoft - M365 SharePoint - Downloaded Files Added to Removable Storage",
      "description": "This rule detects when files are downloaded from SharePoint and then added to a removable storage device, potentially to be exfiltrated offsite. This rule will detect both files downloaded and synchronised to the device, however it will exclude any files that come from a /personal/ directory to improve rule efficiency. This detection requires CrowdStrike Identity Protection to correlate between the account in use online, and the account in use on the device. \n",
      "origin": "CrowdStrike",
      "severity": 50,
      "recommended": true,
      "query": "// Identify all the events that have been downloaded from SharePoint.\n// FileSyncDownloadedFull = files that have been synchronized via the OneDrive File Sync.\ndefineTable(\n    name=\"downloaded_files\",\n    query={\n        #Vendor=\"microsoft\" #event.module=\"m365\" #event.dataset=\"m365.SharePoint\"\n        | event.provider=\"SharePointFileOperation\"\n        | event.action=\"FileDownloaded\" OR event.action=\"FileSyncDownloadedFull\"\n        | user.email!=\"app@sharepoint\"\n        | url.original!=/\\/personal\\// // Excluding personal OneDrive directories\n        \n        // Edit below to only look for specific file extensions\n        //| file.extension =~ in(values=[EXT1, EXT2])\n        \n        // Edit the regex capture group below to only look for downloads from specific SharePoint sites\n        // For example to only capture files downloaded from TestLab: /sites\\/(?\u003cfile.directory\u003eTestLab)\\//i\n        \n        | Vendor.SiteUrl=/sites\\/(?\u003cfile.directory\u003e[^\\/]+)\\//\n    }, include=[event.action, user.email, file.name, file.directory]\n)\n| defineTable(\n    name=\"user_match\",\n    query={\n        #repo=\"base_sensor\" #event_simpleName=\"SsoUserLogon\"\n        | SourceAccountAzureId=* SourceEndpointHostName=* event_platform=\"PubC\"\n        | match(table=\"downloaded_files\", field=\"SourceAccountUserName\", column=\"user.email\")\n    }, include=[SourceAccountUserName, SourceEndpointHostName]\n)\n| #repo=\"base_sensor\" #event_simpleName=\"*FileWritten\" IsOnRemovableDisk=1\n| DiskParentDeviceInstanceId=/usb/i\n| match(table=\"user_match\", field=\"ComputerName\", column=\"SourceEndpointHostName\")\n| match(table=\"downloaded_files\", field=\"FileName\", column=\"file.name\")\n// Use format to establish an Activity Summary to make it easier to understand where the file came from\n| format(\"%s : %s : %s\", field=[event.action, file.directory, FileName], as=\"activity_summary\") \n| groupBy([ComputerName, DiskParentDeviceInstanceId],\n    function=[\n        count(FileName, distinct=true),\n        collect([SourceAccountUserName, activity_summary, LocalIP, aip, aid])\n    ])\n\n// Edit the below line if you want to set a threshold for copies\n//| _count\u003e3\n",
      "search_window_start": "-80m",
      "search_window_end": "-20m",
      "schedule": "1h",
      "author": "CrowdStrike",
      "sigma_author": "",
      "category": "",
      "license": "",
      "tactic": "TA0010",
      "technique": "T1052.001",
      "mitre_attack": [
       {
        "tactic_id": "TA0010",
        "technique_id": "T1052.001"
       }
      ],
      "vendor": "Microsoft",
      "vendors": [
       "Microsoft",
       "CrowdStrike"
      ],
      "product": "",
      "tags": "",
      "active": true,
      "source_url": "",
      "license_details": {
       "name": "",
       "url": ""
      },
      "outcome": "detection",
      "created_timestamp": "2024-03-20T00:00:00Z",
      "modified_timestamp": "0001-01-01T00:00:00Z"
     },
     {
      "id": "6fbd2106-256c-46df-8e1b-5b7fcad16e3c",
      "name": "CrowdStrike - Identity \u0026 Endpoint - IDP Alert and EDR FileDetectInfo",
      "description": "This rule correlates Identity Protection (IDP) alerts specifically targeting suspicious LDAP search activities with file detection events originating on the same source endpoint (matched by source IP).  This will enrich the IDP alert by adding the file detection event(s).  This detection requires CrowdStrike Identity Protection to be enabled in your environment. Please reference the documentation for detailed configuration information.\n",
      "origin": "CrowdStrike",
      "severity": 70,
      "recommended": true,
      "query": "case {\n    #repo=\"xdr_indicatorsrepo\" #event.kind=\"alert\" #Vendor=\"crowdstrike\" #event.module=\"identity-protection\" Vendor.EventSourceName=/Suspicious LDAP search/i\n    | aid := Vendor.SourceEndpointSensorId\n    | _idp_alert_match := true;\n\n    #repo=\"base_sensor\" #event_simpleName=\"FileDetectInfo\" \n    | _file_detect_match := true;\n\n    #repo=\"base_sensor\" #event_simpleName=\"ProcessRollup2\" TreeId=*\n}\n| selfJoinFilter(\n    field=[aid], \n    prefilter=false, \n    where=[\n        { _idp_alert_match=\"true\" },\n        { _file_detect_match=\"true\" }\n    ]\n)\n| coalesce([source.user.id, UserSid], as=user.id)\n| coalesce([source.ip, LocalAddressIP4], as=source.ip)\n| groupBy(\n    [aid, source.ip], \n    function=collect([\n        _idp_alert_match, \n        _file_detect_match,\n        #Vendor, \n        #event.module,\n        ComputerName,\n        user.id,\n        source.user.name,\n        ImageFileName,\n        CommandLine,\n        TargetFileName\n    ])\n)\n| _idp_alert_match=\"true\" _file_detect_match=\"true\"\n| rename(field=\"ComputerName\", as=\"host.hostname\")\n| rename(field=\"ImageFileName\", as=\"process.executable\")\n| rename(field=\"CommandLine\", as=\"process.command_line\")\n| drop([_idp_alert_match, _file_detect_match])\n",
      "search_window_start": "-35m",
      "search_window_end": "-5m",
      "schedule": "15m",
      "author": "CrowdStrike",
      "sigma_author": "",
      "category": "",
      "license": "",
      "tactic": "TA0007",
      "technique": "T1087",
      "mitre_attack": [
       {
        "tactic_id": "TA0007",
        "technique_id": "T1087"
       }
      ],
      "vendor": "CrowdStrike",
      "vendors": [
       "CrowdStrike"
      ],
      "product": "",
      "tags": "",
      "active": true,
      "source_url": "",
      "license_details": {
       "name": "",
       "url": ""
      },
      "outcome": "detection",
      "created_timestamp": "2025-02-13T00:00:00Z",
      "modified_timestamp": "0001-01-01T00:00:00Z"
     },
     {
      "id": "14b6e67f-7e54-4063-954b-f9ae97c09166",
      "name": "CrowdStrike - Identity \u0026 Endpoint - PsExec on Domain Controller with Command Line Enrichment",
      "description": "This rule enriches Identity Protection (IDP) alerts for PsExec execution on Domain Controllers with actual command line details from endpoint ProcessRollup2 events.    \nThis correlation provides security teams with greater context about what commands were executed via PsExec, allowing for better severity assessment and faster triage.\nThe rule specifically looks for IDP \"DC PsExec execution\" alerts and correlates them with the actual PsExec process execution events from the endpoint, ensuring the process occurred at or before the alert was triggered.\nThis detection requires CrowdStrike Identity Protection to be enabled in your environment. Please reference the documentation for detailed configuration information.\n",
      "origin": "CrowdStrike",
      "severity": 50,
      "recommended": true,
      "query": "in(field=\"#repo\", values=[\"xdr_indicatorsrepo\", \"base_sensor\"])\n| case {\n    #repo=\"xdr_indicatorsrepo\" #event.kind=\"alert\" #Vendor=\"crowdstrike\" #event.module=\"identity-protection\" Vendor.EventSourceName=/dc psexec execution/i\n    | aid := Vendor.TargetEndpointSensorId\n    | regex(field=\"source.user.name\", regex=\"^(?\u003cuser.name\u003e[^@]+)\")\n    | user.name := lower(user.name)\n    | _idp_alert_time := @timestamp\n    | _idp_alert_psexec := \"true\";\n\n    #repo=\"base_sensor\" #event_simpleName=\"ProcessRollup2\" event_platform=\"Win\" ParentBaseFileName=/PsExec|PAExec/i\n    | user.name := lower(UserName)\n    | _psexec_time := @timestamp\n    | _psexec_proc := \"true\";\n}\n\n| selfJoinFilter(\n    field=[aid, user.name],\n    where=[\n        { _idp_alert_psexec=\"true\" },\n        { _psexec_proc=\"true\" }\n    ]\n)\n| coalesce([source.user.id, UserSid], as=user.id)\n| IDPAlertTimef := formatTime(\"%Y/%m/%d %H:%M:%S\", field=_idp_alert_time)\n| PsExecTimef := formatTime(\"%Y/%m/%d %H:%M:%S\", field=_psexec_time)\n| groupBy(\n    [aid, user.id],\n    function=[\n        collect([\n            #Vendor,\n            #event.module,\n            LocalAddressIP4,\n            ComputerName,\n            user.name,\n            ImageFileName,\n            ParentBaseFileName,\n            CommandLine,\n            PsExecTimef,\n            IDPAlertTimef,\n            Vendor.FalconHostLink,\n            _idp_alert_psexec,\n            _psexec_proc\n        ]),\n        min(_idp_alert_time, as=\"minIDPAlertTime\"),\n        min(_psexec_time, as=\"minPsExecTime\")\n    ]\n)\n| test(minPsExecTime \u003c= minIDPAlertTime)\n| _idp_alert_psexec=\"true\" _psexec_proc=\"true\"\n\n// Define FP cases here based on CommandLine patterns\n// | CommandLine !=//i\n\n| rename(field=\"ComputerName\", as=\"host.hostname\")\n| rename(field=\"ImageFileName\", as=\"process.executable\")\n| rename(field=\"CommandLine\", as=\"process.command_line\")\n| drop([_idp_alert_psexec, _psexec_proc])\n",
      "search_window_start": "-70m",
      "search_window_end": "-10m",
      "schedule": "1h",
      "author": "CrowdStrike",
      "sigma_author": "",
      "category": "",
      "license": "",
      "tactic": "TA0002",
      "technique": "T1569.002",
      "mitre_attack": [
       {
        "tactic_id": "TA0002",
        "technique_id": "T1569.002"
       }
      ],
      "vendor": "CrowdStrike",
      "vendors": [
       "CrowdStrike"
      ],
      "product": "",
      "tags": "",
      "active": true,
      "source_url": "",
      "license_details": {
       "name": "",
       "url": ""
      },
      "outcome": "detection",
      "created_timestamp": "2025-03-28T00:00:00Z",
      "modified_timestamp": "0001-01-01T00:00:00Z"
     },
     {
      "id": "b16804c1-9540-4b98-8ddd-412fa801245e",
      "name": "CrowdStrike - Identity \u0026 Endpoint - Potential Privilege Escalation Followed by SMB Share Access",
      "description": "Detects when a user who has triggered an IDP 'ActiveDirectoryAuditUserModified' event (which indicates potential privilege escalation attempts) subsequently accesses SMB shares. This pattern may indicate an adversary attempting lateral movement after successfully escalating privileges.\n\nThis rule requires CrowdStrike Identity Protection to be enabled in your environment. Please reference the documentation for detailed configuration information.\n",
      "origin": "CrowdStrike",
      "severity": 70,
      "recommended": true,
      "query": "// 1. Compute mapping of computer name to IP address\ndefineTable(\n  query={\n  #repo=\"base_sensor\" #event_simpleName=\"SensorHeartbeat\"\n  | LocalAddressIP4=*\n  | groupBy([LocalAddressIP4],\n      function=[\n          selectFromMax(\n              field=\"@timestamp\",\n              include=[aid, ComputerName, event_platform]\n          )\n          ],\n      limit=max\n      )\n  | lower(ComputerName, as=\"ComputerName\")\n  },\n  include=[LocalAddressIP4, ComputerName, event_platform, aid],\n  name=\"active_sensors\"\n)\n// 2. Get the triggered IDP event related to potential privesc\n| defineTable(\n  query={\n    #event_simpleName=\"ActiveDirectoryAuditUserModified\" product_idp=\"true\" event_platform=\"Win\"\n    | _attacker_host := SourceEndpointAddressIP4\n    | _susp_user := lower(PerformedOnAccountName)\n    | _dc_aid := aid\n    // enrich IDP detections with aid and ComputerName of the attacker host\n    | match(active_sensors, field=_attacker_host, column=LocalAddressIP4, include=[ComputerName, event_platform, aid])\n  },\n  include=[*],\n  name=\"idp_privesc_events\"\n)\n// 3. Correlate with SMB share access by the same user from the same endpoint\n| #repo=\"base_sensor\" #event_simpleName=\"SmbServerShareOpenedEtw\"\n| SmbShareName=/\\$/ LocalAddressIP4=* LocalAddressIP4!=/127.0.0.1/ RemoteAddressIP4=* RemoteAddressIP4!=/127.0.0.1/\n| _susp_user := lower(UserName)\n| _accessed_remote_share := format(\"\\\\\\\\%s\\\\%s\", field=[\"LocalAddressIP4\", \"SmbShareName\"])\n| _attacker_host := RemoteAddressIP4\n| _net_share_aid := aid\n| match(file=\"idp_privesc_events\", field=_attacker_host, column=_attacker_host)\n| match(file=\"idp_privesc_events\", field=_susp_user, column=_susp_user)\n// PerformedByAccountObjectName informs on the account used to provide supplementary privileges to _susp_user\n| groupBy([_attacker_host, aid, _susp_user],\n    function=[\n        collect([\n            ComputerName,\n            PerformedOnAccountDomain,\n            TargetDomainControllerHostName,\n            _dc_aid,\n            PerformedByAccountObjectName,\n            _accessed_remote_share,\n            _net_share_aid\n        ])\n    ]\n)\n",
      "search_window_start": "-70m",
      "search_window_end": "-10m",
      "schedule": "1h",
      "author": "CrowdStrike",
      "sigma_author": "",
      "category": "",
      "license": "",
      "tactic": "TA0008",
      "technique": "T1021.002",
      "mitre_attack": [
       {
        "tactic_id": "TA0008",
        "technique_id": "T1021.002"
       }
      ],
      "vendor": "CrowdStrike",
      "vendors": [
       "CrowdStrike"
      ],
      "product": "",
      "tags": "",
      "active": true,
      "source_url": "",
      "license_details": {
       "name": "",
       "url": ""
      },
      "outcome": "detection",
      "created_timestamp": "2025-03-11T00:00:00Z",
      "modified_timestamp": "0001-01-01T00:00:00Z"
     },
     {
      "id": "1d097cdd-37a6-4770-8c65-8bd50df5f4e7",
      "name": "CrowdStrike - Endpoint - Windows Hosts File Modification",
      "description": "This detection identifies modifications to the Windows hosts file (C:\\Windows\\System32\\drivers\\etc\\hosts), which could indicate DNS hijacking attempts or other malicious redirections. Attackers may modify this file to redirect legitimate domain requests to malicious IP addresses, enabling phishing attacks, credential theft, or command and control communication. Such modifications could also be used to block security updates or access to security vendor websites by redirecting their domains.\n",
      "origin": "CrowdStrike",
      "severity": 70,
      "recommended": true,
      "query": "#repo=\"base_sensor\" #event_simpleName=\"CommandHistory\"\n| event_platform=\"Win\"\n| case \n  {\n    // IPv4 pattern match\n    CommandHistory=/echo\\s+(?!127\\.0\\.0\\.1)((25[0-5]|2[0-4][0-9]|[01]?[0-9][0-9]?)\\.){3}(25[0-5]|2[0-4][0-9]|[01]?[0-9][0-9]?)\\s+((?:[a-zA-Z0-9](?:[a-zA-Z0-9-]{0,61}[a-zA-Z0-9])?\\.)+[a-zA-Z]{2,})\\s+[\u003e]{1,2}\\s+(C:\\\\Windows\\\\System32\\\\drivers\\\\etc\\\\)?(\\.\\\\)?hosts/i;\n    // IPv6 pattern match\n    CommandHistory=/echo\\s+(?!::1)((([0-9a-fA-F]{1,4}:){7}([0-9a-fA-F]{1,4}|:))|(([0-9a-fA-F]{1,4}:){6}(:[0-9a-fA-F]{1,4}|((25[0-5]|2[0-4]\\d|1\\d\\d|[1-9]?\\d)(\\.(25[0-5]|2[0-4]\\d|1\\d\\d|[1-9]?\\d)){3})|:))|(([0-9a-fA-F]{1,4}:){5}(((:[0-9a-fA-F]{1,4}){1,2})|:((25[0-5]|2[0-4]\\d|1\\d\\d|[1-9]?\\d)(\\.(25[0-5]|2[0-4]\\d|1\\d\\d|[1-9]?\\d)){3})|:))|(([0-9a-fA-F]{1,4}:){4}(((:[0-9a-fA-F]{1,4}){1,3})|((:[0-9a-fA-F]{1,4})?:((25[0-5]|2[0-4]\\d|1\\d\\d|[1-9]?\\d)(\\.(25[0-5]|2[0-4]\\d|1\\d\\d|[1-9]?\\d)){3}))|:))|(([0-9a-fA-F]{1,4}:){3}(((:[0-9a-fA-F]{1,4}){1,4})|((:[0-9a-fA-F]{1,4}){0,2}:((25[0-5]|2[0-4]\\d|1\\d\\d|[1-9]?\\d)(\\.(25[0-5]|2[0-4]\\d|1\\d\\d|[1-9]?\\d)){3}))|:))|(([0-9a-fA-F]{1,4}:){2}(((:[0-9a-fA-F]{1,4}){1,5})|((:[0-9a-fA-F]{1,4}){0,3}:((25[0-5]|2[0-4]\\d|1\\d\\d|[1-9]?\\d)(\\.(25[0-5]|2[0-4]\\d|1\\d\\d|[1-9]?\\d)){3}))|:))|(([0-9a-fA-F]{1,4}:){1}(((:[0-9a-fA-F]{1,4}){1,6})|((:[0-9a-fA-F]{1,4}){0,4}:((25[0-5]|2[0-4]\\d|1\\d\\d|[1-9]?\\d)(\\.(25[0-5]|2[0-4]\\d|1\\d\\d|[1-9]?\\d)){3}))|:))|:(((:[0-9a-fA-F]{1,4}){1,7})|((:[0-9a-fA-F]{1,4}){0,5}:((25[0-5]|2[0-4]\\d|1\\d\\d|[1-9]?\\d)(\\.(25[0-5]|2[0-4]\\d|1\\d\\d|[1-9]?\\d)){3}))|:))\\s+((?:[a-zA-Z0-9](?:[a-zA-Z0-9-]{0,61}[a-zA-Z0-9])?\\.)+[a-zA-Z]{2,})\\s+[\u003e]{1,2}\\s+(C:\\\\Windows\\\\System32\\\\drivers\\\\etc\\\\)?(\\.\\\\)?hosts/i;\n  }\n",
      "search_window_start": "-70m",
      "search_window_end": "-10m",
      "schedule": "1h",
      "author": "CrowdStrike",
      "sigma_author": "",
      "category": "",
      "license": "",
      "tactic": "TA0040",
      "technique": "T1565",
      "mitre_attack": [
       {
        "tactic_id": "TA0040",
        "technique_id": "T1565"
       }
      ],
      "vendor": "CrowdStrike",
      "vendors": [
       "CrowdStrike"
      ],
      "product": "",
      "tags": "",
      "active": true,
      "source_url": "",
      "license_details": {
       "name": "",
       "url": ""
      },
      "outcome": "detection",
      "created_timestamp": "2025-03-19T00:00:00Z",
      "modified_timestamp": "0001-01-01T00:00:00Z"
     },
     {
      "id": "d379886c-0c72-4542-8e3a-d03c9f99034f",
      "name": "CrowdStrike - Identity - Incoming LDAP Reconnaissance",
      "description": "This rule detects potential LDAP enumeration attempts by monitoring incoming LDAP search requests. It focuses on searches using wildcard patterns for common attributes like CN, DN, or distinguishedName. \nThe rule groups these requests by source IP and endpoint ID, analyzing them in 10-minute buckets. It triggers an alert if more than two distinct search keys are used within this timeframe, which may indicate automated enumeration or reconnaissance activities.\nThis recon activity has been observed by adversaries exploiting vulnerabilities like CVE-2025-0282, CVE-2025-0283.\n",
      "origin": "CrowdStrike",
      "severity": 50,
      "recommended": true,
      "query": "#repo=\"base_sensor\" #event_simpleName=\"ActiveDirectoryIncomingLdapSearchRequest\"\n| LdapSearchFilterShape=/(cn|dn|distinguishedname)=\\*/i\n| regex(field=LdapSearchFilterShape,regex=\"^\\\\((?\u003cldap_search_key\u003e.+?)=(?\u003cldap_search_value\u003e.+?)\\\\)$\")\n| ldap_search_value=/^\\*$/\n| ldap_search_key := lower(ldap_search_key)\n| LdapSearchFilterShape := lower(LdapSearchFilterShape)\n| ldap_search_key =~ in(values=[cn,dn,distinguishedname])\n// Exclude SourceEndpointAddressIP4 values as needed\n//| SourceEndpointAddressIP4 =~ !in(values=[1.2.3.4])\n| bucket_key:=format(format=\"%s-\u003e%s\",field=[SourceEndpointAddressIP4,aid])\n| bucket(field=bucket_key,span=10m, function=[collect([LdapSearchFilterShape,LdapSearchFilterSample,ldap_search_key]),count(field=ldap_search_key,distinct=true,as=total_keys)], limit=500)\n| total_keys\u003e=2 \n",
      "search_window_start": "-70m",
      "search_window_end": "-10m",
      "schedule": "1h",
      "author": "CrowdStrike",
      "sigma_author": "",
      "category": "",
      "license": "",
      "tactic": "TA0007",
      "technique": "T1087.002",
      "mitre_attack": [
       {
        "tactic_id": "TA0007",
        "technique_id": "T1087.002"
       }
      ],
      "vendor": "CrowdStrike",
      "vendors": [
       "CrowdStrike"
      ],
      "product": "",
      "tags": "",
      "active": true,
      "source_url": "",
      "license_details": {
       "name": "",
       "url": ""
      },
      "outcome": "detection",
      "created_timestamp": "2025-01-09T00:00:00Z",
      "modified_timestamp": "0001-01-01T00:00:00Z"
     },
     {
      "id": "e2eece87-53f4-48d6-ae26-1c8a61a09a28",
      "name": "CrowdStrike - Identity \u0026 Endpoint - Identity Protection Alert From Unmanaged Host",
      "description": "This rule detects CrowdStrike Identity Protection alerts originating from unmanaged hosts by comparing alert source IP addresses against known managed endpoint IPs. This rule requires Identity Protection to be enabled and properly configured.\n",
      "origin": "CrowdStrike",
      "severity": 70,
      "recommended": true,
      "query": "// Collect a table for all Active Sensors\ndefineTable(\n  query={\n    #repo=\"base_sensor\" #event_simpleName=\"SensorHeartbeat\"\n    | groupBy([ComputerName, LocalAddressIP4, aid], limit=max)\n  },\n  include=[LocalAddressIP4, ComputerName, aid], \n  name=\"active_sensors\"\n)\n// Filter for high and medium severity CrowdStrike Identity Protection alerts. Extend scope to additional severities as needed for broader coverage.\n| #repo=\"xdr_indicatorsrepo\" #Vendor=\"crowdstrike\" #event.module=\"identity-protection\"\n| Vendor.SeverityName=~in(values=[\"High\", \"Medium\"]) \n| source.ip=*\n| groupBy([\n    #Vendor,\n    #event.module,\n    source.ip,\n    Ngsiem.indicator.display_name,\n    source.user.domain,\n    source.user.id,\n    source.user.name,\n    \"threat.tactic.name[0]\",\n    \"threat.technique.name[0]\"\n])\n// Filter out Identity Protection alerts where source IP matches managed endpoints to identify attacks from unmanaged hosts\n| NOT match(file=\"active_sensors\", field=[source.ip], column=[LocalAddressIP4])\n",
      "search_window_start": "-70m",
      "search_window_end": "-10m",
      "schedule": "1h",
      "author": "CrowdStrike",
      "sigma_author": "",
      "category": "",
      "license": "",
      "tactic": "TA0006",
      "technique": "T1558.001",
      "mitre_attack": [
       {
        "tactic_id": "TA0006",
        "technique_id": "T1558.001"
       }
      ],
      "vendor": "CrowdStrike",
      "vendors": [
       "CrowdStrike"
      ],
      "product": "",
      "tags": "",
      "active": true,
      "source_url": "",
      "license_details": {
       "name": "",
       "url": ""
      },
      "outcome": "detection",
      "created_timestamp": "2025-03-21T00:00:00Z",
      "modified_timestamp": "0001-01-01T00:00:00Z"
     },
     {
      "id": "ede0c784-3eec-4046-896e-8bc7c06e8cf0",
      "name": "CrowdStrike - Identity \u0026 Endpoint - Potential Lateral Movement Post Kerberos Diamond Attack",
      "description": "This detection identifies cases where a Forged PAC Attack has occurred and observes lateral movement attempts via PowerShell to the system targeted in the Forged PAC Attack.\n",
      "origin": "CrowdStrike",
      "severity": 70,
      "recommended": true,
      "query": "case {\n    #repo=\"xdr_indicatorsrepo\" #event.kind=\"alert\" #Vendor=\"crowdstrike\" Vendor.EventSourceName=\"Forged PAC attackIDPEvent\"\n    | aid := Vendor.SourceEndpointSensorId\n    | _forged_pac_tstamp := @timestamp\n    | _idp_alert_match := \"true\";\n    #repo=\"base_sensor\" #event_simpleName=\"CommandHistory\" CommandHistory=/Enter-PSSession\\b.*?-Authentication\\s+Kerberos\\b/\n    | _lat_move_tstamp := @timestamp\n    | _lat_move_match := \"true\";\n}\n| coalesce([LocalAddressIP4, source.ip], as=source_ip)\n| selfJoinFilter(\n    field=[aid, source_ip],\n    where=[\n        {_idp_alert_match=\"true\"},\n        {_lat_move_match=\"true\"}\n    ]\n)\n| groupBy([aid, source_ip], function=collect([source.user.name, user.target.name, CommandHistory, _forged_pac_tstamp, _lat_move_tstamp]))\n| test(_forged_pac_tstamp \u003c _lat_move_tstamp)\n| drop([_forged_pac_tstamp, _lat_move_tstamp])\n",
      "search_window_start": "-70m",
      "search_window_end": "-10m",
      "schedule": "1h",
      "author": "CrowdStrike",
      "sigma_author": "",
      "category": "",
      "license": "",
      "tactic": "TA0006",
      "technique": "T1212",
      "mitre_attack": [
       {
        "tactic_id": "TA0006",
        "technique_id": "T1212"
       }
      ],
      "vendor": "CrowdStrike",
      "vendors": [
       "CrowdStrike"
      ],
      "product": "",
      "tags": "",
      "active": true,
      "source_url": "",
      "license_details": {
       "name": "",
       "url": ""
      },
      "outcome": "detection",
      "created_timestamp": "2025-04-03T00:00:00Z",
      "modified_timestamp": "0001-01-01T00:00:00Z"
     },
     {
      "id": "2c7dbb3b-9015-409d-9d99-f3262568d366",
      "name": "CrowdStrike - Endpoint - Portable Executable or Script Download via PowerShell from Remote Destination",
      "description": "Identifies portable executable (PE) or script files downloaded via PowerShell from remote destinations. This rule correlates process, network and file events from the Falcon sensor to detect such downloads, which are often used by adversaries to transfer tools or malware into compromised environments.\n",
      "origin": "CrowdStrike",
      "severity": 50,
      "recommended": true,
      "query": "#repo=\"base_sensor\" event_platform=\"Win\"\n| #event_simpleName =~ in(values=[\"NewExecutableWritten\", \"NewScriptWritten\", \"DnsRequest\", \"ProcessRollup2\"])\n| #event_simpleName match {\n    ProcessRollup2 =\u003e falcon_pid := TargetProcessId;\n    * =\u003e falcon_pid := ContextProcessId;    \n}\n| selfJoinFilter([aid, falcon_pid],\n    where=[\n        { #event_simpleName=\"ProcessRollup2\" UserSid!=\"S-1-5-18\" },\n        // Modify the rule to exclude additional trusted domain names specific to your environment.\n        { #event_simpleName=\"DnsRequest\" | DomainName =~ !in(values=[\"*.microsoft.com\", \"*.azureedge.net\", \"*.powershellgallery.com\", \"*.windowsupdate.com\", \"dist.nuget.org\", \"*.digicert.com\", \"packages.chocolatey.org\",\"flc-api.crowdstrike.com\"]) },\n        { #event_simpleName =~ in(values=[\"NewExecutableWritten\", \"NewScriptWritten\"]) | FileName!= \"__PSScriptPolicy*.ps1\" | ContextBaseFileName =~ in(values=[\"powershell.exe\", \"pwsh.exe\", \"powershell_ise.exe\"], ignoreCase=true) }\n    ], prefilter=true\n)\n| groupBy([aid, ComputerName, LocalIP, falcon_pid], \n    function=[\n        collect([TargetFileName, DomainName, UserName, CommandLine])\n    ]\n)\n| TargetFileName=* DomainName=* CommandLine=*\n",
      "search_window_start": "-70m",
      "search_window_end": "-10m",
      "schedule": "1h",
      "author": "CrowdStrike",
      "sigma_author": "",
      "category": "",
      "license": "",
      "tactic": "TA0011",
      "technique": "T1105",
      "mitre_attack": [
       {
        "tactic_id": "TA0011",
        "technique_id": "T1105"
       }
      ],
      "vendor": "CrowdStrike",
      "vendors": [
       "CrowdStrike"
      ],
      "product": "",
      "tags": "",
      "active": true,
      "source_url": "",
      "license_details": {
       "name": "",
       "url": ""
      },
      "outcome": "detection",
      "created_timestamp": "2024-09-11T00:00:00Z",
      "modified_timestamp": "0001-01-01T00:00:00Z"
     },
     {
      "id": "63803c0a-54f7-4e6a-b811-c3518d760353",
      "name": "CrowdStrike - Identity - ESX Admins Group Created",
      "description": "An attacker can create an Active Directory group named \"ESX Admins\" to gain privileged access to ESXi infrastructure, by exploiting vulnerabilities such as CVE-2024-37085.\n",
      "origin": "CrowdStrike",
      "severity": 70,
      "recommended": true,
      "query": "| #repo=\"base_sensor\" #event_simpleName=\"ActiveDirectoryAuditGroupModified\"\n| PerformedOnAccountName=/^ESX\\sAdmins$/i ActiveDirectoryAuditActionType=0\n",
      "search_window_start": "-70m",
      "search_window_end": "-10m",
      "schedule": "1h",
      "author": "CrowdStrike",
      "sigma_author": "",
      "category": "",
      "license": "",
      "tactic": "TA0004",
      "technique": "T1068",
      "mitre_attack": [
       {
        "tactic_id": "TA0004",
        "technique_id": "T1068"
       }
      ],
      "vendor": "CrowdStrike",
      "vendors": [
       "CrowdStrike"
      ],
      "product": "",
      "tags": "",
      "active": true,
      "source_url": "",
      "license_details": {
       "name": "",
       "url": ""
      },
      "outcome": "detection",
      "created_timestamp": "2024-08-13T00:00:00Z",
      "modified_timestamp": "0001-01-01T00:00:00Z"
     },
     {
      "id": "7ef8d3bb-cfef-41c2-8fd4-44cc531411a7",
      "name": "CrowdStrike - Identity - User Added to ESX Admins Group",
      "description": "An attacker can add a new user to an Active Directory group named \"ESX Admins\" to gain privileged access to ESXi infrastructure through the CVE-2024-37085 vulnerability. \n",
      "origin": "CrowdStrike",
      "severity": 70,
      "recommended": true,
      "query": "| #repo=\"base_sensor\" #event_simpleName=\"ActiveDirectoryAuditGroupMemberModified\"\n| PerformedOnAccountName=/^ESX\\sAdmins$/i ActiveDirectoryAuditActionType=4\n",
      "search_window_start": "-70m",
      "search_window_end": "-10m",
      "schedule": "1h",
      "author": "CrowdStrike",
      "sigma_author": "",
      "category": "",
      "license": "",
      "tactic": "TA0004",
      "technique": "T1068",
      "mitre_attack": [
       {
        "tactic_id": "TA0004",
        "technique_id": "T1068"
       }
      ],
      "vendor": "CrowdStrike",
      "vendors": [
       "CrowdStrike"
      ],
      "product": "",
      "tags": "",
      "active": true,
      "source_url": "",
      "license_details": {
       "name": "",
       "url": ""
      },
      "outcome": "detection",
      "created_timestamp": "2024-08-13T00:00:00Z",
      "modified_timestamp": "0001-01-01T00:00:00Z"
     },
     {
      "id": "e3f9eeb2-1ffc-4292-a4c9-4485e299a6f9",
      "name": "CrowdStrike - Endpoint - Remote Access KVM Hardware Connected",
      "description": "This rule identifies specific brands of consumer-grade KVM (keyboard, video and mouse) devices being connected to an endpoint. This activity could be used as a means to establish persistence on a device, while also evading detection because the device can be remotely controlled without needing to run a process or establish connectivity to a C2.\n",
      "origin": "CrowdStrike",
      "severity": 70,
      "recommended": true,
      "query": "#repo=\"base_sensor\"\n| #event_simpleName =~ in(values=[\"DcUsbDeviceConnected\", \"DcUsbDeviceBlocked\", \"DcUsbConfigurationDescriptor\"])\n| event_platform =~ in(values=[\"Mac\", \"Win\"])\n| DeviceInstanceId=/6b65796d696d6570690|tinypilot|pikvm|CAFEBAB/i OR ConfigurationDescriptorName=/Config [0-9]: PiKVM device|PiKVM|TinyPilot/i\n",
      "search_window_start": "-70m",
      "search_window_end": "-10m",
      "schedule": "1h",
      "author": "CrowdStrike",
      "sigma_author": "",
      "category": "",
      "license": "",
      "tactic": "TA0001",
      "technique": "T1200",
      "mitre_attack": [
       {
        "tactic_id": "TA0001",
        "technique_id": "T1200"
       }
      ],
      "vendor": "CrowdStrike",
      "vendors": [
       "CrowdStrike"
      ],
      "product": "",
      "tags": "",
      "active": true,
      "source_url": "",
      "license_details": {
       "name": "",
       "url": ""
      },
      "outcome": "detection",
      "created_timestamp": "2024-11-08T00:00:00Z",
      "modified_timestamp": "0001-01-01T00:00:00Z"
     },
     {
      "id": "b24b2e5b-f8c6-4d5c-819f-22c3f4907607",
      "name": "CrowdStrike - Endpoint - Exploitation of Veeam Backup \u0026 Replication Vulnerability CVE-2024-40711",
      "description": "Identifies possible exploitation of CVE-2024-40711, a critical-severity vulnerability in Veeam Backup \u0026 Replication software that can allow unauthenticated remote code execution (RCE). \n",
      "origin": "CrowdStrike",
      "severity": 70,
      "recommended": true,
      "query": "#repo=\"base_sensor\" #event_simpleName=/ProcessRollup/i event_platform=\"Win\"\n| ParentBaseFileName=\"Veeam.Backup.MountService.exe\" OR GrandParentBaseFileName=\"Veeam.Backup.MountService.exe\"\n| case {\n    FileName =~ in(values=[\"bash.exe\", \"cmd.exe\", \"powershell.exe\", \"pwsh.exe\"], ignoreCase=true); //Command shells\n    FileName =~ in(values=[\"at.exe\", \"reg.exe\", \"sc.exe\", \"schtasks.exe\", \"wmic.exe\", \"wevtutil.exe\"], ignoreCase=true); //System management, scheduled tasks, and file system interaction\n    FileName =~ in(values=[\"hh.exe\", \"msiexec.exe\", \"mshta.exe\", \"rundll32.exe\", \"regsvr32.exe\"], ignoreCase=true); //Living-off-the-land binary (LOLBin) capable to execute code passed via command line or from remote locations\n    FileName =~ in(values=[\"wscript.exe\", \"cscript.exe\"], ignoreCase=true); //Scripting engines\n    FileName =~ in(values=[\"netsh.exe\", \"nslookup.exe\", \"net.exe\", \"net1.exe\", \"ping.exe\", \"pktmon.exe\"], ignoreCase=true); //Network tools\n    FileName =~ in(values=[\"bitsadmin.exe\", \"certutil.exe\", \"curl.exe\", \"ftp.exe\", \"msedge_proxy.exe\", \"wget.exe\"], ignoreCase=true); //File transfer utilities\n    FileName =~ in(values=[\"dsquery.exe\", \"hostname.exe\", \"ipconfig.exe\", \"netstat.exe\", \"nltest.exe\", \"query.exe\", \"quser.exe\", \"systeminfo.exe\", \"tasklist.exe\", \"whoami.exe\"], ignoreCase=true); //Recon \u0026 information gathering\n}\n",
      "search_window_start": "-70m",
      "search_window_end": "-10m",
      "schedule": "1h",
      "author": "CrowdStrike",
      "sigma_author": "",
      "category": "",
      "license": "",
      "tactic": "TA0001",
      "technique": "T1190",
      "mitre_attack": [
       {
        "tactic_id": "TA0001",
        "technique_id": "T1190"
       }
      ],
      "vendor": "CrowdStrike",
      "vendors": [
       "CrowdStrike"
      ],
      "product": "",
      "tags": "",
      "active": true,
      "source_url": "",
      "license_details": {
       "name": "",
       "url": ""
      },
      "outcome": "detection",
      "created_timestamp": "2024-11-19T00:00:00Z",
      "modified_timestamp": "2024-11-20T00:00:00Z"
     },
     {
      "id": "ed7a13c9-f582-4fed-ba35-089f76cf1005",
      "name": "CrowdStrike - Endpoint - WinRM Used to Remotely Drop PE File and Create Windows Service",
      "description": "This rule detects the usage of Windows Remote Management (WinRM) to remotely drop a PE file and create a Windows service, which may be indicative of persistence activity. The detection provides details such as the IP address from which the WinRM activity originated, the path of the dropped PE file, and details about the Windows service created. Adversaries may use WinRM via the winrm command or programs such as PowerShell to execute code remotely.\n",
      "origin": "CrowdStrike",
      "severity": 50,
      "recommended": true,
      "query": "#repo=\"base_sensor\" event_platform=\"Win\"\n| case {\n    #event_simpleName=\"UserLogon\" RemoteIP=* \n        | falcon_pid := ContextProcessId;\n    #event_simpleName=\"PeFileWritten\" ContextBaseFileName=\"wsmprovhost.exe\" \n        | falcon_pid := ContextProcessId;\n    #event_simpleName=\"CreateService\"\n        | falcon_pid := RpcClientProcessId;\n}\n| selfJoinFilter([aid, falcon_pid],\n  where=[\n    { #event_simpleName=\"UserLogon\" RemoteIP=* },\n    { #event_simpleName=\"PeFileWritten\" ContextBaseFileName=\"wsmprovhost.exe\" },\n    { #event_simpleName=\"CreateService\" }\n  ], prefilter=true\n)\n// The following line selects the fields that are useful for detection triage - uncomment when reviewing trigger events.\n// | table([@timestamp, aid, ComputerName, #event_simpleName, UserName, LocalIP, RemoteIP, ContextBaseFileName, TargetFileName, ServiceImagePath, ServiceDisplayName, ServiceObjectName, SHA256HashData])\n",
      "search_window_start": "-70m",
      "search_window_end": "-10m",
      "schedule": "1h",
      "author": "CrowdStrike",
      "sigma_author": "",
      "category": "",
      "license": "",
      "tactic": "TA0008",
      "technique": "T1021.006",
      "mitre_attack": [
       {
        "tactic_id": "TA0008",
        "technique_id": "T1021.006"
       }
      ],
      "vendor": "CrowdStrike",
      "vendors": [
       "CrowdStrike"
      ],
      "product": "",
      "tags": "",
      "active": true,
      "source_url": "",
      "license_details": {
       "name": "",
       "url": ""
      },
      "outcome": "detection",
      "created_timestamp": "2024-11-28T00:00:00Z",
      "modified_timestamp": "0001-01-01T00:00:00Z"
     },
     {
      "id": "ede3b988-3f82-4b06-b562-86f2c5ca1eaf",
      "name": "CrowdStrike - Endpoint - WinRM Used to Remotely Drop PE File and Update ASEP Entry",
      "description": "This rule detects the usage of Windows Remote Management (WinRM) to remotely drop a PE file and update an AutoStart Extension Point (ASEP) entry, which may be indicative of persistence activity. The detection provides details such as the IP address from which the WinRM activity originated, the path of the dropped PE file, and details about the ASEP entry. Adversaries may use WinRM via the winrm command or programs such as PowerShell to execute code remotely.\n",
      "origin": "CrowdStrike",
      "severity": 50,
      "recommended": true,
      "query": "#repo=\"base_sensor\" event_platform=\"Win\"\n| case {\n    #event_simpleName=\"UserLogon\" RemoteIP=*;\n    #event_simpleName=\"PeFileWritten\" ContextBaseFileName=\"wsmprovhost.exe\";\n    #event_simpleName=\"AsepValueUpdate\";\n}\n| selfJoinFilter([aid, ContextProcessId],\n  where=[\n    { #event_simpleName=\"UserLogon\" RemoteIP=* },\n    { #event_simpleName=\"PeFileWritten\" ContextBaseFileName=\"wsmprovhost.exe\" },\n    { #event_simpleName=\"AsepValueUpdate\" }\n  ], prefilter=true\n)\n| match(file=\"falcon/investigate/AsepClass.csv\", field=AsepClass, include=AsepClassName, strict=false)\n| match(file=\"falcon/investigate/AsepValue.csv\", field=AsepValueType, include=AsepValueName, strict=false)\n// The following line selects the fields that are useful for detection triage - uncomment when reviewing trigger events.\n// | table([@timestamp, aid, ComputerName, #event_simpleName, UserName, LocalIP, RemoteIP, ContextBaseFileName, TargetFileName, AsepClassName, AsepValueName, RegObjectName, RegValueName, RegStringValue, SHA256HashData])\n",
      "search_window_start": "-70m",
      "search_window_end": "-10m",
      "schedule": "1h",
      "author": "CrowdStrike",
      "sigma_author": "",
      "category": "",
      "license": "",
      "tactic": "TA0008",
      "technique": "T1021.006",
      "mitre_attack": [
       {
        "tactic_id": "TA0008",
        "technique_id": "T1021.006"
       }
      ],
      "vendor": "CrowdStrike",
      "vendors": [
       "CrowdStrike"
      ],
      "product": "",
      "tags": "",
      "active": true,
      "source_url": "",
      "license_details": {
       "name": "",
       "url": ""
      },
      "outcome": "detection",
      "created_timestamp": "2024-11-28T00:00:00Z",
      "modified_timestamp": "0001-01-01T00:00:00Z"
     },
     {
      "id": "085afdcd-1f70-4e0d-9cfc-f737a4867d0b",
      "name": "CrowdStrike - Endpoint - Obfuscated PowerShell Executed Under Java Process",
      "description": "Identifies possible post-exploitation activity where a Java process (javaw.exe) is observed spawning cmd.exe which in-turn starts powershell with potentially obfuscated commands.\nActivity matching this rule should be reviewed to assess if the process in question is internet-facing. Often javaw is used to host websites and other services more susceptible to exploitation.\n",
      "origin": "CrowdStrike",
      "severity": 70,
      "recommended": true,
      "query": "#repo=\"base_sensor\" #event_simpleName=\"ProcessRollup2\" event_platform=\"Win\"\nParentBaseFileName=\"javaw.exe\" FileName=\"cmd.exe\" CommandLine=\"*/c*powershell*\" CommandLine=/[a-zA-Z0-9]{40}/i\n",
      "search_window_start": "-70m",
      "search_window_end": "-10m",
      "schedule": "1h",
      "author": "CrowdStrike",
      "sigma_author": "",
      "category": "",
      "license": "",
      "tactic": "TA0002",
      "technique": "T1059.001",
      "mitre_attack": [
       {
        "tactic_id": "TA0002",
        "technique_id": "T1059.001"
       }
      ],
      "vendor": "CrowdStrike",
      "vendors": [
       "CrowdStrike"
      ],
      "product": "",
      "tags": "",
      "active": true,
      "source_url": "",
      "license_details": {
       "name": "",
       "url": ""
      },
      "outcome": "detection",
      "created_timestamp": "2024-12-09T00:00:00Z",
      "modified_timestamp": "0001-01-01T00:00:00Z"
     }
    ]
   }