{
    "meta": {
        "query_time": 0.038119971,
        "powered_by": "svc-cscrrulestemplates",
        "trace_id": "ab56ed10db7e5ef31f641999c2a65f2d"
    },
    "errors": [],
    "resources": [
        {
            "id": "28c0ea1f-fce9-432b-9e7e-afbceb12e27b",
            "name": "CrowdStrike - Endpoint - Exploitation of CUPS Vulnerability CVE-2024-47177",
            "description": "Identifies possible exploitation attempts of CVE-2024-47177, a critical-severity vulnerability affecting the Common UNIX Printing System (CUPS) may allow attackers to conduct remote code execution on vulnerable hosts.\n",
            "origin": "CrowdStrike",
            "severity": 70,
            "recommended": true,
            "query": "#repo=\"base_sensor\" #event_simpleName=\"ProcessRollup2\" \n| event_platform=\"Lin\" ParentBaseFileName=\"foomatic-rip\" \n| NOT (CommandLine=/\\/tmp\\/foomatic\\-/ OR CommandLine=/\\-sDEVICE=/ OR CommandLine=/printf/ OR CommandLine=/foo2*\\-wrapper/ OR CommandLine=/sicgsfilter/ OR CommandLine=/\\/usr\\/lib\\/cups\\/filter\\/ps2pgl/ OR CommandLine=/\\-c\\scat$/)\n| observedTimestamp := formatTime(\"%Y/%m/%d %H:%M:%S\", field=@timestamp)\n| groupBy([LocalIP],\n        function=[\n            collect([UserName, CommandLine, observedTimestamp]) \n        ]\n)\n",
            "search_window_start": "-70m",
            "search_window_end": "-10m",
            "schedule": "1h",
            "author": "CrowdStrike",
            "sigma_author": "",
            "category": "",
            "license": "",
            "tactic": "TA0002",
            "technique": "T1204.001",
            "mitre_attack": [
                {
                    "tactic_id": "TA0002",
                    "technique_id": "T1204.001"
                }
            ],
            "vendor": "CrowdStrike",
            "vendors": [
                "CrowdStrike"
            ],
            "product": "",
            "tags": "",
            "active": true,
            "source_url": "",
            "license_details": {
                "name": "",
                "url": ""
            },
            "outcome": "detection",
            "created_timestamp": "2024-11-21T00:00:00Z",
            "modified_timestamp": "0001-01-01T00:00:00Z"
        },
        {
            "id": "63f5e574-c1c5-4474-ba90-9eb7cbec7e17",
            "name": "CrowdStrike - Endpoint - Suspicious Masqueraded Executable Dropped by Office Apps",
            "description": "Identifies potential phishing attacks where users are tricked into opening malicious Microsoft Office documents, that write suspicious executables with disguised file formats, to unusual locations. \n",
            "origin": "CrowdStrike",
            "severity": 50,
            "recommended": true,
            "query": "#repo=\"base_sensor\" event_platform=\"Win\"\n// PeFileWritten events with HASH_IS_VALID, containing executable code,\n| #event_simpleName=\"PeFileWritten\" FileWrittenFlags=0 FileCategory=6 ModuleCharacteristics!=0\n// File is written by Office Suite apps\n| ContextImageFileName=/(\\\\(Program\\ Files|Program\\ Files\\ \\(x86\\))\\\\Microsoft\\ Office)\\\\/\n// Unusual directories and unusual file extensions for a PE file\n| TargetFileName=/(?!\\\\(Windows\\\\System32|Windows\\\\SysWOW64|Program\\ Files|Program\\ Files\\ \\(x86\\)|AppData\\\\Local\\\\Microsoft|ProgramData\\\\Microsoft|AppData\\\\Local\\\\Temp\\\\.net\\\\Cloudflare WARP|AppData\\\\Local\\\\Google)\\\\)(?!.*\\.(exe|dll)$)/i\n| formatTime(\"%Y/%m/%d %H:%M:%S\", field=timestamp, as=\"_timestamp\")\n| peWritten := format(\"%s\\n\\t└\u003e wrote %s\", field=[ContextBaseFileName, TargetFileName])\n| groupBy([aid, LocalIP, UserName],\n    function=[\n        collect([peWritten, ContextImageFileName, TargetFileName, _timestamp])\n    ]\n)\n",
            "search_window_start": "-70m",
            "search_window_end": "-10m",
            "schedule": "1h",
            "author": "CrowdStrike",
            "sigma_author": "",
            "category": "",
            "license": "",
            "tactic": "TA0002",
            "technique": "T1204",
            "mitre_attack": [
                {
                    "tactic_id": "TA0002",
                    "technique_id": "T1204"
                }
            ],
            "vendor": "CrowdStrike",
            "vendors": [
                "CrowdStrike"
            ],
            "product": "",
            "tags": "",
            "active": true,
            "source_url": "",
            "license_details": {
                "name": "",
                "url": ""
            },
            "outcome": "detection",
            "created_timestamp": "2024-11-11T00:00:00Z",
            "modified_timestamp": "0001-01-01T00:00:00Z"
        },
        {
            "id": "9f6191c0-82b5-420b-a207-8a505726bb53",
            "name": "CrowdStrike - Endpoint - Suspicious Module First Time Loaded on Host",
            "description": "Identifies when a non-Microsoft DLL with an unusual extension is loaded for the first time on the host, from an unusual directory.\n",
            "origin": "CrowdStrike",
            "severity": 50,
            "recommended": true,
            "query": "#repo=\"base_sensor\" event_platform=\"Win\"\n| #event_simpleName=\"ClassifiedModuleLoad\"\n// Tune exclusion list based on the environment. i.e. one common path that has hits is \\AppData\\Local\\Programs\n| NOT ImageFileName=/(\\\\(Windows\\\\System32|Windows\\\\Installer|Windows\\\\SystemApps|Windows\\\\CCM|Windows\\\\SysWOW64|Program\\ Files|Program\\ Files\\ \\(x86\\)|AppData\\\\Local\\\\Microsoft|ProgramData\\\\Microsoft|AppData\\\\Local\\\\Temp\\\\.net\\\\Cloudflare WARP|AppData\\\\Local\\\\Google)\\\\)|(\\.(exe|dll)$)/i\n// Tune exclusion list based on the environment. i.e. one common path that has hits is SysWOW64\\\\msiexec.exe System32\\\\msiexec.exe due to C# assembly loads during software install/uninstall\n| NOT TargetImageFileName=/(System$|\\\\Program\\ Files|\\\\Program\\ Files\\ \\(x86\\)|\\\\SysWOW64\\\\msiexec\\.exe|\\\\System32\\\\msiexec\\.exe)/i\n// Filter out duplication cases where the loader is the same as the loadee.\n| test(ImageFileName != TargetImageFileName)\n// Extract flags from bitfield\n| bitfield:extractFlags(\nfield=ModuleLoadTelemetryClassification,\noutput=[\n    [0, CLASS_FIRST_LOAD],                  // This is the first time this module has been loaded into a process on the host.\n    [1, CLASS_RUNDLL32_TARGET],             // This module is the target of a rundll32.exe invocation.\n    [2, CLASS_DETECT_TREE],                 // The module was loaded into a process that is in an active detect tree.\n    [3, CLASS_MAPPED_FROM_KERNEL_MODE],     // The module was loaded into kernel mode address space.\n    [4, CLASS_UNUSUAL_EXTENSION],           // The module has an unexpected, unusual or rare extension.\n    [5, CLASS_MOTW],                        // The module has the Mark of the Web zone identifier.\n    [8, CLASS_ORIGINAL_FILENAME_MISMATCH],  // Module's ImageFileName doesn't match OriginalFileName.\n    [9, CLASS_REMOVABLE_MEDIA],             // The module was loaded from removable media (ISO/IMG).\n    [10, CLASS_DATA_EXTENSION]              // The module has a data type file extension.          \n])\n| (\n    CLASS_RUNDLL32_TARGET=true OR\n    CLASS_DETECT_TREE=true OR\n    CLASS_DATA_EXTENSION=true OR\n    CLASS_UNUSUAL_EXTENSION=true OR\n    CLASS_MAPPED_FROM_KERNEL_MODE=true OR\n    CLASS_MOTW=true OR\n    CLASS_ORIGINAL_FILENAME_MISMATCH=true OR\n    CLASS_REMOVABLE_MEDIA=true\n)\n\n// ClassifiedModuleLoad might be clouded without SignInfoFlags, if this data cannot be collected fast enough by the sensor. \n// For this reason, applying a filter on SignInfoFlags might result in blind spots in the case when a malicious module loads for the first time, but the event is clouded without signature data\n| bitfield:extractFlags(field=SignInfoFlags,\n    output=[\n        [0,  SIGNATURE_FLAG_SELF_SIGNED],       // The image had a self-signed certificate.\n        [1,  SIGNATURE_FLAG_MS_SIGNED],         // The image is signed by Microsoft.\n        [9,  SIGNATURE_FLAG_NO_SIGNATURE],      // The image had no signature.\n        [14, SIGNATURE_FLAG_FAILED_CERT_CHECK], // The image had an embedded certificate, but it did not validate.\n        [15, SIGNATURE_FLAG_NO_EMBEDDED_CERT],  // The image didn't have an embedded certificate.\n        [19, SIGNATURE_FLAG_EMBEDDED_SIGNED],   // The image is signed with an embedded certificate\n        [28, SIGNATURE_FLAG_CERT_EXPIRED],      // The signing certificate is expired.\n        [29, SIGNATURE_FLAG_CERT_REVOKED]       // The signing certificate was revoked.\n    ]\n)\n// since SignInfoFlags field might not be present in the event, we cannot enforce both condition\n| case {\n    SignInfoFlags=* | CLASS_FIRST_LOAD=true SIGNATURE_FLAG_MS_SIGNED=false;\n    * | CLASS_FIRST_LOAD=true;\n}\n\n| moduleClassification := format(\"RUNDLL32_TARGET:\\t\\t\\t%s\\nHAS_DETECT_TREE:\\t\\t\\t%s\\nHAS_DATA_EXT:\\t\\t\\t\\t%s\\nHAS_UNUSUAL_EXT:\\t\\t\\t%s\\nIS_MAPPED_FROM_KERN:\\t\\t%s\\nIS_MOTW:\\t\\t\\t\\t\\t%s\\nMISMATCH_WITH_ORIG_FNAME:\\t%s\\nLOADED_FROM_REMVB_MEDIA:\\t%s\", \n    field=[CLASS_RUNDLL32_TARGET, CLASS_DETECT_TREE, CLASS_DATA_EXTENSION, CLASS_UNUSUAL_EXTENSION, CLASS_MAPPED_FROM_KERNEL_MODE, CLASS_MOTW, CLASS_ORIGINAL_FILENAME_MISMATCH, CLASS_REMOVABLE_MEDIA]\n)\n| SignData := if(regex(\".*\", field=SignInfoFlags), \n        then=format(\"SELF_SIGNED:\\t\\t%s\\nMICROSOFT_SIGNED:\\t%s\\nNO_SIGNATURE:\\t\\t%s\\nFAILED_CERT_CHECK:\\t%s\\nNO_EMBEDDED_CERT:\\t%s\\nEMBEDDED_SIGNED:\\t%s\\nCERT_EXPIRED:\\t\\t%s\\nCERT_REVOKED:\\t\\t%s\", \n            field=[SIGNATURE_FLAG_SELF_SIGNED, SIGNATURE_FLAG_MS_SIGNED, SIGNATURE_FLAG_NO_SIGNATURE, SIGNATURE_FLAG_FAILED_CERT_CHECK, SIGNATURE_FLAG_NO_EMBEDDED_CERT, SIGNATURE_FLAG_EMBEDDED_SIGNED, SIGNATURE_FLAG_CERT_EXPIRED, SIGNATURE_FLAG_CERT_REVOKED]),\n        else=\"Signature data does not exist.\"\n)\n| loadTree := if(regex(\".*\", field=TargetImageFileName), then=format(\"%s\\n\\t└\u003e loads %s\\n\\n* Module Classification:\\n%s\\n\\n* Signature Data:\\n%s\\n\\n\", field=[TargetImageFileName, ImageFileName, moduleClassification, SignData]), else=\"\")\n| eventTime := formatTime(\"%Y-%m-%dT %H:%M:%S\", field=@timestamp, locale=en_US)\n// use the following grouping for alert triage\n// | groupBy([ComputerName, aid, ImageFileName],\n//     function=[\n//         collect([TargetImageFileName, loadTree, eventTime])\n//     ]\n// )\n",
            "search_window_start": "-70m",
            "search_window_end": "-10m",
            "schedule": "1h",
            "author": "CrowdStrike",
            "sigma_author": "",
            "category": "",
            "license": "",
            "tactic": "TA0002",
            "technique": "T1129",
            "mitre_attack": [
                {
                    "tactic_id": "TA0002",
                    "technique_id": "T1129"
                }
            ],
            "vendor": "CrowdStrike",
            "vendors": [
                "CrowdStrike"
            ],
            "product": "",
            "tags": "",
            "active": true,
            "source_url": "",
            "license_details": {
                "name": "",
                "url": ""
            },
            "outcome": "detection",
            "created_timestamp": "2024-11-20T00:00:00Z",
            "modified_timestamp": "0001-01-01T00:00:00Z"
        },
        {
            "id": "378f2773-b16d-4e73-92e0-4ac60e90d4fa",
            "name": "CrowdStrike - Endpoint - Potential Network Sweep via SMB Port Scanning",
            "description": "Identifies potential network sweep activity via SMB port scanning. It is common for attackers and penetration testers to scan a target network for open SMB ports looking for folders and drives shared on remote systems. This discovery may be a precursor for data collection, lateral movement or ransomware activity that is looking to encrypt files on SMB network shares.\nThis rule uses a threshold logic to identify connection attempts on SMB related ports from one source host to multiple destination hosts. Monitor and tune the rule based on the alerts it generates and your environment's specific characteristics.\n",
            "origin": "CrowdStrike",
            "severity": 50,
            "recommended": true,
            "query": "#repo=\"base_sensor\"\n| #event_simpleName=\"NetworkConnectIP4\"\n// Baseline your environment and exclude legitimate applications such as network discovery and antivirus/EDR tools or backup software scanning for available shares.\n// | ContextBaseFileName =~ NOT in(values=[\"REPLACE\"])\n| LocalIP =~ cidr(subnet=[\"10.0.0.0/8\", \"172.16.0.0/12\", \"192.168.0.0/16\"])\n| RemoteIP =~ cidr(subnet=[\"10.0.0.0/8\", \"172.16.0.0/12\", \"192.168.0.0/16\"])\n| RemotePort =~ in(values=[135, 137, 138, 139, 445])\n| groupBy([aid, event_platform, ComputerName, LocalIP, ContextBaseFileName, ContextProcessId], \n    function=[\n        remote_ip_count := count(RemoteIP, distinct=true),\n        collect(RemotePort)\n    ],\n    limit=max\n)\n// Adjust the threshold based on your environment's normal behavior\n| remote_ip_count\u003e100\n",
            "search_window_start": "-70m",
            "search_window_end": "-10m",
            "schedule": "1h",
            "author": "CrowdStrike",
            "sigma_author": "",
            "category": "",
            "license": "",
            "tactic": "TA0008",
            "technique": "T1021.002",
            "mitre_attack": [
                {
                    "tactic_id": "TA0008",
                    "technique_id": "T1021.002"
                }
            ],
            "vendor": "CrowdStrike",
            "vendors": [
                "CrowdStrike"
            ],
            "product": "",
            "tags": "",
            "active": true,
            "source_url": "",
            "license_details": {
                "name": "",
                "url": ""
            },
            "outcome": "detection",
            "created_timestamp": "2024-12-17T00:00:00Z",
            "modified_timestamp": "0001-01-01T00:00:00Z"
        },
        {
            "id": "916ee18b-88dd-41ef-b663-7468d6eaf295",
            "name": "CrowdStrike - Endpoint - Suspicious Linux Commands Sequence",
            "description": "This rule detects a user who has executed a cluster of Linux Living Off The Land Binaries (LOLBins) within a short time period. This may indicate suspicious activity from a threat actor who tries to avoid detection by using various built-in Linux binaries for malicious purposes. To reduce the likelihood of false positives, it is recommended to baseline your environment and exclude known legitimate behavior before enabling this rule. Be mindful that this rule is computationally expensive, so its effectiveness and performance depend on proper customization to your specific environment.\nIf you consider increasing the look-back time window (default is 3 hours) of the 'defineTable()' function used for baselining process command lines in the environment, it is recommended to test the query before enabling the rule, to evaluate its performance and identify legitimate command line patterns and parent process names to exclude.\n",
            "origin": "CrowdStrike",
            "severity": 30,
            "recommended": true,
            "query": "/* \n    The subquery from defineTable() performs a historical search to build a baseline for [UserName, ParentBaseFileName, CommandLine] combinations. \n    The premise is that if a certain combination is observed on more than 20 hosts over the past 3 hours, it is more likely to be generated by expected and legitimate automations and thus is safe to exclude.\n*/ \ndefineTable(\n    name=\"common_cmdlines_for_the_environment\",\n    start=3h,\n    query={\n        #repo=\"base_sensor\" #event_simpleName=\"ProcessRollup2\" event_platform=\"Lin\"\n        // Add exclusions for parent process name based on the observed baseline. Things to exclude could be security tools or vulnerability scanners (e.g., Nessus)\n        // | ParentBaseFileName =~ NOT in(values=[\"REPLACE\"])\n        | case {\n            CommandLine=/base64\\s+(?:-d|--decode)/ ;\n            CommandLine=/ufw\\s+(?:disable|reset)/ ;\n            CommandLine=/firewall-cmd\\s/ ;\n            CommandLine=/iptables\\s/ ;\n            CommandLine=/systemctl\\s+(?:stop|disable|mask)/ ;\n            CommandLine=/[^a-z\\._\\-=]service\\s+\\w+\\s+stop/ ;\n            CommandLine=/(:?curl|wget)\\s.*https?:\\/\\/.+\\s*\\|\\s*(?:[a-z]{0,2})?sh[^\\w]/ ;\n            ( CommandLine=/(:?curl|wget)\\s.*https?:\\/\\/(?:[0-9]{1,3}\\.){3}[0-9]{1,3}\\// NOT CommandLine=\"*http://169.254.169.254*\" NOT CommandLine=\"*http://127.0.0.1*\" ) ;\n            CommandLine=/[^a-z\\.\\-](:?nc|ncat|netcat)\\s/ ;\n            CommandLine=/[^\\.\\-]strace\\s/ ;\n            CommandLine=/[^\\.\\-]strings\\s/ ;\n            CommandLine=/[^\\.]ssh\\s.*\\-R\\s+\\d+[:.]/ ;\n            CommandLine=/socat\\s.*(?:EXEC|OPEN):/ ;\n            CommandLine=/insmod\\s.*(?:modules|\\.ko)/ ;\n            CommandLine=/find\\s.*(?:passwd|password)/ ;\n            CommandLine=/sed\\s+-i.*(?:[0-9]{1,3}\\.){3}[0-9]{1,3}/ ;\n            CommandLine=/whoami\\s/ ;\n            CommandLine=/[^a-z:](?:netstat|ss)\\s/ ;\n            CommandLine=/touch\\s.*-r\\s/ ;\n            CommandLine=/echo\\s.*base64\\s/ ;\n            CommandLine=/(\\/bin\\/)?[^a-z\\-(lib\\/)]gcc\\s.*-o\\s/ ;\n            CommandLine=/[^a-z\\-)]ip\\s/ ;\n            CommandLine=/[^a-z\\-_]route\\s/ ;\n            CommandLine=/[^a-z](?:cat|less|more|vi|vim|nano)\\s.*[^a-z)](?:passwd|shadow|ssh)/ ;\n            CommandLine=/(?:scp|rsync)\\s.*\\s+(?:(?:[0-9]{1,3}\\.){3}[0-9]{1,3}|passwd|shadow|\\/dev\\/shm|\\/tmp)/ ;\n            CommandLine=/[^a-z]nmap\\s/ ;\n            CommandLine=/[^a-z\\-]utmpdump\\s/ ;\n            CommandLine=/[^a-z]arp\\s/ ;\n            CommandLine=/chmod\\s.*(?:\\+[xXst]+|[ug]\\+s|[0-7]?(?:000|666|755|777|4[0-7]{3}|2[0-7]{3}|6[0-7]{3}|1[0-7]{3})\\s|--reference=?)/ ;\n            CommandLine=/virsh\\s/ ;\n            CommandLine=/smbclient\\s/ ;\n            CommandLine=/chattr\\s.*\\s[\\-\\+]i/ ;\n            CommandLine=/chown\\s+(root|0)(:root|:0)?\\s/ ;\n            CommandLine=/(?:crontab\\s+-e|echo.*\\|\\s*crontab\\s+-)/ ; // Adding new cron jobs\n            CommandLine=/(?:vim|nano|echo.*\u003e\u003e)\\s+\\/etc\\/cron(?:tab|\\.d\\/)/ ; // Modifying system-wide cron files\n            CommandLine=/(?:(?:\\*\\s+){5}|@reboot)\\s.*\\s(?:\\/tmp|\\/dev\\/shm|curl|wget|nc|bash -i)/ ; // Unusual cron scheduling patterns\n            CommandLine=/[^a-z\\-\\.]cron.*[^a-z\\-_\\/](?:base64|eval|decode)/ ; // Use of encoded or obfuscated commands\n            CommandLine=/(?:crontab\\s+-u\\s+root|^root.*cron)/ // Cron jobs running as root or other privileged users\n        }\n        | default(value=\"empty\", field=ParentBaseFileName)\n        | groupBy([UserName, ParentBaseFileName, CommandLine], function=count(field=aid, distinct=true, as=total_aids), limit=max)\n        | total_aids\u003e20\n    },\n    include=[*]\n)\n// Base query\n| #repo=\"base_sensor\" #event_simpleName=\"ProcessRollup2\" event_platform=\"Lin\"\n// Add exclusions for parent process name based on the observed baseline. Things to exclude could be security tools or vulnerability scanners (e.g., Nessus)\n// | ParentBaseFileName =~ NOT in(values=[\"REPLACE\"])\n| case {\n    CommandLine=/base64\\s+(?:-d|--decode)/ ;\n    CommandLine=/ufw\\s+(?:disable|reset)/ ;\n    CommandLine=/firewall-cmd\\s/ ;\n    CommandLine=/iptables\\s/ ;\n    CommandLine=/systemctl\\s+(?:stop|disable|mask)/ ;\n    CommandLine=/[^a-z\\._\\-=]service\\s+\\w+\\s+stop/ ;\n    CommandLine=/(:?curl|wget)\\s.*https?:\\/\\/.+\\s*\\|\\s*(?:[a-z]{0,2})?sh[^\\w]/ ;\n    ( CommandLine=/(:?curl|wget)\\s.*https?:\\/\\/(?:[0-9]{1,3}\\.){3}[0-9]{1,3}\\// NOT CommandLine=\"*http://169.254.169.254*\" NOT CommandLine=\"*http://127.0.0.1*\" ) ;\n    CommandLine=/[^a-z\\.\\-](:?nc|ncat|netcat)\\s/ ;\n    CommandLine=/[^\\.\\-]strace\\s/ ;\n    CommandLine=/[^\\.\\-]strings\\s/ ;\n    CommandLine=/[^\\.]ssh\\s.*\\-R\\s+\\d+[:.]/ ;\n    CommandLine=/socat\\s.*(?:EXEC|OPEN):/ ;\n    CommandLine=/insmod\\s.*(?:modules|\\.ko)/ ;\n    CommandLine=/find\\s.*(?:passwd|password)/ ;\n    CommandLine=/sed\\s+-i.*(?:[0-9]{1,3}\\.){3}[0-9]{1,3}/ ;\n    CommandLine=/whoami\\s/ ;\n    CommandLine=/[^a-z:](?:netstat|ss)\\s/ ;\n    CommandLine=/touch\\s.*-r\\s/ ;\n    CommandLine=/echo\\s.*base64\\s/ ;\n    CommandLine=/(\\/bin\\/)?[^a-z\\-(lib\\/)]gcc\\s.*-o\\s/ ;\n    CommandLine=/[^a-z\\-)]ip\\s/ ;\n    CommandLine=/[^a-z\\-_]route\\s/ ;\n    CommandLine=/[^a-z](?:cat|less|more|vi|vim|nano)\\s.*[^a-z)](?:passwd|shadow|ssh)/ ;\n    CommandLine=/(?:scp|rsync)\\s.*\\s+(?:(?:[0-9]{1,3}\\.){3}[0-9]{1,3}|passwd|shadow|\\/dev\\/shm|\\/tmp)/ ;\n    CommandLine=/[^a-z]nmap\\s/ ;\n    CommandLine=/[^a-z\\-]utmpdump\\s/ ;\n    CommandLine=/[^a-z]arp\\s/ ;\n    CommandLine=/chmod\\s.*(?:\\+[xXst]+|[ug]\\+s|[0-7]?(?:000|666|755|777|4[0-7]{3}|2[0-7]{3}|6[0-7]{3}|1[0-7]{3})\\s|--reference=?)/ ;\n    CommandLine=/virsh\\s/ ;\n    CommandLine=/smbclient\\s/ ;\n    CommandLine=/chattr\\s.*\\s[\\-\\+]i/ ;\n    CommandLine=/chown\\s+(root|0)(:root|:0)?\\s/ ;\n    CommandLine=/(?:crontab\\s+-e|echo.*\\|\\s*crontab\\s+-)/ ; // Adding new cron jobs\n    CommandLine=/(?:vim|nano|echo.*\u003e\u003e)\\s+\\/etc\\/cron(?:tab|\\.d\\/)/ ; // Modifying system-wide cron files\n    CommandLine=/(?:(?:\\*\\s+){5}|@reboot)\\s.*\\s(?:\\/tmp|\\/dev\\/shm|curl|wget|nc|bash -i)/ ; // Unusual cron scheduling patterns\n    CommandLine=/[^a-z\\-\\.]cron.*[^a-z\\-_\\/](?:base64|eval|decode)/ ; // Use of encoded or obfuscated commands\n    CommandLine=/(?:crontab\\s+-u\\s+root|^root.*cron)/ // Cron jobs running as root or other privileged users\n}\n| default(value=\"empty\", field=ParentBaseFileName)\n// Exclude [UserName, ParentBaseFileName, CommandLine] combinations that are common for the environment (identified by the defineTable() subquery)\n| NOT match(file=\"common_cmdlines_for_the_environment\", field=[UserName, ParentBaseFileName, CommandLine])\n// Add command line exclusions for common legitimate patterns not identified by the defineTable() subquery. This is necessary to handle command lines that include dynamic or varying elements, such as timestamps, random strings, or incrementing numbers.\n// | NOT (\n//     CommandLine=/REPLACE/ OR\n//     CommandLine=/REPLACE/\n// )\n| exec_time := formatTime(\"%Y/%m/%d %H:%M:%S\")\n| sample_cmdlines := format(\"%s \u003e %s\", field=[exec_time, CommandLine])\n| groupBy([aid, ComputerName, UserName, LocalIP, ParentBaseFileName], \n    function=[\n        distinct_binaries := count(field=\"FileName\", distinct=true),\n        // Collecting values for binary path and command line, limiting to 100 distinct values. When reviewing events in NG-SIEM Advanced Event Search, consider increasing the value for the 'limit' parameter to see the entire dataset\n        collect([ImageFileName, sample_cmdlines], limit=100)\n    ],\n    limit=max\n)\n// Adjust threshold based on the environment\n| distinct_binaries\u003e5\n",
            "search_window_start": "-20m",
            "search_window_end": "-10m",
            "schedule": "10m",
            "author": "CrowdStrike",
            "sigma_author": "",
            "category": "",
            "license": "",
            "tactic": "",
            "technique": "",
            "mitre_attack": [],
            "vendor": "CrowdStrike",
            "vendors": [
                "CrowdStrike"
            ],
            "product": "",
            "tags": "",
            "active": true,
            "source_url": "",
            "license_details": {
                "name": "",
                "url": ""
            },
            "outcome": "detection",
            "created_timestamp": "2024-12-17T00:00:00Z",
            "modified_timestamp": "0001-01-01T00:00:00Z"
        },
        {
            "id": "98c0626c-679a-4547-86ad-41ce411e55fe",
            "name": "CrowdStrike - Endpoint - Download via PowerShell from Suspicious IP Address",
            "description": "This rule identifies a PowerShell process downloading data from a suspicious IP address by using a lookup in CrowdStrike's database of IOCs. The rule considers IOCs with a confidence level of 'unverified' or higher. Note that the confidence level threshold can be adjusted as necessary. For more information about the ioc:lookup() function, see https://library.humio.com/data-analysis/functions-ioc-lookup.html.\n",
            "origin": "CrowdStrike",
            "severity": 30,
            "recommended": true,
            "query": "#repo=\"base_sensor\" #event_simpleName=\"ProcessRollup2\"\n| FileName =~ in(values=[\"powershell.exe\", \"pwsh.exe\", \"pwsh\", \"powershell_ise.exe\"])\n| CommandLine=/(?:DownloadFile|New-Object|Invoke|Start-BitsTransfer|Net\\.WebClient|iwr|irm|wget|curl)/i\n| CommandLine=/\\/\\/(?\u003cip_address\u003e\\d{1,3}\\.\\d{1,3}\\.\\d{1,3}\\.\\d{1,3})[:\\/]/\n| NOT cidr(ip_address, subnet=[\"169.254.0.0/16\", \"127.0.0.0/8\", \"10.0.0.0/8\", \"172.16.0.0/12\", \"192.168.0.0/16\"])\n| ioc:lookup(ip_address, type=\"ip_address\", confidenceThreshold=\"unverified\", strict=\"true\")\n",
            "search_window_start": "-70m",
            "search_window_end": "-10m",
            "schedule": "1h",
            "author": "CrowdStrike",
            "sigma_author": "",
            "category": "",
            "license": "",
            "tactic": "TA0002",
            "technique": "T1059.001",
            "mitre_attack": [
                {
                    "tactic_id": "TA0002",
                    "technique_id": "T1059.001"
                }
            ],
            "vendor": "CrowdStrike",
            "vendors": [
                "CrowdStrike"
            ],
            "product": "",
            "tags": "",
            "active": true,
            "source_url": "",
            "license_details": {
                "name": "",
                "url": ""
            },
            "outcome": "detection",
            "created_timestamp": "2024-09-05T00:00:00Z",
            "modified_timestamp": "2025-01-13T00:00:00Z"
        },
        {
            "id": "615fbee2-a430-44c8-9ae4-a37d7fed2749",
            "name": "CrowdStrike - Endpoint - Suspected WMIExec Abuse",
            "description": "This rule detects multiple sub-processes under WmiPrvSE writing to the same file. This behaviour is commonly associated with Impackets WMIExec, a tool that enables threat actors to move laterally and execute commands on remote systems. This detection should complement sensor detections and show a sequence of behaviour that is likely indicative of an interactive shell. It is recommended that the time period for this search be \u003e3h to detect slow but persistent actors.\n\nFalse Positives can occur for legitimate system activity, however duration greater than 1s (delta between FileTimeStamp and @timestamp) likely identifies interactive sessions. Additionally, due to the function of LogScale's distinct count there is a small likelihood for false positives. See: https://library.humio.com/data-analysis/functions-count.html#functions-count-accuracy\n",
            "origin": "CrowdStrike",
            "severity": 70,
            "recommended": true,
            "query": "#repo=\"base_sensor\" #event_simpleName=\"WmiCreateProcess\"\n| FileName=\"cmd.exe\"\n| regex(\"^cmd.exe /Q /c (?\u003cwmic_command\u003e.*) 1\u003e(?\u003credirect_file\u003e.+?__(?\u003c_file.timestamp\u003e\\d+\\.\\d+))\\\\s\", field=\"CommandLine\", flags=\"i\")\n| CommandLine =~ !in(values=[\"*/Q /c cd  1\u003e*\",\"*/Q /c cd \\\\ 1\u003e*\",\"*/Q /c netstat -anop TCP*\"])\n| _time := formatTime(\"%Q\")\n| _time.file := parseTimestamp(field=_file.timestamp, format=UnixTimeSeconds)\n| _time.delta := _time - _time.file\n| test(_time.delta\u003e1000)\n// We need to modify the _time format twice so that the above time delta calculation works properly\n| _time := formatTime(\"%Y/%m/%d %H:%M:%S\", field=_time)\n| wmi_activity := format(format=\"[%s] %s\", field=[_time, wmic_command])\n| groupBy([aid, redirect_file, LocalAddressIP4, RemoteAddressIP4], function=[\n  collect(wmi_activity),\n  count(field=wmic_command, as=total_commands, distinct=true),\n  count(field=TargetProcessId, as=total_pids, distinct=true)\n  ], limit=max)\n| total_commands\u003e1 total_pids\u003e1\n",
            "search_window_start": "-4h",
            "search_window_end": "-30m",
            "schedule": "1h",
            "author": "CrowdStrike",
            "sigma_author": "",
            "category": "",
            "license": "",
            "tactic": "TA0002",
            "technique": "T1047",
            "mitre_attack": [
                {
                    "tactic_id": "TA0002",
                    "technique_id": "T1047"
                }
            ],
            "vendor": "CrowdStrike",
            "vendors": [
                "CrowdStrike"
            ],
            "product": "",
            "tags": "",
            "active": true,
            "source_url": "",
            "license_details": {
                "name": "",
                "url": ""
            },
            "outcome": "detection",
            "created_timestamp": "2025-01-09T00:00:00Z",
            "modified_timestamp": "2025-01-09T00:00:00Z"
        },
        {
            "id": "6e2a5b80-831a-4e27-a710-3e241e1935c7",
            "name": "CrowdStrike - Endpoint - Newly Observed Scheduled Task",
            "description": "This rule detects potentially malicious scheduled task creation or modification by identifying newly observed tasks that execute code through common Windows utilities (reg.exe, powershell.exe, cmd.exe), script files (.bat, .ps1, .py) or executable files (.exe) that haven't been seen in the past 30 days. The rule specifically focuses on detecting adversaries who leverage Windows Task Scheduler for persistence, privilege escalation, or remote code execution - a technique commonly used in attacks. The risk associated with this activity includes attackers establishing persistence, maintaining access across system restarts, and executing malicious code with elevated privileges while appearing as legitimate scheduled maintenance tasks.\n",
            "origin": "CrowdStrike",
            "severity": 50,
            "recommended": true,
            "query": "defineTable(\nname=\"scheduled_tasks\",\nstart=30d,\nend=2h,\nquery={\n#repo=\"base_sensor\" #event_simpleName=\"ScheduledTaskRegistered\" OR #event_simpleName=\"ScheduledTaskModified\"\n| event_platform=\"Win\" \n| TaskExecCommand=/(?:^|\\\\)(?:[a-z]:\\\\[^\\\\]+\\\\)?(?:reg|powershell|python|cmd|[^\\s]+(?:\\.bat|\\.cmd|\\.exe|\\.ps1|\\.dll|\\.py))(?:\\s|$)/i\n| groupBy([TaskExecCommand, TaskExecArguments])\n},\ninclude=[*]\n)\n// Base query\n| #repo=\"base_sensor\" #event_simpleName=\"ScheduledTaskRegistered\" OR #event_simpleName=\"ScheduledTaskModified\"\n| event_platform=\"Win\" \n| TaskExecCommand=/(?:^|\\\\)(?:[a-z]:\\\\[^\\\\]+\\\\)?(?:reg|powershell|python|cmd|[^\\s]+(?:\\.bat|\\.cmd|\\.exe|\\.ps1|\\.dll|\\.py))(?:\\s|$)/i\n// Add TaskExecCommand exclusions for legitimate tasks that are unique. This is necessary if tasks run out of a user directory or contain a unique value.  A regex pattern should be used that matches the command without matching the unique value.\n// | NOT (\n//     TaskExecCommand=/REPLACE/ OR\n//     TaskExecCommand=/REPLACE/ \n// )\n| !match(file=\"scheduled_tasks\", field=[TaskExecCommand, TaskExecArguments])\n| groupBy([aid, ComputerName, aip, LocalAddressIP4, UserName], function=collect([TaskName, TaskAuthor, TaskExecCommand, TaskExecArguments]))\n",
            "search_window_start": "-70m",
            "search_window_end": "-10m",
            "schedule": "1h",
            "author": "CrowdStrike",
            "sigma_author": "",
            "category": "",
            "license": "",
            "tactic": "TA0002",
            "technique": "T1053",
            "mitre_attack": [
                {
                    "tactic_id": "TA0002",
                    "technique_id": "T1053"
                }
            ],
            "vendor": "CrowdStrike",
            "vendors": [
                "CrowdStrike"
            ],
            "product": "",
            "tags": "",
            "active": true,
            "source_url": "",
            "license_details": {
                "name": "",
                "url": ""
            },
            "outcome": "detection",
            "created_timestamp": "2025-01-27T00:00:00Z",
            "modified_timestamp": "0001-01-01T00:00:00Z"
        },
        {
            "id": "c1c66edd-3b36-4e4d-a9a2-685b16822737",
            "name": "CrowdStrike - Identity - Suspicious Active Directory Activity followed by SMB Authentication",
            "description": "This rule correlates CrowdStrike Identity Protection alerts related to credential scanning or suspicious LDAP searches with subsequent SMB authentication events for the same user. This pattern may indicate an adversary performing searching for valid credentials followed by attempts to leverage them for lateral movement.\n\nThis rule requires CrowdStrike Identity Protection to be enabled in your environment. Please reference the documentation for detailed configuration information.\n",
            "origin": "CrowdStrike",
            "severity": 70,
            "recommended": true,
            "query": "#repo=\"base_sensor\" OR #repo=\"xdr_indicatorsrepo\"\n| case {\n    #event.kind=\"alert\" #Vendor=\"crowdstrike\" #event.module=\"identity-protection\" threat.indicator.name=/(credential\\ scanning|suspicious\\ ldap\\ search|suspicious\\ protocol\\ implementation)/i\n    | _susp_user := source.user.name\n    | _user_spray := \"true\";\n\n    #event_simpleName=\"UserLogon\"\n    // SMB logon\n    | LogonType=3 AuthenticationPackage=\"NTLM\"\n    | RemoteAddressIP4=* LocalAddressIP4=*\n    | _susp_user := UserName\n    | _conn := format(\"[SMB] %s -\u003e %s\", field=[RemoteAddressIP4, LocalAddressIP4])\n    | _user_logon := \"true\";\n}\n| _susp_user_norm := lower(_susp_user)\n| _susp_user_norm := splitString(field=_susp_user_norm, by=@, index=0)\n| selfJoinFilter(field=[_susp_user_norm],\n    where=[\n        { _user_spray=\"true\" },\n        { _user_logon=\"true\" }\n    ]\n)\n| groupBy([_susp_user_norm],\n    function=[\n        collect([\n            #Vendor,\n            #event.module,\n            event.category[0],\n            threat.indicator.name,\n            _conn,\n            user.target.name,\n            source.domain,\n            destination.domain,\n            Vendor.FalconHostLink\n        ])\n    ]\n)\n",
            "search_window_start": "-20m",
            "search_window_end": "-5m",
            "schedule": "15m",
            "author": "CrowdStrike",
            "sigma_author": "",
            "category": "",
            "license": "",
            "tactic": "TA0006",
            "technique": "T1110",
            "mitre_attack": [
                {
                    "tactic_id": "TA0006",
                    "technique_id": "T1110"
                }
            ],
            "vendor": "CrowdStrike",
            "vendors": [
                "CrowdStrike"
            ],
            "product": "",
            "tags": "",
            "active": true,
            "source_url": "",
            "license_details": {
                "name": "",
                "url": ""
            },
            "outcome": "detection",
            "created_timestamp": "2024-02-06T00:00:00Z",
            "modified_timestamp": "0001-01-01T00:00:00Z"
        },
        {
            "id": "2b6d8f3a-2fe3-11ef-b9d1-b2a0e0bf5316",
            "name": "CrowdStrike - Identity - Identity Protection Policy Access Rule Match from Suspicious IP Address",
            "description": "This rule identifies when the source IP address of an Identity Protection policy access rule match is flagged as suspicious by CrowdStrike's threat intelligence feed. This could indicate that a threat actor is attempting to access protected resources from known malicious infrastructure.\n\nThis rule requires CrowdStrike Identity Protection to be enabled in your environment. Please reference the documentation for detailed configuration information.\n",
            "origin": "CrowdStrike",
            "severity": 50,
            "recommended": true,
            "query": "#repo=\"base_sensor\" #event_simpleName=\"IdpPolicyAccessRuleMatch\" SourceEndpointAddressIP4=*\n| NOT cidr(SourceEndpointAddressIP4, subnet=[\"10.0.0.0/8\", \"172.16.0.0/12\", \"192.168.0.0/16\"])\n\n// [TUNABLE] 'confidenceThreshold' : can be tuned with unverified, low, medium or high\n| ioc:lookup(field=SourceEndpointAddressIP4, type=\"ip_address\", confidenceThreshold=\"low\", strict=\"true\")\n| bitfield:extractFlags(field=IdpPolicyRuleAction,\n    output=[\n        [1,  POLICY_ACTION_ALLOW],\n        [2,  POLICY_ACTION_BLOCK],\n        [4,  POLICY_ACTION_MFA],\n        [8,  POLICY_ACTION_RESET_PWS],\n        [20, POLICY_ACTION_APPLY_SSO]\n    ]\n)\n| case {\n    POLICY_ACTION_ALLOW=\"true\" | _rule_action := \"ALLOW\";\n    POLICY_ACTION_BLOCK=\"true\" | _rule_action := \"BLOCK\";\n    POLICY_ACTION_MFA=\"true\" | _rule_action := \"MFA\";\n    POLICY_ACTION_RESET_PWS=\"true\" | _rule_action := \"RESET_PWS\";\n    POLICY_ACTION_APPLY_SSO=\"true\" | _rule_action := \"APPLY_SSO\";\n}\n// [TUNABLE] _rule_action: can be tuned to focus only on ALLOW, meaning that the operation controlled by the policy proceeded\n// | _rule_action = \"ALLOW\"\n\n| case {\n    SourceAccountType=0 | _src_account_type := \"USER\";\n    SourceAccountType=1 | _src_account_type := \"COMPUTER\";\n    SourceAccountType=2 | _src_account_type := \"GROUP\";\n    SourceAccountType=3 | _src_account_type := \"CLOUD_SERVICE\";\n}\n| case {\n    TargetAccountType=0 | _target_account_type := \"USER\";\n    TargetAccountType=1 | _target_account_type := \"COMPUTER\";\n    TargetAccountType=2 | _target_account_type := \"GROUP\";\n    TargetAccountType=3 | _target_account_type := \"CLOUD_SERVICE\";\n}\n| case {\n    TargetServiceAccessClassification=1 | _target_service_classification := \"LDAP\";\n    TargetServiceAccessClassification=2 | _target_service_classification := \"WEB\";\n    TargetServiceAccessClassification=3 | _target_service_classification := \"FILE_SHARE\";\n    TargetServiceAccessClassification=4 | _target_service_classification := \"DB\";\n    TargetServiceAccessClassification=5 | _target_service_classification := \"RPCSS\";\n    TargetServiceAccessClassification=6 | _target_service_classification := \"REMOTE_DESKTOP\";\n    TargetServiceAccessClassification=7 | _target_service_classification := \"SCCM\";\n    TargetServiceAccessClassification=8 | _target_service_classification := \"SIP\";\n    TargetServiceAccessClassification=9 | _target_service_classification := \"DNS\";\n    TargetServiceAccessClassification=10 | _target_service_classification := \"MAIL\";\n    TargetServiceAccessClassification=11 | _target_service_classification := \"COMPUTER_ACCESS\";\n    TargetServiceAccessClassification=12 | _target_service_classification := \"SERVICE_ACCOUNT\";\n    TargetServiceAccessClassification=13 | _target_service_classification := \"UNKNOWN\";\n}\n| _policy_and_action := format(\"%s : %s\", field=[IdpPolicyRuleName, _rule_action])\n| groupBy([SourceEndpointAddressIP4, ioc[0].labels, ioc[0].malicious_confidence], function=[\n        collect([_policy_and_action, SourceAccountUserName, _src_account_type, SourceEndpointHostName, _target_account_type, _target_service_classification]),\n        count(IdpPolicyRuleName, as=\"_policy_hits\")\n    ]\n)\n// [TUNABLE] _policy_hits: can be tuned to trigger the rule only if a minimum treshold of policy hits were observed\n// | _policy_hits \u003e 10\n",
            "search_window_start": "-70m",
            "search_window_end": "-10m",
            "schedule": "1h",
            "author": "CrowdStrike",
            "sigma_author": "",
            "category": "",
            "license": "",
            "tactic": "",
            "technique": "",
            "mitre_attack": [],
            "vendor": "CrowdStrike",
            "vendors": [
                "CrowdStrike"
            ],
            "product": "",
            "tags": "",
            "active": true,
            "source_url": "",
            "license_details": {
                "name": "",
                "url": ""
            },
            "outcome": "detection",
            "created_timestamp": "2025-04-04T00:00:00Z",
            "modified_timestamp": "0001-01-01T00:00:00Z"
        },
        {
            "id": "277b098f-6f5a-4c45-abae-e83fb7c44999",
            "name": "CrowdStrike - Identity - Credential Scanning with Lateral Movement",
            "description": "This rule correlates three distinct identity protection detections occurring in sequence from the same source. The rule requires all three stages to occur within the specified time window: (1) Suspicious LDAP searches or credential scanning activities; (2) Unusual service access attempts to endpoints; (3) Subsequent lateral movement between systems.\n\nThis indicates an adversary conducting an attack sequence: (1) Initial reconnaissance through LDAP queries or credential scanning to identify valid accounts; (2) Systematic probing of discovered credentials against multiple endpoints to identify systems where access is possible; (3) Active lateral movement between successfully compromised systems to expand their foothold.\n\nThe rule is configured by default with a 15-minute run interval and looks back 20 minutes, with a 5-minute buffer for event processing. This rule requires CrowdStrike Identity Protection to be enabled in your environment. Please reference the documentation for detailed configuration information.\n",
            "origin": "CrowdStrike",
            "severity": 70,
            "recommended": true,
            "query": "#repo=\"xdr_indicatorsrepo\" #event.kind=\"alert\" #Vendor=\"crowdstrike\" #event.module=\"identity-protection\"\n| case {\n    // Credential Scanning Detection\n    Vendor.EventSourceName=/(Credential\\ Scanning)|(Suspicious\\ LDAP\\ search)/i\n        | credScan := \"true\"\n        | credScanStart := parseTimestamp(field=process.start)\n        | credScanActivity := format(\"[%s]\\tScan initiated on host: %s (%s)\", field=[process.start, source.ip, source.domain])\n        | credScanEnd := process.end;\n    \n    // Unusual Service Access caused by scanning for systems where the pair of creds have access\n    Vendor.EventSourceName=/Unusual\\ service\\ access\\ to\\ an\\ endpoint/i\n        | svcAccess := \"true\"\n        | svcAccessStart := parseTimestamp(field=process.start)\n        | svcAccessEnd := process.end\n        | format(\"%s\", field=[Vendor.FalconHostLink], as=detectionLink)\n        | svcAccessActivity := format(\"[%s]\\tUser: %s scanned host %s\", field=[process.start, source.user.name, destination.domain]);\n    \n    // Suspicious Lateral Movement caused by creating an active connection to a system where the pair of creds have access \n    Vendor.EventSourceName=/Suspicious\\ lateral\\ movement/i\n        | latMove := \"true\"\n        | latMoveStart := parseTimestamp(field=process.start)\n        | latMoveEnd := process.end\n        | latMoveActivity := format(\"[%s]\\tUser: %s connected to host %s\", field=[process.start, source.user.name, destination.domain]);\n}\n| selfJoinFilter(field=[Vendor.SourceEndpointSensorId, source.ip],\n    where=[\n        { credScan=\"true\" },\n        { svcAccess=\"true\" },\n        { latMove=\"true\" }\n    ]\n)\n\n| groupBy([Vendor.SourceEndpointSensorId, source.ip],\n    function=[\n        collect([\n            #Vendor,\n            #event.module,\n            event.category[0],\n            Vendor.SourceEndpointSensorId,\n            credScanActivity,\n            svcAccessActivity,\n            latMoveActivity,\n            source.ip,\n            source.user.name,\n            user.target.name,\n            source.domain,\n            destination.domain,\n            credScanStart,\n            svcAccessStart,\n            latMoveStart,\n            Vendor.FalconHostLink\n        ]),\n        count(Ngsiem.indicator.display_name, distinct=true, as=\"_distinctDetectionCnt\"),\n        min(credScanStart, as=\"_minCredScanTime\"),\n        min(svcAccessStart, as=\"_minSvcAccessTime\"),\n        min(latMoveStart, as=\"_minLatMoveTime\")\n    ]\n\n)\n| _distinctDetectionCnt \u003e= 3\n// Chronological ordering of the events may be imposed like so, to reduce the scope of the rule \n// | test(_minCredScanTime \u003c= _minSvcAccessTime)\n// | test(_minSvcAccessTime \u003c= _minLatMoveTime)\n// | test(_minCredScanTime \u003c= _minLatMoveTime)\n| activity := format(\"%s\\n%s\\n%s\\n\", field=[credScanActivity, svcAccessActivity, latMoveActivity])\n| drop([credScanActivity, svcAccessActivity, latMoveActivity , _minCredScanTime, _minSvcAccessTime, _minLatMoveTime, _distinctDetectionCnt, credScanStart, svcAccessStart, latMoveStart])\n",
            "search_window_start": "-20m",
            "search_window_end": "-5m",
            "schedule": "15m",
            "author": "CrowdStrike",
            "sigma_author": "",
            "category": "",
            "license": "",
            "tactic": "TA0006",
            "technique": "T1110",
            "mitre_attack": [
                {
                    "tactic_id": "TA0006",
                    "technique_id": "T1110"
                }
            ],
            "vendor": "CrowdStrike",
            "vendors": [
                "CrowdStrike"
            ],
            "product": "",
            "tags": "",
            "active": true,
            "source_url": "",
            "license_details": {
                "name": "",
                "url": ""
            },
            "outcome": "detection",
            "created_timestamp": "2025-02-06T00:00:00Z",
            "modified_timestamp": "0001-01-01T00:00:00Z"
        },
        {
            "id": "757b2f63-28b3-4b7c-92b7-d35df58a36f8",
            "name": "CrowdStrike - Identity - Identity Alert with Source IP Address IOC Match",
            "description": "This rule identifies when the source IP address of an Identity Alert matches an IP address associated with Crowdstrike's threat intelligence feed.\n",
            "origin": "CrowdStrike",
            "severity": 50,
            "recommended": true,
            "query": "#repo=\"xdr_indicatorsrepo\" #event.kind=\"alert\" #Vendor=\"crowdstrike\" #event.module=\"identity-protection\" event.action!=\"BadReputationIpUsageIndicator\"\n| source.ip =~ NOT cidr(subnet=[\"10.0.0.0/8\", \"172.16.0.0/12\", \"192.168.0.0/16\"])\n| ioc:lookup(field=source.ip, type=\"ip_address\", confidenceThreshold=\"unverified\", strict=\"true\")\n",
            "search_window_start": "-70m",
            "search_window_end": "-10m",
            "schedule": "1h",
            "author": "CrowdStrike",
            "sigma_author": "",
            "category": "",
            "license": "",
            "tactic": "TA0001",
            "technique": "T1078",
            "mitre_attack": [
                {
                    "tactic_id": "TA0001",
                    "technique_id": "T1078"
                }
            ],
            "vendor": "CrowdStrike",
            "vendors": [
                "CrowdStrike"
            ],
            "product": "",
            "tags": "",
            "active": true,
            "source_url": "",
            "license_details": {
                "name": "",
                "url": ""
            },
            "outcome": "detection",
            "created_timestamp": "2025-03-03T00:00:00Z",
            "modified_timestamp": "0001-01-01T00:00:00Z"
        },
        {
            "id": "46468c55-81f9-4332-bbfb-6926e4b32c34",
            "name": "CrowdStrike - Identity \u0026 Endpoint - Access from Blocklisted Location",
            "description": "This rule detects access attempts from blocklisted locations by correlating CrowdStrike Identity Protection alerts with Agent IP data from the same address and timeframe. The correlation provides security analysts with contextual information about managed endpoints and user accounts being accessed from blocklisted locations.\n",
            "origin": "CrowdStrike",
            "severity": 10,
            "recommended": true,
            "query": "case {\n  #repo=\"xdr_indicatorsrepo\" #Vendor=\"crowdstrike\" #event.module=\"identity-protection\" Vendor.EventSourceName=/Access from blocklisted location/i\n    | _source_ip := source.ip;\n  #repo=\"base_sensor\" aip=* #event_simpleName=\"NetworkConnectIP4\"\n    | _source_ip := aip;\n}\n| selfJoinFilter(field=[_source_ip], where=[\n    {#repo=\"xdr_indicatorsrepo\" #Vendor=\"crowdstrike\" #event.module=\"identity-protection\" Vendor.EventSourceName=/Access from blocklisted location/i},\n    {#repo=\"base_sensor\" aip=* #event_simpleName=\"NetworkConnectIP4\"}], prefilter=true\n)  \n| groupBy(_source_ip, function=collect([aid,source.user.name,source.user.id,source.user.domain]))\n",
            "search_window_start": "-70m",
            "search_window_end": "-10m",
            "schedule": "1h",
            "author": "CrowdStrike",
            "sigma_author": "",
            "category": "",
            "license": "",
            "tactic": "TA0001",
            "technique": "T1078",
            "mitre_attack": [
                {
                    "tactic_id": "TA0001",
                    "technique_id": "T1078"
                }
            ],
            "vendor": "CrowdStrike",
            "vendors": [
                "CrowdStrike"
            ],
            "product": "",
            "tags": "",
            "active": true,
            "source_url": "",
            "license_details": {
                "name": "",
                "url": ""
            },
            "outcome": "detection",
            "created_timestamp": "2025-03-25T00:00:00Z",
            "modified_timestamp": "2025-04-02T00:00:00Z"
        },
        {
            "id": "d4c00305-3129-468d-9c7c-8b5fb2e15fb3",
            "name": "CrowdStrike - Identity \u0026 Endpoint - Correlate DCSync Activity with Golden Ticket Activity",
            "description": "This rule correlates Golden Ticket attack detections from CrowdStrike Identity Protection with potential DCSync precursor attacks. DCSync activities, which involve replicating Active Directory Domain Controller data, typically precede Golden Ticket attacks as adversaries use this technique to obtain the KRBTGT account's NT Hash - a critical component needed for Golden Ticket creation.\n",
            "origin": "CrowdStrike",
            "severity": 70,
            "recommended": true,
            "query": "case {\n  #repo=\"base_sensor\" #event_simpleName=\"ActiveDirectoryIncomingDceRpcRequest\";\n  #repo=\"xdr_indicatorsrepo\" #Vendor=\"crowdstrike\" #event.module=\"identity-protection\" Vendor.EventSourceName=/Golden Ticket/i;\n}\n| coalesce([SourceEndpointAddressIP4, source.ip], as=source.ip)\n| selfJoinFilter(\n    field=[source.ip],\n    where=[\n        {#repo=\"base_sensor\" #event_simpleName=\"ActiveDirectoryIncomingDceRpcRequest\"},\n        {#repo=\"xdr_indicatorsrepo\" #Vendor=\"crowdstrike\" #event.module=\"identity-protection\" Vendor.EventSourceName=/Golden Ticket/i}\n    ]\n)\n| idp_detection_link := Vendor.FalconHostLink\n| destination.computer.name := ComputerName\n| destination.user.name := source.user.name\n| destination.user.id := source.user.id\n| destination.user.domain := source.user.domain\n| groupBy(\n    source.ip,\n    function=collect([\n        #Vendor,\n        #event.module,\n        aid,\n        SourceAccountSamAccountName,\n        SourceAccountObjectSid,\n        SourceEndpointHostName,\n        destination.computer.name,\n        destination.user.name,\n        destination.user.id,\n        destination.user.domain,\n        idp_detection_link\n    ])\n)\n",
            "search_window_start": "-70m",
            "search_window_end": "-10m",
            "schedule": "1h",
            "author": "CrowdStrike",
            "sigma_author": "",
            "category": "",
            "license": "",
            "tactic": "TA0006",
            "technique": "T1558.001",
            "mitre_attack": [
                {
                    "tactic_id": "TA0006",
                    "technique_id": "T1558.001"
                }
            ],
            "vendor": "CrowdStrike",
            "vendors": [
                "CrowdStrike"
            ],
            "product": "",
            "tags": "",
            "active": true,
            "source_url": "",
            "license_details": {
                "name": "",
                "url": ""
            },
            "outcome": "detection",
            "created_timestamp": "2025-03-22T00:00:00Z",
            "modified_timestamp": "0001-01-01T00:00:00Z"
        },
        {
            "id": "adf8c077-0fd2-4ab8-b30d-79cc24ebe784",
            "name": "CrowdStrike - Endpoint - Shared Object Loaded From client-body Directories (IngressNightmare / CVE-2025-1974)",
            "description": "This detection identifies when a shared object has been loaded into memory from a /tmp/nginx/client-body/* directory signifying active exploitation of the IngressNightmare (CVE-2025-1974) vulnerability.\n",
            "origin": "CrowdStrike",
            "severity": 90,
            "recommended": true,
            "query": "#repo=\"base_sensor\" #event_simpleName=\"SharedObjectLoaded\"\n| CommandLine=/^nginx\\s+-t\\s+-c/F FilePath=\"/tmp/nginx/client-body/\"\n| groupBy([aid, ComputerName], function=collect([CommandLine, FileName, FilePath]))\n",
            "search_window_start": "-70m",
            "search_window_end": "-10m",
            "schedule": "1h",
            "author": "CrowdStrike",
            "sigma_author": "",
            "category": "",
            "license": "",
            "tactic": "TA0002",
            "technique": "T1129",
            "mitre_attack": [
                {
                    "tactic_id": "TA0002",
                    "technique_id": "T1129"
                }
            ],
            "vendor": "CrowdStrike",
            "vendors": [
                "CrowdStrike"
            ],
            "product": "",
            "tags": "",
            "active": true,
            "source_url": "",
            "license_details": {
                "name": "",
                "url": ""
            },
            "outcome": "detection",
            "created_timestamp": "2025-03-24T00:00:00Z",
            "modified_timestamp": "0001-01-01T00:00:00Z"
        },
        {
            "id": "b7416d98-9c31-4de8-8bbf-9634ff2995e6",
            "name": "CrowdStrike - Endpoint - SAP NetWeaver Shell Command Execution CVE-2025-31324",
            "description": "This rule detects when the built-in SAP forkhelper executable is observed spawning shell commands on Linux, potentially indicating web shell activity following the successful exploitation of CVE-2025-31324. An adversary may exploit CVE-2025-31324 to gain initial access to a SAP system and then use the forkhelper executable to execute shell commands, potentially leading to lateral movement and further exploitation.\n\nBefore deploying this rule, consider adding exclusions for benign activity, such as XMLForm.exe and sapcontrol, to reduce noise.\n",
            "origin": "CrowdStrike",
            "severity": 70,
            "recommended": true,
            "query": "#repo=\"base_sensor\" event_platform=\"Lin\" (#event_simpleName=ProcessRollup2 OR #event_simpleName=ProcessBlocked) ParentBaseFileName=\"jstart\" FilePath=\"/usr/sap/*\" FileName=\"forkhelper\"\n// Identify commands commonly abused by adversaries\n| case {\n    CommandLine =~ in(values=[\"*curl *\", \"*nohup *\", \"*find *\", \"*cat *\", \"*env *\", \"*tee *\", \"*base64 *\", \"*sed *\", \"*wget *\", \"*openssl *\"])\n        | HighRiskBinary := true;\n    *;\n}\n// TUNING: Add to the following list of exclusions, based on expected process activity within your environment\n| CommandLine =~ !in(values=[\"*XMLForm.exe *\", \"*sapcontrol *\"])\n// TUNING: Uncomment the following line to only alert on high-risk binaries (not recommended)\n// HighRiskBinary=true\n| CommandLine =~ regex(\" (?\u003cBinary\u003e[^ ]+) [\\\\d ]+$\")\n| groupby(aid, function=[collect([UserName, HighRiskBinary, Binary]), count(Binary, distinct=true, as=UniqueBinaries)])\n",
            "search_window_start": "-70m",
            "search_window_end": "-10m",
            "schedule": "1h",
            "author": "CrowdStrike",
            "sigma_author": "",
            "category": "",
            "license": "",
            "tactic": "TA0002",
            "technique": "T1059.004",
            "mitre_attack": [
                {
                    "tactic_id": "TA0002",
                    "technique_id": "T1059.004"
                }
            ],
            "vendor": "CrowdStrike",
            "vendors": [
                "CrowdStrike"
            ],
            "product": "",
            "tags": "",
            "active": true,
            "source_url": "",
            "license_details": {
                "name": "",
                "url": ""
            },
            "outcome": "detection",
            "created_timestamp": "2025-04-28T00:00:00Z",
            "modified_timestamp": "0001-01-01T00:00:00Z"
        },
        {
            "id": "12eceded-7573-4c44-a5cd-8e37db5c2d8c",
            "name": "CrowdStrike - Identity \u0026 Endpoint - Detect Tool Usage for Golden Ticket Attack",
            "description": "This detection identifies when tools like Rubeus and Mimikatz are being used on a managed host to execute Golden Ticket attacks against the environment. This rule enriches existing Identity Protection detections by identifying when Golden Ticket attack tools are being used.\n",
            "origin": "CrowdStrike",
            "severity": 70,
            "recommended": true,
            "query": "//catch command line regex related to golden ticket commands\n case {\n      #repo=\"xdr_indicatorsrepo\" #event.kind=\"alert\" #Vendor=\"crowdstrike\" #event.module=\"identity-protection\" Vendor.EventSourceName=\"Golden Ticket attackIDPEvent\"\n      | aid := Vendor.SourceEndpointSensorId\n      | _idp_alert_match := \"true\";\n\n      #repo=\"base_sensor\" #event_simpleName=\"ProcessRollup2\" CommandLine=/\\b(\\/ldap|mimi|mimikatz|katz|rubeus|kerberos::golden|\\/aes256:|\\/ptt)\\b/iF\n      |  source.ip := LocalAddressIP4\n      | _golden_ticket_command_switch_match := \"true\";\n  }\n  | coalesce([source.user.id, UserSid], as=user.id)\n  | selfJoinFilter(\n      field=[aid, user.id],\n      prefilter=false, \n      where=[\n          { _idp_alert_match=\"true\" },\n          { _golden_ticket_command_switch_match=\"true\" }\n      ]\n  )\n  | groupBy(\n      [aid, user.id], \n      function=collect([\n          _idp_alert_match, \n          _golden_ticket_command_switch_match,\n          #Vendor, \n          #event.module,\n          event.category[0],\n          ComputerName,\n          source.ip,\n          user.id,\n          source.user.name,\n          CommandLine\n      ])\n  )\n  | _idp_alert_match=\"true\" _golden_ticket_command_switch_match=\"true\"\n  | rename(field=\"ComputerName\", as=\"host.hostname\")\n  | drop([_idp_alert_match, _golden_ticket_command_switch_match])\n",
            "search_window_start": "-70m",
            "search_window_end": "-10m",
            "schedule": "1h",
            "author": "CrowdStrike",
            "sigma_author": "",
            "category": "",
            "license": "",
            "tactic": "TA0006",
            "technique": "T1558.001",
            "mitre_attack": [
                {
                    "tactic_id": "TA0006",
                    "technique_id": "T1558.001"
                }
            ],
            "vendor": "CrowdStrike",
            "vendors": [
                "CrowdStrike"
            ],
            "product": "",
            "tags": "",
            "active": true,
            "source_url": "",
            "license_details": {
                "name": "",
                "url": ""
            },
            "outcome": "detection",
            "created_timestamp": "2025-03-12T00:00:00Z",
            "modified_timestamp": "0001-01-01T00:00:00Z"
        }
    ]
}