{
    "meta": {
     "query_time": 0.029001909,
     "powered_by": "svc-cscrrulestemplates",
     "trace_id": "9b14955bb81ac73b8e237477d312fdf6"
    },
    "errors": [],
    "resources": [
     {
      "id": "6aa4e430-8b10-4c36-b7e2-c37c442e35eb",
      "name": "CrowdStrike - Endpoint - ESX Admins Group Renamed via PowerShell Cmdlets",
      "description": "An attacker can create an Active Directory group named \"ESX Admins\" to gain privileged access to ESXi infrastructure through the CVE-2024-37085 vulnerability. \nIn addition to creating a new group, an attacker could rename an existing group to achive the same effect.\nCommon cmdlets that can be used to rename the group are: Rename-ADObject, Set-ADGroup.\n",
      "origin": "CrowdStrike",
      "severity": 70,
      "recommended": true,
      "query": "| #repo=\"base_sensor\" #event_simpleName=/ProcessRollup2|CommandHistory/i\n| CommandLine=/ESX\\sAdmins/i or CommandHistory=/ESX\\sAdmins/i\n| case {\n  CommandLine!=* | CommandLine := CommandHistory;\n  *;\n}\n| CommandLine match {\n  /Rename-ADObject|Set-ADGroup/i =\u003e has_cmdlet := 1;\n  * =\u003e has_cmdlet := 0;\n}\n| CommandLine match {\n  /\\\"ESX Admins\\\"/i =\u003e has_group_name := 1;\n  * =\u003e has_group_name := 0;\n}\n| has_cmdlet=1 has_group_name=1\n",
      "search_window_start": "-70m",
      "search_window_end": "-10m",
      "schedule": "1h",
      "author": "CrowdStrike",
      "sigma_author": "",
      "category": "",
      "license": "",
      "tactic": "TA0004",
      "technique": "T1068",
      "mitre_attack": [
       {
        "tactic_id": "TA0004",
        "technique_id": "T1068"
       }
      ],
      "vendor": "CrowdStrike",
      "vendors": [
       "CrowdStrike"
      ],
      "product": "",
      "tags": "",
      "active": true,
      "source_url": "",
      "license_details": {
       "name": "",
       "url": ""
      },
      "outcome": "detection",
      "created_timestamp": "2024-08-13T00:00:00Z",
      "modified_timestamp": "0001-01-01T00:00:00Z"
     },
     {
      "id": "8d9d79d2-6771-4bd6-ba86-ccf161d2ea9f",
      "name": "CrowdStrike - Endpoint - WMI Event Filter to Consumer Binding Installed Remotely",
      "description": "Identifies a Windows Management Instrumentation (WMI) event filter to consumer binding installed remotely. The legitimate usage of a WMI event filter to consumer binding is to monitor for specific events and when triggered enact event consumers that can run scripts and execute code. An attacker may use tools such as wmiexec-Pro that abuse this legitimate functionality to move laterally, achieve persistence and execute code.\n",
      "origin": "CrowdStrike",
      "severity": 50,
      "recommended": true,
      "query": "#repo=\"base_sensor\" event_platform=\"Win\"\n| #event_simpleName =~ in(values=[\"NetworkReceiveAcceptIP*\", \"WmiFilterConsumerBindingEtw\"])\n| selfJoinFilter([aid, ContextProcessId],\n    where=[ \n        { #event_simpleName=\"NetworkReceiveAcceptIP*\" },\n        { #event_simpleName=\"WmiFilterConsumerBindingEtw\" | WmiConsumerType =~ in(values=[\"ActiveScriptEventConsumer\", \"CommandLineEventConsumer\"]) }\n    ], prefilter=true\n)\n",
      "search_window_start": "-70m",
      "search_window_end": "-10m",
      "schedule": "1h",
      "author": "CrowdStrike",
      "sigma_author": "",
      "category": "",
      "license": "",
      "tactic": "TA0008",
      "technique": "T1021.003",
      "mitre_attack": [
       {
        "tactic_id": "TA0008",
        "technique_id": "T1021.003"
       }
      ],
      "vendor": "CrowdStrike",
      "vendors": [
       "CrowdStrike"
      ],
      "product": "",
      "tags": "",
      "active": true,
      "source_url": "",
      "license_details": {
       "name": "",
       "url": ""
      },
      "outcome": "detection",
      "created_timestamp": "2024-09-09T00:00:00Z",
      "modified_timestamp": "0001-01-01T00:00:00Z"
     },
     {
      "id": "6e1fe066-c8e2-4fd8-a3a4-436bb5ab4700",
      "name": "CrowdStrike - Endpoint - Archive or Microsoft Office Documents Received via Social Network",
      "description": "Identifies archive files or Microsoft Office documents that were downloaded from social network platforms such as LinkedIn, Telegram, WhatsApp or Facebook Messenger, indicating a potential lure as part of a phishing campaign.\n",
      "origin": "CrowdStrike",
      "severity": 30,
      "recommended": true,
      "query": "#repo=\"base_sensor\" #event_simpleName=\"MotwWritten\"\n// Tune detection based on file extensions used by your organization\n| event_platform=\"Win\" TargetFileName=/\\\\Users\\\\.*\\.(zip|rar|doc|docx|docm|xls|xlsx|xlsm|ppt|pptx|pptm|one|vsd|vsdx)$/\n| default(value=\"empty\", field=[HostUrl], replaceEmpty=true)\n| default(value=\"empty\", field=[ReferrerUrl], replaceEmpty=true)\n| case {\n    HostUrl=/https:\\/\\/.*(web\\.whatsapp\\.com|linkedin\\.com|web\\.telegram\\.org|www\\.messenger\\.com\\/t)/ ;\n    ReferrerUrl=/https:\\/\\/.*(web\\.whatsapp\\.com|linkedin\\.com|web\\.telegram\\.org|www\\.messenger\\.com\\/t)/ ;\n}\n| NOT (HostUrl=/https:\\/\\/(learning.linkedin.com|www.linkedin.com\\/learning)/ OR ReferrerUrl=/https:\\/\\/(learning.linkedin.com|www.linkedin.com\\/learning)/)\n| time := formatTime(\"%Y-%m-%d %H:%M:%S\", field=@timestamp)\n| groupBy([aid, ComputerName],function=collect([TargetFileName, HostUrl, ReferrerUrl, time]))\n",
      "search_window_start": "-70m",
      "search_window_end": "-10m",
      "schedule": "1h",
      "author": "CrowdStrike",
      "sigma_author": "",
      "category": "",
      "license": "",
      "tactic": "TA0001",
      "technique": "T1566.003",
      "mitre_attack": [
       {
        "tactic_id": "TA0001",
        "technique_id": "T1566.003"
       }
      ],
      "vendor": "CrowdStrike",
      "vendors": [
       "CrowdStrike"
      ],
      "product": "",
      "tags": "",
      "active": true,
      "source_url": "",
      "license_details": {
       "name": "",
       "url": ""
      },
      "outcome": "detection",
      "created_timestamp": "2022-11-27T00:00:00Z",
      "modified_timestamp": "0001-01-01T00:00:00Z"
     },
     {
      "id": "801478b9-2ccb-4c1f-8e14-e7b4a8e9ef67",
      "name": "CrowdStrike - Endpoint - Potential DNS Tunneling via Randomized Subdomains",
      "description": "This rule leverages DNS telemetry from CrowdStrike sensors to detect potential DNS tunneling activity. It identifies attempts to exfiltrate data via DNS queries using randomized subdomains. The rule logic calculates the mean Shannon entropy, mean query length, and standard deviation of query length for each domain name. It triggers an alert when these measures exceed certain thresholds. To reduce false positives, it is recommended to adjust default thresholds based on the specifics of your environment. Additionally, since legitimate domains can also have high entropy, consider creating and using a lookup file to exclude known good domains.\n",
      "origin": "CrowdStrike",
      "severity": 30,
      "recommended": true,
      "query": "#repo=\"base_sensor\" \n| #event_simpleName=\"DnsRequest\"\n// Parse DNS query registered domain\n| top_ld := splitString(field=DomainName, by=\"\\\\.\", index=-1)\n| second_ld := splitString(field=DomainName, by=\"\\\\.\", index=-2)\n| third_ld := splitString(field=DomainName, by=\"\\\\.\", index=-3)\n| len_top_ld := length(top_ld)\n| len_second_ld := length(second_ld)\n| case {\n    len_top_ld\u003c=2 len_second_ld\u003c=3 second_ld=/^(gov|org|edu|com|net|co|mil|ac|info|or|gob|name|int|mi|pro|me|go|web|tv|sch|tm|sc|med|id|ne|coop|asso)$/ \n        | dns_query_registered_domain := format(format=\"%s.%s.%s\", field=[third_ld, second_ld, top_ld]);\n    * | dns_query_registered_domain := format(format=\"%s.%s\", field=[second_ld, top_ld]);\n}\n| drop([top_ld, second_ld, third_ld, len_top_ld, len_second_ld])\n// Uncomment the following line and replace 'known_good_domains.csv' with your actual lookup file name\n// | NOT match(file=\"known_good_domains.csv\", column=domain, field=dns_query_registered_domain, include=[])\n| dns_query_shannon_entropy := shannonEntropy(DomainName)\n| dns_query_length := length(DomainName)\n| groupBy(dns_query_registered_domain, \n    function=[\n        avg(dns_query_shannon_entropy, as=avg_dns_query_shannon_entropy), \n        avg(dns_query_length, as=avg_dns_query_length), \n        stdDev(dns_query_length, as=st_dev_dns_query_length),\n        count(DomainName, distinct=true, as=distinct_dns_queries),\n        collect([aid, ComputerName, ContextBaseFileName, DomainName], limit=50)\n    ]\n)\n| rename(DomainName, as=\"sample_dns_queries\")\n// Fine-tuning may be done by adjusting default thresholds based on the environment and observed baseline.\n// Threshold explanations:\n// avg_dns_query_shannon_entropy\u003e4: Shannon entropy above 4 indicates high randomness, typical of encoded/encrypted data\n// avg_dns_query_length\u003e25: Average length over 25 characters suggests unusually long subdomains, common in data exfiltration\n// st_dev_dns_query_length\u003c2: Low standard deviation indicates consistent query lengths, often seen in automated tunneling\n// distinct_dns_queries\u003e50: More than 50 distinct queries to the same domain in the time window may indicate tunneling activity\n| avg_dns_query_shannon_entropy\u003e4 avg_dns_query_length\u003e25 st_dev_dns_query_length\u003c2 distinct_dns_queries\u003e50\n",
      "search_window_start": "-70m",
      "search_window_end": "-10m",
      "schedule": "1h",
      "author": "CrowdStrike",
      "sigma_author": "",
      "category": "",
      "license": "",
      "tactic": "TA0011",
      "technique": "T1071.004",
      "mitre_attack": [
       {
        "tactic_id": "TA0011",
        "technique_id": "T1071.004"
       }
      ],
      "vendor": "CrowdStrike",
      "vendors": [
       "CrowdStrike"
      ],
      "product": "",
      "tags": "",
      "active": true,
      "source_url": "",
      "license_details": {
       "name": "",
       "url": ""
      },
      "outcome": "detection",
      "created_timestamp": "2024-12-16T00:00:00Z",
      "modified_timestamp": "0001-01-01T00:00:00Z"
     },
     {
      "id": "6b255c0b-718d-474d-a277-733e3442cc1b",
      "name": "CrowdStrike - Endpoint - Potential Lateral Tool Transfer via a Remotely Installed WMI Event Filter to Consumer Binding",
      "description": "Identifies a potential lateral tool transfer using a remotely installed Windows Management Instrumentation (WMI) event filter to consumer binding. The legitimate usage of a WMI event filter to consumer binding is to monitor for specific events and when triggered enact event consumers that can run scripts and execute code. An attacker may use tools such as `wmiexec-Pro` that abuse this legitimate functionality for lateral tool transfer.\n",
      "origin": "CrowdStrike",
      "severity": 50,
      "recommended": true,
      "query": "#repo=\"base_sensor\" event_platform=\"Win\"\n| #event_simpleName =~ in(values=[\"NetworkReceiveAcceptIP*\", \"WmiFilterConsumerBindingEtw\"])\n| selfJoinFilter([aid, ContextProcessId],\n    where=[ \n        { #event_simpleName=\"NetworkReceiveAcceptIP*\" },\n        { #event_simpleName=\"WmiFilterConsumerBindingEtw\" | WmiConsumerType =~ in(values=[\"ActiveScriptEventConsumer\", \"CommandLineEventConsumer\"]) }\n    ], prefilter=true\n)\n| join({ #event_simpleName=\"*FileWritten\" ContextBaseFileName=\"scrcons.exe\" }, field=aid, include=[TargetFileName, ContextBaseFileName])\n| rename(TargetFileName, as=\"transferred_tool_file_path\")\n| groupBy([aid, ComputerName, LocalIP],\n    function=[\n        collect([RemoteIP, transferred_tool_file_path, ContextBaseFileName, WmiFilterName, WmiFilterType, WmiConsumerName, WmiConsumerType])\n    ]\n)\n",
      "search_window_start": "-70m",
      "search_window_end": "-10m",
      "schedule": "1h",
      "author": "CrowdStrike",
      "sigma_author": "",
      "category": "",
      "license": "",
      "tactic": "TA0008",
      "technique": "T1570",
      "mitre_attack": [
       {
        "tactic_id": "TA0008",
        "technique_id": "T1570"
       }
      ],
      "vendor": "CrowdStrike",
      "vendors": [
       "CrowdStrike"
      ],
      "product": "",
      "tags": "",
      "active": true,
      "source_url": "",
      "license_details": {
       "name": "",
       "url": ""
      },
      "outcome": "detection",
      "created_timestamp": "2024-09-09T00:00:00Z",
      "modified_timestamp": "0001-01-01T00:00:00Z"
     },
     {
      "id": "75a51408-ad6d-4441-8c0f-311f212fcc00",
      "name": "Okta - SSO - MFA Change and Subsequent User Login Preceded by Sensor Credential Access Alert",
      "description": "This rule identifies a sequence of events for a user account that starts with a CrowdStrike Falcon sensor alert related to credential access followed by a modification of the MFA factor(s) associated with an Okta account and a successful login to the Okta account. An attacker may initially extract credentials from compromised endpoints using various techniques followed by social engineering techniques attempting to reset the MFA factors associated with an Okta account. If successful, the attacker will use the stolen credentials to gain access to the Okta account and register their own device for MFA, thereby gaining unrestricted access to the user’s Okta account and any assigned applications.\n",
      "origin": "CrowdStrike",
      "severity": 70,
      "recommended": true,
      "query": "case {\n    #repo!=\"xdr_eventsarchive\" #Vendor=\"crowdstrike\" #event.module=\"falcon\" #event.kind=\"alert\" \n        | array:contains(\"threat.tactic.name[]\", value=\"Credential Access\") \n        | target_user_name := user.name; \n    #repo=\"okta\" #event.module=\"sso\" \n        | event.action =~ in(values=[\"user.mfa.factor.*\", \"user.session.start\"])\n        | case {\n            event.action=\"user.mfa.factor.*\" \n                | test(user.name!=user.target.name) \n                | target_user_name := user.target.name;\n            * | target_user_name := user.name\n        }\n}\n| time := formatTime(\"%Y/%m/%d %H:%M:%S\", field=@timestamp, locale=en_US, timezone=Z)\n| groupBy(target_user_name, \n    function=[\n        series(collect=[event.action, time], \n            // The series() function looks for sequences of events that start with a CrowdStrike Falcon sensor detection related to credential access\n            startmatch={ #repo!=\"xdr_eventsarchive\" #Vendor=\"crowdstrike\" #event.module=\"falcon\" #event.kind=\"alert\" | array:contains(\"threat.tactic.name[]\", value=\"Credential Access\") }, \n            endmatch={ #repo=\"okta\" #event.module=\"sso\" event.action=\"user.session.start\" }, \n            maxduration=6h, memlimit=1KB\n        ),\n        // Fields that provide additional context for triage. Fields up to including 'process.executable' are from CrowdStrike Falcon agent events while the fields following are from Okta events. \n        collect([agent.id, host.hostname, source.ip, threat.indicator.description, process.command_line, process.executable, user.name, client.ip, client.as.organization.name, client.geo.country_name, client.geo.region_name, client.geo.city_name, user_agent.original])\n    ]\n)\n// Filter for sequences of events that contain 'user.mfa.factor.*' Okta events and end with a 'user.session.start' Okta event.\n| event.action=/(?:user\\.mfa\\.factor\\..*\\n)+user\\.session\\.start$/i\n",
      "search_window_start": "-12h",
      "search_window_end": "-10m",
      "schedule": "1h",
      "author": "CrowdStrike",
      "sigma_author": "",
      "category": "",
      "license": "",
      "tactic": "TA0003",
      "technique": "T1556.006",
      "mitre_attack": [
       {
        "tactic_id": "TA0003",
        "technique_id": "T1556.006"
       }
      ],
      "vendor": "CrowdStrike",
      "vendors": [
       "CrowdStrike",
       "Okta"
      ],
      "product": "",
      "tags": "",
      "active": true,
      "source_url": "",
      "license_details": {
       "name": "",
       "url": ""
      },
      "outcome": "detection",
      "created_timestamp": "2024-10-10T00:00:00Z",
      "modified_timestamp": "0001-01-01T00:00:00Z"
     },
     {
      "id": "d557d298-e514-415f-a357-9013f5acc9e7",
      "name": "CrowdStrike - Endpoint - Malicious Cyberhaven Chrome Extension Installed",
      "description": "This rule detects the installation of a known malicious Chrome extension version for the Cyberhaven software. \n",
      "origin": "CrowdStrike",
      "severity": 90,
      "recommended": true,
      "query": "#repo=\"base_sensor\" #event_simpleName=\"InstalledBrowserExtension\" \n| BrowserExtensionVersion=\"24.10.4\" \n| BrowserExtensionId=\"pajkjnmeojmbapicmbpliphjmcekeaac\" \n",
      "search_window_start": "-70m",
      "search_window_end": "-10m",
      "schedule": "1h",
      "author": "CrowdStrike",
      "sigma_author": "",
      "category": "",
      "license": "",
      "tactic": "TA0003",
      "technique": "T1176",
      "mitre_attack": [
       {
        "tactic_id": "TA0003",
        "technique_id": "T1176"
       }
      ],
      "vendor": "CrowdStrike",
      "vendors": [
       "CrowdStrike"
      ],
      "product": "",
      "tags": "",
      "active": true,
      "source_url": "",
      "license_details": {
       "name": "",
       "url": ""
      },
      "outcome": "detection",
      "created_timestamp": "2024-12-26T00:00:00Z",
      "modified_timestamp": "0001-01-01T00:00:00Z"
     },
     {
      "id": "9e780cb1-d044-40f5-b6e1-fdbce1a8e39a",
      "name": "CrowdStrike - Endpoint - Suspicious MacOS Commands Sequence",
      "description": "This rule detects a user that has executed a cluster of MacOS Living Off The Orchard Binaries (LOOBins) within a short time period. This may be suspicious activity from a threat actor that tries to avoid being detected by using various built-in MacOS binaries for malicious purposes.\nTo reduce the likelihood of false positives, it is recommended to baseline your environment and exclude known legitimate behavior before enabling this rule. Be mindful that this rule is computationally expensive, so its effectiveness and performance depend on proper customization to your specific environment.\nIf you consider increasing the look-back time window (default is 3 hours) of the 'defineTable()' function used for baselining process command lines in the environment, it is recommended to test the query before enabling the rule, to evaluate its performance and identify legitimate command line patterns and parent process names to exclude.\n",
      "origin": "CrowdStrike",
      "severity": 30,
      "recommended": true,
      "query": "/* \n    The subquery from defineTable() performs a historical search to build a baseline for [UserName, ParentBaseFileName, CommandLine] combinations. \n    The premise is that if a certain combination is observed on more than 20 hosts over the past 3 hours, it is more likely to be generated by expected and legitimate automations and thus is safe to exclude.\n*/ \ndefineTable(\n    name=\"common_cmdlines_for_the_environment\",\n    start=3h,\n    query={\n        #repo=\"base_sensor\" #event_simpleName=\"ProcessRollup2\" event_platform=\"Mac\"\n        // Add exclusions for parent process name based on the observed baseline. Things to exclude could be security tools or vulnerability scanners (e.g., Nessus)\n        // | ParentBaseFileName =~ NOT in(values=[\"REPLACE\"])\n        | case {\n            CommandLine=/nscurl\\s.*(?:-k|-dl|-dir)\\s/ ;\n            CommandLine=/csrutil\\s.*(?:disable|netboot)/ ;\n            CommandLine=/ioreg\\s.*(?:-l|CGSSession|Device)/i ;\n            CommandLine=/dscl\\s.*(?:users|groups|computers|sharepoints|shadowhash|passwd)/i ;\n            CommandLine=/defaults\\s/ ;\n            CommandLine=/ditto.*\\s+(?:-c|-V)\\s/ ;\n            CommandLine=/dns-sd\\s.*(?:_ssh\\._tcp|_http\\._tcp|_rfb\\._tcp|_smb\\._tcp)/ ;\n            CommandLine=/dsexport\\s.*:(?:Users|Groups)/ ;\n            CommandLine=/GetFileInfo\\s/ ;\n            CommandLine=/hdiutil\\s.*(?:mount|attach|create)\\s/ ;\n            CommandLine=/last\\s+[^(?:updated|modified|launched)].*(?:console|grep\\s)/ ;\n            CommandLine=/lsregister\\s.*(?:-f|-dump|-delete)/ ;\n            CommandLine=/mdfind\\s.*(?:-live|kMDItemTextContext|kMDItemDisplayName|kMDItemCFBundleIdentifier)/ ;\n            CommandLine=/networksetup\\s.*(?:-listnetworkserviceorder|-detectnewhardware|-listallhardwareports|-setsecurewebproxy|-setwebproxy|-setautoproxyurl|-setautoproxystate)/ ;\n            CommandLine=/nvram\\s.*-p/ ;\n            CommandLine=/[^a-z]open\\s/ ;\n            CommandLine=/osacompile\\s/ ;\n            CommandLine=/osascript\\s.*(?:-e|-l)\\s/ ;\n            CommandLine=/pbpaste\\s/ ;\n            CommandLine=/textutil\\s.*(?:-convert|-stdin|pbpaste)/ ;\n            CommandLine=/sysctl\\s.*-ne?\\s/ ;\n            CommandLine=/sqlite3\\s.*(?:com\\.apple\\.TCC\\/TCC\\.db|LSQuarantine|cookie)/ ;\n            CommandLine=/spctl\\s.*--master-disable/ ;\n            CommandLine=/softwareupdate\\s.*(?:--list|--schedule)/ ;\n            CommandLine=/SetFile\\s/ ;\n            CommandLine=/ssh-keygen\\s.*\\.dylib/ ;\n            CommandLine=/security\\s.*(?:dump-keychain|find-(?:generic|internet)-password.*(?:Chrome|Chromium|Opera|Safari|Brave|Microsoft Edge|Firefox)|add-trusted-cert)/ ;\n            CommandLine=/scutil\\s.*(?:--dns|--proxy|--get)/ ; \n            CommandLine=/scutil\\s+.{0,5}-r\\s/ ;\n            CommandLine=/screencapture\\s.*-x/ ;\n            CommandLine=/safaridriver\\s.*--enable/ ;\n            CommandLine=/profiles\\s+(?:.+enrollment|remove\\s+-identifier)/ ;\n            CommandLine=/plutil\\s.*LSUIElement/ ;\n            CommandLine=/[^(]mktemp\\s.*-d\\s/ ;\n            CommandLine=/mdls\\s.*(?:kMDItemWhereFroms|kMDItemDownloadedDate|kMDItemPath|kMDItemFSSize)/ ;\n            CommandLine=/log\\s+erase/ ;\n            CommandLine=/launchctl\\s+load\\s+.{1,200}$/ ;\n            CommandLine=/tclsh\\s/ ;\n            CommandLine=/tmutil\\s+(?:disable|delete|restore|addexclusion)/ ;\n            CommandLine=/caffeinate\\s.*-i\\s/ ;\n            CommandLine=/dscacheutil\\s.*user/ ;\n            CommandLine=/dsconfigad\\s.*-show/ ;\n            CommandLine=/odutil\\s+show/ ;\n            CommandLine=/sw_vers/ ;\n            CommandLine=/system_profiler\\s.*(?:-listDataTypes|SPHardwareDataType|SPSoftwareDataType|SPDeveloperToolsDataType)/ ;\n            CommandLine=/sfltool\\s+(?:dumpbtm|resetbtm)/ ;\n            CommandLine=/kextstat/ ;\n            CommandLine=/xattr\\s.*-d\\s+com\\.apple\\.quarantine/ ;\n        }\n        | default(value=\"empty\", field=ParentBaseFileName)\n        | groupBy([UserName, ParentBaseFileName, CommandLine], function=count(field=aid, distinct=true, as=total_aids), limit=max)\n        | total_aids\u003e20\n    },\n    include=[*]\n)\n// Base query\n| #repo=\"base_sensor\" #event_simpleName=\"ProcessRollup2\" event_platform=\"Mac\"\n// Add exclusions for parent process name based on the observed baseline. Things to exclude could be security tools or vulnerability scanners (e.g., Nessus)\n// | ParentBaseFileName =~ NOT in(values=[\"REPLACE\"])\n| case {\n    CommandLine=/nscurl\\s.*(?:-k|-dl|-dir)\\s/ ;\n    CommandLine=/csrutil\\s.*(?:disable|netboot)/ ;\n    CommandLine=/ioreg\\s.*(?:-l|CGSSession|Device)/i ;\n    CommandLine=/dscl\\s.*(?:users|groups|computers|sharepoints|shadowhash|passwd)/i ;\n    CommandLine=/defaults\\s/ ;\n    CommandLine=/ditto.*\\s+(?:-c|-V)\\s/ ;\n    CommandLine=/dns-sd\\s.*(?:_ssh\\._tcp|_http\\._tcp|_rfb\\._tcp|_smb\\._tcp)/ ;\n    CommandLine=/dsexport\\s.*:(?:Users|Groups)/ ;\n    CommandLine=/GetFileInfo\\s/ ;\n    CommandLine=/hdiutil\\s.*(?:mount|attach|create)\\s/ ;\n    CommandLine=/last\\s+[^(?:updated|modified|launched)].*(?:console|grep\\s)/ ;\n    CommandLine=/lsregister\\s.*(?:-f|-dump|-delete)/ ;\n    CommandLine=/mdfind\\s.*(?:-live|kMDItemTextContext|kMDItemDisplayName|kMDItemCFBundleIdentifier)/ ;\n    CommandLine=/networksetup\\s.*(?:-listnetworkserviceorder|-detectnewhardware|-listallhardwareports|-setsecurewebproxy|-setwebproxy|-setautoproxyurl|-setautoproxystate)/ ;\n    CommandLine=/nvram\\s.*-p/ ;\n    CommandLine=/[^a-z]open\\s/ ;\n    CommandLine=/osacompile\\s/ ;\n    CommandLine=/osascript\\s.*(?:-e|-l)\\s/ ;\n    CommandLine=/pbpaste\\s/ ;\n    CommandLine=/textutil\\s.*(?:-convert|-stdin|pbpaste)/ ;\n    CommandLine=/sysctl\\s.*-ne?\\s/ ;\n    CommandLine=/sqlite3\\s.*(?:com\\.apple\\.TCC\\/TCC\\.db|LSQuarantine|cookie)/ ;\n    CommandLine=/spctl\\s.*--master-disable/ ;\n    CommandLine=/softwareupdate\\s.*(?:--list|--schedule)/ ;\n    CommandLine=/SetFile\\s/ ;\n    CommandLine=/ssh-keygen\\s.*\\.dylib/ ;\n    CommandLine=/security\\s.*(?:dump-keychain|find-(?:generic|internet)-password.*(?:Chrome|Chromium|Opera|Safari|Brave|Microsoft Edge|Firefox)|add-trusted-cert)/ ;\n    CommandLine=/scutil\\s.*(?:--dns|--proxy|--get)/ ; \n    CommandLine=/scutil\\s+.{0,5}-r\\s/ ;\n    CommandLine=/screencapture\\s.*-x/ ;\n    CommandLine=/safaridriver\\s.*--enable/ ;\n    CommandLine=/profiles\\s+(?:.+enrollment|remove\\s+-identifier)/ ;\n    CommandLine=/plutil\\s.*LSUIElement/ ;\n    CommandLine=/[^(]mktemp\\s.*-d\\s/ ;\n    CommandLine=/mdls\\s.*(?:kMDItemWhereFroms|kMDItemDownloadedDate|kMDItemPath|kMDItemFSSize)/ ;\n    CommandLine=/log\\s+erase/ ;\n    CommandLine=/launchctl\\s+load\\s+.{1,200}$/ ;\n    CommandLine=/tclsh\\s/ ;\n    CommandLine=/tmutil\\s+(?:disable|delete|restore|addexclusion)/ ;\n    CommandLine=/caffeinate\\s.*-i\\s/ ;\n    CommandLine=/dscacheutil\\s.*user/ ;\n    CommandLine=/dsconfigad\\s.*-show/ ;\n    CommandLine=/odutil\\s+show/ ;\n    CommandLine=/sw_vers/ ;\n    CommandLine=/system_profiler\\s.*(?:-listDataTypes|SPHardwareDataType|SPSoftwareDataType|SPDeveloperToolsDataType)/ ;\n    CommandLine=/sfltool\\s+(?:dumpbtm|resetbtm)/ ;\n    CommandLine=/kextstat/ ;\n    CommandLine=/xattr\\s.*-d\\s+com\\.apple\\.quarantine/ ;\n}\n| default(value=\"empty\", field=ParentBaseFileName)\n// Exclude [UserName, ParentBaseFileName, CommandLine] combinations that are common for the environment (identified by the defineTable() subquery)\n| NOT match(file=\"common_cmdlines_for_the_environment\", field=[UserName, ParentBaseFileName, CommandLine])\n// Add command line exclusions for common legitimate patterns not identified by the defineTable() subquery. This is necessary to handle command lines that include dynamic or varying elements, such as timestamps, random strings, or incrementing numbers.\n// | NOT (\n//     CommandLine=/REPLACE/ OR\n//     CommandLine=/REPLACE/\n// )\n| exec_time := formatTime(\"%Y/%m/%d %H:%M:%S\")\n| sample_cmdlines := format(\"%s \u003e %s\", field=[exec_time, CommandLine])\n| groupBy([aid, ComputerName, UserName, LocalIP, ParentBaseFileName], \n    function=[\n        distinct_binaries := count(field=\"FileName\", distinct=true),\n        // Collecting values for binary path and command line, limiting to 100 distinct values. When reviewing events in NG-SIEM Advanced Event Search, consider increasing the value for the 'limit' parameter to see the entire dataset\n        collect([ImageFileName, sample_cmdlines], limit=100)\n    ],\n    limit=max\n)\n// Adjust threshold based on the environment\n| distinct_binaries\u003e5\n",
      "search_window_start": "-20m",
      "search_window_end": "-10m",
      "schedule": "10m",
      "author": "CrowdStrike",
      "sigma_author": "",
      "category": "",
      "license": "",
      "tactic": "",
      "technique": "",
      "mitre_attack": [],
      "vendor": "CrowdStrike",
      "vendors": [
       "CrowdStrike"
      ],
      "product": "",
      "tags": "",
      "active": true,
      "source_url": "",
      "license_details": {
       "name": "",
       "url": ""
      },
      "outcome": "detection",
      "created_timestamp": "2024-12-17T00:00:00Z",
      "modified_timestamp": "0001-01-01T00:00:00Z"
     },
     {
      "id": "9028181c-3f80-457b-971b-61c010e47ce7",
      "name": "CrowdStrike - Endpoint - Suspicious QEMU Virtual Machine Execution with Binary Masquerading (Win)",
      "description": "This rule identifies suspicious QEMU virtual machines launched using renamed/masqueraded QEMU binaries that are matching known attack patterns, including headless mode execution (-display none or -nographic). Such activity may indicate that an adversary is attempting to execute malicious code in an isolated VM environment to bypass security controls and avoid detection. This behavior has been observed in campaigns where adversaries deployed such QEMU virtual machines to evade detection, maintain persistence, and execute malicious code in an isolated environment.",
      "origin": "CrowdStrike",
      "severity": 70,
      "recommended": true,
      "query": "defineTable(\n    query={\n        #repo=\"base_sensor\" #event_simpleName=\"PeVersionInfo\" event_platform=\"Win\"\n        | CompanyName=/qemu\\.org$/i \n        | ImageFileName!=/qemu/i ImageFileName!=\"*\\\\virtio\\\\monitor\\\\vm-agent.exe\" // Renamed (masqueraded) QEMU binaries\n        | groupBy([aid, ImageFileName, CompanyName], function=[])\n    }, \n    include=[aid, ImageFileName, CompanyName], \n    name=\"_renamed_qemu_by_peversioninfo\"\n)\n| #repo=\"base_sensor\" #event_simpleName=\"ProcessRollup2\" event_platform=\"Win\"\n| case {\n    CommandLine=/(?:\\s(-display\\s+none|-nographic))/i; // QEMU execution without a graphical display\n    CommandLine=/(?:\\s(update\\w*\\.qcow2))/i; // Known attack pattern\n}\n| NOT FileName=/(?:qemu|cmd\\.exe|powershell|droplet)/i // Renamed (masqueraded) QEMU binaries \u0026 other FileName exclusions\n| _masqueraded_qemu_match_score := 0\n// Match QEMU Company Name\n| case {\n    match(file=\"_renamed_qemu_by_peversioninfo\", field=[aid, ImageFileName], strict=true, include=[CompanyName]) | _masqueraded_qemu_match_score := _masqueraded_qemu_match_score + 3;\n    *;\n}\n// QEMU virtual hard drive arguments\n| case {\n    CommandLine=/(?:\\s-(hda|drive)\\s)/i | _masqueraded_qemu_match_score := _masqueraded_qemu_match_score + 1;\n    *;\n}\n// .QCOW or .IMG file found in command line\n| case {\n    CommandLine=/(?:\\s\\w+\\.(qcow\\d{0,1}|img)(\\s|$))/i | _masqueraded_qemu_match_score := _masqueraded_qemu_match_score + 1;\n    *;\n}\n// QEMU networking settings\n| case {\n    CommandLine=/(?:\\s-netdev\\s+user)/i | _masqueraded_qemu_match_score := _masqueraded_qemu_match_score + 1;\n    *;\n}\n// QEMU networking device argument\n| case {\n    CommandLine=/(?:\\s-device\\s)/i | _masqueraded_qemu_match_score := _masqueraded_qemu_match_score + 1;\n    *;\n}\n// QEMU memory settings\n| case {\n    CommandLine=/(?:\\s-m\\s+\\d+(m|\\s|$))/i | _masqueraded_qemu_match_score := _masqueraded_qemu_match_score + 1;\n    *;\n} \n// QEMU cpu settings\n| case {\n    CommandLine=/(?:\\s-cpu\\s)/i | _masqueraded_qemu_match_score := _masqueraded_qemu_match_score + 1;\n    *;\n}\n| _masqueraded_qemu_match_score \u003e 3 //Adjust this threshold in case of false positives \n| groupBy(\n    field=[cid, aid, TargetProcessId, ImageFileName],\n    function=collect([ComputerName, UserName, aip, LocalIP, ProcessStartTime, FileName, CommandLine, SHA256HashData, CompanyName, ParentBaseFileName, ParentProcessId, ReferrerUrl, #Vendor, #event.module, event.category[0]]),\n    limit=max\n)\n",
      "search_window_start": "-70m",
      "search_window_end": "-10m",
      "schedule": "1h",
      "author": "CrowdStrike",
      "sigma_author": "",
      "category": "",
      "license": "",
      "tactic": "TA0005",
      "technique": "T1564.006",
      "mitre_attack": [
       {
        "tactic_id": "TA0005",
        "technique_id": "T1564.006"
       }
      ],
      "vendor": "CrowdStrike",
      "vendors": [
       "CrowdStrike"
      ],
      "product": "",
      "tags": "",
      "active": true,
      "source_url": "",
      "license_details": {
       "name": "",
       "url": ""
      },
      "outcome": "detection",
      "created_timestamp": "2025-03-11T00:00:00Z",
      "modified_timestamp": "0001-01-01T00:00:00Z"
     },
     {
      "id": "221a6cdf-86b5-44f8-bfe1-2d85157903ab",
      "name": "CrowdStrike - Identity - Suspicious LDAP Search with Microsoft Defender for Identity Alert",
      "description": "This rule detects potential reconnaissance activities by correlating suspicious LDAP search alerts from CrowdStrike Identity Protection with Microsoft Defender for Identity alerts for the same user. It identifies when both products have triggered a detection for the same user, which could indicate attempts to enumerate Active Directory objects, potentially as part of a broader attack strategy like running tools such as BloodHound.\n",
      "origin": "CrowdStrike",
      "severity": 70,
      "recommended": true,
      "query": "#event.kind = alert |\ncase {\n    #repo=\"xdr_indicatorsrepo\" #Vendor=\"crowdstrike\" #event.module=\"identity-protection\" Vendor.EventSourceName=/Suspicious LDAP search/i \n        | user_id := source.user.id\n        | threat_name := threat.indicator.name;\n\n    #Vendor=\"microsoft\" #event.module=\"windows-defender-365\"\n        | event.severity \u003e= 30\n        | user_id := user.id\n        | threat_name := Vendor.properties.Title;\n}\n| selfJoinFilter(\n    field=[user_id], \n    where=[\n        {#repo=\"xdr_indicatorsrepo\" #Vendor=\"crowdstrike\" #event.module=\"identity-protection\" Vendor.EventSourceName=/Suspicious LDAP search/i},\n        {#Vendor=\"microsoft\" #event.module=\"windows-defender-365\"}\n    ], prefilter=true\n)\n| groupBy(\n    user_id, \n    function=collect([\n        _idp_alert_match, \n        _defender_identity_match, \n        #Vendor, \n        #event.kind, \n        threat_name,\n        #event.module,\n        user_id, \n        user.name,\n        source.user.name,\n        source.ip\n    ])\n)\n",
      "search_window_start": "-70m",
      "search_window_end": "-10m",
      "schedule": "1h",
      "author": "CrowdStrike",
      "sigma_author": "",
      "category": "",
      "license": "",
      "tactic": "TA0007",
      "technique": "T1087",
      "mitre_attack": [
       {
        "tactic_id": "TA0007",
        "technique_id": "T1087"
       }
      ],
      "vendor": "CrowdStrike",
      "vendors": [
       "CrowdStrike",
       "Microsoft"
      ],
      "product": "",
      "tags": "",
      "active": true,
      "source_url": "",
      "license_details": {
       "name": "",
       "url": ""
      },
      "outcome": "detection",
      "created_timestamp": "2025-02-14T00:00:00Z",
      "modified_timestamp": "0001-01-01T00:00:00Z"
     },
     {
      "id": "cc45758c-ceef-4ec7-8962-a46d0af256e5",
      "name": "CrowdStrike - Identity \u0026 Endpoint - Detections triggered by the same user against the same endpoint",
      "description": "This rule enriches Identity Protection (IDP) alerts with endpoint detections triggered by the same user against the same endpoint.\n\nRecommended tuning may include explicitly allowing or blocking certain IDP detections, coupled with adjusting the severity. An example of an informational detection would be \"Privilege Escalation (user)\" which can be triggered when adding a user to a Domain Admins group. This can be coupled with a higher severity endpoint detection to differentiate between normal behavior or potentially malicious behavior.\n\nThis detection requires CrowdStrike Identity Protection to be enabled in your environment. Please reference the documentation for detailed configuration information.\n",
      "origin": "CrowdStrike",
      "severity": 50,
      "recommended": true,
      "query": "#repo=\"xdr_indicatorsrepo\"\n| #event.kind=\"alert\" (#event.module=\"falcon\" OR #event.module=\"identity-protection\")\n| case{\n    #event.module=\"identity-protection\"\n    // Tuning can be conducted here\n    // | threat.indicator.name=//i\n    // | event.severity \u003e= 30\n    | regex(field=\"destination.domain\", regex=\"^(?\u003c_dst_computer_name\u003e[^.]+)\")\n    | _user_name := lower(user.target.name)\n    | _idp_detect := true;\n\n    #event.module=\"falcon\" Ngsiem.alert.id=/:ind:/\n    // Tuning can be conducted here\n    // | threat.indicator.name=//i\n    // | event.severity \u003e= 30\n    | _dst_computer_name := lower(host.hostname)\n    | _user_name := lower(user.name)\n    | format(\"[Detection Link](/activity-v2/detections?info=%s\u0026pageSize=200)\", field=[Ngsiem.alert.id], as=_endpoint_det_link)\n    | _falcon_detect := true;\n}\n| selfJoinFilter([_user_name, _dst_computer_name], where=[\n    {_idp_detect = true},\n    {_falcon_detect = true}\n])\n| _desc := format(\"%s : %s\", field=[threat.indicator.name, threat.indicator.description])\n| groupBy(\n    [_user_name, _dst_computer_name],\n    function=collect([\n        _idp_detect,\n        _falcon_detect,\n        #Vendor,\n        #event.kind,\n        #event.module,\n        source.ip,\n        source.domain,\n        source.user.name,\n        destination.domain,\n        user.target.name,\n        _desc,\n        Vendor.FalconHostLink,\n        _endpoint_det_link\n    ])\n)\n| _idp_detect=\"true\" _falcon_detect=\"true\"\n| drop([_idp_detect, _falcon_detect])\n",
      "search_window_start": "-70m",
      "search_window_end": "-10m",
      "schedule": "1h",
      "author": "CrowdStrike",
      "sigma_author": "",
      "category": "",
      "license": "",
      "tactic": "",
      "technique": "",
      "mitre_attack": [],
      "vendor": "CrowdStrike",
      "vendors": [
       "CrowdStrike"
      ],
      "product": "",
      "tags": "",
      "active": true,
      "source_url": "",
      "license_details": {
       "name": "",
       "url": ""
      },
      "outcome": "incident",
      "created_timestamp": "2025-03-14T00:00:00Z",
      "modified_timestamp": "0001-01-01T00:00:00Z"
     },
     {
      "id": "192e26d6-1887-40ad-a93c-75498bd52c55",
      "name": "CrowdStrike - Endpoint - Suspicious Active Directory Authentication Activity",
      "description": "This rule detects potential brute force or password spraying attacks against Active Directory services by correlating failed authentication events from multiple sources. It looks for (1) Failed logon attempts (UserLogonFailed2) (2) Failed Active Directory service access requests (ActiveDirectoryServiceAccessRequestFailure).\n\nThe rule triggers when there are multiple failed authentication attempts from the same domain targeting the same victim IP address, using various authentication methods (Kerberos, NTLM, SIMPLE BIND) and protocols (LDAP, DCE_RPC, RDP, SMB).\n\nBy default, the rule will alert when more than 15 distinct usernames are attempted or more than 20 total authentication attempts are observed. These thresholds can be adjusted based on your environment's baseline activity.\n\nThis detection requires CrowdStrike Identity Protection to be enabled in your environment. Please reference the documentation for detailed configuration information.\n",
      "origin": "CrowdStrike",
      "severity": 70,
      "recommended": true,
      "query": "#repo=\"base_sensor\"\n| case {\n    #event_simpleName=\"UserLogonFailed2\"\n    | user.name := UserName\n    | _victim_ip := LocalAddressIP4\n    | _domain_ := LogonDomain\n    | attacker_host := RemoteAddressIP4\n    | _logon_failed_1 := true;\n\n    #event_simpleName=\"ActiveDirectoryServiceAccessRequestFailure\"\n    | user.name := SourceAccountSamAccountName\n    | _victim_ip := TargetServerAddressIP4\n    | _domain_ := SourceAccountDomain\n    | _logon_failed_2 := true;\n}\n| _domain_ := lower(_domain_)\n| user.name := lower(user.name)\n| selfJoinFilter(field=[_domain_, _victim_ip],\n    where=[\n        { _logon_failed_1=\"true\" },\n        { _logon_failed_2=\"true\" }\n    ]\n)\n| case {\n    ActiveDirectoryAuthenticationMethod=0\n    | _auth_method_ := \"Kerberos\";\n\n    ActiveDirectoryAuthenticationMethod=3\n    | _auth_method_ := \"SIMPLE BIND\";\n\n    in(field=\"ActiveDirectoryAuthenticationMethod\", values=[1,2,5])\n    | _auth_method_ := \"NTLM\";\n    *;\n}\n| case {\n    ActiveDirectoryDataProtocol=0\n    | _protocol_ := \"LDAP\";\n\n    ActiveDirectoryDataProtocol=1\n    | _protocol_ := \"DCE_RPC\";\n\n    ActiveDirectoryDataProtocol=2\n    | _protocol_ := \"RDP\";\n\n    in(field=\"ActiveDirectoryDataProtocol\", values=[3,4,5,6,7,8,9])\n    | _protocol_ := \"SMB\";\n    *;\n}\n| case{\n    TargetServiceAccessClassification=1\n    | _target_service_ := \"LDAP\";\n\n    TargetServiceAccessClassification=2\n    | _target_service_ := \"WEB\";\n\n    TargetServiceAccessClassification=3\n    | _target_service_ := \"FILE_SHARE\";\n\n    TargetServiceAccessClassification=4\n    | _target_service_ := \"DB\";\n\n    TargetServiceAccessClassification=5\n    | _target_service_ := \"RPCSS\";\n\n    TargetServiceAccessClassification=6\n    | _target_service_ := \"REMOTE_DESKTOP\";\n\n    TargetServiceAccessClassification=7\n    | _target_service_ := \"SCCM\";\n\n    TargetServiceAccessClassification=8\n    | _target_service_ := \"SIP\";\n\n    TargetServiceAccessClassification=9\n    | _target_service_ := \"DNS\";\n\n    TargetServiceAccessClassification=10\n    | _target_service_ := \"MAIL\";\n\n    TargetServiceAccessClassification=11\n    | _target_service_ := \"COMPUTER_ACCESS\";\n\n    TargetServiceAccessClassification=12\n    | _target_service_ := \"SERVICE_ACCOUNT\";\n\n    TargetServiceAccessClassification=13\n    | _target_service_ := \"UNKNOWN\";\n    *;\n}\n| groupby([_victim_ip, _domain_],\n    function=[\n        collect([event_platform, attacker_host, _target_service_, _auth_method_, _protocol_]),\n        count(SourceAccountUserName, distinct=true, as=\"distictUserNameCnt\"),\n        sum(AggregationActivityCount, as=\"distictAttemptsCnt\")\n    ]\n)\n// Tune the detection based on your environment activity\n| distictUserNameCnt \u003e 15 OR distictAttemptsCnt \u003e 20\n",
      "search_window_start": "-70m",
      "search_window_end": "-10m",
      "schedule": "1h",
      "author": "CrowdStrike",
      "sigma_author": "",
      "category": "",
      "license": "",
      "tactic": "TA0006",
      "technique": "T1110.003",
      "mitre_attack": [
       {
        "tactic_id": "TA0006",
        "technique_id": "T1110.003"
       }
      ],
      "vendor": "CrowdStrike",
      "vendors": [
       "CrowdStrike"
      ],
      "product": "",
      "tags": "",
      "active": true,
      "source_url": "",
      "license_details": {
       "name": "",
       "url": ""
      },
      "outcome": "detection",
      "created_timestamp": "2024-06-10T00:00:00Z",
      "modified_timestamp": "0001-01-01T00:00:00Z"
     },
     {
      "id": "88597f9d-88a0-4ae1-a73b-073174a8e681",
      "name": "CrowdStrike - Endpoint - Volume Shadow Copy Registry Hive Access via MKLINK",
      "description": "This rule identifies attempts to create Directory Junctions or Symbolic Links (SYMLINK) targeting Registry Hive directories within Volume Shadow Copies using the mklink command. This technique is commonly used by adversaries to access protected registry hives for credential theft and system information gathering.\n",
      "origin": "CrowdStrike",
      "severity": 70,
      "recommended": true,
      "query": "#repo=\"base_sensor\" #event_simpleName=\"CommandHistory\"\n| CommandHistory=/(?:mklink\\s+\\/(j|d)\\s)/i CommandHistory=/(?:\\\\harddiskvolumeshadowcopy\\d*\\\\windows\\\\system32\\\\config)/i\n| groupBy([aid, ComputerName, aip, TargetProcessId, ApplicationName, CommandHistory])\n",
      "search_window_start": "-70m",
      "search_window_end": "-10m",
      "schedule": "1h",
      "author": "CrowdStrike",
      "sigma_author": "",
      "category": "",
      "license": "",
      "tactic": "TA0006",
      "technique": "T1003.002",
      "mitre_attack": [
       {
        "tactic_id": "TA0006",
        "technique_id": "T1003.002"
       }
      ],
      "vendor": "CrowdStrike",
      "vendors": [
       "CrowdStrike"
      ],
      "product": "",
      "tags": "",
      "active": true,
      "source_url": "",
      "license_details": {
       "name": "",
       "url": ""
      },
      "outcome": "detection",
      "created_timestamp": "2025-02-20T00:00:00Z",
      "modified_timestamp": "0001-01-01T00:00:00Z"
     },
     {
      "id": "301073A8-F210-413D-8676-E6E3F73B6528",
      "name": "CrowdStrike - Identity \u0026 Endpoint - Multiple Detections Triggered by a User",
      "description": "Correlates together Falcon identity and endpoint detections triggered by the same user over a short period of time. Severity thresholds can be modified to tune the rule. Additional tuning can be done though allow/block listing specific identity-based detections.\n",
      "origin": "CrowdStrike",
      "severity": 70,
      "recommended": true,
      "query": "#event.kind=\"alert\" (#event.module=\"falcon\" OR #event.module=\"identity-protection\")\n| case{\n    #event.module=\"identity-protection\" | user.id:=source.user.id; *\n}\n| selfJoinFilter([user.id], where=[\n    // Endpoint detection with a high severity\n    {#event.module=\"falcon\" event.severity\u003e=70},\n    // Identity detection with an information severity\n    {#event.module=\"identity-protection\" event.severity\u003e=30}\n], prefilter=true )\n",
      "search_window_start": "-70m",
      "search_window_end": "-10m",
      "schedule": "1h",
      "author": "CrowdStrike",
      "sigma_author": "",
      "category": "",
      "license": "",
      "tactic": "",
      "technique": "",
      "mitre_attack": [],
      "vendor": "CrowdStrike",
      "vendors": [
       "CrowdStrike"
      ],
      "product": "",
      "tags": "",
      "active": true,
      "source_url": "",
      "license_details": {
       "name": "",
       "url": ""
      },
      "outcome": "incident",
      "created_timestamp": "2024-09-13T00:00:00Z",
      "modified_timestamp": "0001-01-01T00:00:00Z"
     },
     {
      "id": "3a7ad8ef-2533-4f33-ab7d-9f14832675ff",
      "name": "CrowdStrike - Endpoint - NTLM Hash Disclosure via Library-MS File",
      "description": "This rule detects potential exploitation of the NTLM Hash Disclosure Spoofing Vulnerability CVE-2025-24054. It identifies when a library-ms file is accessed, which can trigger an automatic SMB authentication request, leading to NTLM hash disclosure. The detection looks for the creation of non-standard library-ms files and subsequent process activity related to WebDAV, which may indicate an attempt to exploit this vulnerability.\n",
      "origin": "CrowdStrike",
      "severity": 50,
      "recommended": true,
      "query": "#repo=\"base_sensor\"\n| case {\n    #event_simpleName=\"MotwWritten\" TargetFileName=/library-ms$/ TargetFileName!=/Microsoft\\\\Windows\\\\Libraries\\\\(Documents|Videos|Pictures|Music|CameraRoll|SavedPictures).library-ms$/;\n    #event_simpleName=\"ProcessRollup2\" CommandLine=/davclnt\\.dll,DavSetCookie/;\n}\n| groupBy([aid,ComputerName], function=[collect([#event_simpleName,CommandLine,TargetFileName,UserName,aip,@id])], limit=max)\n| CommandLine=/davclnt\\.dll,DavSetCookie/m TargetFileName=/library-ms/m\n| source.ip:=aip\n| host.name:=ComputerName\n| process.command_line:=CommandLine\n| file.name:=TargetFileName\n| user.name:=UserName\n| event.category[0]:=\"process\"\n",
      "search_window_start": "-15m",
      "search_window_end": "-5m",
      "schedule": "10m",
      "author": "CrowdStrike",
      "sigma_author": "",
      "category": "",
      "license": "",
      "tactic": "TA0006",
      "technique": "T1187",
      "mitre_attack": [
       {
        "tactic_id": "TA0006",
        "technique_id": "T1187"
       }
      ],
      "vendor": "CrowdStrike",
      "vendors": [
       "CrowdStrike"
      ],
      "product": "",
      "tags": "",
      "active": true,
      "source_url": "",
      "license_details": {
       "name": "",
       "url": ""
      },
      "outcome": "detection",
      "created_timestamp": "2025-04-23T00:00:00Z",
      "modified_timestamp": "0001-01-01T00:00:00Z"
     },
     {
      "id": "4e705b74-fb72-4fb0-a188-721dba5beee0",
      "name": "CrowdStrike - Identity - Short Lived Active Directory Account",
      "description": "This detection identifies potential malicious activity where a user account is created and subsequently deleted within a short period. \nThreat actors may employ this technique to evade detection and maintain persistence on a compromised system. \nBy rapidly creating and deleting user accounts, attackers can attempt to conceal their malicious activities, making it challenging for security teams to track and respond to the threat.\n",
      "origin": "CrowdStrike",
      "severity": 50,
      "recommended": true,
      "query": "| #repo=\"base_sensor\" \n| #event_simpleName =~ in(values=[\"ActiveDirectoryAccountCreated\",\"ActiveDirectoryAuditUserModified\"])\n| SamAccountName := PerformedOnAccountName\n| SamAccountName := lower(SamAccountName)\n| PerformedOnAccountDomain := splitString(field=AccountDomain, by=\"\\\\.\", index=0)\n| PerformedOnAccountDomain := lower(PerformedOnAccountDomain)\n| selfJoinFilter(field=[PerformedOnAccountDomain,SamAccountName], where=[{#event_simpleName=\"ActiveDirectoryAccountCreated\" SamAccountName=*},{#event_simpleName=\"ActiveDirectoryAuditUserModified\" ActiveDirectoryAuditActionType=\"1\"}])  \n",
      "search_window_start": "-250m",
      "search_window_end": "-10m",
      "schedule": "4h",
      "author": "CrowdStrike",
      "sigma_author": "",
      "category": "",
      "license": "",
      "tactic": "TA0003",
      "technique": "T1136.002",
      "mitre_attack": [
       {
        "tactic_id": "TA0003",
        "technique_id": "T1136.002"
       }
      ],
      "vendor": "CrowdStrike",
      "vendors": [
       "CrowdStrike"
      ],
      "product": "",
      "tags": "",
      "active": true,
      "source_url": "",
      "license_details": {
       "name": "",
       "url": ""
      },
      "outcome": "detection",
      "created_timestamp": "2024-08-23T00:00:00Z",
      "modified_timestamp": "0001-01-01T00:00:00Z"
     },
     {
      "id": "586203ce-3917-400b-a2af-c6208aa7f9b1",
      "name": "CrowdStrike - Endpoint - Short Lived Local Windows Account",
      "description": "This detection identifies potential malicious activity where a user account is created and subsequently deleted within a short period. \nThreat actors may employ this technique to evade detection and maintain persistence on a compromised system.\nBy using short lived accounts, attackers can attempt to conceal their malicious activities, making it challenging for security teams to track and respond to the threat. \n",
      "origin": "CrowdStrike",
      "severity": 50,
      "recommended": true,
      "query": "| #repo=\"base_sensor\" \n| #event_simpleName =~ in(values=[\"UserAccountCreated\",\"UserAccountDeleted\"])\n| UserName := lower(UserName)\n| selfJoinFilter(field=[cid,aid,ComputerName,UserName], where=[{#event_simpleName=\"UserAccountCreated\"},{#event_simpleName=\"UserAccountDeleted\"}], prefilter=\"true\")\n",
      "search_window_start": "-250m",
      "search_window_end": "-10m",
      "schedule": "4h",
      "author": "CrowdStrike",
      "sigma_author": "",
      "category": "",
      "license": "",
      "tactic": "TA0003",
      "technique": "T1136.001",
      "mitre_attack": [
       {
        "tactic_id": "TA0003",
        "technique_id": "T1136.001"
       }
      ],
      "vendor": "CrowdStrike",
      "vendors": [
       "CrowdStrike"
      ],
      "product": "",
      "tags": "",
      "active": true,
      "source_url": "",
      "license_details": {
       "name": "",
       "url": ""
      },
      "outcome": "detection",
      "created_timestamp": "2024-08-23T00:00:00Z",
      "modified_timestamp": "0001-01-01T00:00:00Z"
     },
     {
      "id": "fe348f8d-251d-4c67-9b08-7538ef20477a",
      "name": "CrowdStrike - Endpoint - Suspicious Hostname or IP Location",
      "description": "This rule identifies when the 'AgentOnline' Falcon sensor event gets emitted from a system using a default hostname or located in an unexpected country. Since organizations typically follow specific hostname conventions, Falcon sensors running on systems that deviate from these conventions may indicate potentially suspicious activity. Similarly, organizations usually operate in a defined set of countries, making Falcon sensor activations from unexpected locations potentially suspicious.\nFine-tune the rule based on the specifics of your organization.\n",
      "origin": "CrowdStrike",
      "severity": 30,
      "recommended": true,
      "query": "#repo=\"base_sensor\"\n| #event_simpleName=\"AgentOnline\"\n| case {\n    // Windows common default hostname patterns\n    event_platform=\"Win\" ComputerName=/^(?:win(?:dows)?|laptop|desktop|pc|srv)-\\w+$|\\w+-(?:laptop|desktop|pc)$/i;\n    // MacOS common default hostname patterns\n    event_platform=\"Mac\" ComputerName=/(?:\\w+-i?mac|-\\w+\\.local(domain)?$)/i;\n    // Linux (Ubuntu) default hostname patterns\n    event_platform=\"Lin\" ComputerName=/(^ubuntu-\\w+|-?ubuntu$)/i;\n    // Linux (Red Hat/CentOS) default hostname patterns\n    event_platform=\"Lin\" ComputerName=/\\w+\\.localdomain|(?:rhel|centos)-/i;\n    // Linux (Debian) default hostname patterns\n    event_platform=\"Lin\" ComputerName=/(^debian-\\w+|-?debian$)/i;\n    // Chrome OS\n    event_platform=\"Lin\" ComputerName=/(?:chromebook|chromebox)-/i;\n}\n| ChassisType_decimal := ChassisType \n| match(file=\"falcon/investigate/chassis.csv\", column=ChassisType_decimal, field=ChassisType_decimal, include=ChassisType, strict=false)\n| case {\n    NOT cidr(aip, subnet=[\"10.0.0.0/8\", \"172.16.0.0/12\", \"192.168.0.0/16\"])\n        | ipLocation(aip)\n        | asn(aip);\n    *\n}\n// Fine-tune the rule by using the exclusions that make sense for your environment. Uncomment one or more of the following lines as needed.\n\n// Exclusion based on countries from which Falcon sensors are expected to operate.\n// | aip.country =~ NOT regex(\"^(?:REPLACE1|REPLACE2)$\") // example: aip.country =~ NOT regex(\"^(?:US|CA)$\")\n// Exclusion based on expected hardware model/product name.\n// | SystemProductName =~ NOT in(values=[\"REPLACE\"])\n// Exclusion based on expected computer name pattern.\n// | ComputerName =~ NOT regex(\"REPLACE\", flags=i)\n// Exclusion based on expected IP address network ranges.\n// | aip =~ NOT cidr(subnet=[\"REPLACE\"])\n\n// The following line selects the fields that are useful for detection triage - uncomment when reviewing trigger events.\n// | groupBy([cid, aid, ComputerName, event_platform, aip, aip.country, aip.city, aip.org, SystemProductName, ChassisType, ChasisManufacturer])\n",
      "search_window_start": "-70m",
      "search_window_end": "-10m",
      "schedule": "1h",
      "author": "CrowdStrike",
      "sigma_author": "",
      "category": "",
      "license": "",
      "tactic": "TA0042",
      "technique": "T1587",
      "mitre_attack": [
       {
        "tactic_id": "TA0042",
        "technique_id": "T1587"
       }
      ],
      "vendor": "CrowdStrike",
      "vendors": [
       "CrowdStrike"
      ],
      "product": "",
      "tags": "",
      "active": true,
      "source_url": "",
      "license_details": {
       "name": "",
       "url": ""
      },
      "outcome": "detection",
      "created_timestamp": "2024-11-04T00:00:00Z",
      "modified_timestamp": "0001-01-01T00:00:00Z"
     },
     {
      "id": "8346d646-0e92-4ab8-b667-c28379e0d0a2",
      "name": "CrowdStrike - Endpoint - Sensor Uninstalled",
      "description": "This rule identifies when a AcUninstallConfirmation event is observed, indicating that a sensor has been uninstalled on a host.\n",
      "origin": "CrowdStrike",
      "severity": 10,
      "recommended": true,
      "query": "#repo=base_sensor\n| #event_simpleName=AcUninstallConfirmation name=AcUninstallConfirmation\n",
      "search_window_start": "-70m",
      "search_window_end": "-10m",
      "schedule": "1h",
      "author": "CrowdStrike",
      "sigma_author": "",
      "category": "",
      "license": "",
      "tactic": "TA0005",
      "technique": "T1562.001",
      "mitre_attack": [
       {
        "tactic_id": "TA0005",
        "technique_id": "T1562.001"
       }
      ],
      "vendor": "CrowdStrike",
      "vendors": [
       "CrowdStrike"
      ],
      "product": "",
      "tags": "",
      "active": true,
      "source_url": "",
      "license_details": {
       "name": "",
       "url": ""
      },
      "outcome": "detection",
      "created_timestamp": "2024-10-30T00:00:00Z",
      "modified_timestamp": "2024-10-30T00:00:00Z"
     },
     {
      "id": "c4da649a-8a2b-467c-abad-aa497755d3e3",
      "name": "CrowdStrike - Endpoint - Windows OS Loading of Test Signing Drivers Enabled",
      "description": "This rule identifies when test signing is enabled. This is done via various means and results in a registry change of the BCD hive. The endpoint will need to be rebooted for the changes to take effect.\nTest signing enabled allows unsigned drivers to be loaded by the Windows operating system. Drivers can be used in kernel level attacks and as such the enablement significantly lowers the security posture of the endpoint.\n",
      "origin": "CrowdStrike",
      "severity": 70,
      "recommended": true,
      "query": "#repo=\"base_sensor\" #event_simpleName=\"AssociateIndicator\" event_platform=\"Win\" TemplateInstanceId=20901\n| join(query={#repo=\"base_sensor\" #event_simpleName=\"ProcessRollup2\" event_platform=\"Win\"}, field=TargetProcessId, key=TargetProcessId, include=[ImageFileName, CommandLine, ParentBaseFileName])\n",
      "search_window_start": "-70m",
      "search_window_end": "-10m",
      "schedule": "1h",
      "author": "CrowdStrike",
      "sigma_author": "",
      "category": "",
      "license": "",
      "tactic": "TA0005",
      "technique": "T1562",
      "mitre_attack": [
       {
        "tactic_id": "TA0005",
        "technique_id": "T1562"
       }
      ],
      "vendor": "CrowdStrike",
      "vendors": [
       "CrowdStrike"
      ],
      "product": "",
      "tags": "",
      "active": true,
      "source_url": "",
      "license_details": {
       "name": "",
       "url": ""
      },
      "outcome": "detection",
      "created_timestamp": "2024-11-22T00:00:00Z",
      "modified_timestamp": "0001-01-01T00:00:00Z"
     },
     {
      "id": "cf4a6074-11e7-434c-b36f-29b35b8d3ff6",
      "name": "CrowdStrike - Endpoint - Potential Exploitation of Internet-facing Java Application (Linux)",
      "description": "Identifies possible exploitation where a Java process is accepting remote connection requests via TCP and subsequently spawning suspicious commands or binaries commonly associated with post-exploitation activities. Often Java processes are used to host websites, application servers, and other services that are susceptible to exploitation through vulnerabilities like remote code execution (RCE) or deserialization flaws. Activity matching this rule should be reviewed to assess if the process in question is Internet-facing and whether the command execution pattern deviates from normal application behavior.\nFalse positives are expected since many Java-based applications legitimately use system commands and other binaries for routine operations (e.g., build tools, monitoring agents). Customers should review and whitelist known legitimate activity before activating this template in production.\n",
      "origin": "CrowdStrike",
      "severity": 50,
      "recommended": true,
      "query": "#repo=\"base_sensor\" #event_simpleName=\"NetworkReceiveAcceptIP4\" event_platform=\"Lin\" \n| Protocol=6 ContextBaseFileName=/java/i // Java process accepting remote connection requests via TCP\n| join(\n    query={\n        #repo=\"base_sensor\" #event_simpleName=\"ProcessRollup2\" \n        | event_platform=\"Lin\" ParentBaseFileName=/java/i\n        | case {\n            CommandLine=/(^|;|{|\\s|\\|)(curl|wget)\\s/i // Network transfer tools\n                //Exclusions for group below this line\n                | CommandLine!=/https:\\/\\/truststore\\.pki\\.rds\\.amazonaws\\.com/\n                ;\n            CommandLine=/bash\\s+-i/i; // Interactive shell \n            CommandLine=/(^|;|{|\\s|\\|)(nc|ncat|socat)\\s/i; // Reverse shell\n            CommandLine=/\\/dev\\/tcp\\//i; // Reverse shell using /dev/tcp\n            CommandLine=/(^|;|{|\\s|\\|)(perl|php|python)($|;|}|\u003e|\\s|\\|)/i // Code execution\n                //Exclusions for group below this line\n                | CommandLine!=/python \\/etc\\/hadoop\\//\n                | CommandLine!=/python \\/var\\/run\\/cloudera-scm-agent\\//\n                | CommandLine!=/python \\/opt\\/ibm\\/si\\/services\\//\n                ;\n            CommandLine=/(^|;|{|\\s|\\|)crontab($|;|}|\u003e|\\s|\\|)/i // Persistence via crontab\n                //Exclusions for group below this line\n                | CommandLine!=\"crontab -l\"\n                ;\n            CommandLine=/(^|;|{|\\s|\\|)(service|systemctl)\\s+(enable|start)/i; // Persistence via services\n            CommandLine=/(^|;|{|\\s|\\|)(ssh|scp|rsync)\\s/i; // Lateral movement\n            CommandLine=/(^|;|{|\\s|\\|)(base64|iptables|nslookup)\\s/i; // Other post-exploitation commands \n        }\n    }, \n    field=[aid, ContextProcessId],\n    key=[aid, ParentProcessId],\n    include=[ComputerName, ProcessStartTime, ParentBaseFileName, ImageFileName, CommandLine],\n    limit=200000\n)\n| groupBy(field=[aid, ContextProcessId], function=[collect(fields=[ComputerName, ProcessStartTime, ParentBaseFileName, ImageFileName, CommandLine])])\n// Following lines selects the fields that are useful for detection triage - uncomment when reviewing events\n// | ProcessStartTime := ProcessStartTime * 1000 | ProcessStartTime := formatTime(\"%Y-%m-%d %H:%M:%S\", field=ProcessStartTime)\n// | select([aid, ComputerName, ContextProcessId, ProcessStartTime, ParentBaseFileName, ImageFileName, CommandLine])\n",
      "search_window_start": "-70m",
      "search_window_end": "-10m",
      "schedule": "1h",
      "author": "CrowdStrike",
      "sigma_author": "",
      "category": "",
      "license": "",
      "tactic": "TA0001",
      "technique": "T1190",
      "mitre_attack": [
       {
        "tactic_id": "TA0001",
        "technique_id": "T1190"
       }
      ],
      "vendor": "CrowdStrike",
      "vendors": [
       "CrowdStrike"
      ],
      "product": "",
      "tags": "",
      "active": true,
      "source_url": "",
      "license_details": {
       "name": "",
       "url": ""
      },
      "outcome": "detection",
      "created_timestamp": "2024-12-10T00:00:00Z",
      "modified_timestamp": "0001-01-01T00:00:00Z"
     },
     {
      "id": "df3c24e3-c473-4b3c-8455-d8cb2e850ee3",
      "name": "CrowdStrike - Endpoint - ESX Admins Group Created via PowerShell Cmdlets",
      "description": "An attacker can create an Active Directory group named \"ESX Admins\" to gain privileged access to ESXi infrastructure through the CVE-2024-37085 vulnerability. \nCommon cmdlets that can be used to create the group are: New-ADGroup, New-ADObject.\n",
      "origin": "CrowdStrike",
      "severity": 70,
      "recommended": true,
      "query": "| #repo=\"base_sensor\" #event_simpleName=/ProcessRollup2|CommandHistory/i\n| CommandLine=/ESX\\sAdmins/i or CommandHistory=/ESX\\sAdmins/i\n| case {\n  CommandLine!=* | CommandLine := CommandHistory;\n  *;\n}\n| CommandLine match {\n  /New-ADGroup|New-ADObject/i =\u003e has_cmdlet := 1;\n  * =\u003e has_cmdlet := 0;\n}\n| CommandLine match {\n  /\\\"ESX Admins\\\"/i =\u003e has_group_name := 1;\n  * =\u003e has_group_name := 0;\n}\n| has_cmdlet=1 has_group_name=1\n",
      "search_window_start": "-70m",
      "search_window_end": "-10m",
      "schedule": "1h",
      "author": "CrowdStrike",
      "sigma_author": "",
      "category": "",
      "license": "",
      "tactic": "TA0004",
      "technique": "T1068",
      "mitre_attack": [
       {
        "tactic_id": "TA0004",
        "technique_id": "T1068"
       }
      ],
      "vendor": "CrowdStrike",
      "vendors": [
       "CrowdStrike"
      ],
      "product": "",
      "tags": "",
      "active": true,
      "source_url": "",
      "license_details": {
       "name": "",
       "url": ""
      },
      "outcome": "detection",
      "created_timestamp": "2024-08-13T00:00:00Z",
      "modified_timestamp": "2024-12-10T00:00:00Z"
     },
     {
      "id": "cfca2208-c26a-4a65-aec5-a3ca75c4c70c",
      "name": "CrowdStrike - Endpoint - Exfiltration to File Sharing Services during Interactive RDP Session",
      "description": "Detects potential security breaches where an unauthorized user, either an external attacker or an insider with malicious intent, uses stolen or compromised Remote Desktop Protocol (RDP) login credentials to access a Windows system and then attempts to secretly transfer sensitive data to file sharing services.\n",
      "origin": "CrowdStrike",
      "severity": 50,
      "recommended": true,
      "query": "#repo=\"base_sensor\"\n| in(#event_simpleName, values=[\"DnsRequest\", \"UserLogon\", \"RarFileWritten\", \"ZipFileWritten\", \"SevenZipFileWritten\", \"GzipFileWritten\", \"TarFileWritten\", \"BZip2FileWritten\", \"CabFileWritten\"])\n| event_platform=\"Win\"\n| case {\n    // Successful RDP Authentication\n    #event_simpleName=\"UserLogon\"  LogonType=10 RemoteAccount=1 | targetHost := LocalIP | internalHost := RemoteAddressIP4 | successRDPTime := @timestamp | successRDP := \"true\" | rdpConn := format(\"[rdp] %s -\u003e %s\", field=[internalHost, targetHost]) ;\n    // User archives files using various tools\"\n    in(#event_simpleName, values=[\"RarFileWritten\", \"ZipFileWritten\", \"SevenZipFileWritten\", \"GzipFileWritten\", \"TarFileWritten\", \"BZip2FileWritten\", \"CabFileWritten\"]) | ContextBaseFileName=/(WinRAR|7zG|powershell|tar)\\.exe$/i | targetHost := LocalIP | archiveTool := ContextBaseFileName | successArchiveTime := @timestamp | successArchive := \"true\" ;\n    // User reaches to remote file sharing services\n    #event_simpleName=\"DnsRequest\" DomainName=/(mystuff\\.bublup\\.com|pastebin\\.com|content\\.dropboxapi\\.com|dropbox\\.com|wetransfer\\.com|anonfile\\.net|sendspace\\.com|temp\\.sh|api\\.mega\\.co\\.nz|myairbridge\\.cloud)$/i | targetHost := LocalIP | exfilTool := ContextBaseFileName | successExfilTime := @timestamp | successExfil := \"true\";\n}\n| selfJoinFilter(field=[aid, targetHost],\n    where=[\n        { successRDP = \"true\" },\n        { successArchive = \"true\" },\n        { successExfil = \"true\" }\n    ],\n    prefilter=true\n)\n| successRDPTimef := formatTime(\"%Y/%m/%d %H:%M:%S\", field=successRDPTime)\n| successArchiveTimef := formatTime(\"%Y/%m/%d %H:%M:%S\", field=successArchiveTime)\n| successExfilTimef := formatTime(\"%Y/%m/%d %H:%M:%S\", field=successExfilTime)\n| groupBy([aid, targetHost], \n    function=[\n        session(\n            [\n                collect([rdpConn, successRDPTimef, UserName, UserPrincipal, archiveTool, TargetFileName, successArchiveTimef, exfilTool, DomainName, successExfilTimef]),\n                count(#event_simpleName, distinct=true, as=\"_distinctEvtCnt\"),\n                count(DomainName, distinct=true, as=\"_distinctDomainCnt\"),\n                count(rdpConn, distinct=true, as=\"_distinctLateralMovementCnt\"),\n                count(exfilTool, distinct=true, as=\"_distinctExfilToolCnt\"),\n                count(archiveTool, distinct=true, as=\"_distinctArchiveToolCnt\"),\n                min(successRDPTime, as=\"_minSuccessRDPTime\"),\n                min(successArchiveTime, as=\"_minSuccessArchiveTime\"),\n                min(successExfilTime, as=\"_minSuccessExfilTime\")\n            ],\n            maxpause=30m\n        )\n    ]\n)\n| _distinctEvtCnt\u003e=3 _distinctDomainCnt\u003e=1 _distinctLateralMovementCnt \u003e= 1 _distinctExfilToolCnt \u003e= 1 _distinctArchiveToolCnt \u003e= 1\n| test(_minSuccessRDPTime \u003c _minSuccessArchiveTime)\n| test(_minSuccessArchiveTime \u003c _minSuccessExfilTime)\n| test(_minSuccessRDPTime \u003c _minSuccessExfilTime)\n| formatDuration(_duration, precision=3, as=\"sessionDuration\")\n// transform in hours\n| sessionDurationh := _duration/(1000*60*60)\n// supplementary filter for assumtion that the attacker session takes max 2 hours, in which he searches what to exfiltrate after successful login.\n| sessionDurationh\u003e0 sessionDurationh\u003c2\n| drop([_distinctEvtCount, aid, _duration, @timestamp, _distinctDomainCnt, _distinctEvtCnt, _distinctLateralMovementCnt,_distinctExfilToolCnt, _distinctArchiveToolCnt, sessionDurationh, _minSuccessRDPTime, _minSuccessArchiveTime, _minSuccessExfilTime])\n",
      "search_window_start": "-70m",
      "search_window_end": "-10m",
      "schedule": "1h",
      "author": "CrowdStrike",
      "sigma_author": "",
      "category": "",
      "license": "",
      "tactic": "TA0010",
      "technique": "T1567.002",
      "mitre_attack": [
       {
        "tactic_id": "TA0010",
        "technique_id": "T1567.002"
       }
      ],
      "vendor": "CrowdStrike",
      "vendors": [
       "CrowdStrike"
      ],
      "product": "",
      "tags": "",
      "active": true,
      "source_url": "",
      "license_details": {
       "name": "",
       "url": ""
      },
      "outcome": "detection",
      "created_timestamp": "2024-11-06T00:00:00Z",
      "modified_timestamp": "0001-01-01T00:00:00Z"
     },
     {
      "id": "bbbc921c-0b8b-4951-ac5c-15bb5761a1a3",
      "name": "CrowdStrike - Endpoint - Exfiltration via SSH during Interactive RDP Session",
      "description": "Detects potential security breaches where an unauthorized user, either an external attacker or an insider with malicious intent, uses stolen or compromised Remote Desktop Protocol (RDP) login credentials to access a Windows system and then attempts to secretly transfer sensitive data through an SSH connection.\n",
      "origin": "CrowdStrike",
      "severity": 30,
      "recommended": true,
      "query": "#repo=\"base_sensor\"\n| in(#event_simpleName, values=[\"NetworkConnectIP4\", \"UserLogon\"])\n| case {\n    // Successful RDP/SSH Authentication\n    #event_simpleName=\"UserLogon\" LogonType=/^(10|3)$/ RemoteAccount=1 | internalHost := LocalIP | successAuthTime := @timestamp | successRDP := \"true\" | rdpConn := format(\"[rdp] %s -\u003e %s\", field=[RemoteAddressIP4, internalHost]);\n    // User reaches to public IP via SSH protocol\n    // Maching on ContextBaseFileName provides weak correlation, as the aversary can use a custom binary, not only ssh, scp, or WinSCP\n    #event_simpleName=\"NetworkConnectIP4\" RemotePort=22 ConnectionDirection=0 | cidr(LocalIP, subnet=[\"10.0.0.0/8\", \"172.16.0.0/12\", \"192.168.0.0/16\"]) | NOT cidr(RemoteAddressIP4, subnet=[\"224.0.0.0/4\", \"10.0.0.0/8\", \"172.16.0.0/12\", \"192.168.0.0/16\", \"127.0.0.0/8\", \"169.254.0.0/16\", \"0.0.0.0/32\"]) | internalHost := LocalIP | externalHost := RemoteAddressIP4 | exfilTool := ContextBaseFileName | successExfilTime := @timestamp | successExfil := \"true\" | ipLocation(externalHost) | asn(externalHost) | scpConn := format(\"[scp] %s -\u003e %s [%s - %s - %s - %s]\", field=[internalHost, externalHost, externalHost.org, externalHost.country, externalHost.state, externalHost.city]) ;\n}\n| selfJoinFilter(field=[aid, internalHost],\n    where=[\n        { successRDP=\"true\" },\n        { successExfil=\"true\" }\n    ],\n    prefilter=true\n)\n| successAuthTimef := formatTime(\"%Y/%m/%d %H:%M:%S\", field=successAuthTime)\n| successExfilTimef := formatTime(\"%Y/%m/%d %H:%M:%S\", field=successExfilTime)\n| groupBy([internalHost, aid],\n    function=[\n        session(\n        [\n            collect([UserName, UserPrincipal, rdpConn, successAuthTimef, exfilTool, scpConn, successExfilTimef]),\n            count(#event_simpleName, as=\"distinctEvtCount\", distinct=true),\n            count(externalHost, as=\"extHostCount\", distinct=true),\n            min(successAuthTime, as=\"_minSuccessAuthTime\"),\n            min(successExfilTime, as=\"_minSuccessExfilTime\")\n        ],\n        maxpause=30m\n        )\n    ]\n)\n| distinctEvtCount\u003e=2 extHostCount\u003e=1\n| test(_minSuccessAuthTime \u003c _minSuccessExfilTime)\n| formatDuration(_duration, precision=3, as=\"sessionDuration\")\n// transform in hours\n| sessionDurationh := _duration/(1000*60*60)\n// supplementary filter for assumtion that the attacker session takes max 2 hours, in which he searches what to exfiltrate after successful login.\n| sessionDurationh\u003e0 sessionDurationh\u003c2\n| drop([distinctEvtCount, _duration, aid, sessionDurationh, extHostCount, _minSuccessAuthTime, _minSuccessExfilTime])\n",
      "search_window_start": "-70m",
      "search_window_end": "-10m",
      "schedule": "1h",
      "author": "CrowdStrike",
      "sigma_author": "",
      "category": "",
      "license": "",
      "tactic": "TA0010",
      "technique": "T1048.001",
      "mitre_attack": [
       {
        "tactic_id": "TA0010",
        "technique_id": "T1048.001"
       }
      ],
      "vendor": "CrowdStrike",
      "vendors": [
       "CrowdStrike"
      ],
      "product": "",
      "tags": "",
      "active": true,
      "source_url": "",
      "license_details": {
       "name": "",
       "url": ""
      },
      "outcome": "detection",
      "created_timestamp": "2024-11-05T00:00:00Z",
      "modified_timestamp": "0001-01-01T00:00:00Z"
     },
     {
      "id": "05dd6d51-d213-44d1-9bf2-badc540dbd47",
      "name": "CrowdStrike - Endpoint - DNS Request For Online File Sharing Site From Unusual Image File Name",
      "description": "If the process making a DNS request to common online file sharing services is not a browser or application name ordinarily associated with the request being made then this may be considered suspicious activity that warrants an investigation.\n",
      "origin": "CrowdStrike",
      "severity": 30,
      "recommended": true,
      "query": "#repo=\"base_sensor\" event_platform=\"Win\"\n(\n    ( #event_simpleName=\"DnsRequest\" DomainName=/(mystuff\\.bublup\\.com|pastebin\\.com|content\\.dropboxapi\\.com|dropbox\\.com|wetransfer\\.com|anonfile\\.net|sendspace\\.com|temp\\.sh|api\\.mega\\.co\\.nz|myairbridge\\.cloud)/i ) OR\n    ( #event_simpleName=\"ProcessRollup2\" ImageFileName!=/(chrome|msedge|firefox|brave|dropbox|remoting_host|browsercore32|hxtsr|zsatunnel|svchost)\\.exe$/i )\n)\n\n| case {\n    #event_simpleName=\"DnsRequest\" ContextBaseFileName!=/(chrome|msedge|firefox|brave|dropbox|remoting_host|browsercore32|hxtsr|zsatunnel|svchost)\\.exe$/i DomainName=/(mystuff\\.bublup\\.com|pastebin\\.com|content\\.dropboxapi\\.com|dropbox\\.com|wetransfer\\.com|anonfile\\.net|sendspace\\.com|temp\\.sh|api\\.mega\\.co\\.nz|myairbridge\\.cloud)/i | falconPID := ContextProcessId ;\n    #event_simpleName=\"ProcessRollup2\" ImageFileName!=/(chrome|msedge|firefox|brave|dropbox|remoting_host|browsercore32|hxtsr|zsatunnel|svchost)\\.exe$/i | falconPID := TargetProcessId ;\n}\n| selfJoinFilter(field=[aid, falconPID],\n    where=[ \n        { #event_simpleName=\"DnsRequest\" DomainName=/(mystuff\\.bublup\\.com|pastebin\\.com|content\\.dropboxapi\\.com|dropbox\\.com|wetransfer\\.com|anonfile\\.net|sendspace\\.com|temp\\.sh|api\\.mega\\.co\\.nz|myairbridge\\.cloud)/i },\n        { #event_simpleName=\"ProcessRollup2\" ImageFileName!=/(chrome|msedge|firefox|brave|dropbox|remoting_host|browsercore32|hxtsr|zsatunnel|svchost)\\.exe$/i }\n    ], prefilter=true\n)\n| _timestamp := formatTime(\"%Y/%m/%d %H:%M:%S\", field=@timestamp)\n| _procTree := if(regex(\".*\", field=ParentBaseFileName), then=format(\"%s\\n\\t└\u003e %s (%s)\", field=[ParentBaseFileName, FileName, RawProcessId]), else=\"\")\n| groupBy([aid, ComputerName], function=[\n    collect([LocalIP, UserName, _procTree, _timestamp, DomainName]),\n    count(#event_simpleName, distinct=True, as=\"distinctEvtCnt\")\n])\n| distinctEvtCnt \u003e= 2\n| drop(distinctEvtCnt)\n",
      "search_window_start": "-70m",
      "search_window_end": "-10m",
      "schedule": "1h",
      "author": "CrowdStrike",
      "sigma_author": "",
      "category": "",
      "license": "",
      "tactic": "TA0010",
      "technique": "T1567.002",
      "mitre_attack": [
       {
        "tactic_id": "TA0010",
        "technique_id": "T1567.002"
       }
      ],
      "vendor": "CrowdStrike",
      "vendors": [
       "CrowdStrike"
      ],
      "product": "",
      "tags": "",
      "active": true,
      "source_url": "",
      "license_details": {
       "name": "",
       "url": ""
      },
      "outcome": "detection",
      "created_timestamp": "2022-08-22T00:00:00Z",
      "modified_timestamp": "2022-11-25T00:00:00Z"
     }
    ]
   }