{
    "meta": {
     "query_time": 0.01110392,
     "powered_by": "svc-cscrrulestemplates",
     "trace_id": "e7c11409895b60f434e2e5b91884239a"
    },
    "errors": [],
    "resources": [
     {
      "id": "a4ba102a-d164-4fd5-b9ac-79bb287e1fae",
      "name": "Generic - Web - HTTP Request With a Suspicious User Agent",
      "description": "This rule identifies a web request that was made with a suspicious user agent. \nIt focuses on detecting user agents commonly associated with Scripting activities, Cryptocurrency mining operations, Obfuscation techniques and other potentially malicious or unauthorized automated activities\n",
      "origin": "CrowdStrike",
      "severity": 50,
      "recommended": true,
      "query": "#Vendor=\"akamai\" OR #Vendor=\"aws\" OR #Vendor=\"cisco\" OR #Vendor=\"cloudflare\" OR #Vendor=\"corelight\" OR #Vendor=\"extrahop\" OR #Vendor=\"f5networks\" OR #Vendor=\"fortinet\" OR #Vendor=\"microsoft\" OR #Vendor=\"netskope\" OR #Vendor=\"okta\" OR #Vendor=\"paloalto\" OR #Vendor=\"proofpoint\" OR #Vendor=\"zscaler\"\n| #event.kind=\"event\"\n| match(file=\"falcon/ngsiem-content/suspicious_user_agents.csv\",field=user_agent.original,column=user_agent.original)\n// Exclude domains which are known vulnerability scanners or may cause false positives\n//| url.original =~ !in(values=[\"www.bing.com\", \"cloud.tenable.com\"])\n",
      "search_window_start": "-70m",
      "search_window_end": "-10m",
      "schedule": "1h",
      "author": "CrowdStrike",
      "sigma_author": "",
      "category": "",
      "license": "",
      "tactic": "TA0011",
      "technique": "T1071.001",
      "mitre_attack": [
       {
        "tactic_id": "TA0011",
        "technique_id": "T1071.001"
       }
      ],
      "vendor": "Cloudflare",
      "vendors": [
       "Akamai",
       "AWS",
       "Cisco",
       "Cloudflare",
       "Corelight",
       "ExtraHop",
       "F5",
       "Fortinet",
       "Microsoft",
       "Netskope",
       "Okta",
       "Palo Alto Networks",
       "Proofpoint",
       "Zscaler"
      ],
      "product": "",
      "tags": "",
      "active": true,
      "source_url": "",
      "license_details": {
       "name": "",
       "url": ""
      },
      "outcome": "detection",
      "created_timestamp": "2025-02-02T00:00:00Z",
      "modified_timestamp": "0001-01-01T00:00:00Z"
     }
    ]
   }