{
    "meta": {
     "query_time": 0.078691053,
     "powered_by": "svc-cscrrulestemplates",
     "trace_id": "d7471b83e30e01f5328c60262e61d5d7"
    },
    "errors": [],
    "resources": [
     {
      "id": "fe513c69-734c-4d4a-8548-ac5f609be82b",
      "name": "Google - Cloud Audit - Google Cloud Firewall Modified or Deleted - Sigma",
      "description": "Detects  when a firewall rule is modified or deleted in Google Cloud Platform (GCP).\n",
      "origin": "SigmaHQ",
      "severity": 50,
      "recommended": true,
      "query": "#repo=\"3pi_google_cloud_audit_logs\" #Vendor=\"google\" #event.module=\"cloud\" Vendor.protoPayload.methodName=/^v.*\\.Compute\\.Firewalls\\.Delete$/i OR Vendor.protoPayload.methodName=/^v.*\\.Compute\\.Firewalls\\.Patch$/i OR Vendor.protoPayload.methodName=/^v.*\\.Compute\\.Firewalls\\.Update$/i OR Vendor.protoPayload.methodName=/^v.*\\.Compute\\.Firewalls\\.Insert$/i\n",
      "search_window_start": "-70m",
      "search_window_end": "-10m",
      "schedule": "1h",
      "author": "Austin Songer @austinsonger",
      "sigma_author": "",
      "category": "",
      "license": "",
      "tactic": "TA0005",
      "technique": "T1562",
      "mitre_attack": [
       {
        "tactic_id": "TA0005",
        "technique_id": "T1562"
       }
      ],
      "vendor": "Google",
      "vendors": [
       "Google"
      ],
      "product": "",
      "tags": "",
      "active": true,
      "source_url": "https://github.com/SigmaHQ/sigma/blob/master/rules/cloud/gcp/audit/gcp_firewall_rule_modified_or_deleted.yml",
      "license_details": {
       "name": "DRL",
       "url": "https://github.com/SigmaHQ/Detection-Rule-License"
      },
      "outcome": "detection",
      "created_timestamp": "2021-08-13T00:00:00Z",
      "modified_timestamp": "2022-10-09T00:00:00Z"
     },
     {
      "id": "980a7598-1e7f-4962-9372-2d754c930d0e",
      "name": "Google - Cloud Audit - Google Full Network Traffic Packet Capture - Sigma",
      "description": "Identifies potential full network packet capture in gcp. This feature can potentially be abused to read sensitive data from unencrypted internal traffic.\n",
      "origin": "SigmaHQ",
      "severity": 50,
      "recommended": true,
      "query": "#repo=\"3pi_google_cloud_audit_logs\" #Vendor=\"google\" #event.module=\"cloud\" Vendor.protoPayload.methodName=/^v.*\\.Compute\\.PacketMirrorings\\.Get$/i OR Vendor.protoPayload.methodName=/^v.*\\.Compute\\.PacketMirrorings\\.Delete$/i OR Vendor.protoPayload.methodName=/^v.*\\.Compute\\.PacketMirrorings\\.Insert$/i OR Vendor.protoPayload.methodName=/^v.*\\.Compute\\.PacketMirrorings\\.Patch$/i OR Vendor.protoPayload.methodName=/^v.*\\.Compute\\.PacketMirrorings\\.List$/i OR Vendor.protoPayload.methodName=/^v.*\\.Compute\\.PacketMirrorings\\.aggregatedList$/i\n",
      "search_window_start": "-70m",
      "search_window_end": "-10m",
      "schedule": "1h",
      "author": "Austin Songer @austinsonger",
      "sigma_author": "",
      "category": "",
      "license": "",
      "tactic": "TA0009",
      "technique": "T1074",
      "mitre_attack": [
       {
        "tactic_id": "TA0009",
        "technique_id": "T1074"
       }
      ],
      "vendor": "Google",
      "vendors": [
       "Google"
      ],
      "product": "",
      "tags": "",
      "active": true,
      "source_url": "https://github.com/SigmaHQ/sigma/blob/master/rules/cloud/gcp/audit/gcp_full_network_traffic_packet_capture.yml",
      "license_details": {
       "name": "DRL",
       "url": "https://github.com/SigmaHQ/Detection-Rule-License"
      },
      "outcome": "detection",
      "created_timestamp": "2021-08-13T00:00:00Z",
      "modified_timestamp": "2022-10-09T00:00:00Z"
     },
     {
      "id": "6ad91e31-53df-4826-bd27-0166171c8040",
      "name": "Google - Cloud Audit - Google Cloud Kubernetes Admission Controller - Sigma",
      "description": "Identifies when an admission controller is executed in GCP Kubernetes.\nA Kubernetes Admission controller intercepts, and possibly modifies, requests to the Kubernetes API server.\nThe behavior of this admission controller is determined by an admission webhook (MutatingAdmissionWebhook or ValidatingAdmissionWebhook) that the user deploys in the cluster.\nAn adversary can use such webhooks as the MutatingAdmissionWebhook for obtaining persistence in the cluster.\nFor example, attackers can intercept and modify the pod creation operations in the cluster and add their malicious container to every created pod. An adversary can use the webhook ValidatingAdmissionWebhook, which could be used to obtain access credentials.\nAn adversary could use the webhook to intercept the requests to the API server, record secrets, and other sensitive information.\n",
      "origin": "SigmaHQ",
      "severity": 50,
      "recommended": true,
      "query": "#repo=\"3pi_google_cloud_audit_logs\" #Vendor=\"google\" #event.module=\"cloud\" Vendor.protoPayload.methodName=/^admissionregistration\\.k8s\\.io\\.v/i Vendor.protoPayload.methodName=/\\.mutatingwebhookconfigurations\\./i OR Vendor.protoPayload.methodName=/\\.validatingwebhookconfigurations\\./i Vendor.protoPayload.methodName=/create$/i OR Vendor.protoPayload.methodName=/patch$/i OR Vendor.protoPayload.methodName=/replace$/i\n",
      "search_window_start": "-70m",
      "search_window_end": "-10m",
      "schedule": "1h",
      "author": "Austin Songer @austinsonger",
      "sigma_author": "",
      "category": "",
      "license": "",
      "tactic": "TA0003",
      "technique": "T1078",
      "mitre_attack": [
       {
        "tactic_id": "TA0003",
        "technique_id": "T1078"
       }
      ],
      "vendor": "Google",
      "vendors": [
       "Google"
      ],
      "product": "",
      "tags": "",
      "active": true,
      "source_url": "https://github.com/SigmaHQ/sigma/blob/master/rules/cloud/gcp/audit/gcp_kubernetes_admission_controller.yml",
      "license_details": {
       "name": "DRL",
       "url": "https://github.com/SigmaHQ/Detection-Rule-License"
      },
      "outcome": "detection",
      "created_timestamp": "2021-11-25T00:00:00Z",
      "modified_timestamp": "2022-12-18T00:00:00Z"
     },
     {
      "id": "ee2803f0-71c8-4831-b48b-a1fc57601ee4",
      "name": "Google - Workspace - Google Workspace Application Removed - Sigma",
      "description": "Detects when an an application is removed from Google Workspace.\n",
      "origin": "SigmaHQ",
      "severity": 50,
      "recommended": true,
      "query": "#repo=\"3pi_google_workspace_logs\" #Vendor=\"google\" #event.module=\"workspace\" Vendor.protoPayload.serviceName=/^admin\\.googleapis\\.com$/i \"Vendor.protoPayload.metadata.event[0].eventName\"=/^REMOVE_APPLICATION$/i OR \"Vendor.protoPayload.metadata.event[0].eventName\"=/^REMOVE_APPLICATION_FROM_WHITELIST$/i\n",
      "search_window_start": "-70m",
      "search_window_end": "-10m",
      "schedule": "1h",
      "author": "Austin Songer",
      "sigma_author": "",
      "category": "",
      "license": "",
      "tactic": "TA0005",
      "technique": "T1578.005",
      "mitre_attack": [
       {
        "tactic_id": "TA0005",
        "technique_id": "T1578.005"
       }
      ],
      "vendor": "Google",
      "vendors": [
       "Google"
      ],
      "product": "",
      "tags": "",
      "active": true,
      "source_url": "https://github.com/SigmaHQ/sigma/blob/master/rules/cloud/gcp/gworkspace/gcp_gworkspace_application_removed.yml",
      "license_details": {
       "name": "DRL",
       "url": "https://github.com/SigmaHQ/Detection-Rule-License"
      },
      "outcome": "detection",
      "created_timestamp": "2021-08-26T00:00:00Z",
      "modified_timestamp": "2023-10-11T00:00:00Z"
     },
     {
      "id": "81bfb87b-ff47-4b00-9f98-ed61fedf376c",
      "name": "Google - Cloud Audit - Pub/Sub Subscription Deleted",
      "description": "This rule detects the deletion of a Google Cloud Pub/Sub subscription. This activity could indicate unauthorized removal of data pipelines or potential disruption to messaging services. Monitor for unexpected subscription deletions to ensure data continuity and prevent service interruptions.\n",
      "origin": "CrowdStrike",
      "severity": 30,
      "recommended": true,
      "query": "#Vendor=\"google\" #event.module=\"gcp\" #event.dataset=\"gcp.audit\" \n| #event.kind=\"event\" #event.outcome=\"success\"\n| service.name=\"pubsub.googleapis.com\"\n| event.action=\"DeleteSubscription\"\n",
      "search_window_start": "-70m",
      "search_window_end": "-10m",
      "schedule": "1h",
      "author": "CrowdStrike",
      "sigma_author": "",
      "category": "",
      "license": "",
      "tactic": "TA0005",
      "technique": "T1562",
      "mitre_attack": [
       {
        "tactic_id": "TA0005",
        "technique_id": "T1562"
       }
      ],
      "vendor": "Google",
      "vendors": [
       "Google"
      ],
      "product": "",
      "tags": "",
      "active": true,
      "source_url": "",
      "license_details": {
       "name": "",
       "url": ""
      },
      "outcome": "detection",
      "created_timestamp": "2025-03-07T00:00:00Z",
      "modified_timestamp": "0001-01-01T00:00:00Z"
     },
     {
      "id": "b0dc8654-bf37-4988-8513-2b9541afbb3e",
      "name": "Google - Cloud Audit - Pub/Sub Topic Created",
      "description": "This rule detects the creation of a new Google Cloud Pub/Sub topic. Pub/Sub topics are messaging channels that can be used for data streaming and event-driven architectures. While creating topics is a normal operation, unauthorized or unexpected topic creation could indicate potential misuse or compromise of cloud resources.\n",
      "origin": "CrowdStrike",
      "severity": 30,
      "recommended": true,
      "query": "#Vendor=\"google\" #event.module=\"gcp\" #event.dataset=\"gcp.audit\" \n| #event.kind=\"event\" #event.outcome=\"success\"\n| service.name=\"pubsub.googleapis.com\"\n| event.action=\"CreateTopic\"\n",
      "search_window_start": "-70m",
      "search_window_end": "-10m",
      "schedule": "1h",
      "author": "CrowdStrike",
      "sigma_author": "",
      "category": "",
      "license": "",
      "tactic": "TA0009",
      "technique": "T1530",
      "mitre_attack": [
       {
        "tactic_id": "TA0009",
        "technique_id": "T1530"
       }
      ],
      "vendor": "Google",
      "vendors": [
       "Google"
      ],
      "product": "",
      "tags": "",
      "active": true,
      "source_url": "",
      "license_details": {
       "name": "",
       "url": ""
      },
      "outcome": "detection",
      "created_timestamp": "2025-03-07T00:00:00Z",
      "modified_timestamp": "0001-01-01T00:00:00Z"
     },
     {
      "id": "e99269ee-7ae8-4efe-a6e9-cac862fb960a",
      "name": "Google - Cloud Audit - App Engine Firewall Rule Created",
      "description": "This alert detects when a new App Engine firewall rule is created in Google Cloud Platform. Creating new firewall rules could potentially introduce security risks if not properly configured.\n",
      "origin": "CrowdStrike",
      "severity": 50,
      "recommended": true,
      "query": "#Vendor=\"google\" #event.module=\"gcp\"\n| #event.kind=\"event\" #event.outcome=\"success\"\n| service.name=\"appengine.googleapis.com\"  \n| event.action=\"CreateIngressRule\" \n| Vendor.protoPayload.methodName=/firewall/i\n",
      "search_window_start": "-70m",
      "search_window_end": "-10m",
      "schedule": "1h",
      "author": "CrowdStrike",
      "sigma_author": "",
      "category": "",
      "license": "",
      "tactic": "TA0005",
      "technique": "T1562",
      "mitre_attack": [
       {
        "tactic_id": "TA0005",
        "technique_id": "T1562"
       }
      ],
      "vendor": "Google",
      "vendors": [
       "Google"
      ],
      "product": "",
      "tags": "",
      "active": true,
      "source_url": "",
      "license_details": {
       "name": "",
       "url": ""
      },
      "outcome": "detection",
      "created_timestamp": "2025-03-14T00:00:00Z",
      "modified_timestamp": "0001-01-01T00:00:00Z"
     },
     {
      "id": "9d864f54-7e29-49ee-b483-7a19a9c7b412",
      "name": "Google - Cloud Audit - App Engine Firewall Rule Deleted",
      "description": "This rule identifies when a firewall rule for Google App Engine is deleted. Deleting firewall rules could potentially expose applications to unauthorized access or attacks. Monitor these events to ensure changes align with approved security policies and change management processes.\n",
      "origin": "CrowdStrike",
      "severity": 50,
      "recommended": true,
      "query": "#Vendor=\"google\" #event.module=\"gcp\"\n| #event.kind=\"event\" #event.outcome=\"success\"\n| service.name=\"appengine.googleapis.com\"  \n| event.action=\"DeleteIngressRule\" \n| Vendor.protoPayload.methodName=/firewall/i\n",
      "search_window_start": "-70m",
      "search_window_end": "-10m",
      "schedule": "1h",
      "author": "CrowdStrike",
      "sigma_author": "",
      "category": "",
      "license": "",
      "tactic": "TA0005",
      "technique": "T1562",
      "mitre_attack": [
       {
        "tactic_id": "TA0005",
        "technique_id": "T1562"
       }
      ],
      "vendor": "Google",
      "vendors": [
       "Google"
      ],
      "product": "",
      "tags": "",
      "active": true,
      "source_url": "",
      "license_details": {
       "name": "",
       "url": ""
      },
      "outcome": "detection",
      "created_timestamp": "2025-03-14T00:00:00Z",
      "modified_timestamp": "0001-01-01T00:00:00Z"
     },
     {
      "id": "27109113-f282-474f-a4ae-2e5d6df52ac0",
      "name": "Google - Cloud Audit - App Engine Firewall Rule Modified",
      "description": "This rule detects the modification of an App Engine firewall rule in Google Cloud Platform. Firewall rule modifications could potentially expose services to unauthorized access if not properly configured. Monitor these events to ensure changes align with security policies and best practices.\n",
      "origin": "CrowdStrike",
      "severity": 50,
      "recommended": true,
      "query": "#Vendor=\"google\" #event.module=\"gcp\"\n| #event.kind=\"event\" #event.outcome=\"success\"\n| service.name=\"appengine.googleapis.com\"  \n| event.action=\"UpdateIngressRule\" \n| Vendor.protoPayload.methodName=/firewall/i\n",
      "search_window_start": "-70m",
      "search_window_end": "-10m",
      "schedule": "1h",
      "author": "CrowdStrike",
      "sigma_author": "",
      "category": "",
      "license": "",
      "tactic": "TA0005",
      "technique": "T1562",
      "mitre_attack": [
       {
        "tactic_id": "TA0005",
        "technique_id": "T1562"
       }
      ],
      "vendor": "Google",
      "vendors": [
       "Google"
      ],
      "product": "",
      "tags": "",
      "active": true,
      "source_url": "",
      "license_details": {
       "name": "",
       "url": ""
      },
      "outcome": "detection",
      "created_timestamp": "2025-03-14T00:00:00Z",
      "modified_timestamp": "0001-01-01T00:00:00Z"
     },
     {
      "id": "452f805c-2522-4393-aa65-aacd16c89821",
      "name": "Google - Cloud Audit - Logging Bucket Deleted",
      "description": "This detection identifies when a Google Cloud Logging bucket is deleted. Adversaries may delete logging buckets to cover their tracks or to remove evidence of their activities. Monitor these events closely to ensure they align with intended security policies and access controls.\n",
      "origin": "CrowdStrike",
      "severity": 50,
      "recommended": true,
      "query": "#Vendor=\"google\" #event.module=\"gcp\" \n| #event.kind=\"event\" #event.outcome=\"success\"\n| service.name=\"logging.googleapis.com\"\n| event.action=\"DeleteBucket\"\n",
      "search_window_start": "-70m",
      "search_window_end": "-10m",
      "schedule": "1h",
      "author": "CrowdStrike",
      "sigma_author": "",
      "category": "",
      "license": "",
      "tactic": "TA0005",
      "technique": "T1562.008",
      "mitre_attack": [
       {
        "tactic_id": "TA0005",
        "technique_id": "T1562.008"
       }
      ],
      "vendor": "Google",
      "vendors": [
       "Google"
      ],
      "product": "",
      "tags": "",
      "active": true,
      "source_url": "",
      "license_details": {
       "name": "",
       "url": ""
      },
      "outcome": "detection",
      "created_timestamp": "2025-03-18T00:00:00Z",
      "modified_timestamp": "0001-01-01T00:00:00Z"
     },
     {
      "id": "2d5bf206-3498-405a-a1e6-39b10e4d4bdb",
      "name": "Google - Cloud Audit - VPC Network Deleted",
      "description": "This rule detects the deletion of a Virtual Private Cloud (VPC) network in Google Cloud Platform (GCP). VPC network deletions can significantly impact cloud infrastructure and should be monitored closely for unauthorized or unintended actions. \n",
      "origin": "CrowdStrike",
      "severity": 50,
      "recommended": true,
      "query": "#Vendor=\"google\" #event.dataset=\"gcp.audit\" \n| #event.kind=\"event\" #event.outcome=\"success\"\n| service.name=\"compute.googleapis.com\"\n| event.action=\"delete\"\n| Vendor.protoPayload.methodName=/compute\\.networks\\.delete/\n",
      "search_window_start": "-70m",
      "search_window_end": "-10m",
      "schedule": "1h",
      "author": "CrowdStrike",
      "sigma_author": "",
      "category": "",
      "license": "",
      "tactic": "TA0005",
      "technique": "T1578",
      "mitre_attack": [
       {
        "tactic_id": "TA0005",
        "technique_id": "T1578"
       }
      ],
      "vendor": "Google",
      "vendors": [
       "Google"
      ],
      "product": "",
      "tags": "",
      "active": true,
      "source_url": "",
      "license_details": {
       "name": "",
       "url": ""
      },
      "outcome": "detection",
      "created_timestamp": "2025-03-19T00:00:00Z",
      "modified_timestamp": "0001-01-01T00:00:00Z"
     },
     {
      "id": "9ea67654-2742-49ab-83c2-c82b056ceb8d",
      "name": "Google - Cloud Audit - VPC Network Route Created",
      "description": "This rule detects when a VPC network route is created in Google Cloud Platform. This may indicate an attempt to modify network traffic flows or enable network-based attacks. Monitoring for unexpected route changes can help identify potential security risks or misconfigurations in cloud infrastructure.\n",
      "origin": "CrowdStrike",
      "severity": 30,
      "recommended": true,
      "query": "#Vendor=\"google\" #event.dataset=\"gcp.audit\" \n| #event.kind=\"event\" #event.outcome=\"success\"\n| service.name=\"compute.googleapis.com\"\n| event.action=\"insert\"\n| Vendor.protoPayload.methodName=/compute\\.routes\\.insert/\n",
      "search_window_start": "-70m",
      "search_window_end": "-10m",
      "schedule": "1h",
      "author": "CrowdStrike",
      "sigma_author": "",
      "category": "",
      "license": "",
      "tactic": "TA0005",
      "technique": "T1562",
      "mitre_attack": [
       {
        "tactic_id": "TA0005",
        "technique_id": "T1562"
       }
      ],
      "vendor": "Google",
      "vendors": [
       "Google"
      ],
      "product": "",
      "tags": "",
      "active": true,
      "source_url": "",
      "license_details": {
       "name": "",
       "url": ""
      },
      "outcome": "detection",
      "created_timestamp": "2025-03-21T00:00:00Z",
      "modified_timestamp": "0001-01-01T00:00:00Z"
     },
     {
      "id": "c17879ed-967c-4d09-8502-f6d13da60807",
      "name": "Google - Cloud Audit - IAM Service Account Key Created",
      "description": "This rule detects when a new IAM service account key is created in Google Cloud Platform (GCP). This activity may indicate potential unauthorized access or credential misuse if not part of approved operations.\n",
      "origin": "CrowdStrike",
      "severity": 30,
      "recommended": true,
      "query": "#Vendor=\"google\" #event.module=\"gcp\" #event.dataset=\"gcp.audit\"\n| #event.kind=\"event\" #event.outcome=\"success\"\n| service.name=\"iam.googleapis.com\"\n| event.action=\"CreateServiceAccountKey\"\n",
      "search_window_start": "-70m",
      "search_window_end": "-10m",
      "schedule": "1h",
      "author": "CrowdStrike",
      "sigma_author": "",
      "category": "",
      "license": "",
      "tactic": "TA0003",
      "technique": "T1098",
      "mitre_attack": [
       {
        "tactic_id": "TA0003",
        "technique_id": "T1098"
       }
      ],
      "vendor": "Google",
      "vendors": [
       "Google"
      ],
      "product": "",
      "tags": "",
      "active": true,
      "source_url": "",
      "license_details": {
       "name": "",
       "url": ""
      },
      "outcome": "detection",
      "created_timestamp": "2025-03-26T00:00:00Z",
      "modified_timestamp": "0001-01-01T00:00:00Z"
     },
     {
      "id": "3782c612-89ee-48a2-a9a4-6db0b5248bfc",
      "name": "Google - Cloud Audit - IAM Basic Role Assigned to a Service Account",
      "description": "This rule detects when a basic IAM role (viewer, owner, editor, or browser) is assigned to a service account in Google Cloud. Assigning broad permissions to service accounts can increase the risk of privilege escalation if the account is compromised.\n",
      "origin": "CrowdStrike",
      "severity": 30,
      "recommended": true,
      "query": "#Vendor=\"google\" #event.module=\"gcp\" #event.dataset=\"gcp.audit\"\n| #event.kind=\"event\" #event.outcome=\"success\"\n| event.action=\"SetIamPolicy\"\n| objectArray:exists(array=\"Vendor.protoPayload.serviceData.policyDelta.bindingDeltas[]\", \n                        condition={ \"Vendor.protoPayload.serviceData.policyDelta.bindingDeltas.action\"=\"ADD\"\n                                    | \"Vendor.protoPayload.serviceData.policyDelta.bindingDeltas.member\"=/^serviceAccount:/\n                                    | \"Vendor.protoPayload.serviceData.policyDelta.bindingDeltas.role\"=/^roles\\/(?:viewer|owner|editor|browser)$/})\n",
      "search_window_start": "-70m",
      "search_window_end": "-10m",
      "schedule": "1h",
      "author": "CrowdStrike",
      "sigma_author": "",
      "category": "",
      "license": "",
      "tactic": "TA0004",
      "technique": "T1098.003",
      "mitre_attack": [
       {
        "tactic_id": "TA0004",
        "technique_id": "T1098.003"
       }
      ],
      "vendor": "Google",
      "vendors": [
       "Google"
      ],
      "product": "",
      "tags": "",
      "active": true,
      "source_url": "",
      "license_details": {
       "name": "",
       "url": ""
      },
      "outcome": "detection",
      "created_timestamp": "2025-04-08T00:00:00Z",
      "modified_timestamp": "0001-01-01T00:00:00Z"
     },
     {
      "id": "97750dab-8dae-4647-8de0-7b19177eabce",
      "name": "Google - Cloud Audit - Identity-Aware Proxy Disabled for App Engine Application",
      "description": "This rule detects when Identity-Aware Proxy (IAP) is disabled for an App Engine application in Google Cloud Platform. Disabling IAP removes an important security control and may indicate unauthorized access attempts or misconfiguration. Administrators should investigate any unexpected changes to IAP settings.\n",
      "origin": "CrowdStrike",
      "severity": 50,
      "recommended": true,
      "query": "#Vendor=\"google\" #event.module=\"gcp\" #event.dataset=\"gcp.audit\"\n| #event.kind=\"event\" #event.outcome=\"success\"\n| service.name=\"appengine.googleapis.com\"\n| event.action=\"UpdateApplication\"\n| Vendor.protoPayload.metadata.iapEnabled=\"false\"\n",
      "search_window_start": "-70m",
      "search_window_end": "-10m",
      "schedule": "1h",
      "author": "CrowdStrike",
      "sigma_author": "",
      "category": "",
      "license": "",
      "tactic": "TA0005",
      "technique": "T1562.007",
      "mitre_attack": [
       {
        "tactic_id": "TA0005",
        "technique_id": "T1562.007"
       }
      ],
      "vendor": "Google",
      "vendors": [
       "Google"
      ],
      "product": "",
      "tags": "",
      "active": true,
      "source_url": "",
      "license_details": {
       "name": "",
       "url": ""
      },
      "outcome": "detection",
      "created_timestamp": "2025-04-08T00:00:00Z",
      "modified_timestamp": "0001-01-01T00:00:00Z"
     },
     {
      "id": "2f0bae2d-bf20-4465-be86-1311addebaa3",
      "name": "Google - Cloud Audit - Google Cloud Kubernetes Secrets Modified or Deleted - Sigma",
      "description": "Identifies when the Secrets are Modified or Deleted.\n",
      "origin": "SigmaHQ",
      "severity": 50,
      "recommended": true,
      "query": "#repo=\"3pi_google_cloud_audit_logs\" #Vendor=\"google\" #event.module=\"cloud\" Vendor.protoPayload.methodName=/^io\\.k8s\\.core\\.v.*\\.secrets\\.create$/i OR Vendor.protoPayload.methodName=/^io\\.k8s\\.core\\.v.*\\.secrets\\.update$/i OR Vendor.protoPayload.methodName=/^io\\.k8s\\.core\\.v.*\\.secrets\\.patch$/i OR Vendor.protoPayload.methodName=/^io\\.k8s\\.core\\.v.*\\.secrets\\.delete$/i\n",
      "search_window_start": "-70m",
      "search_window_end": "-10m",
      "schedule": "1h",
      "author": "Austin Songer @austinsonger",
      "sigma_author": "",
      "category": "",
      "license": "",
      "tactic": "TA0006",
      "technique": "",
      "mitre_attack": [
       {
        "tactic_id": "TA0006",
        "technique_id": ""
       }
      ],
      "vendor": "Google",
      "vendors": [
       "Google"
      ],
      "product": "",
      "tags": "",
      "active": true,
      "source_url": "https://github.com/SigmaHQ/sigma/blob/master/rules/cloud/gcp/audit/gcp_kubernetes_secrets_modified_or_deleted.yml",
      "license_details": {
       "name": "DRL",
       "url": "https://github.com/SigmaHQ/Detection-Rule-License"
      },
      "outcome": "detection",
      "created_timestamp": "2021-08-09T00:00:00Z",
      "modified_timestamp": "2022-10-09T00:00:00Z"
     },
     {
      "id": "234f9f48-904b-4736-a34c-55d23919e4b7",
      "name": "Google - Cloud Audit - Google Cloud Re-identifies Sensitive Information - Sigma",
      "description": "Identifies when sensitive information is re-identified in google Cloud.\n",
      "origin": "SigmaHQ",
      "severity": 50,
      "recommended": true,
      "query": "#repo=\"3pi_google_cloud_audit_logs\" #Vendor=\"google\" #event.module=\"cloud\" Vendor.protoPayload.methodName=/^projects\\.content\\.reidentify$/i\n",
      "search_window_start": "-70m",
      "search_window_end": "-10m",
      "schedule": "1h",
      "author": "Austin Songer @austinsonger",
      "sigma_author": "",
      "category": "",
      "license": "",
      "tactic": "TA0040",
      "technique": "T1565",
      "mitre_attack": [
       {
        "tactic_id": "TA0040",
        "technique_id": "T1565"
       }
      ],
      "vendor": "Google",
      "vendors": [
       "Google"
      ],
      "product": "",
      "tags": "",
      "active": true,
      "source_url": "https://github.com/SigmaHQ/sigma/blob/master/rules/cloud/gcp/audit/gcp_dlp_re_identifies_sensitive_information.yml",
      "license_details": {
       "name": "DRL",
       "url": "https://github.com/SigmaHQ/Detection-Rule-License"
      },
      "outcome": "detection",
      "created_timestamp": "2021-08-15T00:00:00Z",
      "modified_timestamp": "2022-10-09T00:00:00Z"
     },
     {
      "id": "99980a85-3a61-43d3-ac0f-b68d6b4797b1",
      "name": "Google - Cloud Audit - Google Cloud VPN Tunnel Modified or Deleted - Sigma",
      "description": "Identifies when a VPN Tunnel Modified or Deleted in Google Cloud.\n",
      "origin": "SigmaHQ",
      "severity": 50,
      "recommended": true,
      "query": "#repo=\"3pi_google_cloud_audit_logs\" #Vendor=\"google\" #event.module=\"cloud\" Vendor.protoPayload.methodName=/^compute\\.vpnTunnels\\.insert$/i OR Vendor.protoPayload.methodName=/^compute\\.vpnTunnels\\.delete$/i\n",
      "search_window_start": "-70m",
      "search_window_end": "-10m",
      "schedule": "1h",
      "author": "Austin Songer @austinsonger",
      "sigma_author": "",
      "category": "",
      "license": "",
      "tactic": "TA0040",
      "technique": "T1490",
      "mitre_attack": [
       {
        "tactic_id": "TA0040",
        "technique_id": "T1490"
       }
      ],
      "vendor": "Google",
      "vendors": [
       "Google"
      ],
      "product": "",
      "tags": "",
      "active": true,
      "source_url": "https://github.com/SigmaHQ/sigma/blob/master/rules/cloud/gcp/audit/gcp_vpn_tunnel_modified_or_deleted.yml",
      "license_details": {
       "name": "DRL",
       "url": "https://github.com/SigmaHQ/Detection-Rule-License"
      },
      "outcome": "detection",
      "created_timestamp": "2021-08-16T00:00:00Z",
      "modified_timestamp": "2022-10-09T00:00:00Z"
     },
     {
      "id": "6aef64e3-60c6-4782-8db3-8448759c714e",
      "name": "Google - Workspace - Google Workspace Role Modified or Deleted - Sigma",
      "description": "Detects when an a role is modified or deleted in Google Workspace.\n",
      "origin": "SigmaHQ",
      "severity": 50,
      "recommended": true,
      "query": "#repo=\"3pi_google_workspace_logs\" #Vendor=\"google\" #event.module=\"workspace\" Vendor.protoPayload.serviceName=/^admin\\.googleapis\\.com$/i \"Vendor.protoPayload.metadata.event[0].eventName\"=/^DELETE_ROLE$/i OR \"Vendor.protoPayload.metadata.event[0].eventName\"=/^RENAME_ROLE$/i OR \"Vendor.protoPayload.metadata.event[0].eventName\"=/^UPDATE_ROLE$/i\n",
      "search_window_start": "-70m",
      "search_window_end": "-10m",
      "schedule": "1h",
      "author": "Austin Songer",
      "sigma_author": "",
      "category": "",
      "license": "",
      "tactic": "TA0003",
      "technique": "T1098.003",
      "mitre_attack": [
       {
        "tactic_id": "TA0003",
        "technique_id": "T1098.003"
       }
      ],
      "vendor": "Google",
      "vendors": [
       "Google"
      ],
      "product": "",
      "tags": "",
      "active": true,
      "source_url": "https://github.com/SigmaHQ/sigma/blob/master/rules/cloud/gcp/gworkspace/gcp_gworkspace_role_modified_or_deleted.yml",
      "license_details": {
       "name": "DRL",
       "url": "https://github.com/SigmaHQ/Detection-Rule-License"
      },
      "outcome": "detection",
      "created_timestamp": "2021-08-24T00:00:00Z",
      "modified_timestamp": "2023-10-11T00:00:00Z"
     },
     {
      "id": "bf638ef7-4d2d-44bb-a1dc-a238252e6267",
      "name": "Google - Workspace - Google Workspace Role Privilege Deleted - Sigma",
      "description": "Detects when an a role privilege is deleted in Google Workspace.\n",
      "origin": "SigmaHQ",
      "severity": 50,
      "recommended": true,
      "query": "#repo=\"3pi_google_workspace_logs\" #Vendor=\"google\" #event.module=\"workspace\" Vendor.protoPayload.serviceName=/^admin\\.googleapis\\.com$/i \"Vendor.protoPayload.metadata.event[0].eventName\"=/^REMOVE_PRIVILEGE$/i\n",
      "search_window_start": "-70m",
      "search_window_end": "-10m",
      "schedule": "1h",
      "author": "Austin Songer",
      "sigma_author": "",
      "category": "",
      "license": "",
      "tactic": "TA0040",
      "technique": "T1531",
      "mitre_attack": [
       {
        "tactic_id": "TA0040",
        "technique_id": "T1531"
       }
      ],
      "vendor": "Google",
      "vendors": [
       "Google"
      ],
      "product": "",
      "tags": "",
      "active": true,
      "source_url": "https://github.com/SigmaHQ/sigma/blob/master/rules/cloud/gcp/gworkspace/gcp_gworkspace_role_privilege_deleted.yml",
      "license_details": {
       "name": "DRL",
       "url": "https://github.com/SigmaHQ/Detection-Rule-License"
      },
      "outcome": "detection",
      "created_timestamp": "2021-08-24T00:00:00Z",
      "modified_timestamp": "2023-10-11T00:00:00Z"
     },
     {
      "id": "32438676-1dba-4ac7-bf69-b86cba995e05",
      "name": "Google - Cloud Audit - GCP Access Policy Deleted - Sigma",
      "description": "Detects when an access policy that is applied to a GCP cloud resource is deleted.\nAn adversary would be able to remove access policies to gain access to a GCP cloud resource.\n",
      "origin": "SigmaHQ",
      "severity": 50,
      "recommended": true,
      "query": "#repo=\"3pi_google_cloud_audit_logs\" #Vendor=\"google\" #event.module=\"cloud\" \"Vendor.protoPayload.authorizationInfo[0].permission\"=/^accesscontextmanager\\.accessPolicies\\.delete$/i OR \"Vendor.protoPayload.authorizationInfo[0].permission\"=/^accesscontextmanager\\.accessPolicies\\.accessLevels\\.delete$/i OR \"Vendor.protoPayload.authorizationInfo[0].permission\"=/^accesscontextmanager\\.accessPolicies\\.accessZones\\.delete$/i OR \"Vendor.protoPayload.authorizationInfo[0].permission\"=/^accesscontextmanager\\.accessPolicies\\.authorizedOrgsDescs\\.delete$/i \"Vendor.protoPayload.authorizationInfo[0].granted\"=/^true$/i service.name=/^accesscontextmanager\\.googleapis\\.com$/i\n",
      "search_window_start": "-70m",
      "search_window_end": "-10m",
      "schedule": "1h",
      "author": "Bryan Lim",
      "sigma_author": "",
      "category": "",
      "license": "",
      "tactic": "TA0003",
      "technique": "T1098",
      "mitre_attack": [
       {
        "tactic_id": "TA0003",
        "technique_id": "T1098"
       }
      ],
      "vendor": "Google",
      "vendors": [
       "Google"
      ],
      "product": "",
      "tags": "",
      "active": true,
      "source_url": "https://github.com/SigmaHQ/sigma/blob/master/rules/cloud/gcp/audit/gcp_access_policy_deleted.yml",
      "license_details": {
       "name": "DRL",
       "url": "https://github.com/SigmaHQ/Detection-Rule-License"
      },
      "outcome": "detection",
      "created_timestamp": "2024-01-12T00:00:00Z",
      "modified_timestamp": "0001-01-01T00:00:00Z"
     },
     {
      "id": "2d1b83e4-17c6-4896-a37b-29140b40a788",
      "name": "Google - Workspace - Google Workspace User Granted Admin Privileges - Sigma",
      "description": "Detects when an Google Workspace user is granted admin privileges.\n",
      "origin": "SigmaHQ",
      "severity": 50,
      "recommended": true,
      "query": "#repo=\"3pi_google_workspace_logs\" #Vendor=\"google\" #event.module=\"workspace\" Vendor.protoPayload.serviceName=/^admin\\.googleapis\\.com$/i \"Vendor.protoPayload.metadata.event[0].eventName\"=/^GRANT_DELEGATED_ADMIN_PRIVILEGES$/i OR \"Vendor.protoPayload.metadata.event[0].eventName\"=/^GRANT_ADMIN_PRIVILEGE$/i\n",
      "search_window_start": "-70m",
      "search_window_end": "-10m",
      "schedule": "1h",
      "author": "Austin Songer",
      "sigma_author": "",
      "category": "",
      "license": "",
      "tactic": "TA0003",
      "technique": "T1098",
      "mitre_attack": [
       {
        "tactic_id": "TA0003",
        "technique_id": "T1098"
       }
      ],
      "vendor": "Google",
      "vendors": [
       "Google"
      ],
      "product": "",
      "tags": "",
      "active": true,
      "source_url": "https://github.com/SigmaHQ/sigma/blob/master/rules/cloud/gcp/gworkspace/gcp_gworkspace_user_granted_admin_privileges.yml",
      "license_details": {
       "name": "DRL",
       "url": "https://github.com/SigmaHQ/Detection-Rule-License"
      },
      "outcome": "detection",
      "created_timestamp": "2021-08-23T00:00:00Z",
      "modified_timestamp": "2023-10-11T00:00:00Z"
     },
     {
      "id": "3d04c29c-1c5a-4ed2-aa8e-356d621d7de9",
      "name": "Google - Cloud Audit - IAM Policy Enumeration",
      "description": "This rule detects potential IAM policy enumeration in Google Cloud environments by monitoring successful GetIamPolicy actions. It alerts when a user performs this action on multiple distinct resources, which may indicate reconnaissance or unauthorized access attempts.\n",
      "origin": "CrowdStrike",
      "severity": 50,
      "recommended": true,
      "query": "#Vendor=\"google\" #event.dataset=\"gcp.audit\"\n| #event.kind=\"event\" #event.outcome=\"success\"\n| event.action=\"GetIamPolicy\"\n| ipLocation(source.ip) \n| groupBy([user.email], function=[collect([user.name, #Vendor, #event.module,  service.name, service.type, Vendor.protoPayload.resourceName, source.ip, source.ip.city, source.ip.country, \"user_agent.original\"]), count(Vendor.protoPayload.resourceName, as=distinct_resource, distinct=true) ])\n| distinct_resource\u003e2\n",
      "search_window_start": "-70m",
      "search_window_end": "-10m",
      "schedule": "1h",
      "author": "CrowdStrike",
      "sigma_author": "",
      "category": "",
      "license": "",
      "tactic": "TA0007",
      "technique": "T1069.003",
      "mitre_attack": [
       {
        "tactic_id": "TA0007",
        "technique_id": "T1069.003"
       }
      ],
      "vendor": "Google",
      "vendors": [
       "Google"
      ],
      "product": "",
      "tags": "",
      "active": true,
      "source_url": "",
      "license_details": {
       "name": "",
       "url": ""
      },
      "outcome": "detection",
      "created_timestamp": "2025-02-11T00:00:00Z",
      "modified_timestamp": "0001-01-01T00:00:00Z"
     },
     {
      "id": "0f69dfc5-a443-4db3-b083-cd88b6d033b0",
      "name": "Google - Cloud Audit - Compute Startup Script Metadata API Abuse",
      "description": "This rule detects potential abuse of the Google Cloud Compute Engine API to set startup script metadata using gce-s3r1al.py, which could be used to execute malicious code on instance startup. gce-s3r1al.py is a script that takes advantage of a unique design in Google Cloud's Compute API capabilities and implementation of Metadata keys. It may indicate an attempt to execute arbitrary commands or gain unauthorized access.\n",
      "origin": "CrowdStrike",
      "severity": 70,
      "recommended": true,
      "query": "#Vendor=\"google\"  #event.module=\"gcp\" #repo!=\"xdr*\" \n| #event.kind=\"event\" #event.outcome = success\n| service.name=\"compute.googleapis.com\" \n| event.action=\"setMetadata\"\n| array:contains(array=\"Vendor.protoPayload.metadata.instanceMetadataDelta.addedMetadataKeys[]\", value=\"startup-script\")\n| array:contains(array=\"Vendor.protoPayload.metadata.instanceMetadataDelta.addedMetadataKeys[]\", value=\"s3r1al\")\n",
      "search_window_start": "-70m",
      "search_window_end": "-10m",
      "schedule": "1h",
      "author": "CrowdStrike",
      "sigma_author": "",
      "category": "",
      "license": "",
      "tactic": "TA0003",
      "technique": "T1543",
      "mitre_attack": [
       {
        "tactic_id": "TA0003",
        "technique_id": "T1543"
       }
      ],
      "vendor": "Google",
      "vendors": [
       "Google"
      ],
      "product": "",
      "tags": "",
      "active": true,
      "source_url": "",
      "license_details": {
       "name": "",
       "url": ""
      },
      "outcome": "detection",
      "created_timestamp": "2025-02-25T00:00:00Z",
      "modified_timestamp": "0001-01-01T00:00:00Z"
     },
     {
      "id": "f44cdc85-2741-4056-8e66-10dc10aae698",
      "name": "Google - Cloud Audit - Pub/Sub Subscription Created",
      "description": "This rule detects the creation of a new Google Cloud Pub/Sub subscription. Pub/Sub subscriptions are used to receive messages from topics, and their creation could indicate potential data exfiltration attempts or unauthorized access to sensitive information. Monitor for unexpected subscription creations, especially those with unfamiliar or suspicious configurations.\n",
      "origin": "CrowdStrike",
      "severity": 30,
      "recommended": true,
      "query": "#Vendor=\"google\" #event.module=\"gcp\" #event.dataset=\"gcp.audit\" \n| #event.kind=\"event\" #event.outcome=\"success\"\n| service.name=\"pubsub.googleapis.com\"\n| event.action=\"CreateSubscription\"\n",
      "search_window_start": "-70m",
      "search_window_end": "-10m",
      "schedule": "1h",
      "author": "CrowdStrike",
      "sigma_author": "",
      "category": "",
      "license": "",
      "tactic": "TA0009",
      "technique": "T1530",
      "mitre_attack": [
       {
        "tactic_id": "TA0009",
        "technique_id": "T1530"
       }
      ],
      "vendor": "Google",
      "vendors": [
       "Google"
      ],
      "product": "",
      "tags": "",
      "active": true,
      "source_url": "",
      "license_details": {
       "name": "",
       "url": ""
      },
      "outcome": "detection",
      "created_timestamp": "2025-03-07T00:00:00Z",
      "modified_timestamp": "0001-01-01T00:00:00Z"
     }
    ]
   }