{
    "meta": {
     "query_time": 0.036412714,
     "powered_by": "svc-cscrrulestemplates",
     "trace_id": "99ed0d0813791c0ed227d55802564b26"
    },
    "errors": [],
    "resources": [
     {
      "id": "8289e65d-0084-4746-b4fd-c7faada694a1",
      "name": "Google - Cloud Audit - Cloud Storage HMAC Key Created",
      "description": "This detection identifies when an HMAC key is created for Google Cloud Storage. HMAC keys provide programmatic access to Google Cloud Storage buckets and objects. The creation of a new HMAC key could indicate unauthorized access attempts or potential data exfiltration activities.\n",
      "origin": "CrowdStrike",
      "severity": 50,
      "recommended": true,
      "query": "#Vendor=\"google\" #event.dataset=\"gcp.audit\" \n| #event.kind=\"event\" #event.outcome=\"success\"\n| service.name=\"storage.googleapis.com\"\n| event.action=\"create\"\n| Vendor.protoPayload.methodName=\"storage.hmacKeys.create\"\n",
      "search_window_start": "-70m",
      "search_window_end": "-10m",
      "schedule": "1h",
      "author": "CrowdStrike",
      "sigma_author": "",
      "category": "",
      "license": "",
      "tactic": "TA0003",
      "technique": "T1078.004",
      "mitre_attack": [
       {
        "tactic_id": "TA0003",
        "technique_id": "T1078.004"
       }
      ],
      "vendor": "Google",
      "vendors": [
       "Google"
      ],
      "product": "",
      "tags": "",
      "active": true,
      "source_url": "",
      "license_details": {
       "name": "",
       "url": ""
      },
      "outcome": "detection",
      "created_timestamp": "2025-02-21T00:00:00Z",
      "modified_timestamp": "0001-01-01T00:00:00Z"
     },
     {
      "id": "f0b3cf34-50d6-4584-ba29-c33282840099",
      "name": "Google - Cloud Audit - Logging Sink Deleted",
      "description": "This rule detects the deletion of a Google Cloud Logging sink. Adversaries may delete logging sinks to hide their activities or to remove evidence of their presence.\n",
      "origin": "CrowdStrike",
      "severity": 50,
      "recommended": true,
      "query": "#Vendor=\"google\" #event.module=\"gcp\" \n| #event.kind=\"event\" #event.outcome=\"success\"\n| service.name=\"logging.googleapis.com\"\n| event.action=\"DeleteSink\"\n",
      "search_window_start": "-70m",
      "search_window_end": "-10m",
      "schedule": "1h",
      "author": "CrowdStrike",
      "sigma_author": "",
      "category": "",
      "license": "",
      "tactic": "TA0005",
      "technique": "T1562.008",
      "mitre_attack": [
       {
        "tactic_id": "TA0005",
        "technique_id": "T1562.008"
       }
      ],
      "vendor": "Google",
      "vendors": [
       "Google"
      ],
      "product": "",
      "tags": "",
      "active": true,
      "source_url": "",
      "license_details": {
       "name": "",
       "url": ""
      },
      "outcome": "detection",
      "created_timestamp": "2025-03-18T00:00:00Z",
      "modified_timestamp": "0001-01-01T00:00:00Z"
     },
     {
      "id": "ca45658b-b430-4d2f-a9e7-a1f0de3ea2ff",
      "name": "Google - Cloud Audit - VPC Network Route Deleted",
      "description": "This rule identifies when a VPC network route is deleted in Google Cloud Platform. Deleting network routes can disrupt network traffic flow and potentially impact the availability and connectivity of resources within the VPC. Monitoring such changes helps maintain network integrity and detect potential unauthorized modifications to the network configuration.\n",
      "origin": "CrowdStrike",
      "severity": 30,
      "recommended": true,
      "query": "#Vendor=\"google\" #event.dataset=\"gcp.audit\" \n| #event.kind=\"event\" #event.outcome=\"success\"\n| service.name=\"compute.googleapis.com\"\n| event.action=\"delete\"\n| Vendor.protoPayload.methodName=/compute\\.routes\\.delete/\n",
      "search_window_start": "-70m",
      "search_window_end": "-10m",
      "schedule": "1h",
      "author": "CrowdStrike",
      "sigma_author": "",
      "category": "",
      "license": "",
      "tactic": "TA0005",
      "technique": "T1562.007",
      "mitre_attack": [
       {
        "tactic_id": "TA0005",
        "technique_id": "T1562.007"
       }
      ],
      "vendor": "Google",
      "vendors": [
       "Google"
      ],
      "product": "",
      "tags": "",
      "active": true,
      "source_url": "",
      "license_details": {
       "name": "",
       "url": ""
      },
      "outcome": "detection",
      "created_timestamp": "2025-03-21T00:00:00Z",
      "modified_timestamp": "0001-01-01T00:00:00Z"
     },
     {
      "id": "55a251cf-c3d4-49c2-969d-9354c583bc1e",
      "name": "Google - Cloud Audit - IAM Service Account Created",
      "description": "This rule identifies when an IAM service account is created in Google Cloud Platform. Service accounts are used to authenticate and authorize applications and workloads, and their creation should be monitored as part of a comprehensive security strategy. Unauthorized or unexpected service account creation could indicate potential security risks or policy violations.\n",
      "origin": "CrowdStrike",
      "severity": 30,
      "recommended": true,
      "query": "#Vendor=\"google\" #event.module=\"gcp\"\n| #event.kind=\"event\" #event.outcome=\"success\"\n| service.name=\"iam.googleapis.com\"\n| event.action=\"CreateServiceAccount\"\n",
      "search_window_start": "-70m",
      "search_window_end": "-10m",
      "schedule": "1h",
      "author": "CrowdStrike",
      "sigma_author": "",
      "category": "",
      "license": "",
      "tactic": "TA0003",
      "technique": "T1136.003",
      "mitre_attack": [
       {
        "tactic_id": "TA0003",
        "technique_id": "T1136.003"
       }
      ],
      "vendor": "Google",
      "vendors": [
       "Google"
      ],
      "product": "",
      "tags": "",
      "active": true,
      "source_url": "",
      "license_details": {
       "name": "",
       "url": ""
      },
      "outcome": "detection",
      "created_timestamp": "2025-03-26T00:00:00Z",
      "modified_timestamp": "0001-01-01T00:00:00Z"
     },
     {
      "id": "36c9d26e-dccb-4712-bf70-0c4867d10c8b",
      "name": "Google - Cloud Audit - IAM Custom Role Created",
      "description": "This rule detects when a new IAM custom role is created in Google Cloud. This could indicate unauthorized access or privilege escalation attempts if not part of approved changes. Monitoring role creation helps maintain security posture and compliance in cloud environments.\n",
      "origin": "CrowdStrike",
      "severity": 50,
      "recommended": true,
      "query": "#Vendor=\"google\" #event.module=\"gcp\" \n| #event.kind=\"event\" #event.outcome=\"success\"\n| service.name=\"iam.googleapis.com\"\n| event.action=\"CreateRole\"\n",
      "search_window_start": "-70m",
      "search_window_end": "-10m",
      "schedule": "1h",
      "author": "CrowdStrike",
      "sigma_author": "",
      "category": "",
      "license": "",
      "tactic": "TA0003",
      "technique": "T1078",
      "mitre_attack": [
       {
        "tactic_id": "TA0003",
        "technique_id": "T1078"
       }
      ],
      "vendor": "Google",
      "vendors": [
       "Google"
      ],
      "product": "",
      "tags": "",
      "active": true,
      "source_url": "",
      "license_details": {
       "name": "",
       "url": ""
      },
      "outcome": "detection",
      "created_timestamp": "2025-03-24T00:00:00Z",
      "modified_timestamp": "0001-01-01T00:00:00Z"
     },
     {
      "id": "ef6b97d9-4d5a-4000-a957-0c3d50c728f1",
      "name": "Google - Cloud Audit - IAM Organization Admin Role Added to a Principal",
      "description": "This detection rule alerts when an IAM Organization Admin role is added to a principal in Google Cloud Platform. This role grants broad permissions across the entire organization and should be closely monitored. As per GCP best practices, an organization should not have more than three principals with organization admin role. Unauthorized or unexpected additions of this role could indicate a potential security risk or compromise.\n",
      "origin": "CrowdStrike",
      "severity": 90,
      "recommended": true,
      "query": "#Vendor=\"google\" #event.module=\"gcp\" \n| #event.kind=\"event\" #event.outcome=\"success\"\n| service.name=\"cloudresourcemanager.googleapis.com\"\n| event.action=\"SetIamPolicy\"\n| objectArray:exists(array=\"Vendor.protoPayload.serviceData.policyDelta.bindingDeltas[]\", \n                    condition={ \"Vendor.protoPayload.serviceData.policyDelta.bindingDeltas.action\"=\"ADD\"\n                                | \"Vendor.protoPayload.serviceData.policyDelta.bindingDeltas.role\"=\"roles/resourcemanager.organizationAdmin\"})\n",
      "search_window_start": "-70m",
      "search_window_end": "-10m",
      "schedule": "1h",
      "author": "CrowdStrike",
      "sigma_author": "",
      "category": "",
      "license": "",
      "tactic": "TA0004",
      "technique": "T1078.004",
      "mitre_attack": [
       {
        "tactic_id": "TA0004",
        "technique_id": "T1078.004"
       }
      ],
      "vendor": "Google",
      "vendors": [
       "Google"
      ],
      "product": "",
      "tags": "",
      "active": true,
      "source_url": "",
      "license_details": {
       "name": "",
       "url": ""
      },
      "outcome": "detection",
      "created_timestamp": "2025-03-31T00:00:00Z",
      "modified_timestamp": "0001-01-01T00:00:00Z"
     },
     {
      "id": "5c101a29-877a-4002-add8-561f01eb3e06",
      "name": "Google - Cloud Audit - Compute Engine Project-Wide SSH Keys Added or Updated",
      "description": "This rule detects when project-wide SSH keys are added or updated in Google Cloud Compute Engine projects. Project-wide SSH keys can be used to access all instances within a project, potentially granting broad access if misused or compromised. Monitoring changes to these keys helps maintain security and control over instance access.\n",
      "origin": "CrowdStrike",
      "severity": 50,
      "recommended": true,
      "query": "#Vendor=\"google\" #event.module=\"gcp\" #event.dataset=\"gcp.audit\"\n| #event.kind=\"event\" #event.outcome=\"success\"\n| service.name=\"compute.googleapis.com\"\n| event.action=\"setCommonInstanceMetadata\"\n| Vendor.protoPayload.methodName=/compute\\.projects\\.setCommonInstanceMetadata/\n| case {\n        array:contains(array=\"Vendor.protoPayload.metadata.projectMetadataDelta.addedMetadataKeys[]\", value=\"ssh-keys\");\n        array:contains(array=\"Vendor.protoPayload.metadata.projectMetadataDelta.modifiedMetadataKeys[]\", value=\"ssh-keys\")\n}\n",
      "search_window_start": "-70m",
      "search_window_end": "-10m",
      "schedule": "1h",
      "author": "CrowdStrike",
      "sigma_author": "",
      "category": "",
      "license": "",
      "tactic": "TA0004",
      "technique": "T1098.004",
      "mitre_attack": [
       {
        "tactic_id": "TA0004",
        "technique_id": "T1098.004"
       }
      ],
      "vendor": "Google",
      "vendors": [
       "Google"
      ],
      "product": "",
      "tags": "",
      "active": true,
      "source_url": "",
      "license_details": {
       "name": "",
       "url": ""
      },
      "outcome": "detection",
      "created_timestamp": "2025-04-14T00:00:00Z",
      "modified_timestamp": "0001-01-01T00:00:00Z"
     },
     {
      "id": "6b67c12e-5e40-47c6-b3b0-1e6b571184cc",
      "name": "Google - Cloud Audit - Google Cloud Service Account Modified - Sigma",
      "description": "Identifies when a service account is modified in Google Cloud.\n",
      "origin": "SigmaHQ",
      "severity": 50,
      "recommended": true,
      "query": "#repo=\"3pi_google_cloud_audit_logs\" #Vendor=\"google\" #event.module=\"cloud\" Vendor.protoPayload.methodName=/\\.serviceAccounts\\.patch$/i OR Vendor.protoPayload.methodName=/\\.serviceAccounts\\.create$/i OR Vendor.protoPayload.methodName=/\\.serviceAccounts\\.update$/i OR Vendor.protoPayload.methodName=/\\.serviceAccounts\\.enable$/i OR Vendor.protoPayload.methodName=/\\.serviceAccounts\\.undelete$/i\n",
      "search_window_start": "-70m",
      "search_window_end": "-10m",
      "schedule": "1h",
      "author": "Austin Songer @austinsonger",
      "sigma_author": "",
      "category": "",
      "license": "",
      "tactic": "TA0040",
      "technique": "",
      "mitre_attack": [
       {
        "tactic_id": "TA0040",
        "technique_id": ""
       }
      ],
      "vendor": "Google",
      "vendors": [
       "Google"
      ],
      "product": "",
      "tags": "",
      "active": true,
      "source_url": "https://github.com/SigmaHQ/sigma/blob/master/rules/cloud/gcp/audit/gcp_service_account_modified.yml",
      "license_details": {
       "name": "DRL",
       "url": "https://github.com/SigmaHQ/Detection-Rule-License"
      },
      "outcome": "detection",
      "created_timestamp": "2021-08-14T00:00:00Z",
      "modified_timestamp": "2022-10-09T00:00:00Z"
     },
     {
      "id": "04e2a23a-9b29-4a5c-be3a-3542e3f982ba",
      "name": "Google - Workspace - Google Workspace Granted Domain API Access - Sigma",
      "description": "Detects when an API access service account is granted domain authority.\n",
      "origin": "SigmaHQ",
      "severity": 50,
      "recommended": true,
      "query": "#repo=\"3pi_google_workspace_logs\" #Vendor=\"google\" #event.module=\"workspace\" Vendor.protoPayload.serviceName=/^admin\\.googleapis\\.com$/i \"Vendor.protoPayload.metadata.event[0].eventName\"=/^AUTHORIZE_API_CLIENT_ACCESS$/i\n",
      "search_window_start": "-70m",
      "search_window_end": "-10m",
      "schedule": "1h",
      "author": "Austin Songer",
      "sigma_author": "",
      "category": "",
      "license": "",
      "tactic": "TA0003",
      "technique": "T1098",
      "mitre_attack": [
       {
        "tactic_id": "TA0003",
        "technique_id": "T1098"
       }
      ],
      "vendor": "Google",
      "vendors": [
       "Google"
      ],
      "product": "",
      "tags": "",
      "active": true,
      "source_url": "https://github.com/SigmaHQ/sigma/blob/master/rules/cloud/gcp/gworkspace/gcp_gworkspace_granted_domain_api_access.yml",
      "license_details": {
       "name": "DRL",
       "url": "https://github.com/SigmaHQ/Detection-Rule-License"
      },
      "outcome": "detection",
      "created_timestamp": "2021-08-23T00:00:00Z",
      "modified_timestamp": "2023-10-11T00:00:00Z"
     },
     {
      "id": "e2feb918-4e77-4608-9697-990a1aaf74c3",
      "name": "Google - Cloud Audit - Google Cloud Storage Buckets Enumeration - Sigma",
      "description": "Detects when storage bucket is enumerated in Google Cloud.\n",
      "origin": "SigmaHQ",
      "severity": 30,
      "recommended": true,
      "query": "#repo=\"3pi_google_cloud_audit_logs\" #Vendor=\"google\" #event.module=\"cloud\" Vendor.protoPayload.methodName=/^storage\\.buckets\\.list$/i OR Vendor.protoPayload.methodName=/^storage\\.buckets\\.listChannels$/i\n",
      "search_window_start": "-70m",
      "search_window_end": "-10m",
      "schedule": "1h",
      "author": "Austin Songer @austinsonger",
      "sigma_author": "",
      "category": "",
      "license": "",
      "tactic": "TA0007",
      "technique": "T1619",
      "mitre_attack": [
       {
        "tactic_id": "TA0007",
        "technique_id": "T1619"
       }
      ],
      "vendor": "Google",
      "vendors": [
       "Google"
      ],
      "product": "",
      "tags": "",
      "active": true,
      "source_url": "https://github.com/SigmaHQ/sigma/blob/master/rules/cloud/gcp/audit/gcp_bucket_enumeration.yml",
      "license_details": {
       "name": "DRL",
       "url": "https://github.com/SigmaHQ/Detection-Rule-License"
      },
      "outcome": "detection",
      "created_timestamp": "2021-08-14T00:00:00Z",
      "modified_timestamp": "2022-10-09T00:00:00Z"
     },
     {
      "id": "4d9f2ee2-c903-48ab-b9c1-8c0f474913d0",
      "name": "Google - Cloud Audit - Google Cloud Storage Buckets Modified or Deleted - Sigma",
      "description": "Detects when storage bucket is modified or deleted in Google Cloud.\n",
      "origin": "SigmaHQ",
      "severity": 50,
      "recommended": true,
      "query": "#repo=\"3pi_google_cloud_audit_logs\" #Vendor=\"google\" #event.module=\"cloud\" Vendor.protoPayload.methodName=/^storage\\.buckets\\.delete$/i OR Vendor.protoPayload.methodName=/^storage\\.buckets\\.insert$/i OR Vendor.protoPayload.methodName=/^storage\\.buckets\\.update$/i OR Vendor.protoPayload.methodName=/^storage\\.buckets\\.patch$/i\n",
      "search_window_start": "-70m",
      "search_window_end": "-10m",
      "schedule": "1h",
      "author": "Austin Songer @austinsonger",
      "sigma_author": "",
      "category": "",
      "license": "",
      "tactic": "TA0040",
      "technique": "T1565.001",
      "mitre_attack": [
       {
        "tactic_id": "TA0040",
        "technique_id": "T1565.001"
       }
      ],
      "vendor": "Google",
      "vendors": [
       "Google"
      ],
      "product": "",
      "tags": "",
      "active": true,
      "source_url": "https://github.com/SigmaHQ/sigma/blob/master/rules/cloud/gcp/audit/gcp_bucket_modified_or_deleted.yml",
      "license_details": {
       "name": "DRL",
       "url": "https://github.com/SigmaHQ/Detection-Rule-License"
      },
      "outcome": "detection",
      "created_timestamp": "2021-08-14T00:00:00Z",
      "modified_timestamp": "2022-10-09T00:00:00Z"
     },
     {
      "id": "28268a8f-191f-4c17-85b2-f5aa4fa829c3",
      "name": "Google - Cloud Audit - Google Cloud DNS Zone Modified or Deleted - Sigma",
      "description": "Identifies when a DNS Zone is modified or deleted in Google Cloud.\n",
      "origin": "SigmaHQ",
      "severity": 50,
      "recommended": true,
      "query": "#repo=\"3pi_google_cloud_audit_logs\" #Vendor=\"google\" #event.module=\"cloud\" Vendor.protoPayload.methodName=/^Dns\\.ManagedZones\\.Delete$/i OR Vendor.protoPayload.methodName=/^Dns\\.ManagedZones\\.Update$/i OR Vendor.protoPayload.methodName=/^Dns\\.ManagedZones\\.Patch$/i\n",
      "search_window_start": "-70m",
      "search_window_end": "-10m",
      "schedule": "1h",
      "author": "Austin Songer @austinsonger",
      "sigma_author": "",
      "category": "",
      "license": "",
      "tactic": "TA0005",
      "technique": "T1578.005",
      "mitre_attack": [
       {
        "tactic_id": "TA0005",
        "technique_id": "T1578.005"
       }
      ],
      "vendor": "Google",
      "vendors": [
       "Google"
      ],
      "product": "",
      "tags": "",
      "active": true,
      "source_url": "https://github.com/SigmaHQ/sigma/blob/master/rules/cloud/gcp/audit/gcp_dns_zone_modified_or_deleted.yml",
      "license_details": {
       "name": "DRL",
       "url": "https://github.com/SigmaHQ/Detection-Rule-License"
      },
      "outcome": "detection",
      "created_timestamp": "2021-08-15T00:00:00Z",
      "modified_timestamp": "2022-10-09T00:00:00Z"
     },
     {
      "id": "cd3a808c-c7b7-4c50-a2f3-f4cfcd436435",
      "name": "Google - Cloud Audit - Google Cloud Kubernetes CronJob - Sigma",
      "description": "Identifies when a Google Cloud Kubernetes CronJob runs in Azure Cloud. Kubernetes Job is a controller that creates one or more pods and ensures that a specified number of them successfully terminate.\nKubernetes Job can be used to run containers that perform finite tasks for batch jobs. Kubernetes CronJob is used to schedule Jobs.\nAn Adversary may use Kubernetes CronJob for scheduling execution of malicious code that would run as a container in the cluster.\n",
      "origin": "SigmaHQ",
      "severity": 50,
      "recommended": true,
      "query": "#repo=\"3pi_google_cloud_audit_logs\" #Vendor=\"google\" #event.module=\"cloud\" Vendor.protoPayload.methodName=/^io\\.k8s\\.api\\.batch\\.v.*\\.Job$/i OR Vendor.protoPayload.methodName=/^io\\.k8s\\.api\\.batch\\.v.*\\.CronJob$/i\n",
      "search_window_start": "-70m",
      "search_window_end": "-10m",
      "schedule": "1h",
      "author": "Austin Songer @austinsonger",
      "sigma_author": "",
      "category": "",
      "license": "",
      "tactic": "TA0002",
      "technique": "T1053.007",
      "mitre_attack": [
       {
        "tactic_id": "TA0002",
        "technique_id": "T1053.007"
       }
      ],
      "vendor": "Google",
      "vendors": [
       "Google"
      ],
      "product": "",
      "tags": "",
      "active": true,
      "source_url": "https://github.com/SigmaHQ/sigma/blob/master/rules/cloud/gcp/audit/gcp_kubernetes_cronjob.yml",
      "license_details": {
       "name": "DRL",
       "url": "https://github.com/SigmaHQ/Detection-Rule-License"
      },
      "outcome": "detection",
      "created_timestamp": "2021-11-22T00:00:00Z",
      "modified_timestamp": "2022-12-25T00:00:00Z"
     },
     {
      "id": "0322d9f2-289a-47c2-b5e1-b63c90901a3e",
      "name": "Google - Cloud Audit - Google Cloud Kubernetes RoleBinding - Sigma",
      "description": "Detects the creation or patching of potential malicious RoleBinding. This includes RoleBindings and ClusterRoleBinding.\n",
      "origin": "SigmaHQ",
      "severity": 50,
      "recommended": true,
      "query": "#repo=\"3pi_google_cloud_audit_logs\" #Vendor=\"google\" #event.module=\"cloud\" Vendor.protoPayload.methodName=/^io\\.k8s\\.authorization\\.rbac\\.v.*\\.clusterrolebindings\\.create$/i OR Vendor.protoPayload.methodName=/^io\\.k8s\\.authorization\\.rbac\\.v.*\\.rolebindings\\.create$/i OR Vendor.protoPayload.methodName=/^io\\.k8s\\.authorization\\.rbac\\.v.*\\.clusterrolebindings\\.patch$/i OR Vendor.protoPayload.methodName=/^io\\.k8s\\.authorization\\.rbac\\.v.*\\.rolebindings\\.patch$/i OR Vendor.protoPayload.methodName=/^io\\.k8s\\.authorization\\.rbac\\.v.*\\.clusterrolebindings\\.update$/i OR Vendor.protoPayload.methodName=/^io\\.k8s\\.authorization\\.rbac\\.v.*\\.rolebindings\\.update$/i OR Vendor.protoPayload.methodName=/^io\\.k8s\\.authorization\\.rbac\\.v.*\\.clusterrolebindings\\.delete$/i OR Vendor.protoPayload.methodName=/^io\\.k8s\\.authorization\\.rbac\\.v.*\\.rolebindings\\.delete$/i\n",
      "search_window_start": "-70m",
      "search_window_end": "-10m",
      "schedule": "1h",
      "author": "Austin Songer @austinsonger",
      "sigma_author": "",
      "category": "",
      "license": "",
      "tactic": "TA0006",
      "technique": "T1556",
      "mitre_attack": [
       {
        "tactic_id": "TA0006",
        "technique_id": "T1556"
       }
      ],
      "vendor": "Google",
      "vendors": [
       "Google"
      ],
      "product": "",
      "tags": "",
      "active": true,
      "source_url": "https://github.com/SigmaHQ/sigma/blob/master/rules/cloud/gcp/audit/gcp_kubernetes_rolebinding.yml",
      "license_details": {
       "name": "DRL",
       "url": "https://github.com/SigmaHQ/Detection-Rule-License"
      },
      "outcome": "detection",
      "created_timestamp": "2021-08-09T00:00:00Z",
      "modified_timestamp": "2022-10-09T00:00:00Z"
     },
     {
      "id": "13f81a90-a69c-4fab-8f07-b5bb55416a9f",
      "name": "Google - Cloud Audit - Google Cloud Service Account Disabled or Deleted - Sigma",
      "description": "Identifies when a service account is disabled or deleted in Google Cloud.\n",
      "origin": "SigmaHQ",
      "severity": 50,
      "recommended": true,
      "query": "#repo=\"3pi_google_cloud_audit_logs\" #Vendor=\"google\" #event.module=\"cloud\" Vendor.protoPayload.methodName=/\\.serviceAccounts\\.disable$/i OR Vendor.protoPayload.methodName=/\\.serviceAccounts\\.delete$/i\n",
      "search_window_start": "-70m",
      "search_window_end": "-10m",
      "schedule": "1h",
      "author": "Austin Songer @austinsonger",
      "sigma_author": "",
      "category": "",
      "license": "",
      "tactic": "TA0040",
      "technique": "T1531",
      "mitre_attack": [
       {
        "tactic_id": "TA0040",
        "technique_id": "T1531"
       }
      ],
      "vendor": "Google",
      "vendors": [
       "Google"
      ],
      "product": "",
      "tags": "",
      "active": true,
      "source_url": "https://github.com/SigmaHQ/sigma/blob/master/rules/cloud/gcp/audit/gcp_service_account_disabled_or_deleted.yml",
      "license_details": {
       "name": "DRL",
       "url": "https://github.com/SigmaHQ/Detection-Rule-License"
      },
      "outcome": "detection",
      "created_timestamp": "2021-08-14T00:00:00Z",
      "modified_timestamp": "2022-10-09T00:00:00Z"
     },
     {
      "id": "f346bbd5-2c4e-4789-a221-72de7685090d",
      "name": "Google - Cloud Audit - Google Cloud SQL Database Modified or Deleted - Sigma",
      "description": "Detect when a Cloud SQL DB has been modified or deleted.\n",
      "origin": "SigmaHQ",
      "severity": 50,
      "recommended": true,
      "query": "#repo=\"3pi_google_cloud_audit_logs\" #Vendor=\"google\" #event.module=\"cloud\" Vendor.protoPayload.methodName=/^cloudsql\\.instances\\.create$/i OR Vendor.protoPayload.methodName=/^cloudsql\\.instances\\.delete$/i OR Vendor.protoPayload.methodName=/^cloudsql\\.users\\.update$/i OR Vendor.protoPayload.methodName=/^cloudsql\\.users\\.delete$/i\n",
      "search_window_start": "-70m",
      "search_window_end": "-10m",
      "schedule": "1h",
      "author": "Austin Songer @austinsonger",
      "sigma_author": "",
      "category": "",
      "license": "",
      "tactic": "TA0005",
      "technique": "T1578.005",
      "mitre_attack": [
       {
        "tactic_id": "TA0005",
        "technique_id": "T1578.005"
       }
      ],
      "vendor": "Google",
      "vendors": [
       "Google"
      ],
      "product": "",
      "tags": "",
      "active": true,
      "source_url": "https://github.com/SigmaHQ/sigma/blob/master/rules/cloud/gcp/audit/gcp_sql_database_modified_or_deleted.yml",
      "license_details": {
       "name": "DRL",
       "url": "https://github.com/SigmaHQ/Detection-Rule-License"
      },
      "outcome": "detection",
      "created_timestamp": "2021-10-15T00:00:00Z",
      "modified_timestamp": "2022-12-25T00:00:00Z"
     },
     {
      "id": "9a1461ee-34a6-47d6-bd2f-f8f967170541",
      "name": "Google - Cloud Audit - Cloud Storage Bucket Permissions Modified to Allow Public Access",
      "description": "This detection identifies when a Google Cloud Storage bucket's permissions are modified to allow public access. Such changes can potentially expose sensitive data to unauthorized users if not properly secured. Monitor these events closely to ensure they align with intended security policies and access controls.\n",
      "origin": "CrowdStrike",
      "severity": 70,
      "recommended": true,
      "query": "#Vendor=\"google\" #event.dataset=\"gcp.audit\" \n| #event.kind=\"event\" #event.outcome=\"success\"\n| service.name=\"storage.googleapis.com\"\n| event.action=\"setIamPermissions\"\n| objectArray:eval(array=\"Vendor.protoPayload.serviceData.policyDelta.bindingDeltas[]\", asArray=\"public_permission_check[]\", function={\n        Vendor.protoPayload.serviceData.policyDelta.bindingDeltas.action=\"ADD\" Vendor.protoPayload.serviceData.policyDelta.bindingDeltas.member=\"allUsers\"\n        | public_permission_check := \"true\"\n    }\n)\n| public_permission_check[0]=\"true\"\n",
      "search_window_start": "-70m",
      "search_window_end": "-10m",
      "schedule": "1h",
      "author": "CrowdStrike",
      "sigma_author": "",
      "category": "",
      "license": "",
      "tactic": "TA0009",
      "technique": "T1530",
      "mitre_attack": [
       {
        "tactic_id": "TA0009",
        "technique_id": "T1530"
       }
      ],
      "vendor": "Google",
      "vendors": [
       "Google"
      ],
      "product": "",
      "tags": "",
      "active": true,
      "source_url": "",
      "license_details": {
       "name": "",
       "url": ""
      },
      "outcome": "detection",
      "created_timestamp": "2025-02-24T00:00:00Z",
      "modified_timestamp": "0001-01-01T00:00:00Z"
     },
     {
      "id": "08b9830e-02a2-456b-b1a0-96235b7ced49",
      "name": "Google - Cloud Audit - Potential Secret Manager Exfiltration",
      "description": "This rule detects potential exfiltration of Secrets from Google Cloud Secret Manager. It monitors for multiple secret access operations performed by the same user within a short time frame, which could indicate unauthorized extraction of sensitive information. \n",
      "origin": "CrowdStrike",
      "severity": 70,
      "recommended": true,
      "query": "defineTable(\nname=\"secrets_access_stats\",\nstart=30d,\nend=1h,\nquery={\n    #Vendor=\"google\"  #event.dataset=\"gcp.audit\" \n    | #event.kind=\"event\" #event.outcome=\"success\"\n    | service.name=\"secretmanager.googleapis.com\"\n    | event.action=\"AccessSecretVersion\"\n    | time_bucket := formatTime(\"%Y-%m-%d %H\", field=@timestamp)\n    | groupBy([time_bucket,user.email],function=count(as=secrets_access_count), limit=max)\n    | groupBy(user.email, \n        function=[\n            secrets_access_average_count := avg(secrets_access_count), \n            secrets_access_std_deviation_count := stdDev(secrets_access_count)\n        ], \n        limit=max\n    )\n}, \ninclude=[*]\n)\n//Base Search\n| #Vendor=\"google\"  #event.dataset=\"gcp.audit\" \n| #event.kind=\"event\" #event.outcome=\"success\"\n| service.name=\"secretmanager.googleapis.com\"\n| event.action=\"AccessSecretVersion\"\n| time_bucket := formatTime(\"%Y-%m-%d %H\", field=@timestamp)\n| match(file=\"secrets_access_stats\", field=user.email, strict=false)\n| groupBy([time_bucket, user.email],function=[count(as=secrets_access_total_count), collect([event.action, #Vendor, #event.module, Vendor.protoPayload.resourceName])], limit=max)\n| threshold := secrets_access_average_count + 3 * secrets_access_std_deviation_count\n| case {\n    threshold!=* | threshold := 0; // Identity with no activity in the baseline.\n    *;\n}\n| test(secrets_access_total_count \u003e threshold)\n",
      "search_window_start": "-70m",
      "search_window_end": "-10m",
      "schedule": "1h",
      "author": "CrowdStrike",
      "sigma_author": "",
      "category": "",
      "license": "",
      "tactic": "TA0006",
      "technique": "T1555.006",
      "mitre_attack": [
       {
        "tactic_id": "TA0006",
        "technique_id": "T1555.006"
       }
      ],
      "vendor": "Google",
      "vendors": [
       "Google"
      ],
      "product": "",
      "tags": "",
      "active": true,
      "source_url": "",
      "license_details": {
       "name": "",
       "url": ""
      },
      "outcome": "detection",
      "created_timestamp": "2025-02-11T00:00:00Z",
      "modified_timestamp": "0001-01-01T00:00:00Z"
     },
     {
      "id": "9bbc9c8a-5e6d-4480-a4b8-27c240965169",
      "name": "Google - Cloud Audit - Suspicious Reconnaissance Activities",
      "description": "This rule detects potential reconnaissance activities in Google Cloud by monitoring for a high number of distinct listing or querying actions performed by a single user across different projects and services. It may indicate an attacker attempting to gather information about the environment.\n",
      "origin": "CrowdStrike",
      "severity": 30,
      "recommended": true,
      "query": "defineTable(\nname=\"recon_events_stats\",\nstart=30d,\nend=1h,\nquery={\n    #Vendor=\"google\"  #event.dataset=\"gcp.audit\" \n    | #event.kind=\"event\" #event.outcome=\"success\"\n    | event.action=/^(?:search|list|query|getAccountInfo|getAlertPolicy|getMetrics|getOrgType|getStats|getProjectBillingInfo)/i\n    | time_bucket := formatTime(\"%Y-%m-%d %H\", field=@timestamp)\n    | groupBy([time_bucket,user.email],function=count(as=recon_event_count), limit=max)\n    | groupBy(user.email, \n        function=[\n            recon_events_average_count := avg(recon_event_count), \n            recon_events_std_deviation_count := stdDev(recon_event_count)\n        ], \n        limit=max\n    )\n}, \ninclude=[*]\n)\n//Base Search\n| #Vendor=\"google\"  #event.dataset=\"gcp.audit\" \n| #event.kind=\"event\" #event.outcome=\"success\"\n| event.action=/^(?:search|list|query|getAccountInfo|getAlertPolicy|getMetrics|getOrgType|getStats|getProjectBillingInfo)/i\n| time_bucket := formatTime(\"%Y-%m-%d %H\", field=@timestamp)\n| match(file=\"recon_events_stats\", field=user.email, strict=false)\n| ipLocation(source.ip)\n| groupBy([time_bucket, user.email],function=[count(as=recon_events_total_count), count(event.action, distinct=true, as=\"distinct_event_action_count\"), collect([event.action, #Vendor, #event.module, service.name, Vendor.protoPayload.resourceName, source.ip, source.ip.city, source.ip.country, \"user_agent.original\"])], limit=max)\n| distinct_event_action_count\u003e1\n| threshold := recon_events_average_count + 3 * recon_events_std_deviation_count\n| case {\n    threshold!=* | threshold := 0; // Identity with no activity in the baseline.\n    *;\n}\n| test(recon_events_total_count \u003e threshold)\n",
      "search_window_start": "-70m",
      "search_window_end": "-10m",
      "schedule": "1h",
      "author": "CrowdStrike",
      "sigma_author": "",
      "category": "",
      "license": "",
      "tactic": "TA0007",
      "technique": "T1526",
      "mitre_attack": [
       {
        "tactic_id": "TA0007",
        "technique_id": "T1526"
       }
      ],
      "vendor": "Google",
      "vendors": [
       "Google"
      ],
      "product": "",
      "tags": "",
      "active": true,
      "source_url": "",
      "license_details": {
       "name": "",
       "url": ""
      },
      "outcome": "detection",
      "created_timestamp": "2025-02-11T00:00:00Z",
      "modified_timestamp": "0001-01-01T00:00:00Z"
     },
     {
      "id": "28e2fc21-90ba-4352-b472-81d5583f9256",
      "name": "Google - Cloud Audit - Pub/Sub Topic Deleted",
      "description": "This rule detects the deletion of a Google Cloud Pub/Sub topic. This activity may indicate unauthorized changes to the messaging infrastructure or potential data loss. Monitor and investigate unexpected topic deletions to ensure compliance and maintain the integrity of your cloud environment.\n",
      "origin": "CrowdStrike",
      "severity": 30,
      "recommended": true,
      "query": "#Vendor=\"google\" #event.module=\"gcp\" #event.dataset=\"gcp.audit\" \n| #event.kind=\"event\" #event.outcome=\"success\"\n| service.name=\"pubsub.googleapis.com\"\n| event.action=\"DeleteTopic\"\n",
      "search_window_start": "-70m",
      "search_window_end": "-10m",
      "schedule": "1h",
      "author": "CrowdStrike",
      "sigma_author": "",
      "category": "",
      "license": "",
      "tactic": "TA0005",
      "technique": "T1562",
      "mitre_attack": [
       {
        "tactic_id": "TA0005",
        "technique_id": "T1562"
       }
      ],
      "vendor": "Google",
      "vendors": [
       "Google"
      ],
      "product": "",
      "tags": "",
      "active": true,
      "source_url": "",
      "license_details": {
       "name": "",
       "url": ""
      },
      "outcome": "detection",
      "created_timestamp": "2025-03-07T00:00:00Z",
      "modified_timestamp": "0001-01-01T00:00:00Z"
     },
     {
      "id": "b7794b65-27c7-4e13-ace0-9defc546af98",
      "name": "Google - Cloud Audit - IAM Role Deleted",
      "description": "This rule detects the deletion of an IAM role in Google Cloud Platform. This activity could indicate unauthorized changes to access permissions or potential malicious activity aimed at disrupting security controls. Regular monitoring of IAM role deletions is crucial for maintaining a secure cloud environment.\n",
      "origin": "CrowdStrike",
      "severity": 50,
      "recommended": true,
      "query": "#Vendor=\"google\" #event.dataset=\"gcp.audit\" \n| #event.kind=\"event\" #event.outcome=\"success\"\n| service.name=\"iam.googleapis.com\"\n| event.action=\"DeleteRole\"\n",
      "search_window_start": "-70m",
      "search_window_end": "-10m",
      "schedule": "1h",
      "author": "CrowdStrike",
      "sigma_author": "",
      "category": "",
      "license": "",
      "tactic": "TA0040",
      "technique": "T1531",
      "mitre_attack": [
       {
        "tactic_id": "TA0040",
        "technique_id": "T1531"
       }
      ],
      "vendor": "Google",
      "vendors": [
       "Google"
      ],
      "product": "",
      "tags": "",
      "active": true,
      "source_url": "",
      "license_details": {
       "name": "",
       "url": ""
      },
      "outcome": "detection",
      "created_timestamp": "2025-03-21T00:00:00Z",
      "modified_timestamp": "0001-01-01T00:00:00Z"
     },
     {
      "id": "1a74ee26-1b57-4ea9-9f5d-290f1af1223b",
      "name": "Google - Cloud Audit - Logging Sink Updated",
      "description": "This rule detects when a logging sink is updated in Google Cloud Platform. Logging sinks export log entries to supported destinations outside of Cloud Logging. Updating a sink could indicate an attempt to exfiltrate sensitive log data or disrupt logging capabilities.\n",
      "origin": "CrowdStrike",
      "severity": 30,
      "recommended": true,
      "query": "#Vendor=\"google\" #event.dataset=\"gcp.audit\" \n| #event.kind=\"event\" #event.outcome=\"success\"\n| service.name=\"logging.googleapis.com\"\n| event.action=\"UpdateSink\"\n",
      "search_window_start": "-70m",
      "search_window_end": "-10m",
      "schedule": "1h",
      "author": "CrowdStrike",
      "sigma_author": "",
      "category": "",
      "license": "",
      "tactic": "TA0010",
      "technique": "T1537",
      "mitre_attack": [
       {
        "tactic_id": "TA0010",
        "technique_id": "T1537"
       }
      ],
      "vendor": "Google",
      "vendors": [
       "Google"
      ],
      "product": "",
      "tags": "",
      "active": true,
      "source_url": "",
      "license_details": {
       "name": "",
       "url": ""
      },
      "outcome": "detection",
      "created_timestamp": "2025-03-21T00:00:00Z",
      "modified_timestamp": "0001-01-01T00:00:00Z"
     },
     {
      "id": "1e7bf73e-c406-4850-b0c7-5c9c5c4475a8",
      "name": "Google - Cloud Audit - IAM Service Account Key Deleted",
      "description": "This rule detects when a IAM service account key is deleted in Google Cloud Platform. Service account keys are used for authentication and deleting them could potentially impact system access or operations. Monitoring these deletions is important for security and operational awareness.\n",
      "origin": "CrowdStrike",
      "severity": 30,
      "recommended": true,
      "query": "#Vendor=\"google\" #event.module=\"gcp\"\n| #event.kind=\"event\" #event.outcome=\"success\"\n| service.name=\"iam.googleapis.com\"\n| event.action=\"DeleteServiceAccountKey\"\n",
      "search_window_start": "-70m",
      "search_window_end": "-10m",
      "schedule": "1h",
      "author": "CrowdStrike",
      "sigma_author": "",
      "category": "",
      "license": "",
      "tactic": "TA0003",
      "technique": "T1098",
      "mitre_attack": [
       {
        "tactic_id": "TA0003",
        "technique_id": "T1098"
       }
      ],
      "vendor": "Google",
      "vendors": [
       "Google"
      ],
      "product": "",
      "tags": "",
      "active": true,
      "source_url": "",
      "license_details": {
       "name": "",
       "url": ""
      },
      "outcome": "detection",
      "created_timestamp": "2025-03-26T00:00:00Z",
      "modified_timestamp": "0001-01-01T00:00:00Z"
     },
     {
      "id": "948bf6c9-7e5c-47f9-8f80-4e454b79b17e",
      "name": "Cisco - IOS - Firewall Block Followed by Successful Cloud Provider Authentication",
      "description": "This rule detects potential cloud provider identity compromise by correlating external IP addresses blocked by a Cisco firewall appliance with subsequent successful authentication to cloud providers (AWS, Azure, or GCP) within a 3-hour window. The rule uses a 7-day baseline to reduce false positives by excluding any source IP address with a history of successful authentication. This activity pattern is concerning because it may indicate an attacker attempting to brute force their way into cloud environments after being blocked at the network perimeter, potentially leading to unauthorized access to critical cloud resources and data exfiltration.\n",
      "origin": "CrowdStrike",
      "severity": 30,
      "recommended": true,
      "query": "// Create baseline of source IPs that have any successful cloud authentication in the past 7 days (excluding last 3 hour)\n// These IPs will be excluded from alerting to reduce false positives\ndefineTable(\n    query={\n        #repo!=\"xdr_*\"\n        | case {\n            // Enable/disable cloud providers based on available data sources in your environment\n            // Cloud provider selection in both baseline and main query must match\n            #Vendor=\"microsoft\" #event.dataset=/entraid\\.signin/;\n            #Vendor=\"aws\" #event.module=\"cloudtrail\";\n            #Vendor=\"google\" #event.module=\"gcp\";\n        }\n        | #event.kind=\"event\" #event.outcome=\"success\"\n        | array:contains(\"event.category[]\", value=\"authentication\")\n        | cidr(source.ip, subnet=[\"0.0.0.0/0\", \"::/0\"])\n        | NOT cidr(source.ip, subnet=[\"10.0.0.0/8\", \"172.16.0.0/12\", \"192.168.0.0/16\"])\n        | groupBy([source.ip], limit=max)\n    },\n    start=7d,\n    end=3h,\n    include=[*], \n    name=\"baseline_for_successful_cloud_provider_auth\"\n)\n// Main query\n| #repo!=\"xdr_*\"\n| case {\n    // Cisco IOS firewall blocks\n    #Vendor=\"cisco\" #event.module=\"ios\" #event.kind=\"event\" #event.outcome=\"failure\" event.action=\"deny\"\n        | message=/list (?\u003cVendor.ios.access_list\u003e\\S+) (?\u003cVendor.eventAction\u003e\\S+) \\S+ (?\u003csource.mac\u003e.+?) (?\u003csource.ip\u003e.+?)(?:\\((?\u003csource.port\u003e\\d+)\\)| )/\n        | _time_of_fw_block := @timestamp;\n    // Successful cloud provider authentications\n    case {\n        // Enable/disable cloud providers based on available data sources in your environment\n        // Cloud provider selection in both baseline and main query must match\n        #Vendor=\"microsoft\" #event.dataset=/entraid\\.signin/;\n        #Vendor=\"aws\" #event.module=\"cloudtrail\";\n        #Vendor=\"google\" #event.module=\"gcp\";\n    }\n        | #event.kind=\"event\" #event.outcome=\"success\"\n        | array:contains(array=\"event.category[]\", value=\"authentication\")\n        | _time_of_success_auth_to_cloud_provider := @timestamp;\n}\n| cidr(\"source.ip\", subnet=[\"0.0.0.0/0\", \"::/0\"])\n| NOT cidr(source.ip, subnet=[\"10.0.0.0/8\", \"172.16.0.0/12\", \"192.168.0.0/16\"])\n| NOT match(file=\"baseline_for_successful_cloud_provider_auth\", field=[source.ip])\n| groupBy([source.ip], limit=max, \n    function=[\n        count(#event.module, distinct=true, as=_distinct_products),\n        collect([user.name, user.email, #Vendor, #event.module]),\n        _min_time_of_fw_block := min(_time_of_fw_block),\n        _min_time_of_success_auth_to_cloud_provider := min(_time_of_success_auth_to_cloud_provider)\n    ]\n)\n// Ensure we have both a firewall block and a cloud authentication event for the same IP\n| #Vendor=/cisco/ _distinct_products \u003e= 2\n| _min_time_of_fw_block_fmt := formatTime(\"%Y/%m/%d %H:%M:%S\", field=_min_time_of_fw_block, locale=en_US, timezone=Z)\n| _min_time_of_success_auth_to_cloud_provider_fmt := formatTime(\"%Y/%m/%d %H:%M:%S\", field=_min_time_of_success_auth_to_cloud_provider, locale=en_US, timezone=Z)\n| test(_min_time_of_fw_block \u003c _min_time_of_success_auth_to_cloud_provider)\n| asn(source.ip)\n| ipLocation(source.ip)\n",
      "search_window_start": "-180m",
      "search_window_end": "0m",
      "schedule": "3h",
      "author": "CrowdStrike",
      "sigma_author": "",
      "category": "",
      "license": "",
      "tactic": "TA0001",
      "technique": "T1078.004",
      "mitre_attack": [
       {
        "tactic_id": "TA0001",
        "technique_id": "T1078.004"
       }
      ],
      "vendor": "Cisco",
      "vendors": [
       "Cisco",
       "AWS",
       "Microsoft",
       "Google"
      ],
      "product": "",
      "tags": "",
      "active": true,
      "source_url": "",
      "license_details": {
       "name": "",
       "url": ""
      },
      "outcome": "detection",
      "created_timestamp": "2025-04-08T00:00:00Z",
      "modified_timestamp": "0001-01-01T00:00:00Z"
     },
     {
      "id": "492fe6df-a5a4-46f9-863f-a781068f99ad",
      "name": "Google - Cloud Audit - VM Instance Created with Unrestricted API Access Scope",
      "description": "This rule detects when a Google Cloud VM instance is created with unrestricted API access scope. This configuration grants the VM instance full access to all Google Cloud APIs, which may pose security risks if compromised. Monitoring such instances helps maintain principle of least privilege and reduces potential attack surface.\n",
      "origin": "CrowdStrike",
      "severity": 50,
      "recommended": true,
      "query": "#Vendor=\"google\" #event.module=\"gcp\" #event.dataset=\"gcp.audit\"\n| #event.kind=\"event\" #event.outcome=\"success\"\n| service.name=\"compute.googleapis.com\"\n| event.action=\"insert\"\n| Vendor.protoPayload.methodName=/compute\\.instances\\.insert/\n| objectArray:exists(array=\"Vendor.protoPayload.request.serviceAccounts[]\", \n                    condition={ array:contains(array=\"Vendor.protoPayload.request.serviceAccounts.scopes[]\", value=\"https://www.googleapis.com/auth/cloud-platform\") })\n",
      "search_window_start": "-70m",
      "search_window_end": "-10m",
      "schedule": "1h",
      "author": "CrowdStrike",
      "sigma_author": "",
      "category": "",
      "license": "",
      "tactic": "TA0004",
      "technique": "T1078.004",
      "mitre_attack": [
       {
        "tactic_id": "TA0004",
        "technique_id": "T1078.004"
       }
      ],
      "vendor": "Google",
      "vendors": [
       "Google"
      ],
      "product": "",
      "tags": "",
      "active": true,
      "source_url": "",
      "license_details": {
       "name": "",
       "url": ""
      },
      "outcome": "detection",
      "created_timestamp": "2025-04-14T00:00:00Z",
      "modified_timestamp": "0001-01-01T00:00:00Z"
     }
    ]
   }