{
    "meta": {
     "query_time": 0.016329576,
     "powered_by": "svc-cscrrulestemplates",
     "trace_id": "0879f498a0855c56ab8c599b9a6c2558"
    },
    "errors": [],
    "resources": [
     {
      "id": "27925c37-51bc-4e56-bea1-d41ae558a5af",
      "name": "Ivanti - ICS - Host Checker Launcher Version Scanning (CVE-2025-0282)",
      "description": "This rule detects potential Ivanti Connect Secure (ICS) Host Checker Launcher version scanning attempts against ICS VPN appliances by monitoring unauthenticated requests for the health check launcher JAR file. It focuses on server versions 22.7 or lower and revisions below 5, grouping events by the VPN appliance hostname, source IP, and server version. The rule collects relevant details and counts the number of attempts, and triggers an alert if a single source IP makes multiple requests. This helps identify reconnaissance activities that could precede targeted attacks on vulnerable ICS devices.\nThis activity could precede successful exploitation of CVE-2025-0282. ICS was previously known as PulseSecure.\n",
      "origin": "CrowdStrike",
      "severity": 50,
      "recommended": true,
      "query": "#Vendor=\"pulse\" #event.module=\"secure\"\n| message=/Unauthenticated\\srequest\\surl\\s\\/dana-cached\\/hc\\/hc_launcher\\.(?\u003cserver_version\u003e\\d{2}\\.\\d)\\.(?\u003cserver_revision\u003e\\d+?)\\.(?\u003cserver_minor_version\u003e\\d+?)\\.jar\\scame\\sfrom\\sIP\\s(?\u003csource.ip\u003e.*)\\.$/\n| server_version\u003c=22.7\n| server_revision\u003c5\n| groupBy([observer.hostname, source.ip, server_version], function=[collect([server_version,server.revision,server_minor_version]), count(as=total_scanned_versions,field=server_minor_version,distinct=true),count(as=total_scans)])\n| total_scanned_versions\u003e1 total_scans\u003e1\n",
      "search_window_start": "-70m",
      "search_window_end": "-10m",
      "schedule": "1h",
      "author": "CrowdStrike",
      "sigma_author": "",
      "category": "",
      "license": "",
      "tactic": "TA0043",
      "technique": "T1595.002",
      "mitre_attack": [
       {
        "tactic_id": "TA0043",
        "technique_id": "T1595.002"
       }
      ],
      "vendor": "Ivanti",
      "vendors": [
       "Ivanti"
      ],
      "product": "",
      "tags": "",
      "active": true,
      "source_url": "",
      "license_details": {
       "name": "",
       "url": ""
      },
      "outcome": "detection",
      "created_timestamp": "2025-01-10T00:00:00Z",
      "modified_timestamp": "0001-01-01T00:00:00Z"
     },
     {
      "id": "bda0122d-9736-4f15-ade7-5e4f38ad944d",
      "name": "Ivanti - ICS - Excessive Web Server Restarts",
      "description": "This rule detects when an Ivanti PulseSecure appliance web server crashes more than 5 times in 10 minutes. The detection is based on monitoring log messages indicating web server restarts. This behavior could be indicative of exploitation attempts related to CVE-2025-22457, which involves a remote code execution vulnerability in Ivanti Connect Secure and Policy Secure.\n",
      "origin": "CrowdStrike",
      "severity": 50,
      "recommended": true,
      "query": "#Vendor=\"pulse\" #event.module=\"secure\" #event.dataset=\"secure.vpn\" \n| #event.kind=\"event\"| message=/Starting services: web server/\n| groupBy([log.syslog.hostname])\n| _count\u003e5\n",
      "search_window_start": "-12m",
      "search_window_end": "-2m",
      "schedule": "10m",
      "author": "CrowdStrike",
      "sigma_author": "",
      "category": "",
      "license": "",
      "tactic": "TA0001",
      "technique": "T1190",
      "mitre_attack": [
       {
        "tactic_id": "TA0001",
        "technique_id": "T1190"
       }
      ],
      "vendor": "Ivanti",
      "vendors": [
       "Ivanti"
      ],
      "product": "",
      "tags": "",
      "active": true,
      "source_url": "",
      "license_details": {
       "name": "",
       "url": ""
      },
      "outcome": "detection",
      "created_timestamp": "2025-04-16T00:00:00Z",
      "modified_timestamp": "0001-01-01T00:00:00Z"
     },
     {
      "id": "dcf9e701-44bb-4331-8761-53f914ee530c",
      "name": "Ivanti - ICS - Potential RCE Exploitation Attempt (CVE-2025-22457)",
      "description": "This rule detects potential exploitation attempts of the Ivanti Remote Code Execution vulnerability CVE-2025-22457 in Pulse Secure VPN appliances. It identifies suspicious access patterns to specific URIs that are indicative of the exploit, including repeated requests to the admin and root URIs from the same source IP. This detection is based on log analysis and does not rely on HTTP headers, which are not available in the current Pulse Secure logs.\n",
      "origin": "CrowdStrike",
      "severity": 70,
      "recommended": true,
      "query": "#Vendor=\"pulse\" #event.dataset=\"secure.vpn\" \n| #event.kind=\"event\"\n| Vendor.URL=/\\/dana-na\\/auth\\/url_admin\\/welcome.cgi\\?type\\=inter(\\)|$)/ OR Vendor.URL=/\\/(\\)|$)/\n| regex(field=message, regex=\"Connection from IP (?\u003c_extracted_ip\u003e.+?)\\\\s\")\n| regex(field=message, regex=\"\\\\(URL=(?\u003c_extracted_url\u003e.+?)\\\\)$\", strict=false)\n| source.ip := coalesce([source.ip,_extracted_ip])\n| url.original := coalesce([url.original,_extracted_url,Vendor.URL])\n| groupBy([source.ip], \n        function=[\n            collect([url.original]),\n            {url.original=\"/dana-na/auth/url_admin/welcome.cgi?type=inter\" | count(as=admin_uri_count)},\n            {url.original=\"/\" | count(as=root_uri_count)}\n     ])\n| admin_uri_count\u003e0 root_uri_count\u003e0\n",
      "search_window_start": "-70m",
      "search_window_end": "-10m",
      "schedule": "1h",
      "author": "CrowdStrike",
      "sigma_author": "",
      "category": "",
      "license": "",
      "tactic": "TA0001",
      "technique": "T1190",
      "mitre_attack": [
       {
        "tactic_id": "TA0001",
        "technique_id": "T1190"
       }
      ],
      "vendor": "Ivanti",
      "vendors": [
       "Ivanti"
      ],
      "product": "",
      "tags": "",
      "active": true,
      "source_url": "",
      "license_details": {
       "name": "",
       "url": ""
      },
      "outcome": "detection",
      "created_timestamp": "2025-04-16T00:00:00Z",
      "modified_timestamp": "0001-01-01T00:00:00Z"
     }
    ]
   }