{
    "meta": {
     "query_time": 0.011473683,
     "powered_by": "svc-cscrrulestemplates",
     "trace_id": "f5fbeaa2edc6dd8ccd26f476c1e9fa33"
    },
    "errors": [],
    "resources": [
     {
      "id": "704457a6-8827-4d4b-81f4-57c8a194c01d",
      "name": "Juniper - SRX - Management Interface Authentication from Public IP Address",
      "description": "This rule identifies authentication events to the Juniper SRX appliance from the Internet. An exposed management interface could lead to adversaries attempting to use credential stuffing or brute-force attacks to gain unauthorized access to the Juniper SRX appliance.\n",
      "origin": "CrowdStrike",
      "severity": 70,
      "recommended": true,
      "query": "#repo=\"3pi*\" #Vendor=\"juniper\" #event.module=\"srx\" #event.dataset=\"srx.system\"\n| log.syslog.msgid=\"UI_LOGIN_EVENT\" source.ip=*\n| NOT cidr(source.ip, subnet=[\"10.0.0.0/8\", \"172.16.0.0/12\", \"192.168.0.0/16\", \"fe80::/10\", \"169.254.0.0/16\"])\n| ipLocation(source.ip)\n",
      "search_window_start": "-70m",
      "search_window_end": "-10m",
      "schedule": "1h",
      "author": "CrowdStrike",
      "sigma_author": "",
      "category": "",
      "license": "",
      "tactic": "TA0001",
      "technique": "T1078",
      "mitre_attack": [
       {
        "tactic_id": "TA0001",
        "technique_id": "T1078"
       }
      ],
      "vendor": "Juniper",
      "vendors": [
       "Juniper"
      ],
      "product": "",
      "tags": "",
      "active": true,
      "source_url": "",
      "license_details": {
       "name": "",
       "url": ""
      },
      "outcome": "detection",
      "created_timestamp": "2024-10-28T00:00:00Z",
      "modified_timestamp": "0001-01-01T00:00:00Z"
     }
    ]
   }