{
    "meta": {
     "query_time": 0.028381645,
     "powered_by": "svc-cscrrulestemplates",
     "trace_id": "aa5a8915ddb694981feaa8e0109a8b49"
    },
    "errors": [],
    "resources": [
     {
      "id": "7b3375b5-1354-4ee6-8bad-59e642672233",
      "name": "Linux - Auditd - Process prctl Syscall to Masquerade as Kernel Process",
      "description": "This rule detects when a process uses the prctl (process control) system call to change its name, potentially masquerading as a kernel process. This technique is often employed by malware to evade detection by blending in with legitimate kernel processes. Whilst the Falcon Sensor on Linux endpoints should detect this behaviour, this rule provides coverage for endpoints where the sensor cannot be deployed. Linux audit logs generated by auditd must be ingested into NG-SIEM using a log forwarder such as Falcon LogScale Collector or a universal forwarder. These tools can collect auditd logs directly from the audit log files (typically located at /var/log/audit/audit.log) or via syslog and forward events to NG-SIEM via the HTTP Event Collector (HEC) endpoint.\n\nThe following rule in the auditd configuration will need to be set in order to capture these events:\n    auditctl -a always,exit -S prctl -F a0=15\nNote: \"-F arch=b32\" or \"-F arch=b64\" will have to be added to the rule depending on the machine architecture.\n",
      "origin": "CrowdStrike",
      "severity": 70,
      "recommended": true,
      "query": "#Vendor=\"linux\" #event.module=\"auditd\" #event.dataset=\"auditd.log\" \n| #event.kind=\"event\"\n| event.action=\"SYSCALL\"\n| case {\n  host.architecture=\"c00000b7\" Vendor.syscall=117; //aarch64\n  host.architecture=\"c000003c\" Vendor.syscall=101; //x86_64\n  host.architecture=\"40000003\" Vendor.syscall=26; //i686\n  * | @rawstring=/=prctl/ //Catch-all for other architecture\n}\n| Vendor.a0=\"f\"\n| Vendor.comm=/^(\\[.*|kworker.*|k\\S+[d\\d]|watchdogd)$/\n",
      "search_window_start": "-70m",
      "search_window_end": "-10m",
      "schedule": "1h",
      "author": "CrowdStrike",
      "sigma_author": "",
      "category": "",
      "license": "",
      "tactic": "TA0005",
      "technique": "T1036",
      "mitre_attack": [
       {
        "tactic_id": "TA0005",
        "technique_id": "T1036"
       }
      ],
      "vendor": "Linux",
      "vendors": [
       "Linux"
      ],
      "product": "",
      "tags": "",
      "active": true,
      "source_url": "",
      "license_details": {
       "name": "",
       "url": ""
      },
      "outcome": "detection",
      "created_timestamp": "2025-01-24T00:00:00Z",
      "modified_timestamp": "0001-01-01T00:00:00Z"
     },
     {
      "id": "5e5541e6-6690-4de1-9b76-21682a83b4b0",
      "name": "Linux - Auditd - Unusual Process Trace",
      "description": "This rule detects unusual process trace (ptrace) artefacts which could be an indication of Process Injection. The Falcon Sensor running on Linux endpoints should detect this behaviour, however this rule will support detection on endpoints where the sensor cannot be deployed. Linux audit logs generated by auditd need to be ingested into NG-SIEM using a log forwarder such as Falcon LogScale Collector or a universal forwarder. These tools can collect auditd logs directly from the audit log files (usually located at /var/log/audit/audit.log) or via syslog and forward events to NG-SIEM via the HTTP Event Collector (HEC) endpoint.\n\nThe following rules will need to be set in the auditd configuration on the endpoint in order to capture these events:\n    auditctl -a always,exit -S ptrace -F a0=4 -F -k PTRACE_POKETEXT\n    auditctl -a always,exit -S ptrace -F a0=5 -F -k PTRACE_POKEDATA\nNote: \"-F arch=b32\" or \"-F arch=b64\" should be added to the rules depending on the machine architecture.\n",
      "origin": "CrowdStrike",
      "severity": 70,
      "recommended": true,
      "query": "#Vendor=\"linux\" #event.module=\"auditd\" #event.dataset=\"auditd.log\" \n| #event.kind=\"event\"\n| event.action=\"SYSCALL\"\n| case {\n  host.architecture=\"c00000b7\" Vendor.syscall=117; //aarch64\n  host.architecture=\"c000003c\" Vendor.syscall=101; //x86_64\n  host.architecture=\"40000003\" Vendor.syscall=26; //i686\n  * | @rawstring=/=prctl/ //Catch-all for other architecture\n}\n| Vendor.a0 =~ in(values=[4,5])\n| process.executable =~ !in(values=[\"*/strace\",\"*/gdb\"])\n| ptrace_source := process.parent.pid\n| ptrace_target := Vendor.a1\n",
      "search_window_start": "-70m",
      "search_window_end": "-10m",
      "schedule": "1h",
      "author": "CrowdStrike",
      "sigma_author": "",
      "category": "",
      "license": "",
      "tactic": "TA0004",
      "technique": "T1055",
      "mitre_attack": [
       {
        "tactic_id": "TA0004",
        "technique_id": "T1055"
       }
      ],
      "vendor": "Linux",
      "vendors": [
       "Linux"
      ],
      "product": "",
      "tags": "",
      "active": true,
      "source_url": "",
      "license_details": {
       "name": "",
       "url": ""
      },
      "outcome": "detection",
      "created_timestamp": "2025-01-29T00:00:00Z",
      "modified_timestamp": "0001-01-01T00:00:00Z"
     },
     {
      "id": "b5b14156-b984-4c8d-b248-db75b170772d",
      "name": "Linux - Auditd - PwnKit Exploitation",
      "description": "This rule detects potential exploitation of CVE-2021-4034, commonly known as PwnKit. PwnKit is a local privilege escalation vulnerability in the polkit's pkexec utility, which is present on many Linux distributions. When exploited, it allows an unprivileged user to gain root privileges, posing a significant security risk. The rule specifically looks for instances where \"pkexec\" is executed with 0 arguments, which is an anomalous behaviour associated with PwnKit exploitation attempts. Under normal circumstances, \"pkexec\" should never run without arguments.\n\nWhilst the Falcon Sensor on Linux endpoints should detect this behaviour, this rule provides coverage for endpoints where the sensor cannot be deployed. Linux audit logs generated by auditd must be ingested into NG-SIEM using a log forwarder such as Falcon LogScale Collector or a universal forwarder. These tools can collect auditd logs directly from the audit log files (typically located at /var/log/audit/audit.log) or via syslog and forward events to NG-SIEM via the HTTP Event Collector (HEC) endpoint.\n",
      "origin": "CrowdStrike",
      "severity": 70,
      "recommended": true,
      "query": "#Vendor=\"linux\" #event.module=\"auditd\" #event.dataset=\"auditd.log\" \n| #event.kind=\"event\"\n| event.action=\"EXECVE\"\n| Vendor.a0=/pkexec/\n| Vendor.argc=0\n| process.name := Vendor.a0\n| process.args_count := Vendor.argc\n",
      "search_window_start": "-70m",
      "search_window_end": "-10m",
      "schedule": "1h",
      "author": "CrowdStrike",
      "sigma_author": "",
      "category": "",
      "license": "",
      "tactic": "TA0004",
      "technique": "T1068",
      "mitre_attack": [
       {
        "tactic_id": "TA0004",
        "technique_id": "T1068"
       }
      ],
      "vendor": "Linux",
      "vendors": [
       "Linux"
      ],
      "product": "",
      "tags": "",
      "active": true,
      "source_url": "",
      "license_details": {
       "name": "",
       "url": ""
      },
      "outcome": "detection",
      "created_timestamp": "2025-01-24T00:00:00Z",
      "modified_timestamp": "0001-01-01T00:00:00Z"
     },
     {
      "id": "7b572e89-685f-4fdb-bf8c-73b040d87e40",
      "name": "Generic - Network - IP Address IOC Match",
      "description": "This rule identifies network traffic involving suspicious IP addresses by using a lookup in CrowdStrike's database of IOCs. The rule considers IOCs with a confidence level of 'unverified' or higher. Note that the confidence level threshold can be adjusted as necessary. For more information about the ioc:lookup() function, see https://library.humio.com/data-analysis/functions-ioc-lookup.html.\n",
      "origin": "CrowdStrike",
      "severity": 50,
      "recommended": true,
      "query": "#repo!=\"xdr_*\"\n| #Vendor =~ in(values=[\"akamai\",\"arista\",\"aws\",\"cisco\",\"cloudflare\",\"corelight\",\"extrahop\",\"fortinet\",\"aruba\",\"linux\",\"microsoft\",\"netskope\",\"nozomi\",\"paloalto\",\"radware\",\"skyhigh\",\"vectra\",\"zscaler\"])\n| #event.kind=\"event\" \n| array:contains(array=\"event.category[]\", value=\"network\")\n| coalesce([source.ip, client.ip, related.ip, \"EMPTY\"], as=\"ip_coalesce_source\")\n| coalesce([destination.ip, server.ip, \"EMPTY\"], as=\"ip_coalesce_destination\")\n| case {\n    ip_coalesce_source!=\"EMPTY\"\n        | !cidr(ip_coalesce_source, subnet=[\"10.0.0.0/8\", \"172.16.0.0/12\", \"192.168.0.0/16\", \"127.0.0.0/8\"])\n        | case {\n            ip_coalesce_destination=\"EMPTY\";\n            cidr(ip_coalesce_destination, subnet=[\"10.0.0.0/8\", \"172.16.0.0/12\", \"192.168.0.0/16\", \"127.0.0.0/8\"]);\n        }\n        | ip_of_interest := ip_coalesce_source;\n    ip_coalesce_destination!=\"EMPTY\"\n      | !cidr(ip_coalesce_destination, subnet=[\"10.0.0.0/8\", \"172.16.0.0/12\", \"192.168.0.0/16\", \"127.0.0.0/8\"])\n      | case {\n          ip_coalesce_source=\"EMPTY\";\n            cidr(ip_coalesce_source, subnet=[\"10.0.0.0/8\", \"172.16.0.0/12\", \"192.168.0.0/16\", \"127.0.0.0/8\"]);\n        }\n        | ip_of_interest := ip_coalesce_destination;\n}\n| groupBy([ip_of_interest], function=collect([#Vendor,#event.module, ip_coalesce_source, ip_coalesce_destination]))\n| ioc:lookup(field=ip_of_interest, type=\"ip_address\", confidenceThreshold=\"unverified\", strict=\"true\")\n",
      "search_window_start": "-70m",
      "search_window_end": "-10m",
      "schedule": "1h",
      "author": "CrowdStrike",
      "sigma_author": "",
      "category": "",
      "license": "",
      "tactic": "",
      "technique": "",
      "mitre_attack": [],
      "vendor": "Akamai",
      "vendors": [
       "Akamai",
       "Arista Networks",
       "AWS",
       "Cisco",
       "Cloudflare",
       "Corelight",
       "ExtraHop",
       "Fortinet",
       "HPE Aruba Networking",
       "Linux",
       "Microsoft",
       "Netskope",
       "Nozomi Networks",
       "Palo Alto Networks",
       "Radware",
       "Skyhigh",
       "Vectra AI",
       "Zscaler"
      ],
      "product": "",
      "tags": "",
      "active": true,
      "source_url": "",
      "license_details": {
       "name": "",
       "url": ""
      },
      "outcome": "detection",
      "created_timestamp": "2024-10-25T00:00:00Z",
      "modified_timestamp": "0001-01-01T00:00:00Z"
     },
     {
      "id": "b3bdc568-26c5-492c-b4b6-d3c17e267736",
      "name": "Linux - Auditd - First Time Binary in System Path Seen with Setuid Bit",
      "description": "This rule will detect when new binaries are identified that have had the setuid bit set. This reflects an application running in a different user context, potentially elevating privileges. Whilst the Falcon Sensor on Linux endpoints should detect this behaviour, this rule provides coverage for endpoints where the sensor cannot be deployed. Linux audit logs generated by auditd must be ingested into NG-SIEM using a log forwarder such as Falcon LogScale Collector or a universal forwarder. These tools can collect auditd logs directly from the audit log files (typically located at /var/log/audit/audit.log) or via syslog and forward events to NG-SIEM via the HTTP Event Collector (HEC) endpoint.\n\nTo mitigate false positives due to legitimate activity, the rule currently ignores binaries it has observed within the past 7 days. False positives may still occur for irregular administration activity, or events that occur on a rare schedule.\n",
      "origin": "CrowdStrike",
      "severity": 70,
      "recommended": true,
      "query": "defineTable(\n  name=\"bin_paths\",\n  start=7d,\n  end=1h,\n  query={\n    #Vendor=\"linux\" #event.module=\"auditd\" #event.dataset=\"auditd.log\"\n    | #event.kind=\"event\"\n    | event.action=\"PATH\"\n    | Vendor.mode=\"0104*\"\n    | Vendor.obj!=/^system_u/i\n    | _historic.files := file.name\n    | groupBy([_historic.files])\n  },\n  include=[*]\n)\n| #Vendor=\"linux\" #event.module=\"auditd\" #event.dataset=\"auditd.log\"\n| #event.kind=\"event\"\n| event.action=\"PATH\"\n| Vendor.mode=\"0104*\"\n| Vendor.obj!=/^system_u/i\n//Uncomment the below line to exclude specific files\n//| file.name =~ !in(values=[\"FILE1\",\"FILE2\"])\n| !match(table=\"bin_paths\", field=file.name, column=_historic.files)\n",
      "search_window_start": "-70m",
      "search_window_end": "-10m",
      "schedule": "1h",
      "author": "CrowdStrike",
      "sigma_author": "",
      "category": "",
      "license": "",
      "tactic": "TA0004",
      "technique": "T1548",
      "mitre_attack": [
       {
        "tactic_id": "TA0004",
        "technique_id": "T1548"
       }
      ],
      "vendor": "Linux",
      "vendors": [
       "Linux"
      ],
      "product": "",
      "tags": "",
      "active": true,
      "source_url": "",
      "license_details": {
       "name": "",
       "url": ""
      },
      "outcome": "detection",
      "created_timestamp": "2025-01-24T00:00:00Z",
      "modified_timestamp": "0001-01-01T00:00:00Z"
     }
    ]
   }