{
    "meta": {
     "query_time": 0.033698393,
     "powered_by": "svc-cscrrulestemplates",
     "trace_id": "66451fa0a50318bc2f57f1ab639e659f"
    },
    "errors": [],
    "resources": [
     {
      "id": "fc3fd851-8b60-4315-b3e3-0a9a987aaaa7",
      "name": "Microsoft - Entra ID - Successful Authentication Without MFA",
      "description": "This rule identifies when secondary factor has not been provided during a risky authentication. Adversaries may look to bypass MFA controls by removing MFA devices or resetting factors. Best practice requires every user to be enrolled in MFA to ensure authentications have that extra step of validation.\n",
      "origin": "CrowdStrike",
      "severity": 50,
      "recommended": true,
      "query": "#repo=\"microsoft_graphapi\" OR #repo=\"3pi_microsoft_entra_id\" OR #repo=\"fcs_csp_events\"\n| #Vendor=\"microsoft\" #event.module=/azure|entraid/ #event.dataset=/entraid\\.signin/ #event.outcome=\"success\"\n| array:contains(\"event.category[]\", value=\"authentication\")\n| case {\n    #event.module=\"azure\" // Data Connector built for Microsoft Graph API; Parser: azuread-ecs\n      | Vendor.isInteractive=\"true\" Vendor.authenticationRequirement=\"singleFactorAuthentication\"\n      | case {\n      Vendor.riskState=\"confirmedCompromised\";\n      Vendor.riskState=\"atRisk\" | @rawstring=/riskEventTypes_v2\\\"\\:\\s?\\[(?\u003criskEventTypes\u003e[^\\]]+)/i\n      | case {\n              riskEventTypes=/^\\\"(?:unfamiliarFeatures|anonymizedIPAddress|unlikelyTravel)\\\"\\,/i\n              | riskEventTypesLength := array:length(\"Vendor.riskEventTypes_v2[]\")\n              | riskEventTypesLength\u003e=2;\n              riskEventTypes!=/^\\\"(?:unfamiliarFeatures|anonymizedIPAddress|unlikelyTravel)/i;\n          };\n      };\n  #event.module=\"entraid\" // Data Connector built for Microsoft Entra ID; Parser: entraid-ecs\n      | Vendor.properties.isInteractive=\"true\" Vendor.properties.authenticationRequirement=\"singleFactorAuthentication\"\n      | case {\n          Vendor.properties.riskState=\"confirmedCompromised\";\n          Vendor.properties.riskState=\"atRisk\" | @rawstring=/riskEventTypes_v2\\\"\\:\\s?\\[(?\u003criskEventTypes\u003e[^\\]]+)/i\n          | case {\n              riskEventTypes=/^\\\"(?:unfamiliarFeatures|anonymizedIPAddress|unlikelyTravel)\\\"\\,/i\n              | riskEventTypesLength := array:length(\"Vendor.properties.riskEventTypes_v2[]\")\n              | riskEventTypesLength\u003e=2;\n              riskEventTypes!=/^\\\"(?:unfamiliarFeatures|anonymizedIPAddress|unlikelyTravel)/i;\n          };\n      };\n}\n",
      "search_window_start": "-70m",
      "search_window_end": "-10m",
      "schedule": "1h",
      "author": "CrowdStrike",
      "sigma_author": "",
      "category": "",
      "license": "",
      "tactic": "TA0001",
      "technique": "T1078",
      "mitre_attack": [
       {
        "tactic_id": "TA0001",
        "technique_id": "T1078"
       }
      ],
      "vendor": "Microsoft",
      "vendors": [
       "Microsoft"
      ],
      "product": "",
      "tags": "",
      "active": true,
      "source_url": "",
      "license_details": {
       "name": "",
       "url": ""
      },
      "outcome": "detection",
      "created_timestamp": "2024-03-07T00:00:00Z",
      "modified_timestamp": "2024-10-16T00:00:00Z"
     },
     {
      "id": "2b7d6fc0-71ac-4cf7-8ed1-b5788ee5257a",
      "name": "Account Lockout",
      "description": "Identifies user account which has been locked because the user tried to sign in too many times with an incorrect user ID or password.\n",
      "origin": "SigmaHQ",
      "severity": 50,
      "recommended": true,
      "query": "(#repo=\"microsoft_graphapi\" OR #repo=\"3pi_microsoft_entra_id\" OR #repo=\"fcs_csp_events\") #Vendor=\"microsoft\" #event.dataset=/entraid/\n| #event.kind=\"event\" \n| Vendor.status.errorCode=50053 | Vendor.status.failureReason=\"The account is locked*\"\n",
      "search_window_start": "-70m",
      "search_window_end": "-10m",
      "schedule": "1h",
      "author": "AlertIQ",
      "sigma_author": "",
      "category": "",
      "license": "",
      "tactic": "TA0006",
      "technique": "T1110",
      "mitre_attack": [
       {
        "tactic_id": "TA0006",
        "technique_id": "T1110"
       }
      ],
      "vendor": "Microsoft",
      "vendors": [
       "Microsoft"
      ],
      "product": "",
      "tags": "",
      "active": true,
      "source_url": "https://github.com/SigmaHQ/sigma/blob/master/rules/cloud/azure/signin_logs/azure_account_lockout.yml",
      "license_details": {
       "name": "DRL",
       "url": "https://github.com/SigmaHQ/Detection-Rule-License"
      },
      "outcome": "detection",
      "created_timestamp": "2021-10-10T00:00:00Z",
      "modified_timestamp": "2022-12-25T00:00:00Z"
     },
     {
      "id": "572b12d4-9062-11ed-a1eb-0242ac120002",
      "name": "Suspicious SignIns From A Non Registered Device",
      "description": "Detects risky authentication from a non AD registered device without MFA being required.\n",
      "origin": "SigmaHQ",
      "severity": 70,
      "recommended": true,
      "query": "(#repo=\"microsoft_graphapi\" OR #repo=\"3pi_microsoft_entra_id\" OR #repo=\"fcs_csp_events\") #Vendor=\"microsoft\" #event.dataset=/entraid/\n| #event.kind=\"event\" #event.outcome=\"success\"\n| Vendor.AuthenticationRequirement=/^singleFactorAuthentication$/i Vendor.DeviceDetail.trusttype=/^$/i Vendor.RiskState=/^atRisk$/i\n",
      "search_window_start": "-70m",
      "search_window_end": "-10m",
      "schedule": "1h",
      "author": "Harjot Singh, '@cyb3rjy0t'",
      "sigma_author": "",
      "category": "",
      "license": "",
      "tactic": "TA0001",
      "technique": "T1078",
      "mitre_attack": [
       {
        "tactic_id": "TA0001",
        "technique_id": "T1078"
       }
      ],
      "vendor": "Microsoft",
      "vendors": [
       "Microsoft"
      ],
      "product": "",
      "tags": "",
      "active": true,
      "source_url": "https://github.com/SigmaHQ/sigma/blob/master/rules/cloud/azure/signin_logs/azure_ad_risky_sign_ins_with_singlefactorauth_from_unknown_devices.yml",
      "license_details": {
       "name": "DRL",
       "url": "https://github.com/SigmaHQ/Detection-Rule-License"
      },
      "outcome": "detection",
      "created_timestamp": "2023-01-10T00:00:00Z",
      "modified_timestamp": "0001-01-01T00:00:00Z"
     },
     {
      "id": "53bb4f7f-48a8-4475-ac30-5a82ddfdf6fc",
      "name": "Potential MFA Bypass Using Legacy Client Authentication",
      "description": "Detects successful authentication from potential clients using legacy authentication via user agent strings. This could be a sign of MFA bypass using a password spray attack.\n",
      "origin": "SigmaHQ",
      "severity": 70,
      "recommended": true,
      "query": "(#repo=\"microsoft_graphapi\" OR #repo=\"3pi_microsoft_entra_id\" OR #repo=\"fcs_csp_events\") #Vendor=\"microsoft\" #event.dataset=/entraid/\n| #event.kind=\"event\" #event.outcome=\"success\"\n| user_agent.original=/.*BAV2ROPC.*/i OR user_agent.original=/.*CBAinPROD.*/i OR user_agent.original=/.*CBAinTAR.*/i\n",
      "search_window_start": "-70m",
      "search_window_end": "-10m",
      "schedule": "1h",
      "author": "Harjot Singh, '@cyb3rjy0t'",
      "sigma_author": "",
      "category": "",
      "license": "",
      "tactic": "TA0001",
      "technique": "T1078.004",
      "mitre_attack": [
       {
        "tactic_id": "TA0001",
        "technique_id": "T1078.004"
       }
      ],
      "vendor": "Microsoft",
      "vendors": [
       "Microsoft"
      ],
      "product": "",
      "tags": "",
      "active": true,
      "source_url": "https://github.com/SigmaHQ/sigma/blob/master/rules/cloud/azure/signin_logs/azure_ad_suspicious_signin_bypassing_mfa.yml",
      "license_details": {
       "name": "DRL",
       "url": "https://github.com/SigmaHQ/Detection-Rule-License"
      },
      "outcome": "detection",
      "created_timestamp": "2023-03-20T00:00:00Z",
      "modified_timestamp": "0001-01-01T00:00:00Z"
     },
     {
      "id": "4afac85c-224a-4dd7-b1af-8da40e1c60bd",
      "name": "Account Disabled or Blocked for Sign in Attempts",
      "description": "Detects when an account is disabled or blocked for sign in but tried to log in\n",
      "origin": "SigmaHQ",
      "severity": 50,
      "recommended": true,
      "query": "(#repo=\"microsoft_graphapi\" OR #repo=\"3pi_microsoft_entra_id\" OR #repo=\"fcs_csp_events\") #Vendor=\"microsoft\" #event.dataset=/entraid/\n| #event.kind=\"event\" \n| Vendor.status.errorCode=50057 \n",
      "search_window_start": "-70m",
      "search_window_end": "-10m",
      "schedule": "1h",
      "author": "Yochana Henderson, '@Yochana-H'",
      "sigma_author": "",
      "category": "",
      "license": "",
      "tactic": "TA0001",
      "technique": "T1078.004",
      "mitre_attack": [
       {
        "tactic_id": "TA0001",
        "technique_id": "T1078.004"
       }
      ],
      "vendor": "Microsoft",
      "vendors": [
       "Microsoft"
      ],
      "product": "",
      "tags": "",
      "active": true,
      "source_url": "https://github.com/SigmaHQ/sigma/blob/master/rules/cloud/azure/signin_logs/azure_blocked_account_attempt.yml",
      "license_details": {
       "name": "DRL",
       "url": "https://github.com/SigmaHQ/Detection-Rule-License"
      },
      "outcome": "detection",
      "created_timestamp": "2022-06-17T00:00:00Z",
      "modified_timestamp": "0001-01-01T00:00:00Z"
     },
     {
      "id": "b4a6d707-9430-4f5f-af68-0337f52d5c42",
      "name": "Sign-in Failure Due to Conditional Access Requirements Not Met",
      "description": "Define a baseline threshold for failed sign-ins due to Conditional Access failures\n",
      "origin": "SigmaHQ",
      "severity": 70,
      "recommended": true,
      "query": "(#repo=\"microsoft_graphapi\" OR #repo=\"3pi_microsoft_entra_id\" OR #repo=\"fcs_csp_events\") #Vendor=\"microsoft\" #event.dataset=/entraid/\n| #event.kind=\"event\" \n| Vendor.status.errorCode=53003 Vendor.conditionalAccessStatus=\"failure\"\n",
      "search_window_start": "-70m",
      "search_window_end": "-10m",
      "schedule": "1h",
      "author": "Yochana Henderson, '@Yochana-H'",
      "sigma_author": "",
      "category": "",
      "license": "",
      "tactic": "TA0001",
      "technique": "T1078.004",
      "mitre_attack": [
       {
        "tactic_id": "TA0001",
        "technique_id": "T1078.004"
       }
      ],
      "vendor": "Microsoft",
      "vendors": [
       "Microsoft"
      ],
      "product": "",
      "tags": "",
      "active": true,
      "source_url": "https://github.com/SigmaHQ/sigma/blob/master/rules/cloud/azure/signin_logs/azure_conditional_access_failure.yml",
      "license_details": {
       "name": "DRL",
       "url": "https://github.com/SigmaHQ/Detection-Rule-License"
      },
      "outcome": "detection",
      "created_timestamp": "2022-06-01T00:00:00Z",
      "modified_timestamp": "0001-01-01T00:00:00Z"
     },
     {
      "id": "26e7c5e2-6545-481e-b7e6-050143459635",
      "name": "Microsoft - Entra ID - CA Policy Removed by Non Approved Actor - Sigma",
      "description": "Monitor and alert on conditional access changes where non approved actor removed CA Policy.\n",
      "origin": "SigmaHQ",
      "severity": 50,
      "recommended": true,
      "query": "#repo=\"microsoft_graphapi\" OR #repo=\"3pi_microsoft_entra_id\" OR #repo=\"fcs_csp_events\"\n| #Vendor=\"microsoft\" #event.dataset=/entraid/ \n| #event.kind=\"event\" #event.outcome=\"success\" \n| array:contains(array=\"event.category[]\", value=\"configuration\")\n| event.action=\"delete-conditional-access-policy\"\n",
      "search_window_start": "-70m",
      "search_window_end": "-10m",
      "schedule": "1h",
      "author": "Corissa Koopmans, '@corissalea'",
      "sigma_author": "",
      "category": "",
      "license": "",
      "tactic": "TA0003",
      "technique": "T1556",
      "mitre_attack": [
       {
        "tactic_id": "TA0003",
        "technique_id": "T1556"
       }
      ],
      "vendor": "Microsoft",
      "vendors": [
       "Microsoft"
      ],
      "product": "",
      "tags": "",
      "active": true,
      "source_url": "https://github.com/SigmaHQ/sigma/blob/master/rules/cloud/azure/audit_logs/azure_aad_secops_ca_policy_removedby_bad_actor.yml",
      "license_details": {
       "name": "DRL",
       "url": "https://github.com/SigmaHQ/Detection-Rule-License"
      },
      "outcome": "detection",
      "created_timestamp": "2022-07-19T00:00:00Z",
      "modified_timestamp": "0001-01-01T00:00:00Z"
     },
     {
      "id": "dcc20f98-c5ca-475e-b5af-84344eae83fb",
      "name": "Microsoft - Entra ID - Global Administrator Role Assigned",
      "description": "Identifies the assignment of the Microsoft Entra ID Global Administrator role to a user. This privileged role provides access to all administrative features of Microsoft Entra ID and Microsoft services that use Microsoft Entra identities. Since this role could allow an attacker to maintain access, escalate privileges and modify almost every administrative setting in Microsoft Entra and Microsoft 365, it should be assigned to very few people in your organization to keep the attack surface low.\n",
      "origin": "CrowdStrike",
      "severity": 50,
      "recommended": true,
      "query": "(#repo=\"microsoft_graphapi\" OR #repo=\"3pi_microsoft_entra_id\" OR #repo=\"fcs_csp_events\") #Vendor=\"microsoft\" #event.dataset=/entraid/\n| #event.kind=\"event\" | array:contains(\"event.category[]\", value=\"configuration\") | array:contains(\"event.type[]\", value=\"info\")\n| #event.outcome=\"success\" \n| Vendor.category=\"RoleManagement\"\n| event.action=\"add-member-to-role\"\n| Vendor.targetResources[0].modifiedProperties[1].newValue=\"\\\"Global Administrator\\\"\"\n",
      "search_window_start": "-70m",
      "search_window_end": "-10m",
      "schedule": "1h",
      "author": "CrowdStrike",
      "sigma_author": "",
      "category": "",
      "license": "",
      "tactic": "TA0003",
      "technique": "T1098.003",
      "mitre_attack": [
       {
        "tactic_id": "TA0003",
        "technique_id": "T1098.003"
       }
      ],
      "vendor": "Microsoft",
      "vendors": [
       "Microsoft"
      ],
      "product": "",
      "tags": "",
      "active": true,
      "source_url": "",
      "license_details": {
       "name": "",
       "url": ""
      },
      "outcome": "detection",
      "created_timestamp": "2024-05-31T00:00:00Z",
      "modified_timestamp": "0001-01-01T00:00:00Z"
     },
     {
      "id": "6fa06de6-bffe-42dc-bc3b-0f958f36a3ff",
      "name": "Microsoft - Azure - Identity Eligible for User Access Administrator Role in IAM",
      "description": "This rule detects when an identity becomes eligible for the User Access Administrator role in Azure IAM. The User Access Administrator role is a privileged role that can be used to escalate privileges to other roles, including the Owner role. This detection is crucial for identifying potential privilege escalation attempts or unauthorized changes to IAM permissions.\n",
      "origin": "CrowdStrike",
      "severity": 50,
      "recommended": true,
      "query": "defineTable(\n  query={\n    #Vendor=\"microsoft\" #event.module=\"azure\" #event.dataset=\"azure.activity\" #repo!=\"xdr*\"\n    | #event.outcome=\"success\"\n    | event.action=\"Microsoft.Authorization/roleEligibilityScheduleRequests/write\" },\n  include=[Vendor.correlationId], \n  name=\"successful_uaa_role_made_eligible\")\n| #Vendor=\"microsoft\" #event.module=\"azure\" #event.dataset=\"azure.activity\" #repo!=\"xdr*\"\n// Check for generic role eligibility assignments\n| event.action=\"Microsoft.Authorization/roleEligibilityScheduleRequests/write\"\n// Parse the request body from the initiating event\n| parseJson(Vendor.properties.requestbody)\n// Check for User Access Administrator role assignments based on pre-defined role definition ID\n| Properties.RoleDefinitionId=/18d7d88d-d35e-4fb5-a5c3-7773c20a72d9$/\n// Check if the role assignment initiation was actually completed or not via subsequent logs based on correlationId\n| match(file=\"successful_uaa_role_made_eligible\", field=[Vendor.correlationId]) \n",
      "search_window_start": "-70m",
      "search_window_end": "-10m",
      "schedule": "1h",
      "author": "CrowdStrike",
      "sigma_author": "",
      "category": "",
      "license": "",
      "tactic": "TA0004",
      "technique": "T1548.005",
      "mitre_attack": [
       {
        "tactic_id": "TA0004",
        "technique_id": "T1548.005"
       }
      ],
      "vendor": "Microsoft",
      "vendors": [
       "Microsoft"
      ],
      "product": "",
      "tags": "",
      "active": true,
      "source_url": "",
      "license_details": {
       "name": "",
       "url": ""
      },
      "outcome": "detection",
      "created_timestamp": "2025-01-31T00:00:00Z",
      "modified_timestamp": "0001-01-01T00:00:00Z"
     },
     {
      "id": "73515202-6c46-4951-b40a-4fa02ede443f",
      "name": "Microsoft - Entra ID - Entra Connect Account Anomalous Behaviour",
      "description": "This rule detects potential compromise of Entra Connect accounts used for federated access to on-premises Active Directory servers. It identifies anomalous access patterns, including logins from unexpected applications, access to non-standard resources, or use of authentication protocols other than ROPC.\n",
      "origin": "CrowdStrike",
      "severity": 50,
      "recommended": true,
      "query": "#repo=\"microsoft_graphapi\" OR #repo=\"3pi_microsoft_entra_id\" OR #repo=\"fcs_csp_events\"\n| #Vendor=\"microsoft\" #event.dataset=/entraid/ \n| #event.kind=\"event\"\n| event.provider!=\"NonInteractiveUserSignInLogs\"\n| coalesce([user.email, user.full_name], as=_userPrincipalName)\n| _userPrincipalName=/^sync\\_.+\\_[a-fA-F0-9]{12}\\@.+\\.onmicrosoft\\.com/i OR user.name=\"On-Premises Directory Synchronization Service Account\"\n| coalesce([Vendor.properties.appId, Vendor.appId], as=_appId)\n| coalesce([Vendor.properties.appDisplayName, Vendor.appDisplayName], as=_appDisplayName)\n| coalesce([Vendor.properties.resourceDisplayName, Vendor.resourceDisplayName], as=_resourceDisplayName)\n| case {\n    #event.outcome!=\"success\" OR error.code!=0\n    | _failed_logon_observed := \"true\";\n    _appId!=\"cb1056e2-e479-49de-ae31-7812af012ed8\" OR _appDisplayName!=\"Microsoft Azure Active Directory Connect\" OR _resourceDisplayName!=\"Windows Azure Active Directory\"\n    | _anomalous_app_logon_observed := \"true\";\n    // Graph API Connector does not currently provide authentication protocol data\n    Vendor.properties.authenticationProtocol=* Vendor.properties.authenticationProtocol!=\"ropc\"\n    | _anomalous_authentication_protocol_observed:=\"true\"\n}\n| _failed_logon_observed=* OR _anomalous_app_logon_observed=* OR _anomalous_authentication_protocol_observed=*\n",
      "search_window_start": "-70m",
      "search_window_end": "-10m",
      "schedule": "1h",
      "author": "CrowdStrike",
      "sigma_author": "",
      "category": "",
      "license": "",
      "tactic": "TA0003",
      "technique": "T1556.007",
      "mitre_attack": [
       {
        "tactic_id": "TA0003",
        "technique_id": "T1556.007"
       }
      ],
      "vendor": "Microsoft",
      "vendors": [
       "Microsoft"
      ],
      "product": "",
      "tags": "",
      "active": true,
      "source_url": "",
      "license_details": {
       "name": "",
       "url": ""
      },
      "outcome": "detection",
      "created_timestamp": "2025-02-03T00:00:00Z",
      "modified_timestamp": "0001-01-01T00:00:00Z"
     },
     {
      "id": "35b781cc-1a08-4a5a-80af-42fd7c315c6b",
      "name": "Discovery Using AzureHound",
      "description": "Detects AzureHound (A BloodHound data collector for Microsoft Azure) activity via the default User-Agent that is used during its operation after successful authentication.\n",
      "origin": "SigmaHQ",
      "severity": 70,
      "recommended": true,
      "query": "(#repo=\"microsoft_graphapi\" OR #repo=\"3pi_microsoft_entra_id\" OR #repo=\"fcs_csp_events\") #Vendor=\"microsoft\" #event.dataset=/entraid/\n| #event.kind=\"event\"\n| user_agent.original=/azurehound/iF Vendor.ResultType=0\n",
      "search_window_start": "-70m",
      "search_window_end": "-10m",
      "schedule": "1h",
      "author": "Janantha Marasinghe",
      "sigma_author": "",
      "category": "",
      "license": "",
      "tactic": "TA0007",
      "technique": "T1087.004",
      "mitre_attack": [
       {
        "tactic_id": "TA0007",
        "technique_id": "T1087.004"
       }
      ],
      "vendor": "Microsoft",
      "vendors": [
       "Microsoft"
      ],
      "product": "",
      "tags": "",
      "active": true,
      "source_url": "https://github.com/SigmaHQ/sigma/blob/master/rules/cloud/azure/signin_logs/azure_ad_azurehound_discovery.yml",
      "license_details": {
       "name": "DRL",
       "url": "https://github.com/SigmaHQ/Detection-Rule-License"
      },
      "outcome": "detection",
      "created_timestamp": "2022-11-27T00:00:00Z",
      "modified_timestamp": "0001-01-01T00:00:00Z"
     },
     {
      "id": "1ce12b15-68ec-482b-99bd-7153aa981ca5",
      "name": "Microsoft - Entra ID - User Agents Associated With Suspicious Tools",
      "description": "This rule identifies user agents associated with offensive security operating systems. This may be a developer attempting to interact with the account, but if this tool does not look familiar, it may be a malicious actor attempting to enumerate information to further their attack.\n",
      "origin": "CrowdStrike",
      "severity": 30,
      "recommended": true,
      "query": "#repo=\"microsoft_graphapi\" OR #repo=\"3pi_microsoft_entra_id\" OR #repo=\"fcs_csp_events\"\n| #Vendor=\"microsoft\" #event.dataset=/entraid\\.signin/F\n| user_agent.original=/(?:kali|parrot|pentoo)/iF\n",
      "search_window_start": "-70m",
      "search_window_end": "-10m",
      "schedule": "1h",
      "author": "CrowdStrike",
      "sigma_author": "",
      "category": "",
      "license": "",
      "tactic": "TA0009",
      "technique": "T1530",
      "mitre_attack": [
       {
        "tactic_id": "TA0009",
        "technique_id": "T1530"
       }
      ],
      "vendor": "Microsoft",
      "vendors": [
       "Microsoft"
      ],
      "product": "",
      "tags": "",
      "active": true,
      "source_url": "",
      "license_details": {
       "name": "",
       "url": ""
      },
      "outcome": "detection",
      "created_timestamp": "2024-11-18T00:00:00Z",
      "modified_timestamp": "2025-02-25T00:00:00Z"
     },
     {
      "id": "b8a3617d-1229-4c0c-9da8-d61f6d09a398",
      "name": "Microsoft - Azure - Virtual Machine Run Command Executed by User",
      "description": "This rule detects the execution of commands by a user on a virtual machine through the Run Command feature. Adversaries may utilize this technique to execute arbitrary commands as the SYSTEM or root user.\n",
      "origin": "CrowdStrike",
      "severity": 10,
      "recommended": true,
      "query": "#Vendor=\"microsoft\" #event.module=\"azure\" #event.dataset=\"azure.activity\" \n| #event.outcome=\"success\"\n| event.action=\"MICROSOFT.COMPUTE/VIRTUALMACHINES/RUNCOMMAND/ACTION\"\n| Vendor.identity.claims.idtyp=\"user\"\n",
      "search_window_start": "-70m",
      "search_window_end": "-10m",
      "schedule": "1h",
      "author": "CrowdStrike",
      "sigma_author": "",
      "category": "",
      "license": "",
      "tactic": "TA0002",
      "technique": "T1059.009",
      "mitre_attack": [
       {
        "tactic_id": "TA0002",
        "technique_id": "T1059.009"
       }
      ],
      "vendor": "Microsoft",
      "vendors": [
       "Microsoft"
      ],
      "product": "",
      "tags": "",
      "active": true,
      "source_url": "",
      "license_details": {
       "name": "",
       "url": ""
      },
      "outcome": "detection",
      "created_timestamp": "2024-11-29T00:00:00Z",
      "modified_timestamp": "2025-02-21T00:00:00Z"
     },
     {
      "id": "d3ab92fc-4fea-41b9-95da-71010f9827b2",
      "name": "Microsoft - M365 SharePoint - Suspicious Search Query",
      "description": "This detection identifies suspicious keywords being searched in Microsoft SharePoint. After compromising an identity, adversaries may search for sensitive data within SaaS applications to advance their attack goals, such as data theft or lateral movement. A detection will fire if a user performs more than three distinct searches containing suspicious keywords within one hour. These events will only appear if the user is searching via the SharePoint site directly, not via synchronized files.\n",
      "origin": "CrowdStrike",
      "severity": 50,
      "recommended": true,
      "query": "#Vendor=\"microsoft\" #event.module=\"m365\" #event.dataset=\"m365.SharePoint\" #repo!=\"xdr*\"\n| #event.kind=\"event\"\n| event.action=\"SearchQueryInitiatedSharePoint\" OR event.action=\"SearchQueryPerformed\"\n| coalesce([Vendor.SearchQueryText, Vendor.QueryText], as=Vendor.query_text)\n// Repeating regex search for suspicious terms.\n| regex(\"(?:^|\\\\W)(?\u003csuspicious_search_term\u003e\\\"vault\\\" \\\"link\\\" \\\"password\\\"|api[\\\\-_\\\\s]?(?:key|token)?|access|ach|anyconnect|bank|beyondtrust|bearer|citrix(?:\\\\shelp|url)?|customer\\\\s?(?:data|information|refund|tools)|cyber\\\\s?(?:insurance|ark)|credential|data\\\\s?base|deposit|ecommerce|esxi|guide|help\\\\s?desk(?:\\\\scontact)?|horizon|invoice|ip list|it\\\\s?(?:helpdesk|oce)|keep(?:ass|er)|key|login|ontap|pam|p(?:ass)?w(?:or)?d\\\\s?(?:backup|manager|vault)?|pay(?:ment|roll)|pii|privileged access management|proce(?:dure|ss)|ransomware|reset|revenue|security|secret|server(?:cloud|\\\\sinventory)?|service(?:\\\\s-now|now|\\\\sdesk)|sms(?:\\\\scampaign)?|sox|thycotic|token|transfer|twilio|username|vault pam|vcenter(?:\\\\sadmin)?|vdi|vmware horizon|vpn(?:\\\\sinstructions)?|vsphere|wallet|wire)s?(?:\\\\W|$)\", field=Vendor.query_text, repeat=true, flags=i)\n| Vendor.query_text!=/Path:https:\\S+$/i //There are some apps which do a path search for specific files\n| asn(client.ip)\n| ipLocation(client.ip)\n| groupBy([user.email],\n    function=[\n        count(Vendor.query_text, distinct=true, as=_distinct_search_strings),\n        count(suspicious_search_term, distinct=true, as=_distinct_suspicious_search_terms),\n        collect([event.action,suspicious_search_term,Vendor.query_text,Vendor.Site,Vendor.ListUrl,client.ip,client.ip.org,client.ip.country,user_agent.original, #Vendor,#event.dataset,\"event.category[0]\"])\n    ]\n)\n// Adjust the value below to change detection threshold\n| _distinct_search_strings\u003e3\n// Secondary optional threshold: requires multiple unique suspicious terms to reduce false positives\n// _distinct_suspicious_search_terms\u003e1\n| drop([_distinct_search_strings, _distinct_suspicious_search_terms])\n",
      "search_window_start": "-80m",
      "search_window_end": "-20m",
      "schedule": "1h",
      "author": "CrowdStrike",
      "sigma_author": "",
      "category": "",
      "license": "",
      "tactic": "TA0009",
      "technique": "T1213.002",
      "mitre_attack": [
       {
        "tactic_id": "TA0009",
        "technique_id": "T1213.002"
       }
      ],
      "vendor": "Microsoft",
      "vendors": [
       "Microsoft"
      ],
      "product": "",
      "tags": "",
      "active": true,
      "source_url": "",
      "license_details": {
       "name": "",
       "url": ""
      },
      "outcome": "detection",
      "created_timestamp": "2024-12-06T00:00:00Z",
      "modified_timestamp": "2025-03-07T00:00:00Z"
     },
     {
      "id": "a9d78fe2-fbd5-47b3-ba58-e820fee3b1c2",
      "name": "Microsoft - Entra ID - SMS MFA Primary Phone Number Country Code Change",
      "description": "Detects when a user's primary SMS multi-factor authentication (MFA) phone number is modified to have a different country code. Attackers often change the MFA phone number associated with a compromised account to a number they control. This allows them to receive the MFA codes and maintain persistent access to the account. The rule parses and compares the country codes of the old and new phone numbers. If the country codes are different, it triggers an alert. This indicates a potential account compromise where the attacker has changed the MFA phone number to one in a different country.  \n",
      "origin": "CrowdStrike",
      "severity": 50,
      "recommended": true,
      "query": "#repo=\"microsoft_graphapi\" OR #repo=\"3pi_microsoft_entra_id\" OR #repo=\"fcs_csp_events\"\n| #Vendor=\"microsoft\" #event.kind=\"event\" \n| array:contains(array=\"event.category[]\", value=\"configuration\")\n| event.action=\"update-user\"\n| case { \n    #event.module=\"azure\"\n        | Vendor.targetResources[0].modifiedProperties[0].displayName=\"StrongAuthenticationUserDetails\"\n        | Vendor.targetResources[0].modifiedProperties[0].newValue=/PhoneNumber\\\"\\:\\\"(?\u003cNewPhoneNumber\u003e[^\\\"]+)/i\n        | Vendor.targetResources[0].modifiedProperties[0].oldValue=/PhoneNumber\\\"\\:\\\"(?\u003cOldPhoneNumber\u003e[^\\\"]+)/i\n        | NewPhoneNumber=/\\+(?\u003cNewCountryCode\u003e\\d{1,3})/ OldPhoneNumber=/\\+(?\u003cOldCountryCode\u003e\\d{1,3})/;\n    #event.module=\"entraid\"\n        | Vendor.properties.targetResources[0].modifiedProperties[0].displayName=\"StrongAuthenticationUserDetails\"\n        | Vendor.properties.targetResources[0].modifiedProperties[0].newValue=/PhoneNumber\\\"\\:\\\"(?\u003cNewPhoneNumber\u003e[^\\\"]+)/i\n        | Vendor.properties.targetResources[0].modifiedProperties[0].oldValue=/PhoneNumber\\\"\\:\\\"(?\u003cOldPhoneNumber\u003e[^\\\"]+)/i\n        | NewPhoneNumber=/\\+(?\u003cNewCountryCode\u003e\\d{1,3})/ OldPhoneNumber=/\\+(?\u003cOldCountryCode\u003e\\d{1,3})/;\n    }   \n| test(NewCountryCode!=OldCountryCode)\n",
      "search_window_start": "-70m",
      "search_window_end": "-10m",
      "schedule": "1h",
      "author": "CrowdStrike",
      "sigma_author": "",
      "category": "",
      "license": "",
      "tactic": "TA0003",
      "technique": "T1556",
      "mitre_attack": [
       {
        "tactic_id": "TA0003",
        "technique_id": "T1556"
       }
      ],
      "vendor": "Microsoft",
      "vendors": [
       "Microsoft"
      ],
      "product": "",
      "tags": "",
      "active": true,
      "source_url": "",
      "license_details": {
       "name": "",
       "url": ""
      },
      "outcome": "detection",
      "created_timestamp": "2024-08-21T00:00:00Z",
      "modified_timestamp": "2024-09-06T00:00:00Z"
     },
     {
      "id": "382ea029-1279-43ad-b76d-8e95a77fc659",
      "name": "Microsoft - Entra ID - Restricted Group Sign-In",
      "description": "This rule detects successful sign-in activities for members of restricted Entra ID groups. The detection logic is based on authentication events from specified applications for users listed in predefined CSV files, which correspond to restricted group memberships. Before deploying this rule, ensure that the CSV files are properly configured and maintained to avoid false positives. To reduce false positives, it is highly recommended to identify and only monitor specific applications to avoid excessive alerts. Additionally, automated system processes using service accounts that are part of restricted groups may trigger this rule.\n\nPlease reference the following articles to understand how lookup files operate: https://library.humio.com/data-analysis/repositories-files-ui.html, https://library.humio.com/logscale-api/api-lookup.html\n",
      "origin": "CrowdStrike",
      "severity": 10,
      "recommended": false,
      "query": "#Vendor=\"microsoft\" #event.dataset=/entraid.signin$/F (#event.module=\"entraid\" OR #event.module=\"azure\")\n| #event.kind=\"event\" #event.outcome=\"success\"\n| event.action=\"sign-in-activity\" event.provider=\"SignInLogs\"\n\n// The below case{} should be populated with the membership details of restricted groups.\n// The CSV should have a column with the emails of the users that require monitoring.\n// A master CSV for all monitored users could be utilized, however it is recommended that each group has its own CSV.\n// The lookup files can be maintained automatically via API: https://library.humio.com/logscale-api/api-lookup.html\n| case {\n    match(\"GROUP1-FILENAME.csv\", field=\"user.email\", column=\"COLUMNNAME\");\n//    match(\"GROUP2-FILENAME.csv\", field=\"user.email\", column=\"COLUMNNAME\");\n}\n\n// It is highly recommended to scope this rule to specific applications otherwise you will be flooded with an unmanageable spike in false positives.\n// Several default applications have been pre-filled.\n| coalesce([Vendor.appDisplayName, Vendor.properties.appDisplayName], as=_appDisplayName)\n| _appDisplayName =~ in(values=[\"Windows Sign In\", \"Microsoft Teams\", \"Office 365 Exchange Online\"])\n| groupBy(user.email, function=[collect([event.action,_appDisplayName,source.ip,#Vendor,#event.dataset,\"event.category[0]\"])])\n",
      "search_window_start": "-70m",
      "search_window_end": "-10m",
      "schedule": "1h",
      "author": "CrowdStrike",
      "sigma_author": "",
      "category": "",
      "license": "",
      "tactic": "TA0001",
      "technique": "T1078.004",
      "mitre_attack": [
       {
        "tactic_id": "TA0001",
        "technique_id": "T1078.004"
       }
      ],
      "vendor": "Microsoft",
      "vendors": [
       "Microsoft"
      ],
      "product": "",
      "tags": "",
      "active": true,
      "source_url": "",
      "license_details": {
       "name": "",
       "url": ""
      },
      "outcome": "detection",
      "created_timestamp": "2025-03-28T00:00:00Z",
      "modified_timestamp": "0001-01-01T00:00:00Z"
     },
     {
      "id": "df0f1f8e-5244-443f-a338-b6f3c3fac932",
      "name": "Microsoft - Azure - Delete Activity Spike in Short Time",
      "description": "This rule detects a spike in delete activities for a user in Microsoft Azure within a short time period. This rule calculates the average and standard deviation of delete events per user over a 7-day baseline, then alerts when the current hour's activity exceeds 3 standard deviations above the mean. This could indicate unauthorized access or malicious activity.\n",
      "origin": "CrowdStrike",
      "severity": 30,
      "recommended": true,
      "query": "defineTable(\nname=\"mgmt_events_stats\",\nstart=7d,\nend=1h,\nquery={\n    #Vendor=\"microsoft\" #event.module=\"azure\" #event.dataset=\"azure.activity\"\n    | #event.kind=\"event\" #event.outcome=\"success\"\n    | event.action=/delete/i\n    | time_bucket := formatTime(\"%Y-%m-%d %H\", field=@timestamp)\n    | groupBy([time_bucket,user.id, source.ip],function=count(as=mgmt_events_total_count), limit=max)\n    | groupBy(user.id, \n        function=[\n            mgmt_events_average_count := avg(mgmt_events_total_count), \n            mgmt_events_std_deviation_count := stdDev(mgmt_events_total_count)\n        ], \n        limit=max\n    )\n}, \ninclude=[*]\n)\n//Base Search\n| #Vendor=\"microsoft\" #event.module=\"azure\" #event.dataset=\"azure.activity\"\n| #event.kind=\"event\" #event.outcome=\"success\"\n| event.action=/delete/i\n| time_bucket := formatTime(\"%Y-%m-%d %H\", field=@timestamp)\n| groupBy([time_bucket, user.id, source.ip ],function=[count(as=mgmt_events_total_count), collect([event.action, user.email, \"user.roles[0]\"]), count(event.action, as=event_action_distinct_count, distinct=true)], limit=max)\n| event_action_distinct_count\u003e1\n| match(file=\"mgmt_events_stats\", field=user.id, strict=false)\n| threshold := mgmt_events_average_count + 3 * mgmt_events_std_deviation_count\n| case {\n    threshold!=* | threshold := 0; // Identity with no activity in the baseline.\n    *;\n}\n| test(mgmt_events_total_count \u003e threshold)\n",
      "search_window_start": "-70m",
      "search_window_end": "-10m",
      "schedule": "1h",
      "author": "CrowdStrike",
      "sigma_author": "",
      "category": "",
      "license": "",
      "tactic": "TA0040",
      "technique": "T1485",
      "mitre_attack": [
       {
        "tactic_id": "TA0040",
        "technique_id": "T1485"
       }
      ],
      "vendor": "Microsoft",
      "vendors": [
       "Microsoft"
      ],
      "product": "",
      "tags": "",
      "active": true,
      "source_url": "",
      "license_details": {
       "name": "",
       "url": ""
      },
      "outcome": "detection",
      "created_timestamp": "2025-04-04T00:00:00Z",
      "modified_timestamp": "0001-01-01T00:00:00Z"
     },
     {
      "id": "bee5bc98-c6c6-44e5-a8c4-93a73c68fbec",
      "name": "Microsoft - Defender for Office 365 - Email With Malicious Attachment Delivered",
      "description": "This rule detects emails with malicious attachments that have been delivered to the recipient's mailbox. It combines information from Microsoft Defender's EmailAttachmentInfo and EmailEvents to identify potentially harmful attachments that have bypassed initial security measures. This detection is crucial for identifying potential threats that have successfully entered the organization's email system.\n",
      "origin": "CrowdStrike",
      "severity": 50,
      "recommended": true,
      "query": "defineTable( \n      query={\n            #Vendor=\"microsoft\" #event.module=\"windows-defender-365\" #event.dataset=\"windows-defender-365.event\" #repo!=\"xdr*\"\n            | Vendor.Workload=\"EmailAttachmentInfo\"\n            | Vendor.properties.ThreatTypes=*\n            | rename(Vendor.properties.ThreatNames, as=_original_threat_name)\n            | rename(Vendor.properties.ThreatTypes, as=_original_threat_type)\n}, \ninclude=[email.local_id, file.name, file.extension, _original_threat_name, _original_threat_type ], name=\"inbound_email\")\n| #Vendor=\"microsoft\" #event.module=\"windows-defender-365\" #event.dataset=\"windows-defender-365.event\" #repo!=\"xdr*\"\n| Vendor.Workload=\"EmailEvents\"\n| Vendor.properties.LatestDeliveryAction=\"Delivered\" OR Vendor.properties.DeliveryAction=\"Delivered\"\n| match(file=\"inbound_email\", field=[email.local_id])\n",
      "search_window_start": "-70m",
      "search_window_end": "-10m",
      "schedule": "1h",
      "author": "CrowdStrike",
      "sigma_author": "",
      "category": "",
      "license": "",
      "tactic": "TA0001",
      "technique": "T1566.001",
      "mitre_attack": [
       {
        "tactic_id": "TA0001",
        "technique_id": "T1566.001"
       }
      ],
      "vendor": "Microsoft",
      "vendors": [
       "Microsoft"
      ],
      "product": "",
      "tags": "",
      "active": true,
      "source_url": "",
      "license_details": {
       "name": "",
       "url": ""
      },
      "outcome": "detection",
      "created_timestamp": "2025-03-03T00:00:00Z",
      "modified_timestamp": "0001-01-01T00:00:00Z"
     },
     {
      "id": "58ecdf83-2b52-4aaf-8441-26664275f342",
      "name": "Microsoft - Defender for Office 365 - Email With Malicious URL",
      "description": "This rule detects malicious URLs within emails using Microsoft Defender data. It leverages the Microsoft Defender EmailUrlInfo table to identify emails sent from domains that are flagged as suspicious through Crowdstrike's IOC lookup function. By default, an IOC confidence level threshold of \"medium\" is being used, meaning that IOC has been associated with malicious activity within the last 120 days. Adjust the confidence level threshold as necessary.\n",
      "origin": "CrowdStrike",
      "severity": 50,
      "recommended": true,
      "query": "#Vendor=\"microsoft\" #event.module=\"windows-defender-365\" #event.dataset=\"windows-defender-365.event\" #repo!=\"xdr*\"\n| #event.kind=\"event\"\n| Vendor.Workload=\"EmailUrlInfo\"\n| case{\n    ioc:lookup(field=[url.original], type=\"url\", strict=true, confidenceThreshold=medium);\n    ioc:lookup(field=[url.domain], type=\"domain\", strict=true, confidenceThreshold=medium) \n}\n",
      "search_window_start": "-70m",
      "search_window_end": "-10m",
      "schedule": "1h",
      "author": "CrowdStrike",
      "sigma_author": "",
      "category": "",
      "license": "",
      "tactic": "TA0001",
      "technique": "T1566",
      "mitre_attack": [
       {
        "tactic_id": "TA0001",
        "technique_id": "T1566"
       }
      ],
      "vendor": "Microsoft",
      "vendors": [
       "Microsoft"
      ],
      "product": "",
      "tags": "",
      "active": true,
      "source_url": "",
      "license_details": {
       "name": "",
       "url": ""
      },
      "outcome": "detection",
      "created_timestamp": "2025-02-25T00:00:00Z",
      "modified_timestamp": "2025-02-26T00:00:00Z"
     },
     {
      "id": "7a77e5c1-fe30-40bc-8cbb-f749323071a2",
      "name": "Microsoft - M365 Exchange Online - Audit Logging Bypass Enabled",
      "description": "This rule identifies when audit logging bypass has been enabled, which may be an indication of a threat actor attempting to hide their actions on a mailbox.\n",
      "origin": "CrowdStrike",
      "severity": 30,
      "recommended": true,
      "query": "#Vendor=\"microsoft\" #event.module=\"exchange\" #repo!=\"xdr_*\"\n| event.action=\"Set-MailboxAuditBypassAssociation\"\n| objectArray:eval(array=\"Vendor.Parameters[]\", asArray=\"_params[]\", var=x, function={\n    x.Name=\"AuditBypassEnabled\" x.Value=/true/i\n    | _params := \"true\"\n})\n| _params[0]=*\n",
      "search_window_start": "-70m",
      "search_window_end": "-10m",
      "schedule": "1h",
      "author": "CrowdStrike",
      "sigma_author": "",
      "category": "",
      "license": "",
      "tactic": "TA0005",
      "technique": "T1562.008",
      "mitre_attack": [
       {
        "tactic_id": "TA0005",
        "technique_id": "T1562.008"
       }
      ],
      "vendor": "Microsoft",
      "vendors": [
       "Microsoft"
      ],
      "product": "",
      "tags": "",
      "active": true,
      "source_url": "",
      "license_details": {
       "name": "",
       "url": ""
      },
      "outcome": "detection",
      "created_timestamp": "2024-08-19T00:00:00Z",
      "modified_timestamp": "2025-02-03T00:00:00Z"
     },
     {
      "id": "a37953f0-1570-4656-8759-34a41472aca0",
      "name": "Microsoft - M365 Exchange Online - Unified Audit Logging Disabled Globally",
      "description": "This rule identifies when the unified audit log is disabled across an entire Microsoft 365 environment. This could indicate that an adversary is attempting to hide their track via disabling monitoring of their activities. \n",
      "origin": "CrowdStrike",
      "severity": 70,
      "recommended": true,
      "query": "#Vendor=\"microsoft\" #event.module=\"exchange\" \n| #event.kind=\"event\" \n| array:contains(\"event.category[]\", value=\"email\")\n| event.action=\"Set-AdminAuditLogConfig\"\n| objectArray:eval(array=\"Vendor.Parameters[]\", asArray=\"_params[]\", var=x, function={\n    x.Name=\"UnifiedAuditLogIngestionEnabled\" x.Value=\"False\"\n    | _params := \"match\"\n})\n| _params[0]=*\n",
      "search_window_start": "-70m",
      "search_window_end": "-10m",
      "schedule": "1h",
      "author": "CrowdStrike",
      "sigma_author": "",
      "category": "",
      "license": "",
      "tactic": "TA0005",
      "technique": "T1562.008",
      "mitre_attack": [
       {
        "tactic_id": "TA0005",
        "technique_id": "T1562.008"
       }
      ],
      "vendor": "Microsoft",
      "vendors": [
       "Microsoft"
      ],
      "product": "",
      "tags": "",
      "active": true,
      "source_url": "",
      "license_details": {
       "name": "",
       "url": ""
      },
      "outcome": "detection",
      "created_timestamp": "2024-08-19T00:00:00Z",
      "modified_timestamp": "2025-01-06T00:00:00Z"
     },
     {
      "id": "4e6493c0-0546-4b9c-b8b0-41d5982675ac",
      "name": "Microsoft - M365 Exchange Online - Audit Logging Disabled Individual Mailbox",
      "description": "Detects when audit logging is disabled on an individual mailbox. This could indicate that an adversary is attempting to hide their track by disabling monitoring of their activities. \n",
      "origin": "CrowdStrike",
      "severity": 50,
      "recommended": true,
      "query": "| #repo=\"microsoft_exchange_online\" #Vendor=\"microsoft\" #event.module=\"exchange\"\n| array:contains(array=\"event.category[]\", value=\"email\")\n| event.action=\"Set-Mailbox\" \n| case { Vendor.Parameters[1].Name=\"AuditEnabled\" | Vendor.Parameters[1].Value=\"False\"; }\n",
      "search_window_start": "-70m",
      "search_window_end": "-10m",
      "schedule": "1h",
      "author": "CrowdStrike",
      "sigma_author": "",
      "category": "",
      "license": "",
      "tactic": "TA0005",
      "technique": "T1564.008",
      "mitre_attack": [
       {
        "tactic_id": "TA0005",
        "technique_id": "T1564.008"
       }
      ],
      "vendor": "Microsoft",
      "vendors": [
       "Microsoft"
      ],
      "product": "",
      "tags": "",
      "active": true,
      "source_url": "",
      "license_details": {
       "name": "",
       "url": ""
      },
      "outcome": "detection",
      "created_timestamp": "2024-08-19T00:00:00Z",
      "modified_timestamp": "0001-01-01T00:00:00Z"
     },
     {
      "id": "64720a77-9b22-4cb4-a44f-154808b00b1c",
      "name": "Microsoft - M365 Exchange Online - Suspicious Modification of Default or Anonymous Mailbox Permissions",
      "description": "This rule detects changes to Default or Anonymous user permissions on Microsoft 365 mailboxes. Such modifications can grant extensive access, either to all authenticated users or anyone outside the tenant, potentially leading to unauthorized access or data exfiltration. \nAdversaries may exploit these changes to maintain access across compromised mailboxes or to discover and exploit additional mailboxes.\n",
      "origin": "CrowdStrike",
      "severity": 50,
      "recommended": true,
      "query": "#event.module=\"exchange\" #repo=\"microsoft_exchange_online\" #Vendor=\"microsoft\"\n| array:contains(array=\"event.category[]\", value=\"email\")\n| event.action=/(?:Add|Set)-MailboxFolderPermission|(?:Add|Modify)FolderPermissions/i\n// The MemberSid of S-1-1-0 represents the Default user permission\n// The MemberSid of S-1-5-7 represents the Anonymous user permission \n| case { \n    Vendor.Parameters[2].Name=\"User\" Vendor.Parameters[2].Value=/(?:Default|Anonymous)/i;\n    Vendor.Item.ParentFolder.MemberUpn=\"Everyone\" | Vendor.Item.ParentFolder.MemberSid=\"S-1-1-0\" or Vendor.Item.ParentFolder.MemberSid=\"S-1-5-7\"; \n}\n",
      "search_window_start": "-70m",
      "search_window_end": "-10m",
      "schedule": "1h",
      "author": "CrowdStrike",
      "sigma_author": "",
      "category": "",
      "license": "",
      "tactic": "TA0003",
      "technique": "T1098.002",
      "mitre_attack": [
       {
        "tactic_id": "TA0003",
        "technique_id": "T1098.002"
       }
      ],
      "vendor": "Microsoft",
      "vendors": [
       "Microsoft"
      ],
      "product": "",
      "tags": "",
      "active": true,
      "source_url": "",
      "license_details": {
       "name": "",
       "url": ""
      },
      "outcome": "detection",
      "created_timestamp": "2024-08-23T00:00:00Z",
      "modified_timestamp": "2024-09-11T00:00:00Z"
     },
     {
      "id": "dbef5fbc-c2ed-40b0-8015-03f026fb6a96",
      "name": "Microsoft - M365 Exchange Online - Mailbox Delegation FullAccess Access Rights",
      "description": "Detects instances where AccessRights are modified on a mailbox to allow for FullAccess. Adversaries in control of administrative accounts may grant themselves the FullAccess permission to control the entirety of a mailbox of interest.  \nThis approach allows them to persistently access sensitive information, impersonate legitimate users, and maintain control over email accounts.\n",
      "origin": "CrowdStrike",
      "severity": 50,
      "recommended": true,
      "query": "#event.module=\"exchange\" #repo=\"microsoft_exchange_online\" #Vendor=\"microsoft\"\n| array:contains(array=\"event.category[]\", value=\"email\")\n| event.action=/Add-MailboxPermission/i\n| Vendor.Parameters[2].Name=/AccessRights/i \n| Vendor.Parameters[2].Value=/FullAccess/i \n| user.email!=\"NT AUTHORITY\\\\SYSTEM (Microsoft.Exchange.ServiceHost)\"\n",
      "search_window_start": "-70m",
      "search_window_end": "-10m",
      "schedule": "1h",
      "author": "CrowdStrike",
      "sigma_author": "",
      "category": "",
      "license": "",
      "tactic": "TA0003",
      "technique": "T1098.002",
      "mitre_attack": [
       {
        "tactic_id": "TA0003",
        "technique_id": "T1098.002"
       }
      ],
      "vendor": "Microsoft",
      "vendors": [
       "Microsoft"
      ],
      "product": "",
      "tags": "",
      "active": true,
      "source_url": "",
      "license_details": {
       "name": "",
       "url": ""
      },
      "outcome": "detection",
      "created_timestamp": "2024-08-26T00:00:00Z",
      "modified_timestamp": "0001-01-01T00:00:00Z"
     },
     {
      "id": "c3cf38fe-5701-412d-a0cb-129fea28d562",
      "name": "Microsoft - M365 Exchange Online - New or Modified Management Role Assignments",
      "description": "This rule identifies when any management role assignment is created in Microsoft Exchange. Depending on the newly assigned role, it could grant extensive access to mailboxes in the environment. These management roles are specific to Exchange and do not extend to other Microsoft products like Microsoft Entra ID. This activity is infrequent and may indicate an adversary attempting to escalate privileges to access additional mailboxes.\n",
      "origin": "CrowdStrike",
      "severity": 70,
      "recommended": true,
      "query": "#repo=\"microsoft_exchange_online\" #Vendor=\"microsoft\" #event.module=\"exchange\" \n| #event.kind=\"event\"\n| array:contains(\"event.category[]\", value=\"email\")\n| event.action=~in(values=[\"New-ManagementRoleAssignment\", \"Set-ManagementRoleAssignment\"])\n",
      "search_window_start": "-70m",
      "search_window_end": "-10m",
      "schedule": "1h",
      "author": "CrowdStrike",
      "sigma_author": "",
      "category": "",
      "license": "",
      "tactic": "TA0004",
      "technique": "T1548.005",
      "mitre_attack": [
       {
        "tactic_id": "TA0004",
        "technique_id": "T1548.005"
       }
      ],
      "vendor": "Microsoft",
      "vendors": [
       "Microsoft"
      ],
      "product": "",
      "tags": "",
      "active": true,
      "source_url": "",
      "license_details": {
       "name": "",
       "url": ""
      },
      "outcome": "detection",
      "created_timestamp": "2024-11-25T00:00:00Z",
      "modified_timestamp": "0001-01-01T00:00:00Z"
     }
    ]
   }