{
    "meta": {
     "query_time": 0.037948576,
     "powered_by": "svc-cscrrulestemplates",
     "trace_id": "69cabd962f90c747b8d64948033f27d9"
    },
    "errors": [],
    "resources": [
     {
      "id": "821f4a0c-284d-4dc2-b3c1-5b081ad7fd20",
      "name": "Microsoft - M365 Exchange Online - Mail Redirect Via Transport Rule",
      "description": "This rule identifies when an Exchange Transport Rule is configured to redirect messages. Depending on the configuration the rule may apply to all messages which could have severe consequences within the organization.\n",
      "origin": "CrowdStrike",
      "severity": 50,
      "recommended": true,
      "query": "#Vendor=\"microsoft\" #repo=\"microsoft_exchange_online\" #event.module=\"exchange\" #event.kind=\"event\"\n| event.action =~ in(values=[\"New-TransportRule\", \"Set-TransportRule\"])\n| objectArray:eval(array=\"Vendor.Parameters[]\", asArray=\"VendorParameters[]\", var=x, function={ x.Name=/^(?:BlindCopyTo|RedirectMessageTo)$/i | VendorParameters := \"match\"})\n| array:contains(array=\"VendorParameters[]\", value=\"match\")\n",
      "search_window_start": "-70m",
      "search_window_end": "-10m",
      "schedule": "1h",
      "author": "CrowdStrike",
      "sigma_author": "",
      "category": "",
      "license": "",
      "tactic": "TA0009",
      "technique": "T1114.003",
      "mitre_attack": [
       {
        "tactic_id": "TA0009",
        "technique_id": "T1114.003"
       }
      ],
      "vendor": "Microsoft",
      "vendors": [
       "Microsoft"
      ],
      "product": "",
      "tags": "",
      "active": true,
      "source_url": "",
      "license_details": {
       "name": "",
       "url": ""
      },
      "outcome": "detection",
      "created_timestamp": "2024-03-08T00:00:00Z",
      "modified_timestamp": "2024-10-04T00:00:00Z"
     },
     {
      "id": "7fb8af58-cc82-47c2-8823-f69a821392c9",
      "name": "Microsoft - M365 Exchange Online - User Accessing Other Mailboxes From Suspicious IP Address",
      "description": "This rule identifies when a user attempts to access another user's mailbox from an IP address associated with Crowdstrike's threat intelligence feed. This could be an indication of a threat actor attempting to pivot to another mailbox or test the user's permissions.\n",
      "origin": "CrowdStrike",
      "severity": 30,
      "recommended": true,
      "query": "#Vendor=\"microsoft\" #repo=\"microsoft_exchange_online\" #event.module=\"exchange\"  \n| event.action=\"MailItemsAccessed\"\n| user.email := lower(user.email)\n| Vendor.MailboxOwnerUPN := lower(Vendor.MailboxOwnerUPN)\n| test(user.email!=Vendor.MailboxOwnerUPN)\n| ioc:lookup(field=client.ip, type=\"ip_address\", confidenceThreshold=unverified, strict=true)\n",
      "search_window_start": "-70m",
      "search_window_end": "-10m",
      "schedule": "1h",
      "author": "CrowdStrike",
      "sigma_author": "",
      "category": "",
      "license": "",
      "tactic": "TA0009",
      "technique": "T1114.002",
      "mitre_attack": [
       {
        "tactic_id": "TA0009",
        "technique_id": "T1114.002"
       }
      ],
      "vendor": "Microsoft",
      "vendors": [
       "Microsoft"
      ],
      "product": "",
      "tags": "",
      "active": true,
      "source_url": "",
      "license_details": {
       "name": "",
       "url": ""
      },
      "outcome": "detection",
      "created_timestamp": "2024-03-08T00:00:00Z",
      "modified_timestamp": "2024-10-15T00:00:00Z"
     },
     {
      "id": "da5045b7-bd49-410f-8305-579c492a8e47",
      "name": "Microsoft - M365 SharePoint - Authentication from Malicious IP Address",
      "description": "This rule will alert when a successful authentication for a Microsoft SharePoint account is observed from a medium-confidence malicious IP address. By default, an IOC confidence level threshold of \"medium\" is being used, meaning that IOC has been associated with malicious activity within the last 120 days. Adjust the confidence level threshold as necessary. For more information about ioc:lookup function, see https://library.humio.com/data-analysis/functions-ioc-lookup.html.\n",
      "origin": "CrowdStrike",
      "severity": 70,
      "recommended": true,
      "query": "#Vendor=\"microsoft\" #event.module=\"m365\" #event.dataset=\"m365.SharePoint\"\n| #event.outcome=\"success\"\n| event.action=\"SignInEvent\"\n| ioc:lookup(field=[\"client.ip\"], type=\"ip_address\", confidenceThreshold=\"medium\", strict=\"true\")\n",
      "search_window_start": "-70m",
      "search_window_end": "-10m",
      "schedule": "1h",
      "author": "CrowdStrike",
      "sigma_author": "",
      "category": "",
      "license": "",
      "tactic": "TA0001",
      "technique": "T1078.004",
      "mitre_attack": [
       {
        "tactic_id": "TA0001",
        "technique_id": "T1078.004"
       }
      ],
      "vendor": "Microsoft",
      "vendors": [
       "Microsoft"
      ],
      "product": "",
      "tags": "",
      "active": true,
      "source_url": "",
      "license_details": {
       "name": "",
       "url": ""
      },
      "outcome": "detection",
      "created_timestamp": "2025-01-21T00:00:00Z",
      "modified_timestamp": "0001-01-01T00:00:00Z"
     },
     {
      "id": "cf0693c3-da15-4c62-860f-1584d55fc901",
      "name": "Microsoft - M365 Exchange Online - Email Forwarding Inbox Rule",
      "description": "This detection identifies when email forwarding is enabled within an Outlook mailbox through the use of inbox rules, potentially indicating malicious exfiltration. The inbox rule may be configured to forward sensitive emails to an external or unauthorized account, posing a risk to data confidentiality and integrity. Email forwarding rules can be used by attackers to monitor the activities of a victim, steal information, and further gain intelligence on the victim or the victims organization to use as part of further exploitation.\n",
      "origin": "CrowdStrike",
      "severity": 50,
      "recommended": true,
      "query": "#event.module=\"exchange\" #repo=\"microsoft_exchange_online\" #Vendor=\"microsoft\"\n| event.action=/^(?:New-InboxRule|Set-InboxRule)$/i\n| @rawstring=/(?:ForwardTo|ForwardAsAttachment|RedirectTo)\\\"\\,\\s?\\\"Value\\\"\\:\\s?\\\"(?\u003cForwardingAddress\u003e[^\\\"]+)/i\n// Exclude commonly observed forwarding domains\n//| ForwardingAddress!=/(?:example1.com|example2.com)/i\n",
      "search_window_start": "-70m",
      "search_window_end": "-10m",
      "schedule": "1h",
      "author": "CrowdStrike",
      "sigma_author": "",
      "category": "",
      "license": "",
      "tactic": "TA0009",
      "technique": "T1114.003",
      "mitre_attack": [
       {
        "tactic_id": "TA0009",
        "technique_id": "T1114.003"
       }
      ],
      "vendor": "Microsoft",
      "vendors": [
       "Microsoft"
      ],
      "product": "",
      "tags": "",
      "active": true,
      "source_url": "",
      "license_details": {
       "name": "",
       "url": ""
      },
      "outcome": "detection",
      "created_timestamp": "2024-08-20T00:00:00Z",
      "modified_timestamp": "2024-08-21T00:00:00Z"
     },
     {
      "id": "ab22cf21-da1c-474f-be1f-a648e9b9361d",
      "name": "Microsoft - M365 OneDrive \u0026 SharePoint - Email Collection",
      "description": "This rule detects when large amounts of email files (.eml) are being collected and stored in OneDrive or SharePoint. It identifies potential precursors to data exfiltration or unauthorized email backups. The detection excludes \"Microsoft Teams Chat Files\" and \"Documents/Attachments\" as default locations to reduce false positives. This rule can be customized to monitor specific SharePoint sites where sensitive information may be saved. It is recommended that this rule is run on a longer schedule and used for informational threat hunting.\n",
      "origin": "CrowdStrike",
      "severity": 10,
      "recommended": true,
      "query": "// To exclude all personal emails downloaded from OneDrive, remove #event.dataset=\"m365.OneDrive\"\n#Vendor=\"microsoft\" #event.module=\"m365\" (#event.dataset=\"m365.OneDrive\" OR #event.dataset=\"m365.SharePoint\")\n| #event.kind=\"event\" #event.outcome=\"success\"\n| event.provider=\"SharePointFileOperation\" event.action=\"FileDownloaded\"\n| file.extension=\"eml\" user.email!=\"app@sharepoint\"\n| Vendor.ObjectId!=/(?:Microsoft Teams Chat Files|Documents\\/Attachments)/\n| Vendor.SiteUrl=/sites\\/(?\u003c_site.name\u003e[^\\/]+)\\//\n// For a restrictive search that is only monitoring specific SharePoint sites, put the site details below\n// | _site.name =~ in(values=[SITE1, SITE2])\n| groupBy(user.email)\n// Edit the below value to increase the detection threshold\n| _count\u003e10\n",
      "search_window_start": "-25h",
      "search_window_end": "-1h",
      "schedule": "24h",
      "author": "CrowdStrike",
      "sigma_author": "",
      "category": "",
      "license": "",
      "tactic": "TA0009",
      "technique": "T1114",
      "mitre_attack": [
       {
        "tactic_id": "TA0009",
        "technique_id": "T1114"
       }
      ],
      "vendor": "Microsoft",
      "vendors": [
       "Microsoft"
      ],
      "product": "",
      "tags": "",
      "active": true,
      "source_url": "",
      "license_details": {
       "name": "",
       "url": ""
      },
      "outcome": "detection",
      "created_timestamp": "2025-03-25T00:00:00Z",
      "modified_timestamp": "0001-01-01T00:00:00Z"
     },
     {
      "id": "15afe86f-ff31-4846-800b-bf49f99d249f",
      "name": "Microsoft - Azure - New User Access Administrator Role Assignment",
      "description": "This rule detects when an identity is added to the User Access Administrator role in Azure IAM. It identifies successful role assignments for the User Access Administrator role, which has significant privileges for managing access within Azure. This detection is crucial for monitoring potential privilege escalation attempts or unauthorized changes to IAM configurations that could lead to further compromise of the Azure environment.\n",
      "origin": "CrowdStrike",
      "severity": 50,
      "recommended": true,
      "query": "defineTable(\n     query={\n         #Vendor=\"microsoft\" #event.dataset=\"azure.activity\" #event.module=\"azure\"\n         | event.action=\"MICROSOFT.AUTHORIZATION/ROLEASSIGNMENTS/WRITE\"\n         | Vendor.resultType=\"Success\"\n         },\n     include=[Vendor.correlationId], \n     name=\"successful_role_assignments\")\n | #Vendor=\"microsoft\" #event.dataset=\"azure.activity\" #event.module=\"azure\"\n // Check for generic role assignments\n | event.action=\"MICROSOFT.AUTHORIZATION/ROLEASSIGNMENTS/WRITE\"\n // For assignment initiations, parse the request body\n | parseJson(Vendor.properties.requestbody)\n // Check for User Access Administrator role assignments\n | Properties.RoleDefinitionId=/18d7d88d-d35e-4fb5-a5c3-7773c20a72d9$/F\n // Check if the role assignment was actually completed or not via subsequent logs based on correlationId\n | match(file=\"successful_role_assignments\", field=[Vendor.correlationId])\n",
      "search_window_start": "-70m",
      "search_window_end": "-10m",
      "schedule": "1h",
      "author": "CrowdStrike",
      "sigma_author": "",
      "category": "",
      "license": "",
      "tactic": "TA0004",
      "technique": "T1098.003",
      "mitre_attack": [
       {
        "tactic_id": "TA0004",
        "technique_id": "T1098.003"
       }
      ],
      "vendor": "Microsoft",
      "vendors": [
       "Microsoft"
      ],
      "product": "",
      "tags": "",
      "active": true,
      "source_url": "",
      "license_details": {
       "name": "",
       "url": ""
      },
      "outcome": "detection",
      "created_timestamp": "2025-04-04T00:00:00Z",
      "modified_timestamp": "0001-01-01T00:00:00Z"
     },
     {
      "id": "5e873bd2-0b74-4458-b11f-04a674158718",
      "name": "Microsoft - Azure - Risky User Observed Listing Storage Account Keys",
      "description": "This rule detects when an Azure storage account's access keys are listed by a risky user, potentially indicating unauthorized access attempts. The detection focuses on user-initiated actions to retrieve storage account keys, which could be used for programmatic access to the account. This activity may be part of an adversary's attempt to gain control over cloud resources or exfiltrate data from storage accounts.\n",
      "origin": "CrowdStrike",
      "severity": 70,
      "recommended": true,
      "query": "// Collect list of risky sign-ins by session ID\ndefineTable(\n  query={\n    (#repo=\"3pi_microsoft_entra_id\" OR #repo=\"fcs_csp_events\") #repo!=\"xdr_*\"\n    | #Vendor=\"microsoft\" #event.dataset=\"entraid.signin\"\n    | #event.kind=\"event\"\n    | Vendor.category=\"NonInteractiveUserSignInLogs\" OR Vendor.category=\"SignInLogs\"\n    | Vendor.properties.riskLevelAggregated!=\"none\" OR Vendor.properties.riskLevelDuringSignIn!=\"none\" OR Vendor.properties.riskEventTypes_v2[0]=*\n    | groupBy([Vendor.properties.sessionId, user.full_name], function=[collect([Vendor.properties.riskDetail, Vendor.properties.riskLevelAggregated, Vendor.properties.riskLevelDuringSignIn, Vendor.properties.riskState, Vendor.properties.riskEventTypes_v2[0]])], limit=max)\n    | Vendor.properties.riskState!=/dismissed|remediated/Fmi\n}, include=[*], name=\"risky_signins\")\n// Base query\n| #Vendor=\"microsoft\" #event.dataset=\"azure.activity\" #event.module=\"azure\" #repo!=\"xdr*\"\n| #event.kind=\"event\"\n| Vendor.identity.claims.idtyp=\"user\"\n| event.action=\"MICROSOFT.STORAGE/STORAGEACCOUNTS/LISTKEYS/ACTION\"\n// Find storage account access key listing events by a risky user\n| match(file=risky_signins, field=[Vendor.identity.claims.sid], column=[Vendor.properties.sessionId])\n",
      "search_window_start": "-70m",
      "search_window_end": "-10m",
      "schedule": "1h",
      "author": "CrowdStrike",
      "sigma_author": "",
      "category": "",
      "license": "",
      "tactic": "TA0009",
      "technique": "T1530",
      "mitre_attack": [
       {
        "tactic_id": "TA0009",
        "technique_id": "T1530"
       }
      ],
      "vendor": "Microsoft",
      "vendors": [
       "Microsoft"
      ],
      "product": "",
      "tags": "",
      "active": true,
      "source_url": "",
      "license_details": {
       "name": "",
       "url": ""
      },
      "outcome": "detection",
      "created_timestamp": "2025-04-10T00:00:00Z",
      "modified_timestamp": "0001-01-01T00:00:00Z"
     },
     {
      "id": "72a518b4-4276-4f43-b619-5f3682061dd3",
      "name": "Microsoft - Azure - Virtual Machine Serial Console Initiated",
      "description": "This rule detects the initiation of Serial Console connections to Azure Virtual Machines. Serial Console access provides shell-like capabilities to VMs, which adversaries can abuse to execute code on Azure-hosted Virtual Machines. The detection aggregates Serial Console connections by user, focusing on successful connections that could indicate unauthorized access in environments where Serial Console usage is uncommon.\n",
      "origin": "CrowdStrike",
      "severity": 30,
      "recommended": true,
      "query": "#Vendor=\"microsoft\" #event.dataset=\"azure.activity\"\n| #event.kind=\"event\" #event.outcome=\"success\"\n| event.action=\"MICROSOFT.SERIALCONSOLE/SERIALPORTS/CONNECT/ACTION\"\n| asn(source.ip)\n| ipLocation(source.ip)\n| groupBy([user.email], function=[collect([#Vendor, event.category[0], #event.module, user.roles[0], source.ip.org, source.ip.country, Vendor.resourceId]), count(Vendor.resourceId, distinct=true, as=_dc_virtual_machines)])\n",
      "search_window_start": "-70m",
      "search_window_end": "-10m",
      "schedule": "1h",
      "author": "CrowdStrike",
      "sigma_author": "",
      "category": "",
      "license": "",
      "tactic": "TA0008",
      "technique": "T1021.008",
      "mitre_attack": [
       {
        "tactic_id": "TA0008",
        "technique_id": "T1021.008"
       }
      ],
      "vendor": "Microsoft",
      "vendors": [
       "Microsoft"
      ],
      "product": "",
      "tags": "",
      "active": true,
      "source_url": "",
      "license_details": {
       "name": "",
       "url": ""
      },
      "outcome": "detection",
      "created_timestamp": "2025-04-07T00:00:00Z",
      "modified_timestamp": "0001-01-01T00:00:00Z"
     },
     {
      "id": "685325f0-ca83-4664-9e26-c15d9f481c5f",
      "name": "Microsoft - Defender for O365 - URL Clicked on Email Marked as Suspicious",
      "description": "This rule detects instances where a URL is clicked in an email that has been identified as spam or phishing with a high confidence by Microsoft Defender for Office. It correlates data from EmailEvents and UrlClickEvents, identifying cases where inbound emails with threat indicators (spam, phish, or malware) have had their URLs clicked. This detection can identify potential security breaches where users interact with suspicious websites, which may lead to data theft or system compromise.\n",
      "origin": "CrowdStrike",
      "severity": 50,
      "recommended": true,
      "query": "defineTable( \n    query={\n        #Vendor=\"microsoft\" #event.module=\"windows-defender-365\" #event.dataset=\"windows-defender-365.event\" #repo!=\"xdr*\"\n        | #event.kind=\"event\" \n        | Vendor.Workload=\"EmailEvents\" \n        | Vendor.properties.ConfidenceLevel.Phish=\"High\" OR Vendor.properties.ConfidenceLevel.Spam=\"High\"\n        | rename(field=\"Vendor.properties.ThreatTypes\", as=\"_original_email_threat_type\")\n        | rename(field=\"Vendor.properties.ConfidenceLevel\", as=_original_email_suspicion_level)\n}, \ninclude=[email.local_id, _original_email_threat_type, _original_email_suspicion_level], \nname=\"inbound_email\", \n// Adjust lookback time as needed\nstart=3d)\n| #Vendor=\"microsoft\" #event.module=\"windows-defender-365\" #event.dataset=\"windows-defender-365.event\" #repo!=\"xdr*\"\n| #event.kind=\"event\"\n| Vendor.Workload=\"UrlClickEvents\" Vendor.properties.ActionType=\"ClickAllowed\" \n// Check if the original email has a threatType indicator\n| match(file=\"inbound_email\", field=[email.local_id])\n",
      "search_window_start": "-70m",
      "search_window_end": "-10m",
      "schedule": "1h",
      "author": "CrowdStrike",
      "sigma_author": "",
      "category": "",
      "license": "",
      "tactic": "TA0001",
      "technique": "T1566.002",
      "mitre_attack": [
       {
        "tactic_id": "TA0001",
        "technique_id": "T1566.002"
       }
      ],
      "vendor": "Microsoft",
      "vendors": [
       "Microsoft"
      ],
      "product": "",
      "tags": "",
      "active": true,
      "source_url": "",
      "license_details": {
       "name": "",
       "url": ""
      },
      "outcome": "detection",
      "created_timestamp": "2025-02-28T00:00:00Z",
      "modified_timestamp": "0001-01-01T00:00:00Z"
     },
     {
      "id": "5de52912-5b34-4378-af22-6932e72eaf8d",
      "name": "Microsoft - Azure - Privileged Role Observed Performing Actions via Single Factor Authentication",
      "description": "This rule detects when an administrator with a privileged role performs actions in Microsoft Azure after authenticating using only single-factor authentication (password). The detection focuses on authentication events where the authentication method is limited to a password, potentially indicating a security risk. This behavior could suggest compromised credentials or a misconfiguration in the authentication policies for high-privilege accounts.\n",
      "origin": "CrowdStrike",
      "severity": 30,
      "recommended": true,
      "query": "#Vendor=\"microsoft\" #event.dataset=\"azure.activity\" #event.module=\"azure\" #repo!=\"xdr*\" \n| \"Vendor.identity.claims.http://schemas.microsoft.com/claims/authnmethodsreferences\"=\"pwd\"\n| Vendor.identity.authorization.evidence.role =~ in(values=[\"Owner\", \"Contributor\", \"User Access Administrator\", \"Access Review Operator Service Role\", \"Azure File Sync Administrator\", \"Reservations Administrator\", \"Role Based Access Control Administrator\", \"Service Group Contributor\"])\n| groupBy([user.email], function= collect([\"Vendor.identity.claims.http://schemas.microsoft.com/claims/authnmethodsreferences\", event.action, #Vendor, event.category[0], #event.module, Vendor.identity.authorization.evidence.role]))\n",
      "search_window_start": "-490m",
      "search_window_end": "-10m",
      "schedule": "8h",
      "author": "CrowdStrike",
      "sigma_author": "",
      "category": "",
      "license": "",
      "tactic": "TA0001",
      "technique": "T1078.004",
      "mitre_attack": [
       {
        "tactic_id": "TA0001",
        "technique_id": "T1078.004"
       }
      ],
      "vendor": "Microsoft",
      "vendors": [
       "Microsoft"
      ],
      "product": "",
      "tags": "",
      "active": true,
      "source_url": "",
      "license_details": {
       "name": "",
       "url": ""
      },
      "outcome": "detection",
      "created_timestamp": "2025-04-04T00:00:00Z",
      "modified_timestamp": "0001-01-01T00:00:00Z"
     },
     {
      "id": "5a967f95-d04b-4df5-91a4-0f1025563ea6",
      "name": "Microsoft - M365 OneDrive \u0026 SharePoint - Collection of Sensitive Files or File Types",
      "description": "This rule detects mass collection of sensitive file types from Microsoft OneDrive or SharePoint. It monitors successful file download events, focusing on specific file extensions associated with databases, source code, scripts and design documents. The rule helps identify potential data exfiltration attempts, unauthorized bulk downloads, or insider threats that may indicate compromised accounts or malicious activities. This rule should be configured with any sensitivity labels or file extensions that are relevant to your business. Consideration should be made for only monitor critical SharePoint sites to reduce potential false positives.\n",
      "origin": "CrowdStrike",
      "severity": 50,
      "recommended": true,
      "query": "// To easily remove documents saved and downloaded from users \"My Documents\" remove m365.OneDrive from the #event.dataset inclusion\n#Vendor=\"microsoft\" #event.module=\"m365\" (#event.dataset=\"m365.OneDrive\" OR #event.dataset=\"m365.SharePoint\")\n| #event.kind=\"event\" #event.outcome=\"success\"\n| event.provider=\"SharePointFileOperation\" event.action=\"FileDownloaded\"\n| user.email!=app@sharepoint user.email=*\n| file.extension := lower(file.extension)\n| asn(client.ip)\n| ipLocation(client.ip)\n\n// Add an inclusion below to only monitor specific SharePoint sites\n//| Vendor.SiteUrl=/sharepoint\\.com\\/sites\\/(?\u003cVendor.SiteName\u003e[^\\/]+)\\/$/i\n//| Vendor.SiteName =~ in(values=[SITE1, SITE2])\n\n| case {\n    // Database Files - Database and backup files that might contain structured sensitive data\n    file.extension=/(?:sql|db|dbf|mdb|accdb|sqlite|sqlite3|bak|backup|dmp|hdf)$/i;\n\n    // Source Code \u0026 Scripts - Programming and scripting files\n    file.extension=/(?:rb?|vbs?|tsx?|jsx?|sh|bat|kt|scala|groovy|sql|go|java|cs|php|pl|py|cmd|psm?1|c|cpp|h|hta|ya?ml|ipynb)$/i;\n\n    // Design \u0026 Technical Files - CAD, GIS, PLC Config and design files\n    file.extension=/(?:dwg|dxf|psd|ai|eps|skp|blend|dxf|stl|iges|pdf\\/e|vsdx?|parquet|dec|las|csar|cxp|pod|azm|wic|brd|shp|gdb|geojson|gpkg|tif|dem)$/i;\n\n    // Custom Internal Documents - Company-specific sensitive document patterns\n    // Adjust patterns based on your organization's naming conventions\n    file.name=/(?\u003cfile.confidentiality\u003eCONFIDENTIAL|RESTRICTED|PROPRIETARY|SECRET)/i\n}\n| groupBy(user.email, limit=max, function=[\n    count(file.name, distinct=True, as=_distinct_files),\n    count(file.extension, distinct=True, as=_distinct_extensions),\n    collect([file.extension, file.confidentiality, event.action, Vendor.Site, Vendor.ListUrl, client.ip, client.ip.org, client.ip.country, user_agent.original])])\n\n// Define threshold values below\n| _distinct_files\u003e10 _distinct_extensions\u003e2\n",
      "search_window_start": "-70m",
      "search_window_end": "-10m",
      "schedule": "1h",
      "author": "CrowdStrike",
      "sigma_author": "",
      "category": "",
      "license": "",
      "tactic": "TA0009",
      "technique": "T1530",
      "mitre_attack": [
       {
        "tactic_id": "TA0009",
        "technique_id": "T1530"
       }
      ],
      "vendor": "Microsoft",
      "vendors": [
       "Microsoft"
      ],
      "product": "",
      "tags": "",
      "active": true,
      "source_url": "",
      "license_details": {
       "name": "",
       "url": ""
      },
      "outcome": "detection",
      "created_timestamp": "2025-04-16T00:00:00Z",
      "modified_timestamp": "0001-01-01T00:00:00Z"
     },
     {
      "id": "32e92850-23d1-42cc-be6c-cfe9060d0684",
      "name": "Microsoft - Azure - Network Security Group Allows Public SSH or RDP Access",
      "description": "This rule detects modifications to Azure Network Security Group (NSG) rules that allow inbound access to management ports (SSH or RDP) from public IP addresses. Such changes could indicate an attempt to expose virtual machines to the internet, potentially increasing the risk of unauthorized access or attacks. The detection focuses on successful write actions to NSG security rules, specifically looking for inbound rules that permit access to ports 22 (SSH) or 3389 (RDP) from any source IP address.\n",
      "origin": "CrowdStrike",
      "severity": 50,
      "recommended": true,
      "query": "defineTable(\n      query={\n          #Vendor=\"microsoft\" #event.dataset=\"azure.activity\" #event.module=\"azure\" #repo!=\"xdr*\"\n          | #event.outcome=\"success\"\n          | event.action=\"MICROSOFT.NETWORK/NETWORKSECURITYGROUPS/SECURITYRULES/WRITE\"\n          \n        }, \n      include=[Vendor.correlationId],\n      name=\"successful_nsg_group_update\")\n| #Vendor=\"microsoft\" #event.dataset=\"azure.activity\" #event.module=\"azure\" #repo!=\"xdr*\"\n| event.action=\"MICROSOFT.NETWORK/NETWORKSECURITYGROUPS/SECURITYRULES/WRITE\"\n| Vendor.properties.requestbody=*\n| parseJson(Vendor.properties.requestbody)\n| properties.direction=\"Inbound\" properties.access=\"Allow\"\n| objectArray:exists(array=\"properties.destinationPortRanges[]\", var=n, condition={\n    n=\"3389\" OR n=\"22\"\n})\n| case {\n    properties.sourceAddressPrefix=* OR properties.sourceAddressPrefixes=*\n    | case{ \n            properties.sourceAddressPrefix =~ in(values=[\"0.0.0.0/0\", \"::/0\"]);\n            properties.sourceAddressPrefix=/^\\*$/;\n            properties.sourceAddressPrefixes =~ in(values=[\"0.0.0.0/0\", \"::/0\"])\n        };\n    properties.sourceAddressPrefixes[0]=*\n    | objectArray:exists(array=\"properties.sourceAddressPrefixes[]\", var=i, condition={\n        case {\n            i =~ in(values=[\"0.0.0.0/0\", \"::/0\"]);\n            i =/^\\*$/\n    }\n    })\n}\n| match(file=\"successful_nsg_group_update\", field=[Vendor.correlationId])\n",
      "search_window_start": "-70m",
      "search_window_end": "-10m",
      "schedule": "1h",
      "author": "CrowdStrike",
      "sigma_author": "",
      "category": "",
      "license": "",
      "tactic": "TA0005",
      "technique": "T1562.007",
      "mitre_attack": [
       {
        "tactic_id": "TA0005",
        "technique_id": "T1562.007"
       }
      ],
      "vendor": "Microsoft",
      "vendors": [
       "Microsoft"
      ],
      "product": "",
      "tags": "",
      "active": true,
      "source_url": "",
      "license_details": {
       "name": "",
       "url": ""
      },
      "outcome": "detection",
      "created_timestamp": "2025-04-22T00:00:00Z",
      "modified_timestamp": "0001-01-01T00:00:00Z"
     },
     {
      "id": "706f8e51-ac48-43ae-903e-601eb8e1dd01",
      "name": "Microsoft - M365 OneDrive \u0026 SharePoint - Anonymous Sharing Link Created",
      "description": "This rule detects the creation of anonymous sharing links in Microsoft OneDrive and SharePoint. It monitors successful events where users generate links that allow access to content without authentication. This detection helps identify potential data exposure risks, as anonymous links can lead to unintended access to sensitive information if not properly managed or accidentally shared.\n",
      "origin": "CrowdStrike",
      "severity": 50,
      "recommended": true,
      "query": "#Vendor=\"microsoft\" #event.module=\"m365\" (#event.dataset=\"m365.OneDrive\" OR #event.dataset=\"m365.SharePoint\")\n| #event.kind=\"event\" #event.outcome=\"success\"\n| event.action=\"AnonymousLinkCreated\"\n",
      "search_window_start": "-70m",
      "search_window_end": "-10m",
      "schedule": "1h",
      "author": "CrowdStrike",
      "sigma_author": "",
      "category": "",
      "license": "",
      "tactic": "TA0010",
      "technique": "T1567",
      "mitre_attack": [
       {
        "tactic_id": "TA0010",
        "technique_id": "T1567"
       }
      ],
      "vendor": "Microsoft",
      "vendors": [
       "Microsoft"
      ],
      "product": "",
      "tags": "",
      "active": true,
      "source_url": "",
      "license_details": {
       "name": "",
       "url": ""
      },
      "outcome": "detection",
      "created_timestamp": "2025-04-22T00:00:00Z",
      "modified_timestamp": "0001-01-01T00:00:00Z"
     },
     {
      "id": "28a95f5d-e3fc-4382-b753-e5080aee3a4e",
      "name": "Microsoft - M365 OneDrive \u0026 SharePoint - Anonymous Sharing Link Used",
      "description": "This rule detects the use of anonymous sharing links in Microsoft OneDrive and SharePoint. It monitors successful events where unknown users are accessing files without authentication. This detection helps identify potential data exposure risks, as anonymous links can lead to unintended access to sensitive information if not properly managed or accidentally shared.\n",
      "origin": "CrowdStrike",
      "severity": 50,
      "recommended": true,
      "query": "#Vendor=\"microsoft\" #event.module=\"m365\" (#event.dataset=\"m365.OneDrive\" OR #event.dataset=\"m365.SharePoint\")\n| #event.kind=\"event\" #event.outcome=\"success\"\n| event.action=\"AnonymousLinkUsed\"\n",
      "search_window_start": "-70m",
      "search_window_end": "-10m",
      "schedule": "1h",
      "author": "CrowdStrike",
      "sigma_author": "",
      "category": "",
      "license": "",
      "tactic": "TA0010",
      "technique": "T1567",
      "mitre_attack": [
       {
        "tactic_id": "TA0010",
        "technique_id": "T1567"
       }
      ],
      "vendor": "Microsoft",
      "vendors": [
       "Microsoft"
      ],
      "product": "",
      "tags": "",
      "active": true,
      "source_url": "",
      "license_details": {
       "name": "",
       "url": ""
      },
      "outcome": "detection",
      "created_timestamp": "2025-04-22T00:00:00Z",
      "modified_timestamp": "0001-01-01T00:00:00Z"
     }
    ]
   }