{
    "meta": {
     "query_time": 0.096603663,
     "powered_by": "svc-cscrrulestemplates",
     "trace_id": "249c250d8b7054aae6ee6fd4e13d3a69"
    },
    "errors": [],
    "resources": [
     {
      "id": "e460d267-8a1b-4fac-9f49-a2f82cdef4db",
      "name": "Microsoft - Defender for Office 365 - Email Delivered from Malicious Sender IP Address",
      "description": "This rule detects inbound emails delivered from malicious sender IP addresses. It leverages the Microsoft Defender EmailEvents table to identify emails sent from IP addresses that are flagged as malicious through Crowdstrike's IOC lookup function. By default, an IOC confidence level threshold of \"medium\" is being used, meaning that IOC has been associated with malicious activity within the last 120 days. Adjust the confidence level threshold as necessary.\n",
      "origin": "CrowdStrike",
      "severity": 50,
      "recommended": true,
      "query": "#Vendor=\"microsoft\" #event.module=\"windows-defender-365\" #event.dataset=\"windows-defender-365.event\" #repo!=\"xdr*\"\n| #event.kind=\"event\"\n| Vendor.Workload=\"EmailEvents\"\n| Vendor.properties.LatestDeliveryAction=\"Delivered\" OR Vendor.properties.DeliveryAction=\"Delivered\"\n| NOT cidr(source.ip, subnet=[\"127.0.0.0/8\", \"10.0.0.0/8\", \"172.16.0.0/12\", \"192.168.0.0/16\", \"::1\"])\n| ioc:lookup(source.ip, type=\"ip_address\", confidenceThreshold=\"medium\", strict=\"true\")\n",
      "search_window_start": "-70m",
      "search_window_end": "-10m",
      "schedule": "1h",
      "author": "CrowdStrike",
      "sigma_author": "",
      "category": "",
      "license": "",
      "tactic": "TA0001",
      "technique": "T1566",
      "mitre_attack": [
       {
        "tactic_id": "TA0001",
        "technique_id": "T1566"
       }
      ],
      "vendor": "Microsoft",
      "vendors": [
       "Microsoft"
      ],
      "product": "",
      "tags": "",
      "active": true,
      "source_url": "",
      "license_details": {
       "name": "",
       "url": ""
      },
      "outcome": "detection",
      "created_timestamp": "2025-02-26T00:00:00Z",
      "modified_timestamp": "0001-01-01T00:00:00Z"
     },
     {
      "id": "07a0b131-724e-4a1c-b7ac-9d3984d3f321",
      "name": "Microsoft - Defender for Office 365 - Email Delivered from Malicious Sender Domain",
      "description": "This rule detects inbound emails delivered from malicious domains. It leverages the Microsoft Defender EmailEvents table to identify emails sent from domains that are flagged as malicious through Crowdstrike's IOC lookup function. By default, an IOC confidence level threshold of \"medium\" is being used, meaning that IOC has been associated with malicious activity within the last 120 days. Adjust the confidence level threshold as necessary.\n",
      "origin": "CrowdStrike",
      "severity": 50,
      "recommended": true,
      "query": "#Vendor=\"microsoft\" #event.module=\"windows-defender-365\" #event.dataset=\"windows-defender-365.event\" #repo!=\"xdr*\"\n| #event.kind=\"event\"\n| Vendor.Workload=\"EmailEvents\"\n| Vendor.properties.LatestDeliveryAction=\"Delivered\" OR Vendor.properties.DeliveryAction=\"Delivered\"\n| email.direction=\"Inbound\" \n| case{\n    ioc:lookup(field=[Vendor.properties.SenderFromDomain], type=domain, strict=true, confidenceThreshold=medium);\n    ioc:lookup(field=[Vendor.properties.SenderMailFromDomain], type=domain, strict=true, confidenceThreshold=medium);\n}\n",
      "search_window_start": "-70m",
      "search_window_end": "-10m",
      "schedule": "1h",
      "author": "CrowdStrike",
      "sigma_author": "",
      "category": "",
      "license": "",
      "tactic": "TA0001",
      "technique": "T1566",
      "mitre_attack": [
       {
        "tactic_id": "TA0001",
        "technique_id": "T1566"
       }
      ],
      "vendor": "Microsoft",
      "vendors": [
       "Microsoft"
      ],
      "product": "",
      "tags": "",
      "active": true,
      "source_url": "",
      "license_details": {
       "name": "",
       "url": ""
      },
      "outcome": "detection",
      "created_timestamp": "2025-02-25T00:00:00Z",
      "modified_timestamp": "2025-02-26T00:00:00Z"
     },
     {
      "id": "8cc2ed6b-541c-4964-9479-642bfff86ab2",
      "name": "Microsoft - Defender for Office 365 - URL Clicked with OAuth Device Code Login URL",
      "description": "This rule detects potential abuse of Microsoft's OAuth device code authentication flow. It monitors URL click events for specific device code login URLs that are known to be targeted by adversaries. The detection specifically tracks Microsoft's official OAuth device code flow URLs within the click event chain.\n",
      "origin": "CrowdStrike",
      "severity": 70,
      "recommended": true,
      "query": "#Vendor=\"microsoft\" #event.module=\"windows-defender-365\" #event.dataset=\"windows-defender-365.event\" #repo!=\"xdr*\"\n| #event.kind=\"event\"\n| Vendor.Workload=\"UrlClickEvents\" \n| case{ \n    event.action =~ in(values=[\"clickallowed\", \"urlerrorpage\", \"urlscaninprogress\"]);\n    Vendor.properties.IsClickedThrough!=\"false\";\n}\n| parseJson(Vendor.properties.UrlChain, prefix=_chain)\n| objectArray:eval(array=\"_chain[]\", asArray=\"_match[]\", var=x, function={\n    x=/microsoft\\.com\\/devicelogin/iF OR x=/login\\.microsoftonline\\.com\\/common\\/oauth2\\/deviceauth/Fi\n    | _match := \"true\"\n    }\n  )\n| _match[0]=*\n",
      "search_window_start": "-70m",
      "search_window_end": "-10m",
      "schedule": "1h",
      "author": "CrowdStrike",
      "sigma_author": "",
      "category": "",
      "license": "",
      "tactic": "TA0001",
      "technique": "T1566.002",
      "mitre_attack": [
       {
        "tactic_id": "TA0001",
        "technique_id": "T1566.002"
       }
      ],
      "vendor": "Microsoft",
      "vendors": [
       "Microsoft"
      ],
      "product": "",
      "tags": "",
      "active": true,
      "source_url": "",
      "license_details": {
       "name": "",
       "url": ""
      },
      "outcome": "detection",
      "created_timestamp": "2025-02-24T00:00:00Z",
      "modified_timestamp": "0001-01-01T00:00:00Z"
     },
     {
      "id": "34641193-a296-4198-9c8d-c4ab1af8cc4d",
      "name": "Microsoft - M365 Sharepoint - File Transfer Above Threshold",
      "description": "This rule detects when a user transfers a large number of files (\u003e10000) via Microsoft SharePoint or OneDrive within a 1-hour window. This could indicate potential data exfiltration or unauthorized bulk file operations.\n",
      "origin": "CrowdStrike",
      "severity": 30,
      "recommended": true,
      "query": "#Vendor=\"microsoft\" #event.module=\"m365\" ( #event.dataset=\"m365.SharePoint\" OR #event.dataset=\"m365.OneDrive\" )\n| event.provider=\"SharePointFileOperation\"\n| event.action=\"FileDownloaded\" OR event.action=\"FileSyncDownloadedFull\" OR event.action=\"FileSyncUploadedFull\" OR event.action=\"FileUploaded\" \n// Please uncomment and modify below line to fine tune the query\n// | user_agent.original!=/SkyDriveSync|MSWACONSync/\n| groupBy([#Vendor, #event.module, user.email, source.ip], function=[count(url.original, distinct=true, as=_distinctFileCount), collect([#event.dataset, event.action, organization.id, Vendor.GeoLocation, user_agent.original])])\n| _distinctFileCount\u003e10000\n",
      "search_window_start": "-70m",
      "search_window_end": "-10m",
      "schedule": "1h",
      "author": "CrowdStrike",
      "sigma_author": "",
      "category": "",
      "license": "",
      "tactic": "TA0009",
      "technique": "T1530",
      "mitre_attack": [
       {
        "tactic_id": "TA0009",
        "technique_id": "T1530"
       }
      ],
      "vendor": "Microsoft",
      "vendors": [
       "Microsoft"
      ],
      "product": "",
      "tags": "",
      "active": true,
      "source_url": "",
      "license_details": {
       "name": "",
       "url": ""
      },
      "outcome": "detection",
      "created_timestamp": "2025-04-03T00:00:00Z",
      "modified_timestamp": "0001-01-01T00:00:00Z"
     },
     {
      "id": "20798bed-32d8-4732-b6ab-36c1a67c1b92",
      "name": "Microsoft - M365 Exchange Online - Persistence via Identity Provider",
      "description": "This rule identifies when potentially unauthorized domains or identity providers are created or modified as identified through Microsoft Exchange logging. \n",
      "origin": "CrowdStrike",
      "severity": 50,
      "recommended": true,
      "query": "#Vendor=\"microsoft\" #repo=\"microsoft_exchange_online\" #event.module=\"exchange\" #event.kind=\"event\"\n| event.action =~ in(values=[\"Set-AcceptedDomain\", \"New-AcceptedDomain\", \"Set-MsolDomainFederationSettings\", \"Add-FederatedDomain\", \"Remove-AcceptedDomain\", \"Remove-FederatedDomain\"])\n",
      "search_window_start": "-70m",
      "search_window_end": "-10m",
      "schedule": "1h",
      "author": "CrowdStrike",
      "sigma_author": "",
      "category": "",
      "license": "",
      "tactic": "TA0004",
      "technique": "T1484.002",
      "mitre_attack": [
       {
        "tactic_id": "TA0004",
        "technique_id": "T1484.002"
       }
      ],
      "vendor": "Microsoft",
      "vendors": [
       "Microsoft"
      ],
      "product": "",
      "tags": "",
      "active": true,
      "source_url": "",
      "license_details": {
       "name": "",
       "url": ""
      },
      "outcome": "detection",
      "created_timestamp": "2024-03-08T00:00:00Z",
      "modified_timestamp": "2024-10-14T00:00:00Z"
     },
     {
      "id": "3433de67-4728-43a9-a395-8da128cced4f",
      "name": "Microsoft - M365 Exchange Online - Authentication to Mailbox from Malicious IP Address",
      "description": "Identifies successful authentication into Microsoft Exchange mailbox's from high-confidence malicious IP addresses.\n",
      "origin": "CrowdStrike",
      "severity": 70,
      "recommended": true,
      "query": "#Vendor=\"microsoft\" #event.module=\"exchange\" #repo=\"microsoft_exchange_online\" \n| #event.outcome=\"success\"\n| array:contains(array=\"event.category[]\", value=\"email\")\n| event.action=\"MailboxLogin\"\n| ioc:lookup(field=[\"client.ip\"], type=\"ip_address\", confidenceThreshold=\"medium\", strict=\"true\")\n",
      "search_window_start": "-70m",
      "search_window_end": "-10m",
      "schedule": "1h",
      "author": "CrowdStrike",
      "sigma_author": "",
      "category": "",
      "license": "",
      "tactic": "TA0001",
      "technique": "T1078.004",
      "mitre_attack": [
       {
        "tactic_id": "TA0001",
        "technique_id": "T1078.004"
       }
      ],
      "vendor": "Microsoft",
      "vendors": [
       "Microsoft"
      ],
      "product": "",
      "tags": "",
      "active": true,
      "source_url": "",
      "license_details": {
       "name": "",
       "url": ""
      },
      "outcome": "detection",
      "created_timestamp": "2024-10-04T00:00:00Z",
      "modified_timestamp": "0001-01-01T00:00:00Z"
     },
     {
      "id": "3f6de5ce-8e7d-48a6-8934-9ba436fefad3",
      "name": "Microsoft - M365 Exchange Online - Email Forwarding Mailbox Setting",
      "description": "This rule identifies when email forwarding is enabled within an Outlook mailbox through the mail forwarding setting. In malicious scenarios, this mailbox setting is usually configured to forward sensitive emails to an external or unauthorized account, posing a risk to data confidentiality and integrity. Email forwarding can be used by attackers to monitor the activities of a victim, steal information, and further gain intelligence on the victim or the victims organization to use as part of further exploitation.\n",
      "origin": "CrowdStrike",
      "severity": 50,
      "recommended": true,
      "query": "#event.module=\"exchange\" #repo=\"microsoft_exchange_online\" #Vendor=\"microsoft\"\n| event.action=/^(?:Set-Mailbox)$/i\n| @rawstring=/(?:ForwardingSmtpAddress|ForwardingAddress)\\\"\\,\\s?\\\"Value\\\"\\:\\s?\\\"(?\u003cForwardingAddress\u003e[^\\\"]+)/i\n// Exclude commonly observed forwarding domains\n//| ForwardingAddress!=/(?:example1.com|example2.com)/i\n",
      "search_window_start": "-70m",
      "search_window_end": "-10m",
      "schedule": "1h",
      "author": "CrowdStrike",
      "sigma_author": "",
      "category": "",
      "license": "",
      "tactic": "TA0009",
      "technique": "T1114.003",
      "mitre_attack": [
       {
        "tactic_id": "TA0009",
        "technique_id": "T1114.003"
       }
      ],
      "vendor": "Microsoft",
      "vendors": [
       "Microsoft"
      ],
      "product": "",
      "tags": "",
      "active": true,
      "source_url": "",
      "license_details": {
       "name": "",
       "url": ""
      },
      "outcome": "detection",
      "created_timestamp": "2024-08-20T00:00:00Z",
      "modified_timestamp": "2024-08-21T00:00:00Z"
     },
     {
      "id": "41d471dc-e0b9-4aaa-b67f-00c6a5ef22ba",
      "name": "Microsoft - M365 Exchange Online - Suspicious Inbox Rule Folders",
      "description": "Detects when a brand new inbox rule is created in a Microsoft 365 mailbox. Additionally, it looks for brand new inbox rules in which emails are moved or copied to highly suspicious folders commonly abused during email account takeover scenarios.\n",
      "origin": "CrowdStrike",
      "severity": 30,
      "recommended": true,
      "query": "#Vendor=\"microsoft\" #event.module=\"exchange\" #repo!=\"xdr_*\"\n| event.action=/^(?:New|Set)\\-InboxRule$/i\n| objectArray:eval(array=\"Vendor.Parameters[]\", asArray=\"_params[]\", var=y, function={\n    y.Name=/^(?:Move|Copy)/i y.Value=/(?:rss|conversation\\s+history|drafts|archive|notes|deleted\\s+items)/i\n    | _params := \"true\"\n    }\n)\n| _params[0]=* \n",
      "search_window_start": "-70m",
      "search_window_end": "-10m",
      "schedule": "1h",
      "author": "CrowdStrike",
      "sigma_author": "",
      "category": "",
      "license": "",
      "tactic": "TA0005",
      "technique": "T1564.008",
      "mitre_attack": [
       {
        "tactic_id": "TA0005",
        "technique_id": "T1564.008"
       }
      ],
      "vendor": "Microsoft",
      "vendors": [
       "Microsoft"
      ],
      "product": "",
      "tags": "",
      "active": true,
      "source_url": "",
      "license_details": {
       "name": "",
       "url": ""
      },
      "outcome": "detection",
      "created_timestamp": "2024-08-15T00:00:00Z",
      "modified_timestamp": "2025-02-03T00:00:00Z"
     },
     {
      "id": "37aa7242-508f-4bdb-aefe-7a96385719c0",
      "name": "Microsoft - M365 Exchange Online - Suspicious Inbox Rule Name",
      "description": "Detects when a new inbox rule is created in a Microsoft 365 mailbox with a suspicious rule name.\n",
      "origin": "CrowdStrike",
      "severity": 50,
      "recommended": true,
      "query": "#Vendor=\"microsoft\" #event.module=\"exchange\" #repo!=xdr_*\n| event.action=/^(?:New|Set)\\-InboxRule$/i\n| objectArray:exists(array=\"Vendor.Parameters[]\", var=x, condition={\n    case {\n    x.Name=/Name/Fi x.Value=/^(?:[^a-zA-Z]{2,}|(.)\\1{2,}|.{1})$/;\n    x.Name=/Identity/Fi x.Value=/^(?:[^a-zA-Z]{2,}|(.)\\1{2,}|.{1})$/;\n}})\n",
      "search_window_start": "-70m",
      "search_window_end": "-10m",
      "schedule": "1h",
      "author": "CrowdStrike",
      "sigma_author": "",
      "category": "",
      "license": "",
      "tactic": "TA0005",
      "technique": "T1564.008",
      "mitre_attack": [
       {
        "tactic_id": "TA0005",
        "technique_id": "T1564.008"
       }
      ],
      "vendor": "Microsoft",
      "vendors": [
       "Microsoft"
      ],
      "product": "",
      "tags": "",
      "active": true,
      "source_url": "",
      "license_details": {
       "name": "",
       "url": ""
      },
      "outcome": "detection",
      "created_timestamp": "2024-08-16T00:00:00Z",
      "modified_timestamp": "0001-01-01T00:00:00Z"
     },
     {
      "id": "8fd8c3fd-271f-4f94-a66b-26d90253ceea",
      "name": "Microsoft - M365 Exchange Online - Suspicious Search Query On Exchange Mailbox",
      "description": "Detects suspicious keywords being searched in an Exchange mailbox. \n",
      "origin": "CrowdStrike",
      "severity": 50,
      "recommended": true,
      "query": "#event.module=\"exchange\" #repo=\"microsoft_exchange_online\" #Vendor=\"microsoft\"\n| array:contains(array=\"event.category[]\", value=\"email\")  \n| event.action=\"SearchQueryInitiatedExchange\" \n// Sample keyword list provided, adjust accordingly \n| Vendor.QueryText=/(?:invoice|ach|password|reset|keys|wire|transfer|login|bank|payment|payroll|deposit|wallet)/i\n",
      "search_window_start": "-70m",
      "search_window_end": "-10m",
      "schedule": "1h",
      "author": "CrowdStrike",
      "sigma_author": "",
      "category": "",
      "license": "",
      "tactic": "TA0009",
      "technique": "T1114.002",
      "mitre_attack": [
       {
        "tactic_id": "TA0009",
        "technique_id": "T1114.002"
       }
      ],
      "vendor": "Microsoft",
      "vendors": [
       "Microsoft"
      ],
      "product": "",
      "tags": "",
      "active": true,
      "source_url": "",
      "license_details": {
       "name": "",
       "url": ""
      },
      "outcome": "detection",
      "created_timestamp": "2024-08-20T00:00:00Z",
      "modified_timestamp": "2024-08-23T00:00:00Z"
     },
     {
      "id": "d3ebee62-551e-488d-9df1-88a3c8c8eeb5",
      "name": "Microsoft - M365 OneDrive - Unusual File Extension Changed on Synchronised File",
      "description": "This rule looks for instances where there has been a OneDrive file sync of a file where the file extension has changed. This rule covers both OneDrive and SharePoint, however as SharePoint is built off a OneDrive backend all events appear as \"OneDrive\" events. This activity can be indicative of ransomware on a host machine where the files are synchronised to a OneDrive or SharePoint repository. This will be especially useful for organizations that have external / guest users utilising collaboration infrastructure within their environment.\n\nOneDrive/SharePoint typically has a delay of 10-20m for the event pull. Additionally OneDrive/SharePoint will generate a lot of logs. Therefore the recommended scheduling is 10m looking over a 15m time window.\n",
      "origin": "CrowdStrike",
      "severity": 50,
      "recommended": true,
      "query": "#Vendor=\"microsoft\" #event.module=\"m365\" #event.dataset=\"m365.OneDrive\"\n| #event.kind=\"event\" #event.outcome=\"success\"\n| array:contains(\"event.category[]\", value=\"file\")\n| event.action =~ in(values=[FileRecycled, FileSyncUploadedFull])\n| file.extension=*\n| user.id!=\"app@sharepoint\"\n| root_file_name:=splitString(field=file.name, by=\"\\\\.\", index=0)\n| selfJoinFilter(field=[file.directory,root_file_name], where=[{event.action=\"FileRecycled\"},{event.action=\"FileSyncUploadedFull\"}])\n| case {\n    event.action=\"FileRecycled\" | original_extension := lower(file.extension) | original_filename := file.name;\n    event.action=\"FileSyncUploadedFull\" | new_extension := lower(file.extension);\n}\n| asn(client.ip)\n| ipLocation(client.ip)\n| groupBy([file.directory,root_file_name], function=collect([original_extension,new_extension,original_filename]))\n| groupBy([new_extension], function=[\n    count(field=root_file_name, distinct=true, as=total_files),\n    count(field=original_extension, distinct=true, as=total_original_extension),\n    collect([event.action,keywords,Vendor.Site,Vendor.ListUrl,client.ip,client.ip.org,client.ip.country,user_agent.original, #Vendor,#event.dataset,\"event.category[0]\"])])\n| total_files\u003e50 total_original_extension\u003e5\n",
      "search_window_start": "-40m",
      "search_window_end": "-25m",
      "schedule": "10m",
      "author": "CrowdStrike",
      "sigma_author": "",
      "category": "",
      "license": "",
      "tactic": "TA0040",
      "technique": "T1486",
      "mitre_attack": [
       {
        "tactic_id": "TA0040",
        "technique_id": "T1486"
       }
      ],
      "vendor": "Microsoft",
      "vendors": [
       "Microsoft"
      ],
      "product": "",
      "tags": "",
      "active": true,
      "source_url": "",
      "license_details": {
       "name": "",
       "url": ""
      },
      "outcome": "detection",
      "created_timestamp": "2024-01-20T00:00:00Z",
      "modified_timestamp": "0001-01-01T00:00:00Z"
     },
     {
      "id": "e821df8b-9694-47b1-8d22-ed71a29b3494",
      "name": "Microsoft - Azure - Suspicious Recovery Services Vault Delete by User",
      "description": "This rule detects potential malicious activity related to Azure backup deletion by monitoring configuration changes and deletion events within Recovery Services vaults during a specific logon session. It attempts to identify when a user modifies backup configurations and deletes backup items, though Azure Activity logs indicate when changes occur but not the specific configuration details modified in this case. The detection will trigger on any backup configuration changes, whether enabling or disabling the soft delete setting, as the specific setting modified cannot be determined from the logs. This sequence of actions could indicate an attempt to permanently destroy backup data, preventing recovery.\n",
      "origin": "CrowdStrike",
      "severity": 50,
      "recommended": true,
      "query": "#Vendor=\"microsoft\" #event.dataset=\"azure.activity\" #event.module=\"azure\" #repo!=\"xdr*\"\n| #event.kind=\"event\"\n| Vendor.identity.claims.idtyp=\"user\"\n| event.action=/MICROSOFT.RECOVERYSERVICES.*\\/DELETE$/Fi OR event.action=\"MICROSOFT.RECOVERYSERVICES/VAULTS/BACKUPCONFIG/WRITE\"\n| groupBy([Vendor.identity.claims.sid, user.email], function=[\n    collect([event.action, Vendor.resourceId], limit=20),\n    { event.action=/MICROSOFT.RECOVERYSERVICES.*\\/DELETE$/Fi | count(field=Vendor.resourceId, distinct=true, as=_count_deleted_backups) }\n],\nlimit=max)\n| event.action=/MICROSOFT.RECOVERYSERVICES.*\\/DELETE$/Fmi event.action=/MICROSOFT.RECOVERYSERVICES\\/VAULTS\\/BACKUPCONFIG\\/WRITE/Fmi\n",
      "search_window_start": "-70m",
      "search_window_end": "-10m",
      "schedule": "1h",
      "author": "CrowdStrike",
      "sigma_author": "",
      "category": "",
      "license": "",
      "tactic": "TA0040",
      "technique": "T1485",
      "mitre_attack": [
       {
        "tactic_id": "TA0040",
        "technique_id": "T1485"
       }
      ],
      "vendor": "Microsoft",
      "vendors": [
       "Microsoft"
      ],
      "product": "",
      "tags": "",
      "active": true,
      "source_url": "",
      "license_details": {
       "name": "",
       "url": ""
      },
      "outcome": "detection",
      "created_timestamp": "2025-04-11T00:00:00Z",
      "modified_timestamp": "0001-01-01T00:00:00Z"
     },
     {
      "id": "983e20c6-797c-4c54-a0bd-dca43cd6b7e9",
      "name": "Microsoft - Azure - New Lighthouse Managed Service Added",
      "description": "This rule detects when a new Lighthouse managed service provider is added to an Azure tenant. This activity could indicate an adversary gaining access to a victim's tenant through Lighthouse, potentially acting as a malicious managed service provider. Such access would delegate them permissions to Azure subscriptions and resources, posing a significant security risk.\n",
      "origin": "CrowdStrike",
      "severity": 50,
      "recommended": true,
      "query": "#Vendor=\"microsoft\" #event.dataset=\"azure.activity\" #event.module=\"azure\" #repo!=\"xdr_*\"\n| #event.outcome=\"success\" #event.kind=\"event\"\n| event.action=\"MICROSOFT.MANAGEDSERVICES/REGISTRATIONASSIGNMENTS/WRITE\"\n",
      "search_window_start": "-70m",
      "search_window_end": "-10m",
      "schedule": "1h",
      "author": "CrowdStrike",
      "sigma_author": "",
      "category": "",
      "license": "",
      "tactic": "TA0001",
      "technique": "T1078.004",
      "mitre_attack": [
       {
        "tactic_id": "TA0001",
        "technique_id": "T1078.004"
       }
      ],
      "vendor": "Microsoft",
      "vendors": [
       "Microsoft"
      ],
      "product": "",
      "tags": "",
      "active": true,
      "source_url": "",
      "license_details": {
       "name": "",
       "url": ""
      },
      "outcome": "detection",
      "created_timestamp": "2025-04-07T00:00:00Z",
      "modified_timestamp": "0001-01-01T00:00:00Z"
     },
     {
      "id": "373e6ffb-934e-4da1-a873-79eabe6ef1c9",
      "name": "Microsoft - Azure - Owner IAM Role Cloned via Custom Role Creation",
      "description": "This rule detects the creation of a custom IAM role in Azure that mimics the Owner role permissions. It identifies when a new role is created with a wildcard permission, which grants full access like the Owner role. This detection may identify adversaries creating such roles to bypass monitoring of actions performed by the standard Owner role, potentially allowing for undetected privileged access.\n",
      "origin": "CrowdStrike",
      "severity": 50,
      "recommended": true,
      "query": "// Collect all successful \ndefineTable( \n    query={\n        #Vendor=\"microsoft\" #event.dataset=\"azure.activity\" #event.module=\"azure\" #repo!=\"xdr_*\"\n        | #event.outcome=\"success\"\n        | event.action=\"MICROSOFT.AUTHORIZATION/ROLEDEFINITIONS/WRITE\"\n        },\n    include=[Vendor.correlationId], \n    name=\"successful_role_clone\")\n| #Vendor=\"microsoft\" #event.dataset=\"azure.activity\" #repo!=\"xdr_*\"\n| event.action=\"MICROSOFT.AUTHORIZATION/ROLEDEFINITIONS/WRITE\"\n| parseJson(Vendor.properties.requestbody, excludeEmpty=false, handleNull=discard)\n// The Owner role definition does not include any notActions\n| properties.permissions[0].notActions[0]!=*\n| objectArray:eval(array=\"properties.permissions[]\", var=x, asArray=\"permissions[]\", function={\n    objectArray:eval(array=\"x.actions[]\", var=y, asArray=\"actions[]\", function={\n        // Check for Owner role level actions indicated by the wildcard \"*\" character\n        y=/^\\*$/i\n        | actions := \"match\" })\n    | actions[0]=*\n    | permissions := \"match\"\n})\n| permissions[0]=*\n| match(file=\"successful_role_clone\", field=[Vendor.correlationId])\n",
      "search_window_start": "-70m",
      "search_window_end": "-10m",
      "schedule": "1h",
      "author": "CrowdStrike",
      "sigma_author": "",
      "category": "",
      "license": "",
      "tactic": "TA0004",
      "technique": "T1098.003",
      "mitre_attack": [
       {
        "tactic_id": "TA0004",
        "technique_id": "T1098.003"
       }
      ],
      "vendor": "Microsoft",
      "vendors": [
       "Microsoft"
      ],
      "product": "",
      "tags": "",
      "active": true,
      "source_url": "",
      "license_details": {
       "name": "",
       "url": ""
      },
      "outcome": "detection",
      "created_timestamp": "2025-04-04T00:00:00Z",
      "modified_timestamp": "0001-01-01T00:00:00Z"
     },
     {
      "id": "a4ba102a-d164-4fd5-b9ac-79bb287e1fae",
      "name": "Generic - Web - HTTP Request With a Suspicious User Agent",
      "description": "This rule identifies a web request that was made with a suspicious user agent. \nIt focuses on detecting user agents commonly associated with Scripting activities, Cryptocurrency mining operations, Obfuscation techniques and other potentially malicious or unauthorized automated activities\n",
      "origin": "CrowdStrike",
      "severity": 50,
      "recommended": true,
      "query": "#Vendor=\"akamai\" OR #Vendor=\"aws\" OR #Vendor=\"cisco\" OR #Vendor=\"cloudflare\" OR #Vendor=\"corelight\" OR #Vendor=\"extrahop\" OR #Vendor=\"f5networks\" OR #Vendor=\"fortinet\" OR #Vendor=\"microsoft\" OR #Vendor=\"netskope\" OR #Vendor=\"okta\" OR #Vendor=\"paloalto\" OR #Vendor=\"proofpoint\" OR #Vendor=\"zscaler\"\n| #event.kind=\"event\"\n| match(file=\"falcon/ngsiem-content/suspicious_user_agents.csv\",field=user_agent.original,column=user_agent.original)\n// Exclude domains which are known vulnerability scanners or may cause false positives\n//| url.original =~ !in(values=[\"www.bing.com\", \"cloud.tenable.com\"])\n",
      "search_window_start": "-70m",
      "search_window_end": "-10m",
      "schedule": "1h",
      "author": "CrowdStrike",
      "sigma_author": "",
      "category": "",
      "license": "",
      "tactic": "TA0011",
      "technique": "T1071.001",
      "mitre_attack": [
       {
        "tactic_id": "TA0011",
        "technique_id": "T1071.001"
       }
      ],
      "vendor": "Cloudflare",
      "vendors": [
       "Akamai",
       "AWS",
       "Cisco",
       "Cloudflare",
       "Corelight",
       "ExtraHop",
       "F5",
       "Fortinet",
       "Microsoft",
       "Netskope",
       "Okta",
       "Palo Alto Networks",
       "Proofpoint",
       "Zscaler"
      ],
      "product": "",
      "tags": "",
      "active": true,
      "source_url": "",
      "license_details": {
       "name": "",
       "url": ""
      },
      "outcome": "detection",
      "created_timestamp": "2025-02-02T00:00:00Z",
      "modified_timestamp": "0001-01-01T00:00:00Z"
     },
     {
      "id": "623b2e17-f096-47b6-b2b5-89ec1cd1de0a",
      "name": "Microsoft - Defender for Office 365 - Suspicious Email Attachment Type Detected",
      "description": "This detection rule identifies inbound email messages containing attachments with potentially malicious file extensions, including executables, scripts, and macro-enabled documents. The rule utilizes Microsoft Defender XDR's EmailEvents and EmailAttachmentInfo tables to monitor email processing activities within Microsoft Defender for Office 365. The detection focuses on identifying potential malware distribution campaigns and phishing attempts where threat actors try to convince recipients to open malicious attachments. These attack vectors are frequently used to initiate data breaches and deploy malware, potentially leading to unauthorized access, system compromise, and data exfiltration. While some flagged attachment types (such as HTML files) may have legitimate business uses in email newsletters or marketing campaigns, organizations should implement appropriate exclusions based on trusted sender addresses, domains, or other relevant criteria to reduce false positives.\n",
      "origin": "CrowdStrike",
      "severity": 50,
      "recommended": true,
      "query": "// Ad-hoc table: Microsoft Defender XDR's EmailAttachmentInfo events, where a suspicious attachment type is found\ndefineTable( \n    query={\n        #Vendor=\"microsoft\" #event.module=\"windows-defender-365\" #event.dataset=\"windows-defender-365.event\" #repo!=\"xdr*\"\n        | Vendor.Workload=\"EmailAttachmentInfo\"\n        | case {\n              // Executable file formats\n              file.extension=/^(?:acm|app|application|ax|chm|com|cpl|dll|dmg|drv|efi|exe|hlp|msc|msi|msp|mui|ocx|scr|sys)$/i;\n              // Script file formats\n              file.extension=/^(?:bat|cmd|csh|hta|htc|je|js|jse|ksh|ps1|ps1xml|psc1|ps2|ps2xml|psc2|py|pyc|pyo|pyz|pyzw|sh|vb|vba|vbe|vbs|ws|wsc|wsf|wsh)$/i;\n              // Shortcut file formats\n              file.extension=/^(?:ink|lnk|pif|scf)$/i;\n              // Macro-enabled or suspicious document formats  (legacy MS Office formats like .doc, .xsl, or .ppt not included due to false positives concern; consider including if appropriate)\n              file.extension=/^(?:docm|dot|dotm|iqy|pptm|potm|ppam|ppsm|pub|rtf|sldm|xla|xlsm|xlt|xltm|xlam)$/i;\n              // Other risky file formats\n              file.extension=/^(?:html|inf|iso|img|jar|jnpl|reg|rdp|vhd|vhdx|tsp)$/i;\n              // File formats observed in exploitation campaigns like those related to CVE-2024-43451, or CVE-2025-24054\n              file.extension=/^(?:library-ms|url|website)$/i;\n        }\n        // Avoid duplicate events\n        | groupby(email.local_id, function=collect([file.extension, file.name]), limit=max)\n    }, \n    include=[email.local_id, file.extension, file.name], \n    name=\"microsoft_defender_suspicious_email_attachment_type_detected_adhoc_table\"\n)\n| #Vendor=\"microsoft\" #event.module=\"windows-defender-365\" #event.dataset=\"windows-defender-365.event\" #repo!=\"xdr*\"\n| Vendor.Workload=\"EmailEvents\"\n| email.direction=\"Inbound\"\n| email.to.address := coalesce([email.to.address[0], email.to.address])\n| email.to.address=/@(?\u003c_recipientDomain\u003e.+)$/\n| test(_recipientDomain!=Vendor.properties.SenderFromDomain)\n| Vendor.properties.LatestDeliveryAction=\"Delivered\" OR Vendor.properties.DeliveryAction=\"Delivered\" \n| match(file=\"microsoft_defender_suspicious_email_attachment_type_detected_adhoc_table\", field=[email.local_id], include=[file.extension, file.name])\n// Avoid duplicate events \n| groupBy(email.local_id, function=collect([email.sender.address, email.to.address, email.subject, file.extension, file.name, email.message_id]), limit=max)\n",
      "search_window_start": "-70m",
      "search_window_end": "-10m",
      "schedule": "1h",
      "author": "CrowdStrike",
      "sigma_author": "",
      "category": "",
      "license": "",
      "tactic": "TA0001",
      "technique": "T1566",
      "mitre_attack": [
       {
        "tactic_id": "TA0001",
        "technique_id": "T1566"
       }
      ],
      "vendor": "Microsoft",
      "vendors": [
       "Microsoft"
      ],
      "product": "",
      "tags": "",
      "active": true,
      "source_url": "",
      "license_details": {
       "name": "",
       "url": ""
      },
      "outcome": "detection",
      "created_timestamp": "2025-02-26T00:00:00Z",
      "modified_timestamp": "2025-05-06T00:00:00Z"
     },
     {
      "id": "bf75db5a-2d27-4f44-8076-f4e20b74420b",
      "name": "Microsoft - M365 OneDrive \u0026 SharePoint - Malware Detected",
      "description": "This rule detects when Microsoft 365 flags a file stored on OneDrive or SharePoint Online as containing malware. The detection occurs during file uploads or subsequent periodic scans when virus identification criteria have been updated. This helps identify potential malware threats within cloud storage which could lead to data breaches, file corruption, or further malware propagation across the organization's network.\n",
      "origin": "CrowdStrike",
      "severity": 50,
      "recommended": true,
      "query": "#Vendor=\"microsoft\" #event.module=\"m365\" #event.dataset=\"m365.SharePoint\"\n| #event.kind=\"event\" #event.outcome=\"success\" \n| event.provider=\"SharePointFileOperation\" \n| event.action=\"FileMalwareDetected\"\n",
      "search_window_start": "-70m",
      "search_window_end": "-10m",
      "schedule": "1h",
      "author": "CrowdStrike",
      "sigma_author": "",
      "category": "",
      "license": "",
      "tactic": "TA0002",
      "technique": "T1204.002",
      "mitre_attack": [
       {
        "tactic_id": "TA0002",
        "technique_id": "T1204.002"
       }
      ],
      "vendor": "Microsoft",
      "vendors": [
       "Microsoft"
      ],
      "product": "",
      "tags": "",
      "active": true,
      "source_url": "",
      "license_details": {
       "name": "",
       "url": ""
      },
      "outcome": "detection",
      "created_timestamp": "2025-04-23T00:00:00Z",
      "modified_timestamp": "0001-01-01T00:00:00Z"
     },
     {
      "id": "aa425e31-2a25-4cba-aeb5-21d652f05bec",
      "name": "Generic - Network - RPC Traffic from the Internet",
      "description": "Identifies network events associated with RPC (Remote Procedure Call) traffic from the Internet. This is suspicious network activity because RPC should never be exposed to the Internet as it is often exploited by threat actors for initial access.\n",
      "origin": "CrowdStrike",
      "severity": 70,
      "recommended": true,
      "query": "#repo!=\"xdr_*\"\n| #Vendor =~ in(values=[\"akamai\",\"aws\",\"cisco\",\"corelight\",\"extrahop\",\"fortinet\",\"microsoft\",\"nozomi\",\"paloalto\",\"zscaler\"])\n| #event.kind=\"event\" \n| array:contains(\"event.category[]\", value=\"network\")\n| network.transport=\"tcp\" destination.port=135\n| cidr(destination.ip, subnet=[\"10.0.0.0/8\", \"172.16.0.0/12\", \"192.168.0.0/16\"])\n| NOT cidr(source.ip, subnet=[\"127.0.0.0/8\", \"10.0.0.0/8\", \"172.16.0.0/12\", \"192.168.0.0/16\", \"::1\"])\n",
      "search_window_start": "-70m",
      "search_window_end": "-10m",
      "schedule": "1h",
      "author": "CrowdStrike",
      "sigma_author": "",
      "category": "",
      "license": "",
      "tactic": "TA0001",
      "technique": "T1190",
      "mitre_attack": [
       {
        "tactic_id": "TA0001",
        "technique_id": "T1190"
       }
      ],
      "vendor": "Akamai",
      "vendors": [
       "Akamai",
       "AWS",
       "Cisco",
       "Corelight",
       "ExtraHop",
       "Fortinet",
       "Microsoft",
       "Nozomi Networks",
       "Palo Alto Networks",
       "Zscaler"
      ],
      "product": "",
      "tags": "",
      "active": true,
      "source_url": "",
      "license_details": {
       "name": "",
       "url": ""
      },
      "outcome": "detection",
      "created_timestamp": "2023-11-23T00:00:00Z",
      "modified_timestamp": "2024-10-22T00:00:00Z"
     },
     {
      "id": "2846a0b8-5355-4996-b9be-0c3d9369bd6d",
      "name": "Generic - Network - Suspicious Outbound LDAP Connection",
      "description": "This rule identifies internal IP addresses making LDAP requests to external addresses that exist in CrowdStrike's Threat Intelligence Feed.\n",
      "origin": "CrowdStrike",
      "severity": 70,
      "recommended": true,
      "query": "#repo!=\"xdr_*\" \n| #Vendor =~ in(values=[\"akamai\",\"aws\",\"cisco\",\"corelight\",\"extrahop\",\"fortinet\",\"aruba\",\"microsoft\",\"netskope\",\"nozomi\",\"paloalto\",\"radware\",\"zscaler\"])\n| #event.kind=\"event\"\n| array:contains(array=\"event.category[]\", value=\"network\")\n| destination.port =~ in(values=[\"389\", \"636\", \"3268\"])\n| cidr(source.ip, subnet=[\"10.0.0.0/8\", \"172.16.0.0/12\", \"192.168.0.0/16\", \"fe80::/10\", \"169.254.0.0/16\"])\n| !cidr(destination.ip, subnet=[\"10.0.0.0/8\", \"172.16.0.0/12\", \"192.168.0.0/16\", \"fe80::/10\", \"169.254.0.0/16\"])\n| ioc:lookup(field=[destination.ip],type=\"ip_address\",confidenceThreshold=\"unverified\")\n| ioc.detected=\"true\"\n",
      "search_window_start": "-70m",
      "search_window_end": "-10m",
      "schedule": "1h",
      "author": "CrowdStrike",
      "sigma_author": "",
      "category": "",
      "license": "",
      "tactic": "TA0001",
      "technique": "T1190",
      "mitre_attack": [
       {
        "tactic_id": "TA0001",
        "technique_id": "T1190"
       }
      ],
      "vendor": "Akamai",
      "vendors": [
       "Akamai",
       "AWS",
       "Cisco",
       "Corelight",
       "ExtraHop",
       "Fortinet",
       "HPE Aruba Networking",
       "Microsoft",
       "Netskope",
       "Nozomi Networks",
       "Palo Alto Networks",
       "Radware",
       "Zscaler"
      ],
      "product": "",
      "tags": "",
      "active": true,
      "source_url": "",
      "license_details": {
       "name": "",
       "url": ""
      },
      "outcome": "detection",
      "created_timestamp": "2024-10-10T00:00:00Z",
      "modified_timestamp": "2024-10-22T00:00:00Z"
     },
     {
      "id": "232f01ce-0f80-4f56-aa69-1b003890d3e7",
      "name": "Generic - Web - URL IOC Match",
      "description": "This rule identifies web-related events where the URL is flagged by CrowdStrike's threat intelligence feed, which may indicate malicious activity. By default, the rule uses IOCs with a confidence level of 'high'. You can adjust the lowest level of confidence for IOCs to consider, as necessary.\n",
      "origin": "CrowdStrike",
      "severity": 70,
      "recommended": true,
      "query": "#repo!=xdr_*\n| #Vendor =~ in(values=[\"akamai\",\"cisco\",\"cloudflare\",\"extrahop\",\"aruba\",\"microsoft\",\"netskope\",\"nozomi\",\"paloalto\",\"pingidentity\",\"qualys\",\"radware\",\"zscaler\"])\n| #event.kind=\"event\"\n| array:contains(\"event.category[]\", value=\"network\")\n| case {\n    url.original=\"http*\" | ioc:lookup(url.original, type=\"url\", confidenceThreshold=high, strict=true);\n    url.full=\"http*\" | ioc:lookup(url.full, type=\"url\", confidenceThreshold=high, strict=true)\n}\n",
      "search_window_start": "-70m",
      "search_window_end": "-10m",
      "schedule": "1h",
      "author": "CrowdStrike",
      "sigma_author": "",
      "category": "",
      "license": "",
      "tactic": "TA0011",
      "technique": "T1071.001",
      "mitre_attack": [
       {
        "tactic_id": "TA0011",
        "technique_id": "T1071.001"
       }
      ],
      "vendor": "Akamai",
      "vendors": [
       "Akamai",
       "Cisco",
       "Cloudflare",
       "ExtraHop",
       "HPE Aruba Networking",
       "Microsoft",
       "Netskope",
       "Nozomi Networks",
       "Palo Alto Networks",
       "Ping Identity",
       "Qualys",
       "Radware",
       "Zscaler"
      ],
      "product": "",
      "tags": "",
      "active": true,
      "source_url": "",
      "license_details": {
       "name": "",
       "url": ""
      },
      "outcome": "detection",
      "created_timestamp": "2024-10-25T00:00:00Z",
      "modified_timestamp": "0001-01-01T00:00:00Z"
     },
     {
      "id": "7b572e89-685f-4fdb-bf8c-73b040d87e40",
      "name": "Generic - Network - IP Address IOC Match",
      "description": "This rule identifies network traffic involving suspicious IP addresses by using a lookup in CrowdStrike's database of IOCs. The rule considers IOCs with a confidence level of 'unverified' or higher. Note that the confidence level threshold can be adjusted as necessary. For more information about the ioc:lookup() function, see https://library.humio.com/data-analysis/functions-ioc-lookup.html.\n",
      "origin": "CrowdStrike",
      "severity": 50,
      "recommended": true,
      "query": "#repo!=\"xdr_*\"\n| #Vendor =~ in(values=[\"akamai\",\"arista\",\"aws\",\"cisco\",\"cloudflare\",\"corelight\",\"extrahop\",\"fortinet\",\"aruba\",\"linux\",\"microsoft\",\"netskope\",\"nozomi\",\"paloalto\",\"radware\",\"skyhigh\",\"vectra\",\"zscaler\"])\n| #event.kind=\"event\" \n| array:contains(array=\"event.category[]\", value=\"network\")\n| coalesce([source.ip, client.ip, related.ip, \"EMPTY\"], as=\"ip_coalesce_source\")\n| coalesce([destination.ip, server.ip, \"EMPTY\"], as=\"ip_coalesce_destination\")\n| case {\n    ip_coalesce_source!=\"EMPTY\"\n        | !cidr(ip_coalesce_source, subnet=[\"10.0.0.0/8\", \"172.16.0.0/12\", \"192.168.0.0/16\", \"127.0.0.0/8\"])\n        | case {\n            ip_coalesce_destination=\"EMPTY\";\n            cidr(ip_coalesce_destination, subnet=[\"10.0.0.0/8\", \"172.16.0.0/12\", \"192.168.0.0/16\", \"127.0.0.0/8\"]);\n        }\n        | ip_of_interest := ip_coalesce_source;\n    ip_coalesce_destination!=\"EMPTY\"\n      | !cidr(ip_coalesce_destination, subnet=[\"10.0.0.0/8\", \"172.16.0.0/12\", \"192.168.0.0/16\", \"127.0.0.0/8\"])\n      | case {\n          ip_coalesce_source=\"EMPTY\";\n            cidr(ip_coalesce_source, subnet=[\"10.0.0.0/8\", \"172.16.0.0/12\", \"192.168.0.0/16\", \"127.0.0.0/8\"]);\n        }\n        | ip_of_interest := ip_coalesce_destination;\n}\n| groupBy([ip_of_interest], function=collect([#Vendor,#event.module, ip_coalesce_source, ip_coalesce_destination]))\n| ioc:lookup(field=ip_of_interest, type=\"ip_address\", confidenceThreshold=\"unverified\", strict=\"true\")\n",
      "search_window_start": "-70m",
      "search_window_end": "-10m",
      "schedule": "1h",
      "author": "CrowdStrike",
      "sigma_author": "",
      "category": "",
      "license": "",
      "tactic": "",
      "technique": "",
      "mitre_attack": [],
      "vendor": "Akamai",
      "vendors": [
       "Akamai",
       "Arista Networks",
       "AWS",
       "Cisco",
       "Cloudflare",
       "Corelight",
       "ExtraHop",
       "Fortinet",
       "HPE Aruba Networking",
       "Linux",
       "Microsoft",
       "Netskope",
       "Nozomi Networks",
       "Palo Alto Networks",
       "Radware",
       "Skyhigh",
       "Vectra AI",
       "Zscaler"
      ],
      "product": "",
      "tags": "",
      "active": true,
      "source_url": "",
      "license_details": {
       "name": "",
       "url": ""
      },
      "outcome": "detection",
      "created_timestamp": "2024-10-25T00:00:00Z",
      "modified_timestamp": "0001-01-01T00:00:00Z"
     },
     {
      "id": "c1b06e63-0b3e-4bcf-ad2f-409ec77a2b64",
      "name": "Microsoft - Entra ID - Suspicious Inbox Forwarding",
      "description": "This rule identifies when the forwarded to domain does not match the organization's domain. This could be an indication of a user attempting to exfiltrate data.\n",
      "origin": "CrowdStrike",
      "severity": 30,
      "recommended": true,
      "query": "#Vendor=\"microsoft\" #event.module=\"exchange\" #repo=\"microsoft_exchange_online\"\n| event.action=~in(values=[\"Set-Mailbox\", \"New-InboxRule\", \"Set-InboxRule\"])\n// Combine the forwarding type and destination email for easier parsing\n| objectArray:eval(\"Vendor.Parameters[]\", asArray=\"params[]\", var=x, function= { \n    params := format(\"%s = %s\", field=[x.Name, x.Value] \n        ) \n    } \n)\n// Only keep inbox rule operations where forwarding was observed\n| array:filter(array=\"params[]\", var=y, asArray=\"forwardingObserved[]\", function = { \n    y = /(?:ForwardTo|RedirectTo|ForwardingAddress|ForwardingSmtpAddress)\\s\\=\\s.*\\@/i \n    } \n)\n// Parse and store destination address\n| forwardingObserved[0] = /\\s\\=\\s(?\u003cdestinationAddress\u003e.*)/i\n| destinationAddress := lower(destinationAddress)\n// There may be more than 1 destination address, separated by a semicolon\n| destinationAddressArray := splitString(destinationAddress, by=\";\")\n| user.email=/\\@(?\u003csourceDomain\u003e[^$]+)/i\n| sourceDomain := lower(sourceDomain)\n// Create an array for future parsing where each element is the source user email and a destination address\n| array:eval(\"destinationAddressArray[]\", var=addr, asArray=\"sourceDestAddresses[]\", function = {\n    format(\"%s %s\", field=[\"sourceDomain\", \"addr\"], as=sourceDestAddresses )\n        }\n    )\n// Do a comparison of each element in the arrays\n| array:eval(array=\"sourceDestAddresses[]\", var=address, asArray=\"results[]\", function = {\n    // Grab destination email address\n    splitString(field=address, by=\" \", index=1)\n    | address = /^[^\\@]+\\@(?\u003cdestinationDomain\u003e[^$]+)/i\n    | new := lower(destinationDomain)\n    | case {\n        test(sourceDomain==destinationDomain )\n        | results:= \"Domains the same, ignoring\";\n        test(sourceDomain!=destinationDomain)\n        | results := \"Domains are different, possible forwarding observed\"\n            }\n        }\n    )\n// Check If just one of the destination address domains were different\n| array:contains(array=\"results[]\", value=\"Domains are different, possible forwarding observed\")\n",
      "search_window_start": "-70m",
      "search_window_end": "-10m",
      "schedule": "1h",
      "author": "CrowdStrike",
      "sigma_author": "",
      "category": "",
      "license": "",
      "tactic": "TA0009",
      "technique": "T1114.003",
      "mitre_attack": [
       {
        "tactic_id": "TA0009",
        "technique_id": "T1114.003"
       }
      ],
      "vendor": "Microsoft",
      "vendors": [
       "Microsoft"
      ],
      "product": "",
      "tags": "",
      "active": true,
      "source_url": "",
      "license_details": {
       "name": "",
       "url": ""
      },
      "outcome": "detection",
      "created_timestamp": "2024-03-08T00:00:00Z",
      "modified_timestamp": "2024-10-14T00:00:00Z"
     },
     {
      "id": "e291d34c-0b73-4721-bafc-26fed587fec5",
      "name": "Microsoft - Entra ID - Cross Tenant Partner Given Inbound Access",
      "description": "This rule detects the modification of cross-tenant access settings to allow inbound access to other tenants. Adversary may utilize this technique to access sensitive information through compromised partner tenants.\n",
      "origin": "CrowdStrike",
      "severity": 50,
      "recommended": true,
      "query": "#repo=\"microsoft_graphapi\" OR #repo=\"3pi_microsoft_entra_id\" OR #repo=\"fcs_csp_events\" \n| #Vendor=\"microsoft\" #event.dataset=/entraid/ \n| #event.kind=\"event\" #event.outcome=\"success\" \n| array:contains(array=\"event.category[]\", value=\"configuration\") \n| array:contains(array=\"event.type[]\", value=\"change\") \n| event.action=\"update-a-partner-cross-tenant-access-setting\" \n| case {\n        objectArray:eval(\"Vendor.targetResources[]\", asArray=\"out[]\", \n            function={ objectArray:eval(\"Vendor.targetResources.modifiedProperties[]\", asArray=\"tmp[]\", \n                            function={ Vendor.targetResources.modifiedProperties.displayName=\"automaticUserConsentSettings\" \n                                      | tmp := Vendor.targetResources.modifiedProperties.newValue }) \n                            | array:regex(array=\"tmp[]\", regex=\"\\\"InboundAllowed\\\"[\\\\s\\t]*:[\\\\s\\t]*\\\"?true\") \n                            | out := \"match\" });\n        objectArray:eval(\"Vendor.properties.targetResources[]\", asArray=\"out[]\", \n            function={ objectArray:eval(\"Vendor.properties.targetResources.modifiedProperties[]\", asArray=\"tmp[]\", \n                            function={Vendor.properties.targetResources.modifiedProperties.displayName=\"automaticUserConsentSettings\" \n                                      | tmp := Vendor.properties.targetResources.modifiedProperties.newValue }) \n                            | array:regex(array=\"tmp[]\", regex=\"\\\"InboundAllowed\\\"[\\\\s\\t]*:[\\\\s\\t]*\\\"?true\") \n                            | out := \"match\" })                \n      }\n| out[0]=\"match\"\n",
      "search_window_start": "-70m",
      "search_window_end": "-10m",
      "schedule": "1h",
      "author": "CrowdStrike",
      "sigma_author": "",
      "category": "",
      "license": "",
      "tactic": "TA0005",
      "technique": "T1484.002",
      "mitre_attack": [
       {
        "tactic_id": "TA0005",
        "technique_id": "T1484.002"
       }
      ],
      "vendor": "Microsoft",
      "vendors": [
       "Microsoft"
      ],
      "product": "",
      "tags": "",
      "active": true,
      "source_url": "",
      "license_details": {
       "name": "",
       "url": ""
      },
      "outcome": "detection",
      "created_timestamp": "2024-11-26T00:00:00Z",
      "modified_timestamp": "0001-01-01T00:00:00Z"
     },
     {
      "id": "30bfe70a-75b2-45ef-b157-11132e3986b1",
      "name": "Microsoft - Entra ID - External Identities Configuration Modified to Allow Guests to Invite Other Users",
      "description": "This rule detects the modification of the Microsoft Entra ID external identities configuration to allow guests to invite other users. Adversaries may utilize this technique to achieve persistence by inviting attacker-controlled user identities.\n",
      "origin": "CrowdStrike",
      "severity": 30,
      "recommended": true,
      "query": "#repo=\"microsoft_graphapi\" OR #repo=\"3pi_microsoft_entra_id\" OR #repo=\"fcs_csp_events\" \n| #Vendor=\"microsoft\" #event.dataset=/entraid/ \n| #event.kind=\"event\" #event.outcome=\"success\" \n| array:contains(array=\"event.category[]\", value=\"configuration\") \n| array:contains(array=\"event.type[]\", value=\"change\") \n| event.action=\"set-directory-feature-on-tenant\" \n| case {\n        #event.module=\"azure\" // Data Connector built for Microsoft Graph API; Parser: azuread-ecs\n        | Vendor.targetResources[0].modifiedProperties[0].displayName=*\n        | objectArray:eval(\"Vendor.targetResources[]\", asArray=\"out[]\", \n            function={ objectArray:eval(\"Vendor.targetResources.modifiedProperties[]\", asArray=\"tmp[]\", \n                            function={ Vendor.targetResources.modifiedProperties.displayName=\"DirectoryFeatures\" \n                                       | Vendor.targetResources.modifiedProperties.oldValue=\"*GuestCannotInviteOthers*\"\n                                       | Vendor.targetResources.modifiedProperties.newValue!=\"*GuestCannotInviteOthers*\" }) \n                            | out := \"match\" });\n        #event.module=\"entraid\" //Data Connector built for Microsoft Entra ID; Parser: entraid-ecs\n        | Vendor.properties.targetResources[0].modifiedProperties[0].displayName=*\n        | objectArray:eval(\"Vendor.properties.targetResources[]\", asArray=\"out[]\", \n            function={ objectArray:eval(\"Vendor.properties.targetResources.modifiedProperties[]\", asArray=\"tmp[]\", \n                            function={ Vendor.properties.targetResources.modifiedProperties.displayName=\"DirectoryFeatures\" \n                                       | Vendor.properties.targetResources.modifiedProperties.oldValue=\"*GuestCannotInviteOthers*\"\n                                       | Vendor.properties.targetResources.modifiedProperties.newValue!=\"*GuestCannotInviteOthers*\" }) \n                            | out := \"match\" })                \n      }\n| out[0]=\"match\"\n",
      "search_window_start": "-70m",
      "search_window_end": "-10m",
      "schedule": "1h",
      "author": "CrowdStrike",
      "sigma_author": "",
      "category": "",
      "license": "",
      "tactic": "TA0003",
      "technique": "T1078.002",
      "mitre_attack": [
       {
        "tactic_id": "TA0003",
        "technique_id": "T1078.002"
       }
      ],
      "vendor": "Microsoft",
      "vendors": [
       "Microsoft"
      ],
      "product": "",
      "tags": "",
      "active": true,
      "source_url": "",
      "license_details": {
       "name": "",
       "url": ""
      },
      "outcome": "detection",
      "created_timestamp": "2024-12-12T00:00:00Z",
      "modified_timestamp": "0001-01-01T00:00:00Z"
     },
     {
      "id": "bb300c61-ed59-4847-85e1-e624e35e76d8",
      "name": "Microsoft - Entra ID - Bitlocker Key Retrieval",
      "description": "This rule identifies when a user attempts to get BitLocker keys stored in Entra ID. A user retrieving these keys is unusual and should be reviewed.\n",
      "origin": "CrowdStrike",
      "severity": 50,
      "recommended": true,
      "query": "| #repo=\"microsoft_graphapi\" OR #repo=\"3pi_microsoft_entra_id\" OR #repo=\"fcs_csp_events\"\n| #event.module=/azure|entraid/ #event.dataset=/entraid\\.audit/\n| #event.kind=\"event\"\n| array:contains(\"event.category[]\", value=\"configuration\")\n| case{\n    //Graph API Events\n    #event.module=\"azure\" event.action=\"read-bitlocker-key\"\n    | Vendor.loggedByService=\"Device Registration Service\"\n    | Vendor.additionalDetails[0].value!=/backed\\s+up\\s+from\\s+device/i;\n    //Azure EventHub Events\n    #event.module=\"entraid\" event.action=\"read-bitlocker-key\"\n    | Vendor.properties.loggedByService=\"Device Registration Service\"\n    | Vendor.properties.additionalDetails[0].value!=/backed\\s+up\\s+from\\s+device/i;\n}\n",
      "search_window_start": "-70m",
      "search_window_end": "-10m",
      "schedule": "1h",
      "author": "CrowdStrike",
      "sigma_author": "",
      "category": "",
      "license": "",
      "tactic": "TA0006",
      "technique": "T1552.004",
      "mitre_attack": [
       {
        "tactic_id": "TA0006",
        "technique_id": "T1552.004"
       }
      ],
      "vendor": "Microsoft",
      "vendors": [
       "Microsoft"
      ],
      "product": "",
      "tags": "",
      "active": true,
      "source_url": "",
      "license_details": {
       "name": "",
       "url": ""
      },
      "outcome": "detection",
      "created_timestamp": "2024-03-08T00:00:00Z",
      "modified_timestamp": "2024-10-04T00:00:00Z"
     }
    ]
   }