{
    "meta": {
     "query_time": 0.118042673,
     "powered_by": "svc-cscrrulestemplates",
     "trace_id": "0aafb8565fec1417f045bf6641cad385"
    },
    "errors": [],
    "resources": [
     {
      "id": "60f6535a-760f-42a9-be3f-c9a0a025906e",
      "name": "Use of Legacy Authentication Protocols",
      "description": "Alert on when legacy authentication has been used on an account\n",
      "origin": "SigmaHQ",
      "severity": 70,
      "recommended": true,
      "query": "(#repo=\"microsoft_graphapi\" OR #repo=\"3pi_microsoft_entra_id\" OR #repo=\"fcs_csp_events\") #Vendor=\"microsoft\" #event.dataset=/entraid/\n| #event.kind=\"event\"\n| array:contains(array=\"event.category[]\", value=\"authentication\") | (Vendor.clientAppUsed=/^Other client$/i OR Vendor.clientAppUsed=/^IMAP$/i OR Vendor.clientAppUsed=/^POP3$/i OR Vendor.clientAppUsed=/^MAPI$/i OR Vendor.clientAppUsed=/^SMTP$/i OR Vendor.clientAppUsed=/^Exchange ActiveSync$/i OR Vendor.clientAppUsed=/^Exchange Web Services$/i)\n",
      "search_window_start": "-70m",
      "search_window_end": "-10m",
      "schedule": "1h",
      "author": "Yochana Henderson, '@Yochana-H'",
      "sigma_author": "",
      "category": "",
      "license": "",
      "tactic": "TA0001",
      "technique": "T1078.004",
      "mitre_attack": [
       {
        "tactic_id": "TA0001",
        "technique_id": "T1078.004"
       }
      ],
      "vendor": "Microsoft",
      "vendors": [
       "Microsoft"
      ],
      "product": "",
      "tags": "",
      "active": true,
      "source_url": "https://github.com/SigmaHQ/sigma/blob/master/rules/cloud/azure/signin_logs/azure_legacy_authentication_protocols.yml",
      "license_details": {
       "name": "DRL",
       "url": "https://github.com/SigmaHQ/Detection-Rule-License"
      },
      "outcome": "detection",
      "created_timestamp": "2022-06-17T00:00:00Z",
      "modified_timestamp": "0001-01-01T00:00:00Z"
     },
     {
      "id": "908655e0-25cf-4ae1-b775-1c8ce9cf43d8",
      "name": "Login to Disabled Account",
      "description": "Detect failed attempts to sign in to disabled accounts.\n",
      "origin": "SigmaHQ",
      "severity": 50,
      "recommended": true,
      "query": "(#repo=\"microsoft_graphapi\" OR #repo=\"3pi_microsoft_entra_id\" OR #repo=\"fcs_csp_events\") #Vendor=\"microsoft\" #event.dataset=/entraid/\n| #event.kind=\"event\"\n| Vendor.status.errorCode=50057 Vendor.status.failureReason=\"The user account is disabled.\"\n",
      "search_window_start": "-70m",
      "search_window_end": "-10m",
      "schedule": "1h",
      "author": "AlertIQ",
      "sigma_author": "",
      "category": "",
      "license": "",
      "tactic": "TA0001",
      "technique": "T1078.004",
      "mitre_attack": [
       {
        "tactic_id": "TA0001",
        "technique_id": "T1078.004"
       }
      ],
      "vendor": "Microsoft",
      "vendors": [
       "Microsoft"
      ],
      "product": "",
      "tags": "",
      "active": true,
      "source_url": "https://github.com/SigmaHQ/sigma/blob/master/rules/cloud/azure/signin_logs/azure_login_to_disabled_account.yml",
      "license_details": {
       "name": "DRL",
       "url": "https://github.com/SigmaHQ/Detection-Rule-License"
      },
      "outcome": "detection",
      "created_timestamp": "2021-10-10T00:00:00Z",
      "modified_timestamp": "2022-12-25T00:00:00Z"
     },
     {
      "id": "9a60e676-26ac-44c3-814b-0c2a8b977adf",
      "name": "User Access Blocked by Azure Conditional Access",
      "description": "Detect access has been blocked by Conditional Access policies. The access policy does not allow token issuance which might be sights≈ of unauthorizeed login to valid accounts.\n",
      "origin": "SigmaHQ",
      "severity": 50,
      "recommended": true,
      "query": "(#repo=\"microsoft_graphapi\" OR #repo=\"3pi_microsoft_entra_id\" OR #repo=\"fcs_csp_events\") #Vendor=\"microsoft\" #event.dataset=/entraid/\n| #event.kind=\"event\" \n| Vendor.status.errorCode=53003\n",
      "search_window_start": "-70m",
      "search_window_end": "-10m",
      "schedule": "1h",
      "author": "AlertIQ",
      "sigma_author": "",
      "category": "",
      "license": "",
      "tactic": "TA0001",
      "technique": "T1078.004",
      "mitre_attack": [
       {
        "tactic_id": "TA0001",
        "technique_id": "T1078.004"
       }
      ],
      "vendor": "Microsoft",
      "vendors": [
       "Microsoft"
      ],
      "product": "",
      "tags": "",
      "active": true,
      "source_url": "https://github.com/SigmaHQ/sigma/blob/master/rules/cloud/azure/signin_logs/azure_user_login_blocked_by_conditional_access.yml",
      "license_details": {
       "name": "DRL",
       "url": "https://github.com/SigmaHQ/Detection-Rule-License"
      },
      "outcome": "detection",
      "created_timestamp": "2023-03-20T00:00:00Z",
      "modified_timestamp": "0001-01-01T00:00:00Z"
     },
     {
      "id": "0922467f-db53-4348-b7bf-dee8d0d348c6",
      "name": "Microsoft - Entra ID - New CA Policy by Non-approved Actor - Sigma",
      "description": "Monitor and alert on conditional access changes.\n",
      "origin": "SigmaHQ",
      "severity": 50,
      "recommended": true,
      "query": "#repo=\"microsoft_graphapi\" OR #repo=\"3pi_microsoft_entra_id\" OR #repo=\"fcs_csp_events\"\n| #Vendor=\"microsoft\" #event.dataset=/entraid/ \n| #event.kind=\"event\" #event.outcome=\"success\" \n| array:contains(array=\"event.category[]\", value=\"configuration\")\n| event.action=\"add-conditional-access-policy\"\n",
      "search_window_start": "-70m",
      "search_window_end": "-10m",
      "schedule": "1h",
      "author": "Corissa Koopmans, '@corissalea'",
      "sigma_author": "",
      "category": "",
      "license": "",
      "tactic": "TA0005",
      "technique": "T1556",
      "mitre_attack": [
       {
        "tactic_id": "TA0005",
        "technique_id": "T1556"
       }
      ],
      "vendor": "Microsoft",
      "vendors": [
       "Microsoft"
      ],
      "product": "",
      "tags": "",
      "active": true,
      "source_url": "https://github.com/SigmaHQ/sigma/blob/master/rules/cloud/azure/audit_logs/azure_aad_secops_new_ca_policy_addedby_bad_actor.yml",
      "license_details": {
       "name": "DRL",
       "url": "https://github.com/SigmaHQ/Detection-Rule-License"
      },
      "outcome": "detection",
      "created_timestamp": "2022-07-18T00:00:00Z",
      "modified_timestamp": "0001-01-01T00:00:00Z"
     },
     {
      "id": "d6226fdf-c1a9-4c74-a095-b5867fd1138f",
      "name": "Microsoft - Azure - Identity Eligible for Owner Role in IAM",
      "description": "This rule detects when the Azure Owner role is made as an eligible assignment within Microsoft's Privileged Identity Management (PIM) product. The Azure Owner role grants full access to manage all resources in an Azure subscription, making it a high-risk, high-privilege role that should be carefully controlled. Adversaries may seek to obtain this role to gain unrestricted access to Azure resources, potentially leading to data theft, service disruption, or further privilege escalation across the entire Azure environment. Monitoring such assignments is crucial for maintaining a strong security posture and preventing potential misuse of privileged access.\n",
      "origin": "CrowdStrike",
      "severity": 50,
      "recommended": true,
      "query": "defineTable(\n  query={\n      #Vendor=\"microsoft\" #event.dataset=\"azure.activity\" #event.module=\"azure\" #repo!=\"xdr*\"\n      | #event.outcome=\"success\"\n      | event.action=\"MICROSOFT.AUTHORIZATION/ROLEELIGIBILITYSCHEDULEREQUESTS/WRITE\" },\n  include=[Vendor.correlationId], \n  name=\"successful_owner_role_made_eligible\")\n  | #Vendor=\"microsoft\" #event.dataset=\"azure.activity\" #event.module=\"azure\" #repo!=\"xdr*\"\n  // Check for generic role eligibility assignments\n  | event.action=\"MICROSOFT.AUTHORIZATION/ROLEELIGIBILITYSCHEDULEREQUESTS/WRITE\"\n  // Parse the request body from the initiating event\n  | parseJson(Vendor.properties.requestbody)\n  // Check for Owner role assignments based on pre-defined role definition ID\n  | Properties.RoleDefinitionId=/8e3af657-a8ff-443c-a75c-2fe8c4bcb635$/F\n  // Check if the role assignment initiation was actually completed or not via subsequent logs based on correlationId\n  | match(file=\"successful_owner_role_made_eligible\", field=[Vendor.correlationId])\n",
      "search_window_start": "-70m",
      "search_window_end": "-10m",
      "schedule": "1h",
      "author": "CrowdStrike",
      "sigma_author": "",
      "category": "",
      "license": "",
      "tactic": "TA0004",
      "technique": "T1098.003",
      "mitre_attack": [
       {
        "tactic_id": "TA0004",
        "technique_id": "T1098.003"
       }
      ],
      "vendor": "Microsoft",
      "vendors": [
       "Microsoft"
      ],
      "product": "",
      "tags": "",
      "active": true,
      "source_url": "",
      "license_details": {
       "name": "",
       "url": ""
      },
      "outcome": "detection",
      "created_timestamp": "2024-12-17T00:00:00Z",
      "modified_timestamp": "2025-02-21T00:00:00Z"
     },
     {
      "id": "baf3b7d8-3e43-401e-85ad-057f19d48690",
      "name": "Microsoft - Azure - Arc Connection Added via New Machine",
      "description": "A new connection was created in Azure Arc that allows remote access to an Azure tenant. These types of connections could be used as a backdoor for a threat actor to maintain access in your environment.\n",
      "origin": "CrowdStrike",
      "severity": 10,
      "recommended": true,
      "query": "#Vendor=\"microsoft\" #event.dataset=\"azure.activity\" #event.module=\"azure\" #repo!=\"xdr*\"\n| #event.outcome=\"success\"\n| event.action=\"MICROSOFT.HYBRIDCOMPUTE/MACHINES/WRITE\"\n",
      "search_window_start": "-70m",
      "search_window_end": "-10m",
      "schedule": "1h",
      "author": "CrowdStrike",
      "sigma_author": "",
      "category": "",
      "license": "",
      "tactic": "TA0001",
      "technique": "T1199",
      "mitre_attack": [
       {
        "tactic_id": "TA0001",
        "technique_id": "T1199"
       }
      ],
      "vendor": "Microsoft",
      "vendors": [
       "Microsoft"
      ],
      "product": "",
      "tags": "",
      "active": true,
      "source_url": "",
      "license_details": {
       "name": "",
       "url": ""
      },
      "outcome": "detection",
      "created_timestamp": "2024-11-19T00:00:00Z",
      "modified_timestamp": "2025-02-21T00:00:00Z"
     },
     {
      "id": "04cd820a-536c-4ae4-bcf5-e54a6b26cb32",
      "name": "Microsoft - Azure - Custom Script Extension Added to a Virtual Machine",
      "description": "This rule detects the creation or modification of a virtual machine extension in Microsoft Azure. Adversaries may utilize this technique to execute arbitrary commands on virtual machines.\n",
      "origin": "CrowdStrike",
      "severity": 50,
      "recommended": true,
      "query": "#Vendor=\"microsoft\" #event.dataset=\"azure.activity\" #event.module=\"azure\" #repo!=\"xdr*\"\n| #event.outcome=\"success\"\n| event.action=\"MICROSOFT.COMPUTE/VIRTUALMACHINES/EXTENSIONS/WRITE\" \n| Vendor.resourceId=/EXTENSIONS\\/CUSTOMSCRIPT/Fi\n",
      "search_window_start": "-70m",
      "search_window_end": "-10m",
      "schedule": "1h",
      "author": "CrowdStrike",
      "sigma_author": "",
      "category": "",
      "license": "",
      "tactic": "TA0002",
      "technique": "T1059",
      "mitre_attack": [
       {
        "tactic_id": "TA0002",
        "technique_id": "T1059"
       }
      ],
      "vendor": "Microsoft",
      "vendors": [
       "Microsoft"
      ],
      "product": "",
      "tags": "",
      "active": true,
      "source_url": "",
      "license_details": {
       "name": "",
       "url": ""
      },
      "outcome": "detection",
      "created_timestamp": "2024-12-03T00:00:00Z",
      "modified_timestamp": "2025-02-21T00:00:00Z"
     },
     {
      "id": "e74b33db-6774-4984-8030-aa9fb30de879",
      "name": "Microsoft - Azure - Event Hub Deleted",
      "description": "This rule detects the deletion of Event Hubs in Microsoft Azure. Event Hubs are responsible for forwarding logs to detection platforms like SIEMs. Adversaries may disable log forwarding through this technique to avoid detection when performing activities in a compromised environment\n",
      "origin": "CrowdStrike",
      "severity": 50,
      "recommended": true,
      "query": "#Vendor=\"microsoft\" #event.dataset=\"azure.activity\" #event.module=\"azure\" #repo!=\"xdr*\"\n| #event.outcome=\"success\"\n| event.action=\"MICROSOFT.EVENTHUB/NAMESPACES/EVENTHUBS/DELETE\"\n",
      "search_window_start": "-70m",
      "search_window_end": "-10m",
      "schedule": "1h",
      "author": "CrowdStrike",
      "sigma_author": "",
      "category": "",
      "license": "",
      "tactic": "TA0005",
      "technique": "T1562.008",
      "mitre_attack": [
       {
        "tactic_id": "TA0005",
        "technique_id": "T1562.008"
       }
      ],
      "vendor": "Microsoft",
      "vendors": [
       "Microsoft"
      ],
      "product": "",
      "tags": "",
      "active": true,
      "source_url": "",
      "license_details": {
       "name": "",
       "url": ""
      },
      "outcome": "detection",
      "created_timestamp": "2024-11-19T00:00:00Z",
      "modified_timestamp": "2025-02-21T00:00:00Z"
     },
     {
      "id": "28d2fd5e-fa86-4815-a887-9dad38d15547",
      "name": "Microsoft - Azure - Event Hub Namespace Deleted",
      "description": "This rule detects the deletion of Event Hub Namespaces in Microsoft Azure. Event Hub Namespaces can contain one or more Event Hubs, which are responsible for forwarding logs to detection platforms like SIEMs. Adversaries may disable log forwarding through this technique to avoid detection when performing activities in a compromised environment.\n",
      "origin": "CrowdStrike",
      "severity": 50,
      "recommended": true,
      "query": "#Vendor=\"microsoft\" #event.dataset=\"azure.activity\" #event.module=\"azure\" #repo!=\"xdr*\"\n| #event.outcome=\"success\"\n| event.action=\"MICROSOFT.EVENTHUB/NAMESPACES/DELETE\"\n",
      "search_window_start": "-70m",
      "search_window_end": "-10m",
      "schedule": "1h",
      "author": "CrowdStrike",
      "sigma_author": "",
      "category": "",
      "license": "",
      "tactic": "TA0005",
      "technique": "T1562.008",
      "mitre_attack": [
       {
        "tactic_id": "TA0005",
        "technique_id": "T1562.008"
       }
      ],
      "vendor": "Microsoft",
      "vendors": [
       "Microsoft"
      ],
      "product": "",
      "tags": "",
      "active": true,
      "source_url": "",
      "license_details": {
       "name": "",
       "url": ""
      },
      "outcome": "detection",
      "created_timestamp": "2024-11-21T00:00:00Z",
      "modified_timestamp": "2025-02-21T00:00:00Z"
     },
     {
      "id": "82ba25c6-864f-4490-813f-6c73abb4a287",
      "name": "Microsoft - Azure - Managed Disks SAS URI Generated by User",
      "description": "This rule detects the generation of Shared Access Signature (SAS) URI for a managed disk in Microsoft Azure by a user. The generated URI can be used to download or share the disk. Adversaries may utilize this technique to exfiltrate sensitive information.\n",
      "origin": "CrowdStrike",
      "severity": 30,
      "recommended": true,
      "query": "#Vendor=\"microsoft\" #event.dataset=\"azure.activity\" #event.module=\"azure\" #repo!=\"xdr*\"\n| #event.outcome=\"success\"\n| event.action=\"MICROSOFT.COMPUTE/DISKS/BEGINGETACCESS/ACTION\"\n| Vendor.identity.claims.idtyp=\"user\" \n",
      "search_window_start": "-70m",
      "search_window_end": "-10m",
      "schedule": "1h",
      "author": "CrowdStrike",
      "sigma_author": "",
      "category": "",
      "license": "",
      "tactic": "TA0009",
      "technique": "T1074",
      "mitre_attack": [
       {
        "tactic_id": "TA0009",
        "technique_id": "T1074"
       }
      ],
      "vendor": "Microsoft",
      "vendors": [
       "Microsoft"
      ],
      "product": "",
      "tags": "",
      "active": true,
      "source_url": "",
      "license_details": {
       "name": "",
       "url": ""
      },
      "outcome": "detection",
      "created_timestamp": "2024-12-03T00:00:00Z",
      "modified_timestamp": "2025-02-21T00:00:00Z"
     },
     {
      "id": "d10b0bed-cfb9-429a-858a-b8c220d038e7",
      "name": "Microsoft - Azure - Virtual Machine Deleted by User",
      "description": "This rule detects the deletion of a virtual machine by an user in Microsoft Azure. Adversaries may utilize this technique to achieve data destruction or denial-of-service.\n",
      "origin": "CrowdStrike",
      "severity": 10,
      "recommended": true,
      "query": "#Vendor=\"microsoft\" #event.dataset=\"azure.activity\" #event.module=\"azure\"\n| #event.outcome=\"success\"\n| event.action=\"MICROSOFT.COMPUTE/VIRTUALMACHINES/DELETE\"\n| Vendor.identity.claims.idtyp=\"user\"\n",
      "search_window_start": "-70m",
      "search_window_end": "-10m",
      "schedule": "1h",
      "author": "CrowdStrike",
      "sigma_author": "",
      "category": "",
      "license": "",
      "tactic": "TA0040",
      "technique": "T1485",
      "mitre_attack": [
       {
        "tactic_id": "TA0040",
        "technique_id": "T1485"
       }
      ],
      "vendor": "Microsoft",
      "vendors": [
       "Microsoft"
      ],
      "product": "",
      "tags": "",
      "active": true,
      "source_url": "",
      "license_details": {
       "name": "",
       "url": ""
      },
      "outcome": "detection",
      "created_timestamp": "2024-12-02T00:00:00Z",
      "modified_timestamp": "2025-02-21T00:00:00Z"
     },
     {
      "id": "ea7ff86f-054f-4c8a-89c9-b6fdb1ca1c37",
      "name": "Microsoft - Azure - Virtual Machine Run Command Executed by Service Principal",
      "description": "This rule detects the execution of commands by a service principal on a virtual machine through the Run Command feature. Adversaries may utilize this technique to execute arbitrary commands as the SYSTEM or root user.\n",
      "origin": "CrowdStrike",
      "severity": 10,
      "recommended": true,
      "query": "#Vendor=\"microsoft\" #event.module=\"azure\" #event.dataset=\"azure.activity\"\n| #event.outcome=\"success\"\n| event.action=\"MICROSOFT.COMPUTE/VIRTUALMACHINES/RUNCOMMAND/ACTION\"\n| Vendor.identity.claims.idtyp=\"app\"\n",
      "search_window_start": "-70m",
      "search_window_end": "-10m",
      "schedule": "1h",
      "author": "CrowdStrike",
      "sigma_author": "",
      "category": "",
      "license": "",
      "tactic": "TA0002",
      "technique": "T1059.009",
      "mitre_attack": [
       {
        "tactic_id": "TA0002",
        "technique_id": "T1059.009"
       }
      ],
      "vendor": "Microsoft",
      "vendors": [
       "Microsoft"
      ],
      "product": "",
      "tags": "",
      "active": true,
      "source_url": "",
      "license_details": {
       "name": "",
       "url": ""
      },
      "outcome": "detection",
      "created_timestamp": "2024-11-29T00:00:00Z",
      "modified_timestamp": "2025-02-21T00:00:00Z"
     },
     {
      "id": "717d6cb3-a534-40c7-8984-b9fd8c4f7878",
      "name": "Microsoft - Entra ID - Application/Service Principal Owner Added by User",
      "description": "Detects when a new owner is added to an application registration or service principal object, and action is performed by a user.\nService principals are special identities used to govern access to resources within a Microsoft Entra tenant for applications, services, and automated tools. Due to their programmatic nature, service principals do not support multi-factor authentication.\nAn adversary that established an initial foothold into cloud infrastructure may be attempting to get ownership of application registrations or service principals to leverage their granted permissions, modify configuration and alter behavior. By gaining control of such objects, an adversary might be able to establish persistence and widen access to progress towards their attack goals.\nApplication / service principals ownership is expected to be updated when created or as part of administrative activity. Apply exclusions as needed.  \n",
      "origin": "CrowdStrike",
      "severity": 50,
      "recommended": true,
      "query": "#repo=\"microsoft_graphapi\" OR #repo=\"3pi_microsoft_entra_id\" OR #repo=\"fcs_csp_events\"\n| #Vendor=\"microsoft\" #event.dataset=/entraid/ \n| #event.kind=\"event\" #event.outcome=\"success\" \n| array:contains(array=\"event.category[]\", value=\"configuration\")\n| array:contains(array=\"event.type[]\", value=\"info\")\n| event.action =~ in(values=[\"add-owner-to-application\",\"add-owner-to-service-principal\"])\n| Vendor.initiatedBy.user.id=* OR Vendor.properties.initiatedBy.user.id=*\n// Add exclusions for legitimate activity below\n",
      "search_window_start": "-70m",
      "search_window_end": "-10m",
      "schedule": "1h",
      "author": "CrowdStrike",
      "sigma_author": "",
      "category": "",
      "license": "",
      "tactic": "TA0004",
      "technique": "T1098",
      "mitre_attack": [
       {
        "tactic_id": "TA0004",
        "technique_id": "T1098"
       }
      ],
      "vendor": "Microsoft",
      "vendors": [
       "Microsoft"
      ],
      "product": "",
      "tags": "",
      "active": true,
      "source_url": "",
      "license_details": {
       "name": "",
       "url": ""
      },
      "outcome": "detection",
      "created_timestamp": "2024-06-17T00:00:00Z",
      "modified_timestamp": "2024-09-13T00:00:00Z"
     },
     {
      "id": "e9a37824-81f4-4506-b991-e4df9dbfdcbd",
      "name": "Microsoft - Entra ID - Cross-tenant Access Settings Organization Modified",
      "description": "Detection identifies when an Azure tenant administrator adds or removes a partner to the cross-tenant access settings, which could be indicative of a lateral movement or backdoor attempt. This analytic focuses specifically on the action of modifying Azure Cross-Tenant Synchronization configurations, which attackers might exploit to gain unauthorized access across multiple tenant environments.  \n",
      "origin": "CrowdStrike",
      "severity": 70,
      "recommended": true,
      "query": "#repo=\"microsoft_graphapi\" OR #repo=\"3pi_microsoft_entra_id\" OR #repo=\"fcs_csp_events\"\n| #Vendor=\"microsoft\"\n| array:contains(array=\"event.category[]\", value=\"configuration\")\n| event.action=\"add-a-partner-to-cross-tenant-access-setting\" OR event.action=\"delete-partner-specific-cross-tenant-access-setting\"\n",
      "search_window_start": "-70m",
      "search_window_end": "-10m",
      "schedule": "1h",
      "author": "CrowdStrike",
      "sigma_author": "",
      "category": "",
      "license": "",
      "tactic": "TA0004",
      "technique": "T1484.002",
      "mitre_attack": [
       {
        "tactic_id": "TA0004",
        "technique_id": "T1484.002"
       }
      ],
      "vendor": "Microsoft",
      "vendors": [
       "Microsoft"
      ],
      "product": "",
      "tags": "",
      "active": true,
      "source_url": "",
      "license_details": {
       "name": "",
       "url": ""
      },
      "outcome": "detection",
      "created_timestamp": "2024-09-20T00:00:00Z",
      "modified_timestamp": "0001-01-01T00:00:00Z"
     },
     {
      "id": "221a6cdf-86b5-44f8-bfe1-2d85157903ab",
      "name": "CrowdStrike - Identity - Suspicious LDAP Search with Microsoft Defender for Identity Alert",
      "description": "This rule detects potential reconnaissance activities by correlating suspicious LDAP search alerts from CrowdStrike Identity Protection with Microsoft Defender for Identity alerts for the same user. It identifies when both products have triggered a detection for the same user, which could indicate attempts to enumerate Active Directory objects, potentially as part of a broader attack strategy like running tools such as BloodHound.\n",
      "origin": "CrowdStrike",
      "severity": 70,
      "recommended": true,
      "query": "#event.kind = alert |\ncase {\n    #repo=\"xdr_indicatorsrepo\" #Vendor=\"crowdstrike\" #event.module=\"identity-protection\" Vendor.EventSourceName=/Suspicious LDAP search/i \n        | user_id := source.user.id\n        | threat_name := threat.indicator.name;\n\n    #Vendor=\"microsoft\" #event.module=\"windows-defender-365\"\n        | event.severity \u003e= 30\n        | user_id := user.id\n        | threat_name := Vendor.properties.Title;\n}\n| selfJoinFilter(\n    field=[user_id], \n    where=[\n        {#repo=\"xdr_indicatorsrepo\" #Vendor=\"crowdstrike\" #event.module=\"identity-protection\" Vendor.EventSourceName=/Suspicious LDAP search/i},\n        {#Vendor=\"microsoft\" #event.module=\"windows-defender-365\"}\n    ], prefilter=true\n)\n| groupBy(\n    user_id, \n    function=collect([\n        _idp_alert_match, \n        _defender_identity_match, \n        #Vendor, \n        #event.kind, \n        threat_name,\n        #event.module,\n        user_id, \n        user.name,\n        source.user.name,\n        source.ip\n    ])\n)\n",
      "search_window_start": "-70m",
      "search_window_end": "-10m",
      "schedule": "1h",
      "author": "CrowdStrike",
      "sigma_author": "",
      "category": "",
      "license": "",
      "tactic": "TA0007",
      "technique": "T1087",
      "mitre_attack": [
       {
        "tactic_id": "TA0007",
        "technique_id": "T1087"
       }
      ],
      "vendor": "CrowdStrike",
      "vendors": [
       "CrowdStrike",
       "Microsoft"
      ],
      "product": "",
      "tags": "",
      "active": true,
      "source_url": "",
      "license_details": {
       "name": "",
       "url": ""
      },
      "outcome": "detection",
      "created_timestamp": "2025-02-14T00:00:00Z",
      "modified_timestamp": "0001-01-01T00:00:00Z"
     },
     {
      "id": "20536f70-af10-4a57-a391-2e8e5743c8a3",
      "name": "Microsoft - Entra ID - Privileged Identity Management Modifications",
      "description": "This rule identifies when a Privileged Identity Management (PIM) policy has been modified for a highly privileged role. If an attacker has access to modify PIM settings, they may weaken an organization's security controls.\n",
      "origin": "CrowdStrike",
      "severity": 50,
      "recommended": true,
      "query": "#repo=\"microsoft_graphapi\" OR #repo=\"3pi_microsoft_entra_id\" OR #repo=\"fcs_csp_events\"\n| #Vendor=\"microsoft\" #event.dataset=/entraid/ \n| #event.outcome=\"success\"\n| event.action=\"update-role-setting-in-pim\"\n| event.reason=/Setting changes in this session: MFA on activation requirement disabled|MFA on active assignment requirement disabled\\./Fi\n| case {\n    // Data Connector built for Microsoft Graph API; Parser: azuread-ecs\n    #event.module=\"azure\"\n    | Vendor.targetResources[0].displayName =~ in(values=[\"Application Administrator\", \"Application Developer\", \"Authentication Administrator\", \"Authentication Extensibility Administrator\", \"B2C IEF Keyset Administrator\", \"Cloud Application Administrator\", \"Cloud Device Administrator\", \"Conditional Access Administrator\", \"Directory Synchronization Accounts\", \"Directory Writers\", \"Domain Name Administrator\", \"External Identity Provider Administrator\", \"Global Administrator\", \"Global Reader\", \"Helpdesk Administrator\", \"Hybrid Identity Administrator\", \"Intune Administrator\", \"Lifecycle Workflows Administrator\", \"Partner Tier1 Support\", \"Partner Tier2 Support\", \"Password Administrator\", \"Privileged Authentication Administrator\", \"Privileged Role Administrator\", \"Security Administrator\", \"Security Operator\", \"Security Reader\", \"User Administrator\"]);\n    // Data Connector built for Microsoft Entra ID; Parser: entraid-ecs\n    #event.module=\"entraid\"\n    | Vendor.properties.targetResources[0].displayName =~ in(values=[\"Application Administrator\", \"Application Developer\", \"Authentication Administrator\", \"Authentication Extensibility Administrator\", \"B2C IEF Keyset Administrator\", \"Cloud Application Administrator\", \"Cloud Device Administrator\", \"Conditional Access Administrator\", \"Directory Synchronization Accounts\", \"Directory Writers\", \"Domain Name Administrator\", \"External Identity Provider Administrator\", \"Global Administrator\", \"Global Reader\", \"Helpdesk Administrator\", \"Hybrid Identity Administrator\", \"Intune Administrator\", \"Lifecycle Workflows Administrator\", \"Partner Tier1 Support\", \"Partner Tier2 Support\", \"Password Administrator\", \"Privileged Authentication Administrator\", \"Privileged Role Administrator\", \"Security Administrator\", \"Security Operator\", \"Security Reader\", \"User Administrator\"]);\n}\n",
      "search_window_start": "-70m",
      "search_window_end": "-10m",
      "schedule": "1h",
      "author": "CrowdStrike",
      "sigma_author": "",
      "category": "",
      "license": "",
      "tactic": "TA0004",
      "technique": "T1484",
      "mitre_attack": [
       {
        "tactic_id": "TA0004",
        "technique_id": "T1484"
       }
      ],
      "vendor": "Microsoft",
      "vendors": [
       "Microsoft"
      ],
      "product": "",
      "tags": "",
      "active": true,
      "source_url": "",
      "license_details": {
       "name": "",
       "url": ""
      },
      "outcome": "detection",
      "created_timestamp": "2024-03-08T00:00:00Z",
      "modified_timestamp": "2024-04-02T00:00:00Z"
     },
     {
      "id": "e599d866-af1e-4572-b454-3b577be45753",
      "name": "Microsoft - M365 SharePoint - Site Deletion",
      "description": "This rule detects the deletion of a SharePoint site, excluding system-initiated deletions. Optional consideration is included for filtering out Teams-related site removals, which can be common in a large or active environment. SharePoint site deletion could be conducted as a form of data destruction; however, SharePoint group resources can be restored up to 30 days from deletion, and SharePoint site contents are retained for 93 days.\n",
      "origin": "CrowdStrike",
      "severity": 30,
      "recommended": true,
      "query": "#Vendor=\"microsoft\" #event.module=\"m365\"  #event.dataset=\"m365.SharePoint\"\n| #event.kind=\"event\" #event.outcome=\"success\"\n| event.provider=\"SharePointFileOperation\" event.action=\"SiteDeleted\"\n| Vendor.UserKey!=\"S-1-0-0\" user.name!=\"Microsoft Teams\" // Excluding System user accounts that are utilized for scheduled cleanup\n// Include the line below if you want to exclude Teams sites being deleted\n// | Vendor.SiteUrl!=/sharepoint\\.com\\/teams\\//\n",
      "search_window_start": "-80m",
      "search_window_end": "-20m",
      "schedule": "1h",
      "author": "CrowdStrike",
      "sigma_author": "",
      "category": "",
      "license": "",
      "tactic": "TA0040",
      "technique": "T1485",
      "mitre_attack": [
       {
        "tactic_id": "TA0040",
        "technique_id": "T1485"
       }
      ],
      "vendor": "Microsoft",
      "vendors": [
       "Microsoft"
      ],
      "product": "",
      "tags": "",
      "active": true,
      "source_url": "",
      "license_details": {
       "name": "",
       "url": ""
      },
      "outcome": "detection",
      "created_timestamp": "2025-03-26T00:00:00Z",
      "modified_timestamp": "0001-01-01T00:00:00Z"
     },
     {
      "id": "5ccc8dc1-d3b7-4db1-9f49-f746684c50fb",
      "name": "Microsoft - Defender for Office 365 - High Confidence Phishing Email Delivered",
      "description": "This rule detects when emails identified as phishing with high confidence by Defender for Office 365 are successfully delivered to user inboxes. This behavior may indicate a potential bypass of phishing filters or a misconfiguration in email security settings.\n",
      "origin": "CrowdStrike",
      "severity": 50,
      "recommended": true,
      "query": "#Vendor=\"microsoft\" #event.module=\"windows-defender-365\" #event.dataset=\"windows-defender-365.event\" #repo!=\"xdr*\"\n| #event.kind=\"event\"\n| Vendor.Workload=\"EmailEvents\"\n| Vendor.properties.ConfidenceLevel.Phish=\"High\"\n| Vendor.properties.EmailAction=\"No action taken\"\n| Vendor.properties.LatestDeliveryAction=\"Delivered\" OR Vendor.properties.DeliveryAction=\"Delivered\" \n| groupBy([email.message_id], function=[collect([#Vendor, #event.module, event.category[0],Vendor.properties.ConfidenceLevel.Spam, email.subject, email.sender.address, email.to.address[0]])], limit=max )\n",
      "search_window_start": "-70m",
      "search_window_end": "-10m",
      "schedule": "1h",
      "author": "CrowdStrike",
      "sigma_author": "",
      "category": "",
      "license": "",
      "tactic": "TA0001",
      "technique": "T1566",
      "mitre_attack": [
       {
        "tactic_id": "TA0001",
        "technique_id": "T1566"
       }
      ],
      "vendor": "Microsoft",
      "vendors": [
       "Microsoft"
      ],
      "product": "",
      "tags": "",
      "active": true,
      "source_url": "",
      "license_details": {
       "name": "",
       "url": ""
      },
      "outcome": "detection",
      "created_timestamp": "2025-02-28T00:00:00Z",
      "modified_timestamp": "0001-01-01T00:00:00Z"
     },
     {
      "id": "d59b6365-0f1a-497c-9081-bce4b06885fa",
      "name": "Microsoft - Defender for Office 365 - High Confidence Spam Email Delivered",
      "description": "This rule detects when emails identified as spam with high confidence by Defender for Office 365 are successfully delivered to user inboxes. This behavior may indicate a potential bypass of spam filters or a misconfiguration in email security settings.\n",
      "origin": "CrowdStrike",
      "severity": 70,
      "recommended": true,
      "query": "#Vendor=\"microsoft\" #event.module=\"windows-defender-365\" #event.dataset=\"windows-defender-365.event\" #repo!=\"xdr*\"\n| #event.kind=\"event\"\n| Vendor.Workload=\"EmailEvents\"\n| Vendor.properties.ConfidenceLevel.Spam=\"High\"\n| Vendor.properties.EmailAction=\"No action taken\"\n| Vendor.properties.LatestDeliveryAction=\"Delivered\" OR Vendor.properties.DeliveryAction=\"Delivered\" \n| groupBy([email.message_id], function=[collect([#Vendor, #event.module, event.category[0],Vendor.properties.ConfidenceLevel.Spam, email.subject, email.sender.address, email.to.address[0]])], limit=max )\n",
      "search_window_start": "-70m",
      "search_window_end": "-10m",
      "schedule": "1h",
      "author": "CrowdStrike",
      "sigma_author": "",
      "category": "",
      "license": "",
      "tactic": "TA0001",
      "technique": "T1566",
      "mitre_attack": [
       {
        "tactic_id": "TA0001",
        "technique_id": "T1566"
       }
      ],
      "vendor": "Microsoft",
      "vendors": [
       "Microsoft"
      ],
      "product": "",
      "tags": "",
      "active": true,
      "source_url": "",
      "license_details": {
       "name": "",
       "url": ""
      },
      "outcome": "detection",
      "created_timestamp": "2025-02-27T00:00:00Z",
      "modified_timestamp": "0001-01-01T00:00:00Z"
     },
     {
      "id": "3129de86-8880-47a1-8340-4705eaa3e599",
      "name": "Microsoft - Defender for Office 365 - Potential Email Spam Flooding (Static Threshold)",
      "description": "This rule identifies a potential flood of inbound email spam messages where the volume of delivered messages for a recipient is higher than a set of statically configured thresholds: count of inbound messages (default: \u003e150), count of distinct senders (default: \u003e50), and message to sender ratio (default: \u003c3; low values indicates a high distribution of senders). It leverages the Microsoft Defender XDR EmailEvents table, storing events involving the processing of emails on Microsoft Defender for Office 365.\nThe aim of this rule is to detect adversaries known to use multi-step social engineering techniques, where victims are flooded with a high volume of unwanted emails before receiving vishing phone calls impersonating IT support, and using the email flood as a lure in order to get access to victims' systems.\nThis rule may generate false positives since email volume might vary depending on many conditions, and customers are expected to tune the rule by applying exclusions for trusted senders and sender domains, and by adjusting the static thresholds.\n",
      "origin": "CrowdStrike",
      "severity": 50,
      "recommended": true,
      "query": "#Vendor=\"microsoft\" #event.module=\"windows-defender-365\" #event.dataset=\"windows-defender-365.event\" #event.kind=\"event\" #repo!=\"xdr*\"\n| Vendor.Workload=\"EmailEvents\" email.direction=\"Inbound\" Vendor.properties.DeliveryAction=\"Delivered\"\n| email.to.address := coalesce([email.to.address[0], email.to.address])\n| email.to.address=/@(?\u003c_recipientDomain\u003e.+)$/\n| _recipientDomain!=Vendor.properties.SenderFromDomain\n// Apply exclusions for trusted sources here \n// E.g. email.sender.address!=\"sender@sender_domain.com\" OR Vendor.properties.SenderFromDomain!=\"sender_domain.com\" \n| groupby(\n    field=email.to.address,\n    function=[\n        count(field=email.message_id, distinct=\"true\", as=_count_of_unique_messages),\n        count(field=email.sender.address, distinct=\"true\", as=_count_of_distinct_senders),\n        collect([#Vendor, #event.module, event.category[0]])\n    ],\n    limit=max\n)\n| _count_of_unique_messages \u003e 150 // Minimum count of the inbound messages, adjust as needed\n| _count_of_distinct_senders \u003e 50 // Minimum count of distinct senders, adjust as needed\n| _message_to_sender_ratio := _count_of_unique_messages / _count_of_distinct_senders\n| _message_to_sender_ratio \u003c 3 // Message to sender ratio - lower values indicates a high distribution of senders, adjust as needed\n",
      "search_window_start": "-40m",
      "search_window_end": "-10m",
      "schedule": "30m",
      "author": "CrowdStrike",
      "sigma_author": "",
      "category": "",
      "license": "",
      "tactic": "TA0001",
      "technique": "T1566",
      "mitre_attack": [
       {
        "tactic_id": "TA0001",
        "technique_id": "T1566"
       }
      ],
      "vendor": "Microsoft",
      "vendors": [
       "Microsoft"
      ],
      "product": "",
      "tags": "",
      "active": true,
      "source_url": "",
      "license_details": {
       "name": "",
       "url": ""
      },
      "outcome": "detection",
      "created_timestamp": "2025-03-11T00:00:00Z",
      "modified_timestamp": "0001-01-01T00:00:00Z"
     },
     {
      "id": "14ce401d-d50c-415e-ae1d-3e7b75a918be",
      "name": "Microsoft - Defender for Office 365 - Potential Email Spam Flooding (Statistical Baseline)",
      "description": "This rule identifies a potential flood of inbound email messages where the volume of delivered emails for a recipient is significantly higher compared with the past 14 days baseline. It leverages the Microsoft Defender XDR EmailEvents table, storing events involving the processing of emails on Microsoft Defender for Office 365.\nDetection logic has 3 steps: (1) a list of top 500 recipients by count of inbound emails is generated at first step; (2) for recipients in the list, the average and standard deviation of inbound emails volume is calculated based on 14-day historical data; (3) a threshold for email volume of \"average + (5 × standard deviation)\" is applied.\nThe aim of this rule is to detect adversaries known to use multi-step social engineering techniques, where victims are flooded with a high volume of unwanted emails before receiving vishing phone calls impersonating IT support, and using the email flood as a lure in order to get access to victims' systems.\nDefault search window is 2 hours, and this was determined based on observed duration of the flood activity before the vishing attempts. Customers that are willing to change the search window are also required to update the span parameter in bucket() function and the end of search time interval for subquery in Live Table 2, as indicated in the comments. The rule search window should match the value set for the span parameter and the end of the subquery time interval.\nThis rule may generate false positives since email volume might vary depending on many conditions, and customers are expected to tune the rule based on the guidance provided in search query comments. There are minimum thresholds for inbound email count (default: \u003e150) and distinct senders count (default: \u003e5), that can be adjusted as needed. The threshold of \"average + (5 × standard deviation)\" can be modified, and exclusions can be added for trusted senders or sender domains.\n",
      "origin": "CrowdStrike",
      "severity": 50,
      "recommended": true,
      "query": "// Ad-hoc table 1: Top 500 recipients by count of inbound emails\n// Search time window: same as configured for rule schedule (default 2h)\n| defineTable(\n    query={\n        #Vendor=\"microsoft\" #event.module=\"windows-defender-365\" #event.dataset=\"windows-defender-365.event\" #event.kind=\"event\" #repo!=\"xdr*\"\n        | Vendor.Workload=\"EmailEvents\" email.direction=\"Inbound\" Vendor.properties.DeliveryAction=\"Delivered\"\n        // Apply exclusions for trusted sources here \n        // IMPORTANT: Exclusion filters must be identical in both tables \u0026 main query \n        // E.g. email.sender.address!=\"sender@sender_domain.com\" OR Vendor.properties.SenderFromDomain!=\"sender_domain.com\" \n        | email.to.address := coalesce([email.to.address[0], email.to.address])\n        | email.to.address=/@(?\u003c_recipientDomain\u003e.+)$/\n        | test(_recipientDomain != Vendor.properties.SenderFromDomain)\n        | groupBy(\n            field=[email.to.address, _recipientDomain],\n            function=[\n                count(field=email.message_id, distinct=\"true\", as=_count_of_unique_messages),\n                count(email.sender.address, distinct=\"true\", as=_count_of_distinct_senders)\n            ],\n            limit=max\n        )\n        | _count_of_unique_messages \u003e 150 // Minimum count of the inbound emails, adjust as needed\n        | _count_of_distinct_senders \u003e 5 // Minimum count of distinct senders, adjust as needed\n        | sort(field=_count_of_unique_messages, order=\"desc\", limit=500)\n    },\n    include=[email.to.address, _recipientDomain],\n    name=\"microsoft_defender_potential_email_spam_flooding_statistical_baseline_adhoc_table_1\"\n)\n// Ad-hoc table 2: 14-day baseline statistics for top recipients\n| defineTable(\n    query={ \n        #Vendor=\"microsoft\" #event.module=\"windows-defender-365\" #event.dataset=\"windows-defender-365.event\" #event.kind=\"event\" #repo!=\"xdr*\"\n        | Vendor.Workload=\"EmailEvents\" email.direction=\"Inbound\" Vendor.properties.DeliveryAction=\"Delivered\"\n        // Apply exclusions for trusted sources here \n        // IMPORTANT: Exclusion filters must be identical in both tables \u0026 main query \n        // E.g. email.sender.address!=\"sender@sender_domain.com\" OR Vendor.properties.SenderFromDomain!=\"sender_domain.com\" \n        | email.to.address := coalesce([email.to.address[0], email.to.address])\n        | match(\n            file=\"microsoft_defender_potential_email_spam_flooding_statistical_baseline_adhoc_table_1\",\n            field=[email.to.address],\n            include=[_recipientDomain],\n            strict=\"true\"\n        )\n        | test(_recipientDomain != Vendor.properties.SenderFromDomain)\n        | bucket(\n            span=2h, // IMPORTANT: Span parameter should match the search time window specified in the rule schedule. Update this parameter if rule is not configured using default schedule\n            field=[email.to.address, _recipientDomain],\n            function=count(field=email.message_id, distinct=\"true\", as=_count_of_unique_messages),\n            limit=500\n        )\n        | groupBy(\n            field=[email.to.address, _recipientDomain],\n            function=[\n                _average_count_past_14days := avg(_count_of_unique_messages),\n                _std_deviation_past_14days := stdDev(_count_of_unique_messages)\n            ],\n            limit=max\n        )\n    },\n    start=14d,\n    end=2h, // IMPORTANT: End parameter should match the search time window specified in the rule schedule. Update this parameter if rule is not configured using default schedule\n    include=[email.to.address, _recipientDomain, _average_count_past_14days, _std_deviation_past_14days],\n    name=\"microsoft_defender_potential_email_spam_flooding_statistical_baseline_adhoc_table_2\"\n)\n// Main query\n| #Vendor=\"microsoft\" #event.module=\"windows-defender-365\" #event.dataset=\"windows-defender-365.event\" #event.kind=\"event\" #repo!=\"xdr*\"\n| Vendor.Workload=\"EmailEvents\" email.direction=\"Inbound\" Vendor.properties.DeliveryAction=\"Delivered\"\n// Apply exclusions for trusted sources here \n// IMPORTANT: Exclusion filters must be identical in both tables \u0026 main query \n// E.g. email.sender.address!=\"sender@sender_domain.com\" OR Vendor.properties.SenderFromDomain!=\"sender_domain.com\" \n| email.to.address := coalesce([email.to.address[0], email.to.address])\n| match(\n    file=\"microsoft_defender_potential_email_spam_flooding_statistical_baseline_adhoc_table_2\",\n    field=[email.to.address],\n    include=[_recipientDomain, _average_count_past_14days, _std_deviation_past_14days],\n    strict=\"true\"\n)\n| test(_recipientDomain != Vendor.properties.SenderFromDomain)\n| groupBy(\n    field=email.to.address,\n    function=[\n        count(field=email.message_id, distinct=\"true\", as=_count_of_unique_messages),\n        count(field=email.sender.address, distinct=\"true\", as=_count_of_distinct_senders),\n        collect([#Vendor, #event.module, event.category[0], _average_count_past_14days, _std_deviation_past_14days])\n    ],\n    limit=max\n)\n// The multiplier of standard deviations used in the threshold calculation can be adjusted here\n// Lower thresholds like \"average + (4 * standard deviation)\" will catch more events but may increase false positives, while higher thresholds like \"average + (6 * standard deviation)\" will have fewer false positives but might miss some flooding events\n| _threshold := _average_count_past_14days + 5 * _std_deviation_past_14days\n| test(_count_of_unique_messages \u003e _threshold)\n",
      "search_window_start": "-120m",
      "search_window_end": "0m",
      "schedule": "2h",
      "author": "CrowdStrike",
      "sigma_author": "",
      "category": "",
      "license": "",
      "tactic": "TA0001",
      "technique": "T1566",
      "mitre_attack": [
       {
        "tactic_id": "TA0001",
        "technique_id": "T1566"
       }
      ],
      "vendor": "Microsoft",
      "vendors": [
       "Microsoft"
      ],
      "product": "",
      "tags": "",
      "active": true,
      "source_url": "",
      "license_details": {
       "name": "",
       "url": ""
      },
      "outcome": "detection",
      "created_timestamp": "2025-03-11T00:00:00Z",
      "modified_timestamp": "0001-01-01T00:00:00Z"
     },
     {
      "id": "72565591-7fde-428e-942a-99e981458a84",
      "name": "Microsoft - Defender for Office 365 - Suspicious URL Clicked",
      "description": "This rule detects instances where a user clicks on a URL that has been marked as suspicious by Microsoft Defender. It covers all three possible workloads: Teams, Office, and Email. The detection focuses on the UrlClickEvents table to look for threatening URL's where a click was allowed.\n",
      "origin": "CrowdStrike",
      "severity": 70,
      "recommended": true,
      "query": "#Vendor=\"microsoft\" #event.module=\"windows-defender-365\" #event.dataset=\"windows-defender-365.event\" #repo!=\"xdr*\"\n| Vendor.Workload=\"UrlClickEvents\"\n| Vendor.properties.ActionType=\"ClickAllowed\"\n// Check if the URL has been identified as threatening\n| Vendor.properties.ThreatTypes=*\n",
      "search_window_start": "-70m",
      "search_window_end": "-10m",
      "schedule": "1h",
      "author": "CrowdStrike",
      "sigma_author": "",
      "category": "",
      "license": "",
      "tactic": "TA0001",
      "technique": "T1566",
      "mitre_attack": [
       {
        "tactic_id": "TA0001",
        "technique_id": "T1566"
       }
      ],
      "vendor": "Microsoft",
      "vendors": [
       "Microsoft"
      ],
      "product": "",
      "tags": "",
      "active": true,
      "source_url": "",
      "license_details": {
       "name": "",
       "url": ""
      },
      "outcome": "detection",
      "created_timestamp": "2025-03-03T00:00:00Z",
      "modified_timestamp": "0001-01-01T00:00:00Z"
     },
     {
      "id": "ba1873bd-6f3f-4bfa-97ba-d04989668de4",
      "name": "Microsoft - Entra ID - Potential Adversary-in-the-Middle Login Sequence",
      "description": "This rule detects potential Adversary-in-the-Middle (AiTM) phishing attacks targeting Microsoft Entra ID by monitoring sign-in patterns and error codes that could indicate credential theft attempts. The rule analyzes login attempts into specific Office applications where users experience a sequence of authentication challenges or failures followed by a successful login, which is a common pattern in AiTM attacks where adversaries proxy authentication requests through malicious infrastructure. The risk associated with these attacks include credential theft, session token hijacking, and potential unauthorized access to Microsoft 365 resources even when MFA is enabled.\n",
      "origin": "CrowdStrike",
      "severity": 50,
      "recommended": true,
      "query": "#Vendor=\"microsoft\" #event.dataset=\"*entraid.signin\" repo!=\"xdr_*\"\n| Vendor.appDisplayName=\"OfficeHome\" OR Vendor.properties.appDisplayName=\"OfficeHome\" OR Vendor.properties.appDisplayName=\"Office 365 Exchange Online\" OR Vendor.appDisplayName=\"Office 365 Exchange Online\"\n| user.email=/\\@/i OR user.full_name=/\\@/i\n/*\nError Codes Explained:\n0 - Successful login\n50140 - This occurred due to 'Keep me signed in' interrupt when the user was signing in\n50074 - Strong Authentication is required\n53003 - Access has been blocked by Conditional Access policies\n50097 - Device authentication is required.\n50126 - Error validating credentials due to invalid username or password.\n50203 - User has not registered the authenticator app and must register or snooze this notification.\n500121 - Authentication failed during strong authentication request.\n*/\n| error.code=0 OR error.code=50140 OR error.code=50074 OR error.code=53003 OR error.code=50097 OR error.code=50126 OR error.code=50203 OR error.code=500121\n| coalesce([Vendor.properties.correlationId, Vendor.correlationId], as=_correlationId) \n| coalesce([Vendor.properties.riskLevelDuringSignIn, Vendor.riskLevelDuringSignIn], as=_riskLevelDuringSignIn)\n| coalesce([Vendor.properties.riskDetail, Vendor.riskDetail], as=_riskState)\n| coalesce([user_agent.original, Vendor.deviceDetail.browser], as=_deviceDetails)\n| coalesce([Vendor.properties.sessionId, Vendor.sessionId], as=_sessionId)\n| coalesce([Vendor.properties.appDisplayName, Vendor.appDisplayName], as=_appDisplayName)\n| coalesce([user.email, user.full_name], as=_userPrincipalName)\n| array:rename(array=\"Vendor.properties.riskEventTypes_v2[]\", asArray=\"_riskEventTypes_v2[]\")\n| array:rename(array=\"Vendor.riskEventTypes_v2[]\", asArray=\"_riskEventTypes_v2[]\")\n| asn(source.ip)\n// Prefer to use session ID if available, otherwise default to use the correlation ID \n| coalesce([_sessionId, _correlationId], as=_signin_session)\n| groupBy([_signin_session, _userPrincipalName], function=[\n    collect([ #Vendor, event.category[0], error.code, _deviceDetails, source.ip, source.ip.org, _appDisplayName, _riskLevelDuringSignIn, _riskEventTypes_v2[0], _riskState, _sessionId, _correlationId ]  ) \n    ], limit=max\n)\n| error.code=/^0$/m error.code=/50140/m (error.code=/53003/m OR error.code=/50074/m OR error.code=/50097/m OR error.code=/50126/m OR error.code=/50203/m OR error.code=/500121/m)\n/* The following fields can be used to tune this logic for Microsoft Entra ID P2 licensed tenants \n// Ensure the risk associated with a logon session is only marked as medium or high \n| _riskLevelDuringSignIn!=/(?:low\\nnone|none\\nlow)/im _riskLevelDuringSignIn!=\"none\" _riskLevelDuringSignIn!=\"low\"\n// Ensure there's at least one risk event type\n| _riskEventTypes_v2[0]=*\n// Check if the session was not already marked as remediated\n| _riskState!=/remediated/mi\n*/\n",
      "search_window_start": "-70m",
      "search_window_end": "-10m",
      "schedule": "1h",
      "author": "CrowdStrike",
      "sigma_author": "",
      "category": "",
      "license": "",
      "tactic": "TA0001",
      "technique": "T1078.004",
      "mitre_attack": [
       {
        "tactic_id": "TA0001",
        "technique_id": "T1078.004"
       }
      ],
      "vendor": "Microsoft",
      "vendors": [
       "Microsoft"
      ],
      "product": "",
      "tags": "",
      "active": true,
      "source_url": "",
      "license_details": {
       "name": "",
       "url": ""
      },
      "outcome": "detection",
      "created_timestamp": "2025-01-23T00:00:00Z",
      "modified_timestamp": "2025-04-03T00:00:00Z"
     },
     {
      "id": "66c1d737-ff57-47c7-902c-260f2beb6437",
      "name": "Microsoft - Entra ID - Potential Brute Force Attack through Azure Powershell",
      "description": "This rule identifies a potential brute force attack through Azure PowerShell by monitoring for multiple failed authentication attempts using the Microsoft Azure PowerShell application. Adversaries may attempt to brute force credentials to gain access to Azure resources.\n",
      "origin": "CrowdStrike",
      "severity": 70,
      "recommended": true,
      "query": "#Vendor=\"microsoft\" #event.dataset=/entraid\\.signin/ \n| #event.kind=\"event\"\n| _appDisplayName := coalesce([Vendor.properties.appDisplayName, Vendor.appDisplayName])\n| _appDisplayName=\"Microsoft Azure PowerShell\"\n| _appId := coalesce([Vendor.properties.appId, Vendor.appId])\n| _appId=\"1950a258-227b-4e31-a9cf-717495945fc2\"\n| case {\n    #event.outcome=\"failure\" | error.code =~ in(values=[\"50053\", \"50055\", \"50057\", \"50126\"]);\n    #event.outcome=\"success\";\n}\n| _userPrincipalName := coalesce([user.email, user.full_name])\n| _eventId := coalesce([Vendor.id, Vendor.properties.id])\n| _statusAdditionalDetails := coalesce([Vendor.properties.status.additionalDetails, Vendor.status.additionalDetails])\n| asn(source.ip)\n| groupBy(\n    field=_userPrincipalName, \n    function=[\n        { #event.outcome=\"failure\" | _failureCount := count(_eventId, distinct=\"true\") },\n        { #event.outcome=\"success\" | _successCount := count(_eventId, distinct=\"true\") },\n        collect([user.id, error.code, error.message, source.ip, source.ip.asn, source.ip.org, _statusAdditionalDetails, #Vendor, #event.module, event.category[0]])\n    ],\n    limit=max\n)\n| _failureCount\u003e3\n",
      "search_window_start": "-70m",
      "search_window_end": "-10m",
      "schedule": "1h",
      "author": "CrowdStrike",
      "sigma_author": "",
      "category": "",
      "license": "",
      "tactic": "TA0006",
      "technique": "T1110",
      "mitre_attack": [
       {
        "tactic_id": "TA0006",
        "technique_id": "T1110"
       }
      ],
      "vendor": "Microsoft",
      "vendors": [
       "Microsoft"
      ],
      "product": "",
      "tags": "",
      "active": true,
      "source_url": "",
      "license_details": {
       "name": "",
       "url": ""
      },
      "outcome": "detection",
      "created_timestamp": "2025-03-03T00:00:00Z",
      "modified_timestamp": "0001-01-01T00:00:00Z"
     },
     {
      "id": "f9ac2677-1853-4025-b582-99c376c48b91",
      "name": "Microsoft - M365 OneDrive \u0026 SharePoint - Excessive Data Download Activity",
      "description": "This detection identifies instances where a user has downloaded or fully synced a large volume of data (over 100 GB) from SharePoint or OneDrive within a short time frame, which may indicate potential data exfiltration attempts. The rule monitors file download operations and calculates the total data volume transferred per user and source IP address. Please exclude known trusted users and IP addresses in order to reduce false positives.\n",
      "origin": "CrowdStrike",
      "severity": 30,
      "recommended": true,
      "query": "#Vendor=\"microsoft\" #event.module=\"m365\" (#event.dataset=\"m365.SharePoint\" OR #event.dataset=\"m365.OneDrive\")\n| event.provider=\"SharePointFileOperation\"\n| event.action=\"FileDownloaded\" OR event.action=\"FileSyncDownloadedFull\" \n| user.email!=\"app@sharepoint\"\n| coalesce([Vendor.FileSizeBytes, Vendor.FileSyncBytesCommitted], as=\"_fileSizeBytes\")\n// Please uncomment below lines and add trusted user.email, source IP and user agents to fine tune the query\n// | user.email =~ !in(values=[\"test@test.com\"])\n// | source.ip =~ !cidr(subnet=[\"1.2.3.4/8\", \"2.3.4.5\"])\n// | user_agent.original!=/SkyDriveSync|MSWACONSync/\n| groupBy([#Vendor, #event.module, user.email, source.ip], \n                        function=[sum(_fileSizeBytes, as=_totalBytes),\n                                  count(Vendor.ObjectId, distinct=true, as=\"_fileCount\"),\n                                  collect([#event.dataset, event.action, organization.id, Vendor.GeoLocation, user_agent.original])])\n| _totalGigaBytes := _totalBytes/1000000000\n| _totalGigaBytes\u003e100\n",
      "search_window_start": "-70m",
      "search_window_end": "-10m",
      "schedule": "1h",
      "author": "CrowdStrike",
      "sigma_author": "",
      "category": "",
      "license": "",
      "tactic": "TA0009",
      "technique": "T1530",
      "mitre_attack": [
       {
        "tactic_id": "TA0009",
        "technique_id": "T1530"
       }
      ],
      "vendor": "Microsoft",
      "vendors": [
       "Microsoft"
      ],
      "product": "",
      "tags": "",
      "active": true,
      "source_url": "",
      "license_details": {
       "name": "",
       "url": ""
      },
      "outcome": "detection",
      "created_timestamp": "2025-04-03T00:00:00Z",
      "modified_timestamp": "0001-01-01T00:00:00Z"
     }
    ]
   }