{
    "meta": {
     "query_time": 0.055987785,
     "powered_by": "svc-cscrrulestemplates",
     "trace_id": "c5e3040abaf71cfaf0e860774c552834"
    },
    "errors": [],
    "resources": [
     {
      "id": "50dbe25e-256f-4c3c-8039-6957e51ad73a",
      "name": "Microsoft - Entra ID - Customer Identity Access Management Access Policy Modification",
      "description": "This rule identifies when a customer identity and access management (CIAM) access policy is modified. Access policies should be reviewed and go through proper change management processes to ensure no degradation of access occurs.\n",
      "origin": "CrowdStrike",
      "severity": 50,
      "recommended": true,
      "query": "#repo=\"microsoft_graphapi\" OR #repo=\"3pi_microsoft_entra_id\" OR #repo=\"fcs_csp_events\"\n| #event.module=/azure|entraid/ #event.dataset=/entraid\\.audit/\n| array:contains(\"event.category[]\", value=\"configuration\")\n| event.action=/^(?:create|delete)\\-custom\\-policy$/i\n",
      "search_window_start": "-70m",
      "search_window_end": "-10m",
      "schedule": "1h",
      "author": "CrowdStrike",
      "sigma_author": "",
      "category": "",
      "license": "",
      "tactic": "TA0005",
      "technique": "T1484",
      "mitre_attack": [
       {
        "tactic_id": "TA0005",
        "technique_id": "T1484"
       }
      ],
      "vendor": "Microsoft",
      "vendors": [
       "Microsoft"
      ],
      "product": "",
      "tags": "",
      "active": true,
      "source_url": "",
      "license_details": {
       "name": "",
       "url": ""
      },
      "outcome": "detection",
      "created_timestamp": "2024-03-08T00:00:00Z",
      "modified_timestamp": "2024-10-09T00:00:00Z"
     },
     {
      "id": "2e4c37be-d30b-4c10-b05c-62e5241b24c2",
      "name": "Microsoft - Entra ID - New MFA Device Operating System Observed",
      "description": "This rule detects when a new mobile operating system is observed for a user that differs from their normal usage pattern. During post-compromise activities, an adversary may register an additional MFA factor to gain long-term persistence. For example, this rule will fire when a user typically only uses either iOS or Android devices for their MFA requests, but suddenly a mix of both Android and iOS devices are observed for their account.\n",
      "origin": "CrowdStrike",
      "severity": 70,
      "recommended": true,
      "query": "#repo=\"microsoft_graphapi\" OR #repo=\"3pi_microsoft_entra_id\" OR #repo=\"fcs_csp_events\"\n| #Vendor=\"microsoft\" #event.module=/entraid|azure/i\n| #event.kind=\"event\" #event.outcome=\"success\" \n| event.action=\"update-user\"\n| case {\n    #event.module=\"azure\" // Data Connector built for Microsoft Graph API; Parser: azuread-ecs\n    | Vendor.targetResources[0].modifiedProperties[0].displayName=\"StrongAuthenticationPhoneAppDetail\"\n    | parseJson(Vendor.targetResources[0].modifiedProperties[0].oldValue, prefix=oldParsed)\n    | parseJson(Vendor.targetResources[0].modifiedProperties[0].newValue, prefix=newParsed);\n    #event.module=\"entraid\"  //Data Connector built for Microsoft Entra ID; Parser: entraid-ecs;\n    | Vendor.properties.targetResources[0].modifiedProperties[0].displayName=\"StrongAuthenticationPhoneAppDetail\"\n    | parseJson(Vendor.properties.targetResources[0].modifiedProperties[0].oldValue, prefix=oldParsed)\n    | parseJson(Vendor.properties.targetResources[0].modifiedProperties[0].newValue, prefix=newParsed);\n}\n// If no device tags recorded in either the old or new MFA device values then don't proceed\n| oldParsed[0].DeviceTag=* newParsed[0].DeviceTag=*\n// Checking old devices individually\n// If either Android or iOS observed then store that in a new array\n| objectArray:eval(array=\"oldParsed[]\", asArray=\"oldResults[]\", var=\"o\", function = \n  { \n    case {\n        o.DeviceTag=/android/i\n        | oldResults := \"Android Device Found\";\n        o.DeviceTag=/ios/i\n        | oldResults := \"IOS MFA Device Found\";\n        }\n    }\n)\n// Checking new devices individually\n// If either Android or iOS observed then store that in a new array\n| objectArray:eval(array=\"newParsed[]\", asArray=\"newResults[]\", var=\"n\", function = \n  { \n    case {\n        n.DeviceTag=/android/i\n        | newResults := \"Android Device Found\";\n        n.DeviceTag=/ios/i\n        | newResults := \"IOS MFA Device Found\";\n        }\n    }\n)\n// Print results in a single field for easy searching\n| writeJson(\"newResults[*]\", as=newJson)\n| writejson(\"oldResults[*]\", as=oldJson)\n| case \n  {\n    // Check the Old devices, if only Android devices observed but now we observed iOS device\n    oldJson=/Android/i oldJson!=/ios/i newJson=/ios/i newJson=/android/i\n    | condition := \"User previously had only Android MFA device(s), but now has both Android and iOS MFA devices\";\n    // Check New devices only show Android devices, but now we observed iOS device\n    oldJson=/ios/i oldJson!=/android/i newJson=/ios/i newJson=/android/i\n    | condition := \"User previously had only iOS MFA device(s), but now has both iOS and Android MFA devices\";\n    * | condition := \"No mobile MFA OS changes observed\"\n  }\n// Fire detection if we observe a new MFA OS change\n| condition!=\"No mobile MFA OS changes observed\"\n",
      "search_window_start": "-70m",
      "search_window_end": "-10m",
      "schedule": "1h",
      "author": "CrowdStrike",
      "sigma_author": "",
      "category": "",
      "license": "",
      "tactic": "TA0003",
      "technique": "T1556.006",
      "mitre_attack": [
       {
        "tactic_id": "TA0003",
        "technique_id": "T1556.006"
       }
      ],
      "vendor": "Microsoft",
      "vendors": [
       "Microsoft"
      ],
      "product": "",
      "tags": "",
      "active": true,
      "source_url": "",
      "license_details": {
       "name": "",
       "url": ""
      },
      "outcome": "detection",
      "created_timestamp": "2024-10-24T00:00:00Z",
      "modified_timestamp": "0001-01-01T00:00:00Z"
     },
     {
      "id": "43792a9d-5b19-4b02-99a9-ea64fc21df55",
      "name": "Microsoft - Entra ID - MS Graph Application Permission Assigned to Service Principal by SP",
      "description": "Detects when a new Microsoft Graph application permission (also known as app role) is assigned to a service principal identity, and action is performed by another service principal.\nService principals are special identities used to govern access to resources within a Microsoft Entra tenant for applications, services, and automated tools. Due to their programmatic nature, service principals do not support multi-factor authentication. When a given application permission is assigned, the service principal is granted with full and unconstrained access to all resources and operations governed by that permission. For example, a service principal granted with “Mail.Read” permission will be able to read emails in all mailboxes without a signed-in user.\nAn adversary that established an initial foothold into cloud infrastructure may be attempting to assign new permissions to applications and service principals under their control, or take advantage of sensitive permissions that were previously granted to registered applications to widen access and progress towards their attack goals.\nThere are limited use cases where specific enterprise applications are known to assign Microsoft Graph permissions to other identities. While exclusions can be applied, it is important to maintain visibility to such assignments and ensure that the least privilege principle is applied when granting permissions to service principals. \n",
      "origin": "CrowdStrike",
      "severity": 70,
      "recommended": true,
      "query": "#repo=\"microsoft_graphapi\" OR #repo=\"3pi_microsoft_entra_id\" OR #repo=\"fcs_csp_events\"\n| #Vendor=\"microsoft\" #event.dataset=/entraid/ \n| #event.kind=\"event\" #event.outcome=\"success\" \n| array:contains(array=\"event.category[]\", value=\"configuration\")\n| array:contains(array=\"event.type[]\", value=\"info\")\n| event.action=\"add-app-role-assignment-to-service-principal\"\n| case {\n    #event.module=\"azure\"\n        | NOT Vendor.initiatedBy.user.id=*\n        | Vendor.additionalDetails[1].value=\"00000003-0000-0000-c000-000000000000\"; //Microsoft Graph App\n    #event.module=\"entraid\"\n        | NOT Vendor.properties.initiatedBy.user.id=*\n        | Vendor.properties.additionalDetails[1].value=\"00000003-0000-0000-c000-000000000000\"; //Microsoft Graph App\n}\n",
      "search_window_start": "-70m",
      "search_window_end": "-10m",
      "schedule": "1h",
      "author": "CrowdStrike",
      "sigma_author": "",
      "category": "",
      "license": "",
      "tactic": "TA0004",
      "technique": "T1098.003",
      "mitre_attack": [
       {
        "tactic_id": "TA0004",
        "technique_id": "T1098.003"
       }
      ],
      "vendor": "Microsoft",
      "vendors": [
       "Microsoft"
      ],
      "product": "",
      "tags": "",
      "active": true,
      "source_url": "",
      "license_details": {
       "name": "",
       "url": ""
      },
      "outcome": "detection",
      "created_timestamp": "2024-06-24T00:00:00Z",
      "modified_timestamp": "2024-09-16T00:00:00Z"
     },
     {
      "id": "b20b16f1-c898-4816-a20a-123ba2f62b3e",
      "name": "Microsoft - Entra ID - Privileged Azure Role Assigned to User in PIM as Eligible Assignment",
      "description": "Detects when a privileged Azure-based role is assigned to a user via Microsoft Entra Privileged Identity Management (PIM) as an eligible assignment, potentially elevating the user's permissions and increasing the attack surface. This rule helps identify potential security risks and ensures compliance with least privilege access principles.\nAn adversary who has established an initial foothold in cloud infrastructure may attempt to assign new roles or take advantage of roles and permissions previously granted to users under their control.\nBy default, this rule detects any assignment where the target identity is a user and is assigned a role labeled as Privileged, as observed in Azure IAM.\nWhile specific users require certain permissions for their normal operations, and exclusions can be applied for some events, it is important to maintain visibility of such assignments and ensure that the principle of least privilege is applied.\n",
      "origin": "CrowdStrike",
      "severity": 70,
      "recommended": true,
      "query": "#repo=\"microsoft_graphapi\" OR #repo=\"3pi_microsoft_entra_id\" OR #repo=\"fcs_csp_events\"\n| #Vendor=\"microsoft\" #event.dataset=/entraid\\.audit/\n| #event.outcome=\"success\" #event.kind=\"event\"\n| event.action=\"add-eligible-member-to-role-in-pim-completed-*\"\n| case {\n    #event.module=\"entraid\" //Data Connector built for Microsoft Entra ID; Parser: entraid-ecs\n    | objectArray:eval(array=\"Vendor.properties.additionalDetails[]\", asArray=\"roles[]\", var=x, function={\n        case{   \n            x.value=\"8e3af657-a8ff-443c-a75c-2fe8c4bcb635\" // Owner \n            | roles := \"Owner\";\n            x.value=\"b24988ac-6180-42a0-ab88-20f7382dd24c\" // Contributor \n            | roles := \"Contributor\";   \n            x.value=\"76cc9ee4-d5d3-4a45-a930-26add3d73475\" // Access Review Operator Service Role  \n            | roles := \"Access Review Operator Service Role\";   \n            x.value=\"a8889054-8d42-49c9-bc1c-52486c10e7cd\" // Reservations Administrator\n            | roles := \"Reservations Administrator\";   \n            x.value=\"f58310d9-a9f6-439a-9e8d-f62e7b41a168\" // Role Based Access Control Administrator\n            | roles := \"Role Based Access Control Administrator\";   \n            x.value=\"32e6a4ec-6095-4e37-b54b-12aa350ba81f\" // Service Group Contributor\n            | roles := \"Service Group Contributor\";   \n            x.value=\"18d7d88d-d35e-4fb5-a5c3-7773c20a72d9\" // User Access Administrator\n            | roles := \"User Access Administrator\";   \n            }\n        }\n    )\n    | objectArray:eval(array=\"Vendor.properties.targetResources[]\", var=y, asArray=\"user_check[]\", function={\n        y.type=\"User\"\n        | user_check := \"true\"\n        }\n    )\n    // Check if the assigned identity is a User\n    | user_check[0]=*;\n    #event.module=\"azure\"  // Data Connector built for Microsoft Graph API; Parser: azuread-ecs\n    | objectArray:eval(array=\"Vendor.additionalDetails[]\", asArray=\"roles[]\", var=i, function={\n        case{ \n            i.value=\"8e3af657-a8ff-443c-a75c-2fe8c4bcb635\" // Owner \n            | roles := \"Owner\";\n            i.value=\"b24988ac-6180-42a0-ab88-20f7382dd24c\" // Contributor \n            | roles := \"Contributor\";   \n            i.value=\"76cc9ee4-d5d3-4a45-a930-26add3d73475\" // Access Review Operator Service Role  \n            | roles := \"Access Review Operator Service Role\";   \n            i.value=\"a8889054-8d42-49c9-bc1c-52486c10e7cd\" // Reservations Administrator\n            | roles := \"Reservations Administrator\";   \n            i.value=\"f58310d9-a9f6-439a-9e8d-f62e7b41a168\" // Role Based Access Control Administrator \n            | roles := \"Role Based Access Control Administrator\";   \n            i.value=\"32e6a4ec-6095-4e37-b54b-12aa350ba81f\" // Service Group Contributor\n            | roles := \"Service Group Contributor\";   \n            i.value=\"18d7d88d-d35e-4fb5-a5c3-7773c20a72d9\" // User Access Administrator\n            | roles := \"User Access Administrator\";   \n            }\n        }\n    )\n    | objectArray:eval(array=\"Vendor.targetResources[]\", var=y, asArray=\"user_check[]\", function={\n        y.type=\"User\"\n        | user_check := \"true\"\n        }\n    )\n    // Check if the assigned identity is a User\n    | user_check[0]=*;\n}\n// Check if any privileged roles were observed\n| roles[0]=*\n",
      "search_window_start": "-70m",
      "search_window_end": "-10m",
      "schedule": "1h",
      "author": "CrowdStrike",
      "sigma_author": "",
      "category": "",
      "license": "",
      "tactic": "TA0004",
      "technique": "T1098.003",
      "mitre_attack": [
       {
        "tactic_id": "TA0004",
        "technique_id": "T1098.003"
       }
      ],
      "vendor": "Microsoft",
      "vendors": [
       "Microsoft"
      ],
      "product": "",
      "tags": "",
      "active": true,
      "source_url": "",
      "license_details": {
       "name": "",
       "url": ""
      },
      "outcome": "detection",
      "created_timestamp": "2024-12-16T00:00:00Z",
      "modified_timestamp": "0001-01-01T00:00:00Z"
     },
     {
      "id": "40125786-f4b3-4587-a4a5-b12cabecdd46",
      "name": "Microsoft - Entra ID - Privileged Role Assigned to User Account in PIM as Active Assignment",
      "description": "Detects when a privileged role is assigned to a user account in Microsoft Entra ID via Privileged Identity Management (PIM) service, as active assignment (not recommended by best practices, and in contrast to eligible assignments which require on-demand activation). This rule helps identify potential security risks resulting from PIM active role assignments and helps ensure compliance with least privilege access principles.\nAn adversary who has established an initial foothold in cloud infrastructure may attempt to assign new roles or exploit previously granted roles and permissions to accounts under their control.\nBy default, this rule triggers on any assignment where the target identity is a user account, and the assigned role name contains 'Administrator' or matches any other privileged built-in role, as listed at https://learn.microsoft.com/en-us/entra/identity/role-based-access-control/permissions-reference#all-roles. Additional roles can be included as needed.\nSpecific accounts require certain permissions for their normal operation. While exclusions can be applied for some events, it is important to maintain visibility to such assignments and ensure that the least privilege principle is applied.\n",
      "origin": "CrowdStrike",
      "severity": 70,
      "recommended": true,
      "query": "#repo=\"microsoft_graphapi\" OR #repo=\"3pi_microsoft_entra_id\" OR #repo=\"fcs_csp_events\" | #Vendor=\"microsoft\" #event.dataset=/entraid\\.audit/ \n| #event.kind=\"event\" #event.outcome=\"success\" | array:contains(array=\"event.category[]\", value=\"configuration\")\n| event.action=\"add-member-to-role-in-pim-completed-*\"\n| case {\n    #event.module=\"azure\" // Data Connector built for Microsoft Graph API; Parser: azuread-ecs\n    | objectArray:eval(array=\"Vendor.targetResources[]\", var=\"x\", asArray=\"_target_user[]\", function={ x.type=\"User\" | _target_user := x.userPrincipalName }) | _target_user[0]=*\n    | objectArray:eval(array=\"Vendor.targetResources[]\", var=\"x\", asArray=\"_assigned_role[]\", function={ x.type=\"Role\" | _assigned_role := x.displayName });\n    #event.module=\"entraid\" //Data Connector built for Microsoft Entra ID; Parser: entraid-ecs\n    | objectArray:eval(array=\"Vendor.properties.targetResources[]\", var=\"x\", asArray=\"_target_user[]\", function={ x.type=\"User\" | _target_user := x.userPrincipalName }) | _target_user[0]=*\n    | objectArray:eval(array=\"Vendor.properties.targetResources[]\", var=\"x\", asArray=\"_assigned_role[]\", function={ x.type=\"Role\" | _assigned_role := x.displayName });\n}\n| array:regex(array=\"_assigned_role[]\", regex=\"Administrator|Application Developer|Directory Synchronization Accounts|Directory Writers|Global Reader|Partner Tier1 Support|Partner Tier2 Support|Security Operator|Security Reader\", flags=\"i\")\n",
      "search_window_start": "-70m",
      "search_window_end": "-10m",
      "schedule": "1h",
      "author": "CrowdStrike",
      "sigma_author": "",
      "category": "",
      "license": "",
      "tactic": "TA0004",
      "technique": "T1098.003",
      "mitre_attack": [
       {
        "tactic_id": "TA0004",
        "technique_id": "T1098.003"
       }
      ],
      "vendor": "Microsoft",
      "vendors": [
       "Microsoft"
      ],
      "product": "",
      "tags": "",
      "active": true,
      "source_url": "",
      "license_details": {
       "name": "",
       "url": ""
      },
      "outcome": "detection",
      "created_timestamp": "2024-08-12T00:00:00Z",
      "modified_timestamp": "2024-11-28T00:00:00Z"
     },
     {
      "id": "cd64fcb0-ab09-4fc4-b95b-039fe5852632",
      "name": "Microsoft - Entra ID - Privileged Role Assigned to User Account in PIM as Eligible Assignment",
      "description": "Detects when a privileged role is assigned as eligible to a user account via Privileged Identity Management (PIM) service, allowing the user to activate the role and potentially elevate their access and privileges. This rule helps identify potential security risks and ensures compliance with least privilege access principles.\nAn adversary that established an initial foothold into cloud infrastructure may attempt to escalate their privileges by assigning new eligible roles to accounts under their control, or activating roles that were assigned previously via PIM.\nBy default, this rule will detect any assignment where role name contains \"Administrator\", or matches any other privileged built-in role as listed by https://learn.microsoft.com/en-us/entra/identity/role-based-access-control/permissions-reference#all-roles. Additional roles can be included as needed.\nSpecific accounts require certain permissions for their normal operation. While exclusions can be applied for some events, it is important to maintain visibility to such assignments and ensure that the least privilege principle is applied.\n",
      "origin": "CrowdStrike",
      "severity": 70,
      "recommended": true,
      "query": "#repo=\"microsoft_graphapi\" OR #repo=\"3pi_microsoft_entra_id\" OR #repo=\"fcs_csp_events\" | #Vendor=\"microsoft\" #event.dataset=/entraid\\.audit/\n| #event.kind=\"event\" #event.outcome=\"success\" | array:contains(array=\"event.category[]\", value=\"configuration\")\n| event.action=\"add-eligible-member-to-role-in-pim-completed-*\"\n| case {\n   #event.module=\"azure\" // Data Connector built for Microsoft Graph API; Parser: azuread-ecs\n   | objectArray:eval(array=\"Vendor.targetResources[]\", var=\"x\", asArray=\"_target_user[]\", function={ x.type=\"User\" | _target_user := x.userPrincipalName }) | _target_user[0]=*\n   | objectArray:eval(array=\"Vendor.targetResources[]\", var=\"x\", asArray=\"_assigned_role[]\", function={ x.type=\"Role\" | _assigned_role := x.displayName });\n   #event.module=\"entraid\" //Data Connector built for Microsoft Entra ID; Parser: entraid-ecs\n   | objectArray:eval(array=\"Vendor.properties.targetResources[]\", var=\"x\", asArray=\"_target_user[]\", function={ x.type=\"User\" | _target_user := x.userPrincipalName }) | _target_user[0]=*\n   | objectArray:eval(array=\"Vendor.properties.targetResources[]\", var=\"x\", asArray=\"_assigned_role[]\", function={ x.type=\"Role\" | _assigned_role := x.displayName });\n}\n| array:regex(array=\"_assigned_role[]\", regex=\"Administrator|Application Developer|Directory Synchronization Accounts|Directory Writers|Global Reader|Partner Tier1 Support|Partner Tier2 Support|Security Operator|Security Reader\", flags=\"i\")\n",
      "search_window_start": "-70m",
      "search_window_end": "-10m",
      "schedule": "1h",
      "author": "CrowdStrike",
      "sigma_author": "",
      "category": "",
      "license": "",
      "tactic": "TA0004",
      "technique": "T1098.003",
      "mitre_attack": [
       {
        "tactic_id": "TA0004",
        "technique_id": "T1098.003"
       }
      ],
      "vendor": "Microsoft",
      "vendors": [
       "Microsoft"
      ],
      "product": "",
      "tags": "",
      "active": true,
      "source_url": "",
      "license_details": {
       "name": "",
       "url": ""
      },
      "outcome": "detection",
      "created_timestamp": "2024-07-22T00:00:00Z",
      "modified_timestamp": "2024-11-28T00:00:00Z"
     },
     {
      "id": "3a3225d0-fa56-419a-b7e1-88659cb80c1d",
      "name": "Microsoft - Entra ID - Risky Application Consent Observed",
      "description": "This rule identifies applications labeled as risky by Microsoft during the consent process. An application's risk level is determined by multiple factors that include the specific permissions requested or lack of a verified publisher. \nThis rule also takes into account successful and failed user and administrator consent actions which should be interesting to observe as consenting to applications is a relatively uncommon occurrence for risky applications. \n",
      "origin": "CrowdStrike",
      "severity": 70,
      "recommended": true,
      "query": "#repo=\"microsoft_graphapi\" OR #repo=\"3pi_microsoft_entra_id\" OR #repo=\"fcs_csp_events\"\n| #Vendor=\"microsoft\" #event.module=/(?:entraid|azure)/i\n| #event.kind=\"event\"\n| event.action=\"consent-to-application\"\n| case {\n    #event.module=\"azure\"\n    | writeJson(\"Vendor.targetResources[0].modifiedProperties[*].newValue\", as=newValueModifiedProperties);\n    #event.module=\"entraid\"\n    | writeJson(\"Vendor.properties.targetResources[0].modifiedProperties[*].newValue\", as=newValueModifiedProperties)\n}   \n| newValueModifiedProperties = /risky application detected/i\n",
      "search_window_start": "-70m",
      "search_window_end": "-10m",
      "schedule": "1h",
      "author": "CrowdStrike",
      "sigma_author": "",
      "category": "",
      "license": "",
      "tactic": "TA0006",
      "technique": "T1528",
      "mitre_attack": [
       {
        "tactic_id": "TA0006",
        "technique_id": "T1528"
       }
      ],
      "vendor": "Microsoft",
      "vendors": [
       "Microsoft"
      ],
      "product": "",
      "tags": "",
      "active": true,
      "source_url": "",
      "license_details": {
       "name": "",
       "url": ""
      },
      "outcome": "detection",
      "created_timestamp": "2024-10-29T00:00:00Z",
      "modified_timestamp": "0001-01-01T00:00:00Z"
     },
     {
      "id": "f002c0d7-d385-46c3-80ba-5f3c2a76cb9d",
      "name": "Microsoft - Entra ID - Service Principal Granted Full Access to Exchange Web Services",
      "description": "This rule detects when a service principal is granted an application permission for Microsoft Exchange Online called the 'full_access_as_app' AppRole. This high-privileged access allows the service principal to access all mailboxes in the tenant without user interaction. The rule specifically looks for the assignment of the AppRole by its unique ID, which denotes this elevated Exchange Web Services (EWS) access permission.\n",
      "origin": "CrowdStrike",
      "severity": 50,
      "recommended": true,
      "query": "#repo=\"microsoft_graphapi\" OR #repo=\"3pi_microsoft_entra_id\" OR #repo=\"fcs_csp_events\"\n| #Vendor=\"microsoft\" #event.dataset=/entraid\\.audit/\n| #event.kind=\"event\" #event.outcome=\"success\" \n| event.action=\"add-app-role-assignment-to-service-principal\"\n| case {\n    // Data Connector built for Microsoft Graph API; Parser: azuread-ecs\n    #event.module=\"azure\" \n    | objectArray:eval(array=\"Vendor.targetResources[]\", asArray=\"_modified_properties[]\", var=y, function={\n        objectArray:eval(array=\"y.modifiedProperties[]\", asArray=\"_properties[]\", var=x, function={\n            x.displayName=\"AppRole.Id\"\n            | x.newValue=/dc890d15-9560-4a4c-9b7f-a736ec74ec40/i\n            | _properties := \"full_access_as_app permissions observed\"\n            }\n        )  \n        | _modified_properties := _properties[0]\n        }\n    );\n    // Data Connector built for Microsoft Entra ID; Parser: entraid-ecs\n    #event.module=\"entraid\" \n        | objectArray:eval(array=\"Vendor.properties.targetResources[]\", asArray=\"_modified_properties[]\", var=y, function={\n            objectArray:eval(array=\"y.modifiedProperties[]\", asArray=\"_properties[]\", var=x, function={\n                x.displayName=\"AppRole.Id\"\n                | x.newValue=/dc890d15-9560-4a4c-9b7f-a736ec74ec40/i\n                | _properties := \"full_access_as_app permissions observed\"\n                }\n            )  \n            | _modified_properties := _properties[0]\n            }\n        );\n}\n| _modified_properties[0]=* \n",
      "search_window_start": "-70m",
      "search_window_end": "-10m",
      "schedule": "1h",
      "author": "CrowdStrike",
      "sigma_author": "",
      "category": "",
      "license": "",
      "tactic": "TA0004",
      "technique": "T1098.003",
      "mitre_attack": [
       {
        "tactic_id": "TA0004",
        "technique_id": "T1098.003"
       }
      ],
      "vendor": "Microsoft",
      "vendors": [
       "Microsoft"
      ],
      "product": "",
      "tags": "",
      "active": true,
      "source_url": "",
      "license_details": {
       "name": "",
       "url": ""
      },
      "outcome": "detection",
      "created_timestamp": "2024-01-02T00:00:00Z",
      "modified_timestamp": "0001-01-01T00:00:00Z"
     },
     {
      "id": "d75323f6-18db-459e-881a-16fd3a1e9ec5",
      "name": "Microsoft - Entra ID - Service Principal Sign-in from Suspicious IP Address",
      "description": "Identifies successful sign-in events for Service Principal identities in Microsoft Entra ID, where source IP address is flagged as malicious or suspicious by CrowdStrike's threat intelligence feed. This rule helps identify potential compromises of Service Principal identities followed by unauthorized access attempts from known adversarial infrastructure.\nBy default, an IOC confidence level threshold of \"unverified\" is being used, meaning that IOC has been reported but not yet verified. Adjust the confidence level threshold as necessary. For more information about ioc:lookup function, see https://library.humio.com/data-analysis/functions-ioc-lookup.html.\nThis rule template is not compatible with Data Connector built for Microsoft Graph API since service principal sign-in events are not collected by current implementation of data connector.\n",
      "origin": "CrowdStrike",
      "severity": 70,
      "recommended": true,
      "query": "#repo=\"microsoft_graphapi\" OR #repo=\"3pi_microsoft_entra_id\" OR #repo=\"fcs_csp_events\"\n| array:contains(array=\"event.category[]\", value=\"authentication\")\n| #event.kind=\"event\" #event.outcome=\"success\"\n| event.provider=\"ServicePrincipalSignInLogs\"\n| source.ip=*\n| ioc:lookup(field=[source.ip],type=\"ip_address\",confidenceThreshold=\"unverified\", strict=true)\n",
      "search_window_start": "-70m",
      "search_window_end": "-10m",
      "schedule": "1h",
      "author": "CrowdStrike",
      "sigma_author": "",
      "category": "",
      "license": "",
      "tactic": "TA0001",
      "technique": "T1078.004",
      "mitre_attack": [
       {
        "tactic_id": "TA0001",
        "technique_id": "T1078.004"
       }
      ],
      "vendor": "Microsoft",
      "vendors": [
       "Microsoft"
      ],
      "product": "",
      "tags": "",
      "active": true,
      "source_url": "",
      "license_details": {
       "name": "",
       "url": ""
      },
      "outcome": "detection",
      "created_timestamp": "2024-12-16T00:00:00Z",
      "modified_timestamp": "0001-01-01T00:00:00Z"
     },
     {
      "id": "8ab74b88-a62e-4ca7-8f07-a99cee441266",
      "name": "Microsoft - Entra ID - Short Lived Account",
      "description": "This detection identifies potential malicious activity where a Microsoft Entra ID account is created and subsequently deleted within a short period.\nThreat actors may employ this technique to evade detection and maintain persistence on a compromised system.\nBy using short lived accounts, attackers can attempt to conceal their malicious activities, making it challenging for security teams to track and respond to the threat.  \n",
      "origin": "CrowdStrike",
      "severity": 50,
      "recommended": true,
      "query": "| #Vendor = microsoft \n| #repo=\"microsoft_graphapi\" OR #repo=\"3pi_microsoft_entra_id\" OR #repo=\"fcs_csp_events\" \n| event.action =~ in(values=[\"add-user\",\"delete-user\"])\n| case {\n    Vendor.targetResources[0].userPrincipalName=* | user.id := Vendor.targetResources[0].id;\n    Vendor.properties.targetResources[0].userPrincipalName=* | user.id := Vendor.properties.targetResources[0].id;\n    *;\n}\n| selfJoinFilter(field=[user.id], where=[{event.action=\"add-user\"},{event.action=\"delete-user\"}]) \n",
      "search_window_start": "-250m",
      "search_window_end": "-10m",
      "schedule": "4h",
      "author": "CrowdStrike",
      "sigma_author": "",
      "category": "",
      "license": "",
      "tactic": "TA0003",
      "technique": "T1136.003",
      "mitre_attack": [
       {
        "tactic_id": "TA0003",
        "technique_id": "T1136.003"
       }
      ],
      "vendor": "Microsoft",
      "vendors": [
       "Microsoft"
      ],
      "product": "",
      "tags": "",
      "active": true,
      "source_url": "",
      "license_details": {
       "name": "",
       "url": ""
      },
      "outcome": "detection",
      "created_timestamp": "2024-08-26T00:00:00Z",
      "modified_timestamp": "0001-01-01T00:00:00Z"
     },
     {
      "id": "0bd3cabb-c796-42a1-b9e1-b58b2709bded",
      "name": "Microsoft - Entra ID - Potential Successful Password Spray Attack",
      "description": "This rule detects potential password spraying attacks by identifying instances where multiple Entra ID user accounts experience at least a single successful login attempt, preceded by a series of authentication failures, within a 1-hour time window. \nThis pattern may indicate that an adversary is attempting to gain access to multiple accounts using a commonly used password or a list of known passwords. \nActivity is clustered by Autonomous System (AS) as adversaries might be using different IP addresses to execute the attack and try to evade traditional brute force protections.\n",
      "origin": "CrowdStrike",
      "severity": 50,
      "recommended": true,
      "query": "#repo=\"microsoft_graphapi\" OR #repo=\"3pi_microsoft_entra_id\" OR #repo=\"fcs_csp_events\" \n| #Vendor=\"microsoft\" #event.dataset=/entraid\\.signin/\n| #event.kind=\"event\"\n| array:contains(array=\"event.category[]\", value=\"authentication\")\n| error.code =~ in(values=[\"0\",\"50053\", \"50055\", \"50057\", \"50126\"])\n| coalesce([user.email, user.full_name], as=\"user_name\")\n| coalesce([Vendor.id, Vendor.properties.id], as=\"event_id\")\n| user_name=* source.ip=*\n| asn(\"source.ip\")\n| groupBy(field=[source.ip.org], limit=max, function=[\n        count(event_id, as=\"total\", distinct=true),\n        { #event.outcome=\"success\" | count(event_id, as=\"total_success\", distinct=true)},\n        { #event.outcome=\"failure\" | count(event_id, as=\"total_failure\", distinct=true)},\n        count(user_name, as=\"total_users\", distinct=true),\n        count(source.ip, as=\"total_ips\", distinct=true)\n]) \n| percent_fail := total_failure/total*100\n| percent_success := total_success/total*100\n//Adjust thresholds below as appropriate for your organization\n| percent_success\u003e0\n| total_failure\u003e1000\n| percent_fail\u003e90\n| total_users\u003e50\n| total_ips\u003e1\n//Exclude ASNs below as required.\n//| source.ip.org =~ !in(values=\"ASN_NAME\") \n",
      "search_window_start": "-70m",
      "search_window_end": "-10m",
      "schedule": "1h",
      "author": "CrowdStrike",
      "sigma_author": "",
      "category": "",
      "license": "",
      "tactic": "TA0006",
      "technique": "T1110.003",
      "mitre_attack": [
       {
        "tactic_id": "TA0006",
        "technique_id": "T1110.003"
       }
      ],
      "vendor": "Microsoft",
      "vendors": [
       "Microsoft"
      ],
      "product": "",
      "tags": "",
      "active": true,
      "source_url": "",
      "license_details": {
       "name": "",
       "url": ""
      },
      "outcome": "detection",
      "created_timestamp": "2024-08-22T00:00:00Z",
      "modified_timestamp": "0001-01-01T00:00:00Z"
     },
     {
      "id": "b6b854a5-a590-4229-9ec2-08da934700ca",
      "name": "Microsoft - Entra ID - Suspicious MFA Email Registration",
      "description": "This rule detects when an unexpected email address is registered for Multi-Factor Authentication (MFA) in Microsoft Entra ID. The rule identifies email addresses that are not associated with organization's domain names or not authorized for MFA use, which may indicate a potential security risk. This could be a sign of an adversary attempting to gain unauthorized access to a user account or a user inadvertently registering an unauthorized email address for MFA.\nAn adversary that established an initial foothold into cloud infrastructure may be attempting to modify multi-factor authentication properties to enable persistent access to compromised accounts.\nTo get accurate detections, exclude expected patterns by adding an additional filter at the end of the query string (e.g. \"| emailAddress!=/@(example\\.net|example\\.com)$/i\").\n",
      "origin": "CrowdStrike",
      "severity": 70,
      "recommended": true,
      "query": "| #repo=\"microsoft_graphapi\" OR #repo=\"3pi_microsoft_entra_id\" OR #repo=\"fcs_csp_events\" \n| #Vendor=\"microsoft\" #event.dataset=/entraid/ \n| #event.kind=\"event\" #event.outcome=\"success\"\n| array:contains(array=\"event.category[]\", value=\"configuration\")\n| array:contains(array=\"event.type[]\", value=\"change\")\n| event.action=\"update-user\"\n| case {\n    #repo=\"microsoft_graphapi\" | writeJson(field=[\"Vendor.targetResources[*].modifiedProperties[*].displayName\"], as=\"modifiedProperties\"); // Data Connector built for Microsoft Graph API\n    #repo=\"3pi_microsoft_entra_id\" | writeJson(field=[\"Vendor.properties.targetResources[*].modifiedProperties[*].displayName\"], as=\"modifiedProperties\"); //Data Connector built for Microsoft Entra ID\n}\n| modifiedProperties=/StrongAuthenticationUserDetails/i\n| case {\n    #repo=\"microsoft_graphapi\" | writeJson(field=[\"Vendor.targetResources[*].modifiedProperties[*].newValue\"], as=\"modifiedProperties_newValue\"); // Data Connector built for Microsoft Graph API\n    #repo=\"3pi_microsoft_entra_id\" | writeJson(field=[\"Vendor.properties.targetResources[*].modifiedProperties[*].newValue\"], as=\"modifiedProperties_newValue\"); //Data Connector built for Microsoft Entra ID\n}\n| modifiedProperties_newValue=/\\\\\\\"Email\\\\\\\":[\\\\\\\"]*(?\u003cemailAddress\u003e[^,\\\\\\\"\\}]+@[^,\\\\\\\"\\}]+)/i\n//Add exclusions for expected patterns, e.g. \"| emailAddress!=/@(example\\.net|example\\.com)$/i\"\n",
      "search_window_start": "-70m",
      "search_window_end": "-10m",
      "schedule": "1h",
      "author": "CrowdStrike",
      "sigma_author": "",
      "category": "",
      "license": "",
      "tactic": "TA0003",
      "technique": "T1556.006",
      "mitre_attack": [
       {
        "tactic_id": "TA0003",
        "technique_id": "T1556.006"
       }
      ],
      "vendor": "Microsoft",
      "vendors": [
       "Microsoft"
      ],
      "product": "",
      "tags": "",
      "active": true,
      "source_url": "",
      "license_details": {
       "name": "",
       "url": ""
      },
      "outcome": "detection",
      "created_timestamp": "2024-07-11T00:00:00Z",
      "modified_timestamp": "2024-08-23T00:00:00Z"
     },
     {
      "id": "fc9156ab-7cab-45d3-a4ce-cbcb0137fe12",
      "name": "Microsoft - Entra ID - Temporary Access Pass Added to User Account",
      "description": "Detects when a Temporary Access Pass (TAP) is registered for a user account. A TAP is a time-limited passcode that satisfies Microsoft Entra strong authentication requirements, like multi-factor authentication requirements implemented by conditional access policies.\nAn adversary that established an initial foothold into cloud infrastructure may be attempting to compromise privileged accounts by registering and using TAPs. Account owners won’t be alerted about this change and their existing password and registered MFA mechanisms will continue to work properly. By gaining control of privileged accounts, an adversary might be able to establish additional persistence, widen access, and progress towards their attack goals.\nBy default, all TAP registration events are detected. To limit the detection scope to privileged accounts only, add additional query filters to match those accounts. \nKnown False Positives: If TAP is used during user onboarding or MFA registration process, newly created accounts will also trigger this detection.\n",
      "origin": "CrowdStrike",
      "severity": 50,
      "recommended": true,
      "query": "#repo=\"microsoft_graphapi\" OR #repo=\"3pi_microsoft_entra_id\" OR #repo=\"fcs_csp_events\" \n| #Vendor=\"microsoft\" #event.dataset=/entraid/ \n| #event.kind=\"event\" #event.outcome=\"success\" \n| array:contains(array=\"event.category[]\", value=\"configuration\") \n| array:contains(array=\"event.type[]\", value=\"info\") \n| event.action=\"admin-registered-security-info\" \n| case { \n    Vendor.resultReason=\"Admin registered temporary access pass method for user\"; /* matching field name in case of Data Connector built for Microsoft Graph API; Parser: azuread-ecs */\n    Vendor.properties.resultReason=\"Admin registered temporary access pass method for user\"; /* matching field name in case of Data Connector built for Microsoft Entra ID; Parser: microsoft-entra-id */\n}\n",
      "search_window_start": "-70m",
      "search_window_end": "-10m",
      "schedule": "1h",
      "author": "CrowdStrike",
      "sigma_author": "",
      "category": "",
      "license": "",
      "tactic": "TA0004",
      "technique": "T1078.004",
      "mitre_attack": [
       {
        "tactic_id": "TA0004",
        "technique_id": "T1078.004"
       }
      ],
      "vendor": "Microsoft",
      "vendors": [
       "Microsoft"
      ],
      "product": "",
      "tags": "",
      "active": true,
      "source_url": "",
      "license_details": {
       "name": "",
       "url": ""
      },
      "outcome": "detection",
      "created_timestamp": "2024-07-10T00:00:00Z",
      "modified_timestamp": "2024-08-21T00:00:00Z"
     },
     {
      "id": "f6e0cf86-3c78-4090-bb64-a793707a4197",
      "name": "Microsoft - Entra ID - User With Suspicious History Modified Authentication Information",
      "description": "This rule detects potential account takeover attempts in Microsoft Entra ID by correlating a sequence of high-risk account modifications followed by authentication changes. Specifically, it identifies users who have had their account enabled, password reset, and group memberships modified, followed by changes to their Multi-Factor Authentication (MFA) settings or the user performing a self-service password reset all within a 3-day window. This pattern of activity may indicate an adversary establishing persistence after compromising a privileged account, potentially leading to unauthorized access, data exfiltration, or further lateral movement within the environment.\n",
      "origin": "CrowdStrike",
      "severity": 70,
      "recommended": true,
      "query": "// Collect recently enabled users\ndefineTable(\nquery={\n    #Vendor=\"microsoft\" #event.dataset=\"*entraid.audit\" (#event.module=\"azure\" OR #event.module=\"entraid\") #repo!=\"xdr*\"\n    | #event.outcome=\"success\"\n    | event.action=\"enable-account\" \n    | coalesce([Vendor.properties.targetResources[0].id, Vendor.targetResources[0].id], as=target_user_id)\n    | coalesce([Vendor.targetResources[0].userPrincipalName, Vendor.properties.targetResources[0].userPrincipalName], as=target_upn)\n    | coalesce([source.user.name], as=source_user_upn)\n    | coalesce([Vendor.initiatedBy.user.id, Vendor.properties.initiatedBy.user.id], as=source_user_id)\n    | groupBy([target_user_id, target_upn, source_user_upn, source_user_id])\n    | source_user_upn!=/^Sync\\_/i source_user_id=*\n    },\ninclude=[target_user_id, target_upn, source_user_id, source_user_upn], name=\"enabled_accounts\", start=3d)\n// Collect users with recent password resets\n| defineTable(\n    query={\n        #Vendor=\"microsoft\" #event.dataset=\"*entraid.audit\" (#event.module=\"azure\" OR #event.module=\"entraid\") #repo!=\"xdr*\"\n        | #event.outcome=\"success\"\n        | event.action =~ in(values=[\"reset-user-password\",\"reset-password-(by-admin)\",\"change-user-password\"])\n        | coalesce([Vendor.properties.targetResources[0].id, Vendor.targetResources[0].id], as=target_user_id)\n        | coalesce([Vendor.targetResources[0].userPrincipalName, Vendor.properties.targetResources[0].userPrincipalName], as=target_upn)\n        | coalesce([source.user.name], as=source_user_upn)\n        | coalesce([Vendor.initiatedBy.user.id, Vendor.properties.initiatedBy.user.id], as=source_user_id)\n        | groupBy([target_user_id, target_upn, source_user_upn, source_user_id])\n        | source_user_upn!=/^Sync\\_/i source_user_id=*\n        },\ninclude=[target_user_id, target_upn, source_user_id, source_user_upn], name=\"password_resets\", start=3d)\n// Collect users recently added to groups\n| defineTable(\n    query={\n        #Vendor=\"microsoft\" #event.dataset=\"*entraid.audit\" (#event.module=\"azure\" OR #event.module=\"entraid\")#repo!=\"xdr*\"\n        | #event.outcome=\"success\"\n        | event.action=\"add-member-to-group\"\n        | coalesce([Vendor.properties.targetResources[0].id, Vendor.targetResources[0].id], as=target_user_id)\n        | coalesce([Vendor.targetResources[0].userPrincipalName, Vendor.properties.targetResources[0].userPrincipalName], as=target_upn)\n        | coalesce([source.user.name], as=source_user_upn)\n        | coalesce([Vendor.initiatedBy.user.id, Vendor.properties.initiatedBy.user.id], as=source_user_id)\n        | groupBy([target_user_id, target_upn, source_user_upn, source_user_id])\n        | source_user_id=*\n        },\ninclude=[target_user_id, target_upn, source_user_id, source_user_upn], name=\"users_added_to_group\", start=3d)\n// Base query to correlate all behaviors\n| #Vendor=\"microsoft\" #event.dataset=\"*entraid.audit\" (#event.module=\"azure\" OR #event.module=\"entraid\") #repo!=\"xdr*\"\n| #event.outcome=\"success\"\n// Identify users who have added new MFA factors or completed a self-service password reset\n| event.action =~ in(values=[\"user-started-security-info-registration\",\"user-registered-security-info\",\"user-registered-all-required-security-info\",\"self-service-password-reset-flow-activity-progress\"])\n| coalesce([ Vendor.initiatedBy.user.id,  Vendor.properties.initiatedBy.user.id], as=\"source.user.id\")\n// Verify if any users with new MFA factors or self-service password resets has all previous behaviors\n| match(file=\"users_added_to_group\",     field=[source.user.name], column=[target_upn], include=[source.user.name, target_upn, source_user_upn, source_user_id ])\n| match(file=\"enabled_accounts\",         field=[source.user.name], column=[target_upn], include=[source.user.name, target_upn, source_user_upn, source_user_id ])\n| match(file=\"password_resets\",          field=[source.user.name], column=[target_upn], include=[source.user.name, target_upn, source_user_upn, source_user_id ])\n| _summary := format(format=\"User \\\"%s\\\" performed a sequence of activity against account \\\"%s\\\" who recently changed their MFA settings\", field=[source_user_upn, source.user.name ])\n| groupBy([source.user.name, source.user.id], function=[collect([event.action, source_user_upn, source_user_id, _summary])])\n",
      "search_window_start": "-70m",
      "search_window_end": "-10m",
      "schedule": "1h",
      "author": "CrowdStrike",
      "sigma_author": "",
      "category": "",
      "license": "",
      "tactic": "TA0003",
      "technique": "T1556.006",
      "mitre_attack": [
       {
        "tactic_id": "TA0003",
        "technique_id": "T1556.006"
       }
      ],
      "vendor": "Microsoft",
      "vendors": [
       "Microsoft"
      ],
      "product": "",
      "tags": "",
      "active": true,
      "source_url": "",
      "license_details": {
       "name": "",
       "url": ""
      },
      "outcome": "detection",
      "created_timestamp": "2025-01-10T00:00:00Z",
      "modified_timestamp": "0001-01-01T00:00:00Z"
     },
     {
      "id": "d22d05c2-1328-419b-a841-47f5f9d5d708",
      "name": "Microsoft - Entra ID - Application/Service Principal Credentials Updated by SP",
      "description": "Identifies changes to client credentials (secrets or certificates) assigned to a Microsoft Entra application or service principals, when action is performed by another service principal.\nService principals are special identities used to govern access to resources within a Microsoft Entra tenant for applications, services, and automated tools. Due to their programmatic nature, service principals do not support multi-factor authentication.\nAn adversary that established an initial foothold into cloud infrastructure may be attempting to manipulate applications and service principals by adding rogue secrets or certificates to maintain access or elevate privileges. By gaining control of such objects, an adversary might be able to establish persistence and widen access to progress towards their attack goals.\nSpecific enterprise applications (like Managed Service Identity, or Azure AD Application Proxy) are expected to update service principal credentials. To get accurate detections, it is recommended to identify such applications and exclude them from search results based on object ID.\n",
      "origin": "CrowdStrike",
      "severity": 70,
      "recommended": true,
      "query": "#repo=\"microsoft_graphapi\" OR #repo=\"3pi_microsoft_entra_id\" OR #repo=\"fcs_csp_events\"\n| #Vendor=\"microsoft\" #event.dataset=/entraid/ \n| #event.kind=\"event\" #event.outcome=\"success\" \n| array:contains(array=\"event.category[]\", value=\"configuration\")\n| array:contains(array=\"event.type[]\", value=\"change\")\n| event.action =~ in(values=[\"add-service-principal-credentials\",\"update-application-–-certificates-and-secrets-management-\"])\n| NOT (Vendor.initiatedBy.user.id=* OR Vendor.properties.initiatedBy.user.id=*)\n/* Add exclusions below for apps expected to update service principals credentials. Avoid applying exclusions by app name, use object ID instead (app names can be impersonated). Sample: \n| NOT in(field=\"Vendor.initiatedBy.app.servicePrincipalId\", values=[\"d3a5f19f-4851-4397-8cf1-e791cc8fc976\", \"4a4b96ee-e79a-42ef-ada1-978dde57daed\"]) \n| NOT in(field=\"Vendor.properties.initiatedBy.app.servicePrincipalId\", values=[\"d3a5f19f-4851-4397-8cf1-e791cc8fc976\", \"4a4b96ee-e79a-42ef-ada1-978dde57daed\"]) */\n",
      "search_window_start": "-70m",
      "search_window_end": "-10m",
      "schedule": "1h",
      "author": "CrowdStrike",
      "sigma_author": "",
      "category": "",
      "license": "",
      "tactic": "TA0004",
      "technique": "T1098.001",
      "mitre_attack": [
       {
        "tactic_id": "TA0004",
        "technique_id": "T1098.001"
       }
      ],
      "vendor": "Microsoft",
      "vendors": [
       "Microsoft"
      ],
      "product": "",
      "tags": "",
      "active": true,
      "source_url": "",
      "license_details": {
       "name": "",
       "url": ""
      },
      "outcome": "detection",
      "created_timestamp": "2024-06-12T00:00:00Z",
      "modified_timestamp": "2024-09-12T00:00:00Z"
     },
     {
      "id": "c27fd6bb-b8c1-4247-a13c-9d045acf6733",
      "name": "Microsoft - Entra ID - Application/Service Principal Credentials Updated by User",
      "description": "Identifies changes to client credentials (secrets or certificates) assigned to a Microsoft Entra application or service principal, when action is performed by a user.\nService principals are special identities used to govern access to resources within a Microsoft Entra tenant for applications, services, and automated tools. Due to their programmatic nature, service principals do not support multi-factor authentication.\nAn adversary that established an initial foothold into cloud infrastructure may be attempting to manipulate applications and service principals by adding rogue secrets or certificates to maintain access or elevate privileges. By gaining control of such objects, an adversary might be able to establish persistence and widen access to progress towards their attack goals.\nApplication / service principal client credentials modifications are expected as part of legitimate administrative or development operations. Apply exclusions for legitimate activity as needed. \n",
      "origin": "CrowdStrike",
      "severity": 50,
      "recommended": true,
      "query": "#repo=\"microsoft_graphapi\" OR #repo=\"3pi_microsoft_entra_id\" OR #repo=\"fcs_csp_events\"\n| #Vendor=\"microsoft\" #event.dataset=/entraid/ \n| #event.kind=\"event\" #event.outcome=\"success\" \n| array:contains(array=\"event.category[]\", value=\"configuration\")\n| array:contains(array=\"event.type[]\", value=\"change\")\n| event.action =~ in(values=[\"add-service-principal-credentials\",\"update-application-–-certificates-and-secrets-management-\"])\n| Vendor.initiatedBy.user.id=* OR Vendor.properties.initiatedBy.user.id=*\n// Add exclusions for legitimate activity below\n",
      "search_window_start": "-70m",
      "search_window_end": "-10m",
      "schedule": "1h",
      "author": "CrowdStrike",
      "sigma_author": "",
      "category": "",
      "license": "",
      "tactic": "TA0004",
      "technique": "T1098.001",
      "mitre_attack": [
       {
        "tactic_id": "TA0004",
        "technique_id": "T1098.001"
       }
      ],
      "vendor": "Microsoft",
      "vendors": [
       "Microsoft"
      ],
      "product": "",
      "tags": "",
      "active": true,
      "source_url": "",
      "license_details": {
       "name": "",
       "url": ""
      },
      "outcome": "detection",
      "created_timestamp": "2024-06-11T00:00:00Z",
      "modified_timestamp": "2024-09-12T00:00:00Z"
     },
     {
      "id": "66a2db1f-a2b5-43f2-a10d-f42fa1f069f8",
      "name": "Microsoft - Entra ID - Application/Service Principal Owner Added by SP",
      "description": "Detects when a new owner is added to an application registration or service principal object, and action is performed by another service principal. Service principals are special identities used to govern access to resources within a Microsoft Entra tenant for applications, services, and automated tools. Due to their programmatic nature, service principals do not support multi-factor authentication.\nAn adversary that established an initial foothold into cloud infrastructure may be attempting to get ownership of application registrations or service principals to leverage their granted permissions, modify configuration and alter behavior. By gaining control of such objects, an adversary might be able to establish persistence and widen access to progress towards their attack goals.\nSpecific enterprise applications (like Power Virtual Agents Service) are expected to create new applications and set application / service principal ownership upon creation. To get accurate detections, it is recommended to identify such applications and exclude them from search results based on object ID.\n",
      "origin": "CrowdStrike",
      "severity": 70,
      "recommended": true,
      "query": "#repo=\"microsoft_graphapi\" OR #repo=\"3pi_microsoft_entra_id\" OR #repo=\"fcs_csp_events\"\n| #Vendor=\"microsoft\" #event.dataset=/entraid/ \n| #event.kind=\"event\" #event.outcome=\"success\" \n| array:contains(array=\"event.category[]\", value=\"configuration\")\n| array:contains(array=\"event.type[]\", value=\"info\")\n| event.action =~ in(values=[\"add-owner-to-application\",\"add-owner-to-service-principal\"])\n| NOT (Vendor.initiatedBy.user.id=* OR Vendor.properties.initiatedBy.user.id=*)\n/* Add exclusions below for apps expected to create new applications and set application / service principal ownership upon creation. Avoid applying exclusions by app name, use object ID instead (app names can be impersonated). Sample: \n| NOT in(field=\"Vendor.initiatedBy.app.servicePrincipalId\", values=[\"d3a5f19f-4851-4397-8cf1-e791cc8fc976\", \"4a4b96ee-e79a-42ef-ada1-978dde57daed\"]) \n| NOT in(field=\"Vendor.properties.initiatedBy.app.servicePrincipalId\", values=[\"d3a5f19f-4851-4397-8cf1-e791cc8fc976\", \"4a4b96ee-e79a-42ef-ada1-978dde57daed\"]) */\n",
      "search_window_start": "-70m",
      "search_window_end": "-10m",
      "schedule": "1h",
      "author": "CrowdStrike",
      "sigma_author": "",
      "category": "",
      "license": "",
      "tactic": "TA0004",
      "technique": "T1098",
      "mitre_attack": [
       {
        "tactic_id": "TA0004",
        "technique_id": "T1098"
       }
      ],
      "vendor": "Microsoft",
      "vendors": [
       "Microsoft"
      ],
      "product": "",
      "tags": "",
      "active": true,
      "source_url": "",
      "license_details": {
       "name": "",
       "url": ""
      },
      "outcome": "detection",
      "created_timestamp": "2024-06-14T00:00:00Z",
      "modified_timestamp": "2024-09-16T00:00:00Z"
     },
     {
      "id": "eb48c6bd-af6f-4c78-bebe-c60f70f58ce7",
      "name": "Microsoft - Entra ID - Application With Newly Modified Credentials Adding Roles to Identities",
      "description": "This rule identifies instances where an Entra ID application's credentials were updated within the last 7 days and subsequently monitors for any new role assignment events created by that application. This behavior could indicate unauthorized access or manipulation of the application's permissions. The risk involves potential account takeover, data exfiltration, or the creation of backdoor accounts by malicious actors who have gained control of the application's credentials.\n",
      "origin": "CrowdStrike",
      "severity": 70,
      "recommended": true,
      "query": "// Collect all applications that have modified secrets\ndefineTable(\n    query={\n        #repo=\"microsoft_graphapi\" OR #repo=\"3pi_microsoft_entra_id\" OR #repo=\"fcs_csp_events\"\n        | #Vendor=\"microsoft\" (#event.module=\"azure\" OR #event.module=\"entraid\")\n        | #event.kind=\"event\"\n        | event.action=\"update-application-–-certificates-and-secrets-management-\"\n        | case {\n            #event.module=\"entraid\"\n            | objectArray:eval(array=\"Vendor.properties.targetResources[]\", var=x, asArray=\"app_properties[]\", function={\n                x.displayName=*\n                | app_properties := x.displayName\n                }\n            );\n            #event.module=\"azure\"\n            | objectArray:eval(array=\"Vendor.targetResources[]\", var=x, asArray=\"app_properties[]\", function={\n                x.displayName=*\n                | app_properties := x.displayName\n                }\n            );\n        }\n    | rename(field=\"app_properties[0]\", as=\"_application_name\")\n    },\n    include=[user.name, _application_name], \n    name=\"applications_with_updated_secrets\",\n    // Modify time as needed\n    start=7d)\n// Base Query to find new role assignments\n| #repo=\"microsoft_graphapi\" OR #repo=\"3pi_microsoft_entra_id\" OR #repo=\"fcs_csp_events\"\n| #Vendor=\"microsoft\" (#event.module=\"azure\" OR #event.module=\"entraid\")\n| #event.kind=\"event\"\n| event.action=\"add-member-to-role\"\n// Check if the newly added user was added by an application\n| Vendor.properties.initiatedBy.app.displayName=* OR Vendor.initiatedBy.app.displayName=*\n// Check if this newly added user was created by an app with a recently updated secret\n| case {\n    #event.module=\"entraid\"\n    | match(file=\"applications_with_updated_secrets\", field=[Vendor.properties.initiatedBy.app.displayName], column=[_application_name]);\n    #event.module=\"azure\"\n    | match(file=\"applications_with_updated_secrets\", field=[Vendor.initiatedBy.app.displayName], column=[_application_name]);\n    }\n",
      "search_window_start": "-70m",
      "search_window_end": "-10m",
      "schedule": "1h",
      "author": "CrowdStrike",
      "sigma_author": "",
      "category": "",
      "license": "",
      "tactic": "TA0004",
      "technique": "T1098.003",
      "mitre_attack": [
       {
        "tactic_id": "TA0004",
        "technique_id": "T1098.003"
       }
      ],
      "vendor": "Microsoft",
      "vendors": [
       "Microsoft"
      ],
      "product": "",
      "tags": "",
      "active": true,
      "source_url": "",
      "license_details": {
       "name": "",
       "url": ""
      },
      "outcome": "detection",
      "created_timestamp": "2024-12-30T00:00:00Z",
      "modified_timestamp": "0001-01-01T00:00:00Z"
     },
     {
      "id": "afbf7542-be54-4904-88ab-a186dbb51506",
      "name": "Microsoft - Entra ID - Application With Newly Modified Credentials Observed Creating New Users",
      "description": "This rule identifies instances where an Entra ID application's credentials were updated within the last 7 days and subsequently monitors for any new user creation events by that application. This behavior could indicate unauthorized access or manipulation of the application's permissions. The risk involves potential account takeover, data exfiltration, or the creation of backdoor accounts by malicious actors who have gained control of the application's credentials.\n",
      "origin": "CrowdStrike",
      "severity": 70,
      "recommended": true,
      "query": "// Collect all applications that have modified secrets in the last 30 days\ndefineTable(\n    query = {\n        #repo=\"microsoft_graphapi\" OR #repo=\"3pi_microsoft_entra_id\" OR #repo=\"fcs_csp_events\"\n        | #Vendor=\"microsoft\" (#event.module=\"azure\" OR #event.module=\"entraid\")\n        | #event.kind=\"event\" #event.outcome=\"success\" \n        | event.action=\"update-application-–-certificates-and-secrets-management-\"\n        | case {\n            #event.module=\"entraid\"\n            | objectArray:eval(array=\"Vendor.properties.targetResources[]\", var=x, asArray=\"app_properties[]\", function={\n                x.displayName=*\n                | app_properties := x.displayName\n                }\n            );\n            #event.module=\"azure\"\n            | objectArray:eval(array=\"Vendor.targetResources[]\", var=x, asArray=\"app_properties[]\", function={\n                x.displayName=*\n                | app_properties := x.displayName\n                }\n            );\n        }\n    | rename(field=\"app_properties[0]\", as=\"app_name\")\n    },\n    include=\"app_name\", \n    name=\"apps_with_updated_secrets\", \n    // Consider adjusting this threshold as needed\n    start=7d)\n// Base Query to find newly added users\n| #repo=\"microsoft_graphapi\" OR #repo=\"3pi_microsoft_entra_id\" OR #repo=\"fcs_csp_events\"\n| #Vendor=\"microsoft\" \n| #event.kind=\"event\" #event.outcome=\"success\" \n| event.action=\"add-user\"\n// Check if the newly added user was added by an app\n| Vendor.properties.initiatedBy.app.displayName=* OR Vendor.initiatedBy.app.displayName=*\n// Check if this newly added user was created by an app with a recently updated secret\n| case {\n    #event.module=\"entraid\"\n    | match(file=\"apps_with_updated_secrets\", field=[Vendor.properties.initiatedBy.app.displayName], column=[app_name]);\n    #event.module=\"azure\"\n    | match(file=\"apps_with_updated_secrets\", field=[Vendor.initiatedBy.app.displayName], column=[app_name]);\n    }\n",
      "search_window_start": "-70m",
      "search_window_end": "-10m",
      "schedule": "1h",
      "author": "CrowdStrike",
      "sigma_author": "",
      "category": "",
      "license": "",
      "tactic": "TA0004",
      "technique": "T1098.001",
      "mitre_attack": [
       {
        "tactic_id": "TA0004",
        "technique_id": "T1098.001"
       }
      ],
      "vendor": "Microsoft",
      "vendors": [
       "Microsoft"
      ],
      "product": "",
      "tags": "",
      "active": true,
      "source_url": "",
      "license_details": {
       "name": "",
       "url": ""
      },
      "outcome": "detection",
      "created_timestamp": "2024-12-17T00:00:00Z",
      "modified_timestamp": "0001-01-01T00:00:00Z"
     },
     {
      "id": "db50d9fe-922b-4421-99e5-6fa493848f2b",
      "name": "Microsoft - Entra ID - New Authentication Domain Added",
      "description": "Detects when a new custom domain is added to an Entra ID tenant. This modifications in tangent with creating a secondary signing certificate can allow adversaries to authenticate as any user by signing their own tokens. \n",
      "origin": "CrowdStrike",
      "severity": 70,
      "recommended": true,
      "query": "#repo=\"microsoft_graphapi\" OR #repo=\"3pi_microsoft_entra_id\" OR #repo=\"fcs_csp_events\"\n| #Vendor=\"microsoft\" #event.kind=\"event\"\n| #event.module =~ in(values=[\"entraid\", \"azure\"])\n| event.action =~ in(values=[\"set-domain-authentication\", \"set-federation-settings-on-domain\"])\n",
      "search_window_start": "-70m",
      "search_window_end": "-10m",
      "schedule": "1h",
      "author": "CrowdStrike",
      "sigma_author": "",
      "category": "",
      "license": "",
      "tactic": "TA0004",
      "technique": "T1484.002",
      "mitre_attack": [
       {
        "tactic_id": "TA0004",
        "technique_id": "T1484.002"
       }
      ],
      "vendor": "Microsoft",
      "vendors": [
       "Microsoft"
      ],
      "product": "",
      "tags": "",
      "active": true,
      "source_url": "",
      "license_details": {
       "name": "",
       "url": ""
      },
      "outcome": "detection",
      "created_timestamp": "2024-09-24T00:00:00Z",
      "modified_timestamp": "0001-01-01T00:00:00Z"
     },
     {
      "id": "a2580587-ad6c-4bea-8a2a-495584b80c28",
      "name": "Microsoft - Entra ID - Bulk Download Groups List",
      "description": "This detection rule identifies instances of bulk groups enumeration in Entra ID. It identifies when a large-scale download of tenant group information occurs, a behavior commonly observed in cloud environment compromises. Adversaries often perform this action to gather a comprehensive list of potential targets for further exploitation within the organization's cloud infrastructure.\n",
      "origin": "CrowdStrike",
      "severity": 50,
      "recommended": true,
      "query": "#repo=\"microsoft_graphapi\" OR #repo=\"3pi_microsoft_entra_id\" OR #repo=\"fcs_csp_events\"\n| #Vendor=\"microsoft\" #event.dataset=/entraid/i\n| #event.kind=\"event\" #event.outcome=\"success\"\n| array:contains(array=\"event.category[]\", value=\"configuration\")\n| event.action=\"download-groups---finished-(bulk)\"\n",
      "search_window_start": "-70m",
      "search_window_end": "-10m",
      "schedule": "1h",
      "author": "CrowdStrike",
      "sigma_author": "",
      "category": "",
      "license": "",
      "tactic": "TA0007",
      "technique": "T1069.003",
      "mitre_attack": [
       {
        "tactic_id": "TA0007",
        "technique_id": "T1069.003"
       }
      ],
      "vendor": "Microsoft",
      "vendors": [
       "Microsoft"
      ],
      "product": "",
      "tags": "",
      "active": true,
      "source_url": "",
      "license_details": {
       "name": "",
       "url": ""
      },
      "outcome": "detection",
      "created_timestamp": "2024-08-28T00:00:00Z",
      "modified_timestamp": "2024-10-01T00:00:00Z"
     },
     {
      "id": "d8b89ed8-254c-4bfb-9a64-f9284ce1588b",
      "name": "Microsoft - Entra ID - Modification of Federated Identity Credentials for Service Principals or Applications",
      "description": "This rule detects the addition of a federated identity credential to a service principal or application registration, a tactic that adversaries may use to persist in an environment by creating and/or modifying service principals. For instance, adding a federated identity credential to a user-assigned managed identity service principal could potentially allow an adversary to authenticate and obtain an access token for the tenant from outside an Azure-owned resource. However, this attack would require the adversary to already possess high privileges within the tenant, granting them the ability to add credentials to applications.\n",
      "origin": "CrowdStrike",
      "severity": 30,
      "recommended": true,
      "query": "#repo=\"microsoft_graphapi\" OR #repo=\"3pi_microsoft_entra_id\" OR #repo=\"fcs_csp_events\"\n| #Vendor=\"microsoft\"  #event.module=/(?:azure|entraid)/i\n| event.action=\"update-application\" OR event.action=\"update-service-principal\"\n| case {\n        #event.module=\"azure\" // Data Connector built for Microsoft Graph API; Parser: azuread-ecs\n        | split(Vendor.targetResources)\n        | split(Vendor.targetResources.modifiedProperties)\n        | Vendor.targetResources.modifiedProperties.displayName=\"FederatedIdentityCredentials\";\n        #event.module=\"entraid\"  // Data Connector built for Microsoft Entra ID; Parser: entraid-ecs;\n        | split(Vendor.properties.targetResources)\n        | split(Vendor.properties.targetResources.modifiedProperties)\n        | Vendor.properties.targetResources.modifiedProperties.displayName=\"FederatedIdentityCredentials\";\n}\n",
      "search_window_start": "-70m",
      "search_window_end": "-10m",
      "schedule": "1h",
      "author": "CrowdStrike",
      "sigma_author": "",
      "category": "",
      "license": "",
      "tactic": "TA0003",
      "technique": "T1556.007",
      "mitre_attack": [
       {
        "tactic_id": "TA0003",
        "technique_id": "T1556.007"
       }
      ],
      "vendor": "Microsoft",
      "vendors": [
       "Microsoft"
      ],
      "product": "",
      "tags": "",
      "active": true,
      "source_url": "",
      "license_details": {
       "name": "",
       "url": ""
      },
      "outcome": "detection",
      "created_timestamp": "2024-11-12T00:00:00Z",
      "modified_timestamp": "0001-01-01T00:00:00Z"
     },
     {
      "id": "a0413867-daf3-43dd-9245-734b3a787942",
      "name": "Bitlocker Key Retrieval",
      "description": "Monitor and alert for Bitlocker key retrieval.\n",
      "origin": "SigmaHQ",
      "severity": 50,
      "recommended": true,
      "query": "(#repo=\"microsoft_graphapi\" OR #repo=\"3pi_microsoft_entra_id\" OR #repo=\"fcs_csp_events\") #Vendor=\"microsoft\" #event.dataset=/entraid/\n| #event.kind=\"event\"\n| Vendor.category = \"KeyManagement\" event.action = \"read-bitlocker-key\"\n",
      "search_window_start": "-70m",
      "search_window_end": "-10m",
      "schedule": "1h",
      "author": "Michael Epping, '@mepples21'",
      "sigma_author": "",
      "category": "",
      "license": "",
      "tactic": "TA0005",
      "technique": "T1078.004",
      "mitre_attack": [
       {
        "tactic_id": "TA0005",
        "technique_id": "T1078.004"
       }
      ],
      "vendor": "Microsoft",
      "vendors": [
       "Microsoft"
      ],
      "product": "",
      "tags": "",
      "active": true,
      "source_url": "https://github.com/SigmaHQ/sigma/blob/master/rules/cloud/azure/audit_logs/azure_ad_bitlocker_key_retrieval.yml",
      "license_details": {
       "name": "DRL",
       "url": "https://github.com/SigmaHQ/Detection-Rule-License"
      },
      "outcome": "detection",
      "created_timestamp": "2022-06-28T00:00:00Z",
      "modified_timestamp": "0001-01-01T00:00:00Z"
     },
     {
      "id": "5afa454e-030c-4ab4-9253-a90aa7fcc581",
      "name": "Device Registration or Join Without MFA",
      "description": "Monitor and alert for device registration or join events where MFA was not performed.\n",
      "origin": "SigmaHQ",
      "severity": 50,
      "recommended": true,
      "query": "(#repo=\"microsoft_graphapi\" OR #repo=\"3pi_microsoft_entra_id\" OR #repo=\"fcs_csp_events\") #Vendor=\"microsoft\" #event.dataset=/entraid/\n| #event.kind=\"event\"\n| Vendor.ResourceDisplayName=/^Device Registration Service$/i Vendor.conditionalAccessStatus=/^success$/i NOT Vendor.AuthenticationRequirement=/^multiFactorAuthentication$/i\n",
      "search_window_start": "-70m",
      "search_window_end": "-10m",
      "schedule": "1h",
      "author": "Michael Epping, '@mepples21'",
      "sigma_author": "",
      "category": "",
      "license": "",
      "tactic": "TA0001",
      "technique": "T1078.004",
      "mitre_attack": [
       {
        "tactic_id": "TA0001",
        "technique_id": "T1078.004"
       }
      ],
      "vendor": "Microsoft",
      "vendors": [
       "Microsoft"
      ],
      "product": "",
      "tags": "",
      "active": true,
      "source_url": "https://github.com/SigmaHQ/sigma/blob/master/rules/cloud/azure/signin_logs/azure_ad_device_registration_or_join_without_mfa.yml",
      "license_details": {
       "name": "DRL",
       "url": "https://github.com/SigmaHQ/Detection-Rule-License"
      },
      "outcome": "detection",
      "created_timestamp": "2022-06-28T00:00:00Z",
      "modified_timestamp": "0001-01-01T00:00:00Z"
     },
     {
      "id": "28eea407-28d7-4e42-b0be-575d5ba60b2c",
      "name": "Azure AD Only Single Factor Authentication Required",
      "description": "Detect when users are authenticating without MFA being required.\n",
      "origin": "SigmaHQ",
      "severity": 30,
      "recommended": true,
      "query": "(#repo=\"microsoft_graphapi\" OR #repo=\"3pi_microsoft_entra_id\" OR #repo=\"fcs_csp_events\") #Vendor=\"microsoft\" #event.dataset=/entraid/\n| #event.kind=\"event\" #event.outcome=\"success\"\n| Vendor.AuthenticationRequirement=/^singleFactorAuthentication$/i\n",
      "search_window_start": "-70m",
      "search_window_end": "-10m",
      "schedule": "1h",
      "author": "MikeDuddington, '@dudders1'",
      "sigma_author": "",
      "category": "",
      "license": "",
      "tactic": "TA0001",
      "technique": "T1078.004",
      "mitre_attack": [
       {
        "tactic_id": "TA0001",
        "technique_id": "T1078.004"
       }
      ],
      "vendor": "Microsoft",
      "vendors": [
       "Microsoft"
      ],
      "product": "",
      "tags": "",
      "active": true,
      "source_url": "https://github.com/SigmaHQ/sigma/blob/master/rules/cloud/azure/signin_logs/azure_ad_only_single_factor_auth_required.yml",
      "license_details": {
       "name": "DRL",
       "url": "https://github.com/SigmaHQ/Detection-Rule-License"
      },
      "outcome": "detection",
      "created_timestamp": "2022-07-27T00:00:00Z",
      "modified_timestamp": "0001-01-01T00:00:00Z"
     }
    ]
   }