{
    "meta": {
     "query_time": 0.107631596,
     "powered_by": "svc-cscrrulestemplates",
     "trace_id": "2e18bf0c1cd1543979e1313a961efa5a"
    },
    "errors": [],
    "resources": [
     {
      "id": "f7bc963c-1e1f-444a-baf2-e811b4319df2",
      "name": "Microsoft - Entra ID - User Accessing Different Tenant",
      "description": "This rule identifies when a user accesses a 3rd party resource that is outside the control of an organization. These 3rd party resources can be configured to do a number of functions such as steal sessions, credentials, information, etc from user interactions.\n",
      "origin": "CrowdStrike",
      "severity": 50,
      "recommended": true,
      "query": "#repo=\"microsoft_graphapi\" OR #repo=\"3pi_microsoft_entra_id\" OR #repo=\"fcs_csp_events\"\n| #Vendor=\"microsoft\" #event.module=/azure|entraid/ #event.dataset=/entraid\\.signin/ #event.outcome=\"success\"\n| array:contains(\"event.category[]\", value=\"authentication\")\n| case {\n    // Data Connector built for Microsoft Graph API; Parser: azuread-ecs\n    #event.module=\"azure\"\n    | test(Vendor.homeTenantId!=Vendor.resourceTenantId);\n    // Data Connector built for Microsoft Entra ID; Parser: entraid-ecs\n    #event.module=\"entraid\"\n    | test(Vendor.properties.homeTenantId!=Vendor.properties.resourceTenantId);\n}\n",
      "search_window_start": "-70m",
      "search_window_end": "-10m",
      "schedule": "1h",
      "author": "CrowdStrike",
      "sigma_author": "",
      "category": "",
      "license": "",
      "tactic": "TA0001",
      "technique": "T1078",
      "mitre_attack": [
       {
        "tactic_id": "TA0001",
        "technique_id": "T1078"
       }
      ],
      "vendor": "Microsoft",
      "vendors": [
       "Microsoft"
      ],
      "product": "",
      "tags": "",
      "active": true,
      "source_url": "",
      "license_details": {
       "name": "",
       "url": ""
      },
      "outcome": "detection",
      "created_timestamp": "2024-03-08T00:00:00Z",
      "modified_timestamp": "0001-01-01T00:00:00Z"
     },
     {
      "id": "874b0d57-ed4e-43f9-8845-fe71c36a415f",
      "name": "Microsoft - Entra ID - Known Suspicious OAuth Clients",
      "description": "Detects when an OAuth consent is granted or attempted for an application known to be linked to Business Email Compromise (BEC) attacks, phishing campaigns, or associated with suspicious behavior. \nThese applications can be leveraged by adversaries to access and exfiltrate sensitive information, such as mailbox content, contacts, or calendar data pertaining to a compromised account. Furthermore, granting consent to these applications can also enable persistence, allowing adversaries to maintain access to a user's mailbox even after a password reset.\nFailures are also detected, meaning that a consent was attempted but blocked by Microsoft Entra ID user consent settings, which may indicate that an account is at risk.\n",
      "origin": "CrowdStrike",
      "severity": 50,
      "recommended": true,
      "query": "#repo=\"microsoft_graphapi\" OR #repo=\"3pi_microsoft_entra_id\" OR #repo=\"fcs_csp_events\"\n| #Vendor=\"microsoft\" #event.dataset=/entraid\\.audit/ #event.kind=\"event\"\n| array:contains(array=\"event.category[]\", value=\"configuration\")\n| event.action=\"consent-to-application\"\n| case {\n    // Data Connector built for Microsoft Graph API; Parser: azuread-ecs\n    #event.module=\"azure\" \n        | objectArray:eval(array=\"Vendor.additionalDetails[]\", var=\"x\", asArray=\"additionalDetails_value[]\", function={ additionalDetails_value := x.value });\n    //Data Connector built for Microsoft Entra ID; Parser: entraid-ecs\n    #event.module=\"entraid\" //Data Connector built for Microsoft Entra ID; Parser: entraid-ecs\n        | objectArray:eval(array=\"Vendor.properties.additionalDetails[]\", var=\"x\", asArray=\"additionalDetails_value[]\", function={ additionalDetails_value := x.value });\n}\n| case { \n    //List of App IDs to match\n    array:contains(array=\"additionalDetails_value[]\", value=\"179d5108-412b-4c95-8e34-06786784ab39\"); //PostBox - Mailbox content export/exfiltration\n    array:contains(array=\"additionalDetails_value[]\", value=\"4761b959-9780-4c2d-87a3-512b4638f767\"); //rclone - Mailbox content export/exfiltration\n    array:contains(array=\"additionalDetails_value[]\", value=\"497ac034-5120-4c1a-929a-0351f5c09918\"); //ZoomInfo Communitiez Login - Address book / contacts expor\n    array:contains(array=\"additionalDetails_value[]\", value=\"77468577-4f6e-40e7-b745-11d3d0c28095\"); //Fastmail - Mailbox content export/exfiltration\n    array:contains(array=\"additionalDetails_value[]\", value=\"858d7e42-35f0-44b7-9033-df309239a47f\"); //Zoominfo Login - Address book / contacts export\n    array:contains(array=\"additionalDetails_value[]\", value=\"946c777c-bc85-489e-b034-392389ae23d6\"); //Spike - Mailbox content export/exfiltration\n    array:contains(array=\"additionalDetails_value[]\", value=\"a245e8c0-b53c-4b67-9b45-751d1dff8e6b\"); //Newsletter Software SuperMailer - Phishing / mass-mailing campaigns\n    array:contains(array=\"additionalDetails_value[]\", value=\"a43e5392-f48b-46a4-a0f1-098b5eeb4757\"); //CloudSponge - Address book / contacts export\n    array:contains(array=\"additionalDetails_value[]\", value=\"caffae8c-0882-4c81-9a27-d1803af53a40\"); //SigParser - Address book / contacts export\n    array:contains(array=\"additionalDetails_value[]\", value=\"e9a7fea1-1cc0-4cd9-a31b-9137ca5deedd\"); //eM Client - Mailbox content export/exfiltration\n    array:contains(array=\"additionalDetails_value[]\", value=\"ff8d92dc-3d82-41d6-bcbd-b9174d163620\"); //PerfectData Software - Mailbox content export/exfiltration\n}\n",
      "search_window_start": "-70m",
      "search_window_end": "-10m",
      "schedule": "1h",
      "author": "CrowdStrike",
      "sigma_author": "",
      "category": "",
      "license": "",
      "tactic": "TA0006",
      "technique": "T1528",
      "mitre_attack": [
       {
        "tactic_id": "TA0006",
        "technique_id": "T1528"
       }
      ],
      "vendor": "Microsoft",
      "vendors": [
       "Microsoft"
      ],
      "product": "",
      "tags": "",
      "active": true,
      "source_url": "",
      "license_details": {
       "name": "",
       "url": ""
      },
      "outcome": "detection",
      "created_timestamp": "2024-08-16T00:00:00Z",
      "modified_timestamp": "2024-10-21T00:00:00Z"
     },
     {
      "id": "4466f2ed-1c01-43f0-9185-9b4a1817cd8a",
      "name": "Microsoft - Entra ID - Admin Deleted MFA Authentication Method",
      "description": "Identifies instances of MFA Authentication methods (Microsoft Authenticator App, Email, SMS, Temporary One Time Password (TOTP) Application) that have been removed from a user by an administrator. \nAdversaries use this technique to take over legitimate accounts by removing existing authentication mechanism after adding their own.\n",
      "origin": "CrowdStrike",
      "severity": 50,
      "recommended": true,
      "query": "#repo=\"microsoft_graphapi\" OR #repo=\"3pi_microsoft_entra_id\" OR #repo=\"fcs_csp_events\"\n| #event.outcome=\"success\" event.action=/admin-deleted-security-info/\n| Vendor.resultDescription=/^Admin deleted/i OR Vendor.properties.resultDescription=/^Admin deleted/i OR Vendor.resultReason=/^Admin deleted/i OR Vendor.properties.resultReason=/^Admin deleted/i\n",
      "search_window_start": "-70m",
      "search_window_end": "-10m",
      "schedule": "1h",
      "author": "CrowdStrike",
      "sigma_author": "",
      "category": "",
      "license": "",
      "tactic": "TA0003",
      "technique": "T1556.006",
      "mitre_attack": [
       {
        "tactic_id": "TA0003",
        "technique_id": "T1556.006"
       }
      ],
      "vendor": "Microsoft",
      "vendors": [
       "Microsoft"
      ],
      "product": "",
      "tags": "",
      "active": true,
      "source_url": "",
      "license_details": {
       "name": "",
       "url": ""
      },
      "outcome": "detection",
      "created_timestamp": "2024-09-16T00:00:00Z",
      "modified_timestamp": "0001-01-01T00:00:00Z"
     },
     {
      "id": "1db326ab-fa77-4145-b692-06f8022b8944",
      "name": "Microsoft - Entra ID - MFA Disabled for Single User",
      "description": "Detects when multi-factor authentication (MFA) is disabled for a single user account. Turning off MFA removes an essential security layer, exposing user accounts to a higher risk of compromise.\nAn adversary that established an initial foothold into cloud infrastructure may leverage their access to modify or completely disable MFA mechanisms to achieve persistence, widen access, and progress towards their attack goals.\n",
      "origin": "CrowdStrike",
      "severity": 70,
      "recommended": true,
      "query": "| #repo=\"microsoft_graphapi\" OR #repo=\"3pi_microsoft_entra_id\" OR #repo=\"fcs_csp_events\" \n| #Vendor=\"microsoft\" #event.dataset=/entraid/ \n| #event.kind=\"event\" #event.outcome=\"success\"\n| array:contains(array=\"event.category[]\", value=\"configuration\")\n| array:contains(array=\"event.type[]\", value=\"change\")\n| event.action=\"disable-strong-authentication\"\n",
      "search_window_start": "-70m",
      "search_window_end": "-10m",
      "schedule": "1h",
      "author": "CrowdStrike",
      "sigma_author": "",
      "category": "",
      "license": "",
      "tactic": "TA0003",
      "technique": "T1556.006",
      "mitre_attack": [
       {
        "tactic_id": "TA0003",
        "technique_id": "T1556.006"
       }
      ],
      "vendor": "Microsoft",
      "vendors": [
       "Microsoft"
      ],
      "product": "",
      "tags": "",
      "active": true,
      "source_url": "",
      "license_details": {
       "name": "",
       "url": ""
      },
      "outcome": "detection",
      "created_timestamp": "2024-07-09T00:00:00Z",
      "modified_timestamp": "2024-08-22T00:00:00Z"
     },
     {
      "id": "42d42b45-1593-4abe-be6c-08b02ee3da9c",
      "name": "Microsoft - Entra ID - MS Graph Application Permission Assigned to Service Principal by User",
      "description": "Detects when a new Microsoft Graph application permission (also known as app role) is assigned to a service principal identity, and action is performed by a user.\nService principals are special identities used to govern access to resources within a Microsoft Entra tenant for applications, services, and automated tools. Due to their programmatic nature, service principals do not support multi-factor authentication. When a given application permission is assigned, the service principal is granted with full and unconstrained access to all resources and operations governed by that permission. For example, a service principal granted with “Mail.Read” permission will be able to read emails in all mailboxes without a signed-in user.\nAn adversary that established an initial foothold into cloud infrastructure may be attempting to assign new permissions to applications and service principals under their control, or take advantage of sensitive permissions that were previously granted to registered applications to widen access and progress towards their attack goals.\nSpecific enterprise applications require Microsoft Graph application permissions for their normal operation. While exclusions might be applied for some events, it is important to maintain visibility to such assignments and ensure that the least privilege principle is applied when granting permissions to service principals.\n",
      "origin": "CrowdStrike",
      "severity": 70,
      "recommended": true,
      "query": "#repo=\"microsoft_graphapi\" OR #repo=\"3pi_microsoft_entra_id\" OR #repo=\"fcs_csp_events\"\n| #Vendor=\"microsoft\" #event.dataset=/entraid/ \n| #event.kind=\"event\" #event.outcome=\"success\" \n| array:contains(array=\"event.category[]\", value=\"configuration\")\n| array:contains(array=\"event.type[]\", value=\"info\")\n| event.action=\"add-app-role-assignment-to-service-principal\"\n| case {\n    #event.module=\"azure\"\n        | Vendor.initiatedBy.user.id=*\n        | Vendor.additionalDetails[1].value=\"00000003-0000-0000-c000-000000000000\"; //Microsoft Graph App\n    #event.module=\"entraid\"\n        | Vendor.properties.initiatedBy.user.id=*\n        | Vendor.properties.additionalDetails[1].value=\"00000003-0000-0000-c000-000000000000\"; //Microsoft Graph App\n}\n",
      "search_window_start": "-70m",
      "search_window_end": "-10m",
      "schedule": "1h",
      "author": "CrowdStrike",
      "sigma_author": "",
      "category": "",
      "license": "",
      "tactic": "TA0004",
      "technique": "T1098.003",
      "mitre_attack": [
       {
        "tactic_id": "TA0004",
        "technique_id": "T1098.003"
       }
      ],
      "vendor": "Microsoft",
      "vendors": [
       "Microsoft"
      ],
      "product": "",
      "tags": "",
      "active": true,
      "source_url": "",
      "license_details": {
       "name": "",
       "url": ""
      },
      "outcome": "detection",
      "created_timestamp": "2024-06-21T00:00:00Z",
      "modified_timestamp": "2024-09-16T00:00:00Z"
     },
     {
      "id": "bc4c0038-197b-4519-9383-d94c6007013d",
      "name": "Microsoft - Entra ID - Privileged Role Assigned to Service Principal in PIM",
      "description": "Detects when a privileged role is assigned to a Service Principal via Microsoft Entra Privileged Identity Management (PIM) as active assignment, potentially elevating the service principal's permissions and increasing the attack surface. This rule helps identify potential security risks and to ensure compliance with least privilege access principles.\nService principals are special identities used to govern access to resources within a Microsoft Entra tenant for applications, services, and automated tools. Due to their programmatic nature, service principals do not support multi-factor authentication. Also, service principals do not support eligible assignments in PIM. When a given role is assigned, the service principal is granted full and unconstrained access to all resources and operations governed by that role. For example, a service principal granted with \"Exchange Administrator\" role will be able to manage all aspects of the Exchange product.\nAn adversary that established an initial foothold into cloud infrastructure may be attempting to assign new roles or take advantage of roles and permissions that were previously granted to service principals under their control.\nBy default, this rule will detect any assignment where the target identity is a service principal, and assigned role name contains \"Administrator\", or matches any other privileged built-in role as listed by https://learn.microsoft.com/en-us/entra/identity/role-based-access-control/permissions-reference#all-roles. Additional roles can be included as needed.\nSpecific enterprise applications / service principals require certain permissions for their normal operation. While exclusions can be applied for some events, it is important to maintain visibility to such assignments and ensure that the least privilege principle is applied.\n",
      "origin": "CrowdStrike",
      "severity": 70,
      "recommended": true,
      "query": "#repo=\"microsoft_graphapi\" OR #repo=\"3pi_microsoft_entra_id\" OR #repo=\"fcs_csp_events\" | #Vendor=\"microsoft\" #event.dataset=/entraid\\.audit/\n| #event.kind=\"event\" #event.outcome=\"success\" | array:contains(array=\"event.category[]\", value=\"configuration\")\n| event.action=\"add-member-to-role-in-pim-completed-*\"\n| case {\n  #event.module=\"azure\" // Data Connector built for Microsoft Graph API; Parser: azuread-ecs\n  | objectArray:eval(array=\"Vendor.targetResources[]\", var=\"x\", asArray=\"_target_ServicePrincipal[]\", function={ x.type=\"ServicePrincipal\" | _target_ServicePrincipal := x.displayName }) | _target_ServicePrincipal[0]=*\n  | objectArray:eval(array=\"Vendor.targetResources[]\", var=\"x\", asArray=\"_assigned_role[]\", function={ x.type=\"Role\" | _assigned_role := x.displayName });\n  #event.module=\"entraid\" //Data Connector built for Microsoft Entra ID; Parser: entraid-ecs\n  | objectArray:eval(array=\"Vendor.properties.targetResources[]\", var=\"x\", asArray=\"_target_ServicePrincipal[]\", function={ x.type=\"ServicePrincipal\" | _target_ServicePrincipal := x.displayName }) | _target_ServicePrincipal[0]=*\n  | objectArray:eval(array=\"Vendor.properties.targetResources[]\", var=\"x\", asArray=\"_assigned_role[]\", function={ x.type=\"Role\" | _assigned_role := x.displayName });\n}\n| array:regex(array=\"_assigned_role[]\", regex=\"Administrator|Application Developer|Directory Synchronization Accounts|Directory Writers|Global Reader|Partner Tier1 Support|Partner Tier2 Support|Security Operator|Security Reader\", flags=\"i\")\n",
      "search_window_start": "-70m",
      "search_window_end": "-10m",
      "schedule": "1h",
      "author": "CrowdStrike",
      "sigma_author": "",
      "category": "",
      "license": "",
      "tactic": "TA0004",
      "technique": "T1098.003",
      "mitre_attack": [
       {
        "tactic_id": "TA0004",
        "technique_id": "T1098.003"
       }
      ],
      "vendor": "Microsoft",
      "vendors": [
       "Microsoft"
      ],
      "product": "",
      "tags": "",
      "active": true,
      "source_url": "",
      "license_details": {
       "name": "",
       "url": ""
      },
      "outcome": "detection",
      "created_timestamp": "2024-07-22T00:00:00Z",
      "modified_timestamp": "2024-11-28T00:00:00Z"
     },
     {
      "id": "8f61e469-b136-45c0-867e-f7ab609ab944",
      "name": "Microsoft - Entra ID - Primary Refresh Token Abuse using Authentication Broker",
      "description": "Detects when authentication with the Microsoft Authentication Broker App ID is used with certain resources.   \nThis may indicate an attacker has generated a Primary Refresh Token.\n",
      "origin": "CrowdStrike",
      "severity": 70,
      "recommended": true,
      "query": "#repo=\"microsoft_graphapi\" OR #repo=\"3pi_microsoft_entra_id\" OR #repo=\"fcs_csp_events\"\n| array:regex(array=\"event.category[]\",regex=\"^(?:authentication|configuration)$\")\n| case {\n  array:contains(\"event.category[]\", value=\"authentication\") | array:contains(\"event.type[]\", value=\"info\") | Vendor.appId=\"29d9ed98-a469-4536-ade2-f981bc1d605e\" | Vendor.resourceId=/^0000000(3|2)-0000-0000-c000-000000000000$/ | userId := user.id;\n  array:contains(\"event.category[]\", value=\"configuration\") | array:contains(\"event.type[]\", value=\"creation\") | event.action=\"register-device\" | userId := Vendor.initiatedBy.user.id\n}\n| selfJoinFilter(userId,\nwhere=[\n  { array:contains(\"event.category[]\", value=\"authentication\") | array:contains(\"event.type[]\", value=\"info\") | Vendor.appId=\"29d9ed98-a469-4536-ade2-f981bc1d605e\" | Vendor.resourceId=/^0000000(3|2)-0000-0000-c000-000000000000$/},\n  { array:contains(\"event.category[]\", value=\"configuration\") | array:contains(\"event.type[]\", value=\"creation\") | event.action=\"register-device\" }\n  ], prefilter=true\n)\n",
      "search_window_start": "-24h",
      "search_window_end": "-10m",
      "schedule": "1h",
      "author": "CrowdStrike",
      "sigma_author": "",
      "category": "",
      "license": "",
      "tactic": "TA0003",
      "technique": "T1136.003",
      "mitre_attack": [
       {
        "tactic_id": "TA0003",
        "technique_id": "T1136.003"
       }
      ],
      "vendor": "Microsoft",
      "vendors": [
       "Microsoft"
      ],
      "product": "",
      "tags": "",
      "active": true,
      "source_url": "",
      "license_details": {
       "name": "",
       "url": ""
      },
      "outcome": "detection",
      "created_timestamp": "2024-07-10T00:00:00Z",
      "modified_timestamp": "0001-01-01T00:00:00Z"
     },
     {
      "id": "35ab40d8-f75e-4980-a340-edc4b0c4e4a2",
      "name": "Microsoft - Entra ID - Resource Owner Password Credentials (ROPC) Authentication",
      "description": "This rule detects successful Resource Owner Password Credentials (ROPC) authentication flows within Microsoft Entra ID, which may indicate potential credential theft or unauthorized access attempts. ROPC is a legacy authentication protocol that can only use single-factor authentication making it a common target for threat actors. The detection aggregates successful ROPC authentication events by user and application, helping identify potentially malicious access patterns.\n",
      "origin": "CrowdStrike",
      "severity": 10,
      "recommended": true,
      "query": "#repo=\"microsoft_graphapi\" OR #repo=\"3pi_microsoft_entra_id\" OR #repo=\"fcs_csp_events\"\n| #Vendor=\"microsoft\" #event.dataset=\"entraid.signin\"\n| #event.kind=\"event\" #event.outcome=\"success\"\n| Vendor.properties.authenticationProtocol=\"ropc\"\n| groupBy([user.email, user.name, Vendor.properties.appDisplayName, Vendor.properties.resourceDisplayName])\n/* \n//Additional tuning examples provided below\n// Exclude common user agents\n| Vendor.properties.userAgent!=/Jamf/i\n// Exclude common application and resources\n| Vendor.properties.appDisplayName!=\"Microsoft Azure Active Directory Connect\" Vendor.properties.appId!=\"cb1056e2-e479-49de-ae31-7812af012ed8\" Vendor.properties.resourceDisplayName!=\"Windows Azure Active Directory\" Vendor.properties.resourceId!=\"00000002-0000-0000-c000-000000000000\"\n// Exclude specific user accounts used legitimately\n| user.email =~ !in(values=[\"sync_entra_connect_8af1aaaa01ad@example.com\"], ignoreCase=true)\n*/\n",
      "search_window_start": "-70m",
      "search_window_end": "-10m",
      "schedule": "1h",
      "author": "CrowdStrike",
      "sigma_author": "",
      "category": "",
      "license": "",
      "tactic": "TA0003",
      "technique": "T1078.004",
      "mitre_attack": [
       {
        "tactic_id": "TA0003",
        "technique_id": "T1078.004"
       }
      ],
      "vendor": "Microsoft",
      "vendors": [
       "Microsoft"
      ],
      "product": "",
      "tags": "",
      "active": true,
      "source_url": "",
      "license_details": {
       "name": "",
       "url": ""
      },
      "outcome": "detection",
      "created_timestamp": "2025-01-16T00:00:00Z",
      "modified_timestamp": "0001-01-01T00:00:00Z"
     },
     {
      "id": "e369e779-a551-4d22-a337-25f5328f0f27",
      "name": "Microsoft - Entra ID - Risky Sign-in",
      "description": "Identifies a successful Microsoft Entra ID sign-in that has been categorized as medium or high risk by Microsoft Entra ID Identity Protection, indicating a potential compromised account being abused by a threat actor or other suspicious activity. \nMicrosoft Entra ID Identity Protection assigns a risk value of low, medium, or high to sign-in events based on real-time signals and also calculates an aggregate risk value for the user account. By default, this rule detects sign-in events where either the real-time sign-in risk or the aggregate user risk is categorized as medium or high.\n",
      "origin": "CrowdStrike",
      "severity": 50,
      "recommended": true,
      "query": "#repo=\"microsoft_graphapi\" OR #repo=\"3pi_microsoft_entra_id\" OR #repo=\"fcs_csp_events\"\n| #Vendor=\"microsoft\" #event.dataset=/entraid/\n| #event.kind=\"event\" #event.outcome=\"success\"\n| array:contains(\"event.category[]\", value=\"authentication\")\n| case {\n   #event.module=\"azure\" // Data Connector built for Microsoft Graph API; Parser: azuread-ecs\n       | Vendor.riskLevelDuringSignIn=\"high\" OR Vendor.riskLevelDuringSignIn=\"medium\" OR user.risk.static_level=\"high\" OR user.risk.static_level=\"medium\";\n   #event.module=\"entraid\" //Data Connector built for Microsoft Entra ID; Parser: entraid-ecs\n      | Vendor.properties.riskLevelDuringSignIn=\"high\" OR Vendor.properties.riskLevelDuringSignIn=\"medium\" OR user.risk.static_level=\"high\" OR user.risk.static_level=\"medium\";\n}\n",
      "search_window_start": "-70m",
      "search_window_end": "-10m",
      "schedule": "1h",
      "author": "CrowdStrike",
      "sigma_author": "",
      "category": "",
      "license": "",
      "tactic": "TA0001",
      "technique": "T1078",
      "mitre_attack": [
       {
        "tactic_id": "TA0001",
        "technique_id": "T1078"
       }
      ],
      "vendor": "Microsoft",
      "vendors": [
       "Microsoft"
      ],
      "product": "",
      "tags": "",
      "active": true,
      "source_url": "",
      "license_details": {
       "name": "",
       "url": ""
      },
      "outcome": "detection",
      "created_timestamp": "2024-05-30T00:00:00Z",
      "modified_timestamp": "2024-10-02T00:00:00Z"
     },
     {
      "id": "052dd34e-734f-40b1-80fb-bad6fce17d4f",
      "name": "Microsoft - Entra ID - Suspicious Application Consent Error Codes",
      "description": "Detects specific error codes associated with potential Entra ID identity compromises. It focuses on identifying scenarios where an attacker, having successfully logged into a compromised account, attempts to grant consent to a new application. \nThis rule also covers cases of illicit consent grant attacks, where the attacker tries to trick a victim into consenting to a malicious application, but is blocked by the organization's security controls. These error codes serve as indicators of potential unauthorized access and malicious consent operations within the Entra ID environment. \nThese error codes may commonly be observed in environments that prevent users consent since this is a valid control to prevent arbitrary applications from being used. In this case it may be necessary to finely tune the detection to avoid seeing matches to legitimate applications that may hit multiple times. \nTo investigate this activity, start off by ensuring the IP address used during the consent is from a valid business location, or is a normal address for the given user.\n",
      "origin": "CrowdStrike",
      "severity": 30,
      "recommended": true,
      "query": "#repo=\"microsoft_graphapi\" OR #repo=\"3pi_microsoft_entra_id\" OR #repo=\"fcs_csp_events\"\n| #Vendor=\"microsoft\" #event.module=/(?:azure|entraid)/\n| #event.kind=\"event\" #event.outcome=\"failure\"\n// 65001 indicates a consent is needed error\n// 90094 indicates admin consent is required error\n// 90095 indicates admin consent is required and can be requested\n// 900941 indicates admin consent is needed because app is considered risky\n// 900942 indicates admin consent is needed before token issuance is allowed\n// 900981 indicates an admin consent was received for a risky app\n| error.code=65001 OR error.code=90094 OR error.code=90095 OR error.code=900941 OR error.code=900942 OR error.code=900981\n",
      "search_window_start": "-70m",
      "search_window_end": "-10m",
      "schedule": "1h",
      "author": "CrowdStrike",
      "sigma_author": "",
      "category": "",
      "license": "",
      "tactic": "TA0006",
      "technique": "T1528",
      "mitre_attack": [
       {
        "tactic_id": "TA0006",
        "technique_id": "T1528"
       }
      ],
      "vendor": "Microsoft",
      "vendors": [
       "Microsoft"
      ],
      "product": "",
      "tags": "",
      "active": true,
      "source_url": "",
      "license_details": {
       "name": "",
       "url": ""
      },
      "outcome": "detection",
      "created_timestamp": "2024-10-16T00:00:00Z",
      "modified_timestamp": "0001-01-01T00:00:00Z"
     },
     {
      "id": "bbaa028f-a6c9-40df-9c56-1a66afa4a867",
      "name": "Microsoft - Entra ID - Suspicious Reply URL Observed in Application or Service Principal",
      "description": "This rule detects potential OAuth illicit consent grant attacks by identifying new or updated applications and service principals with suspicious reply/redirect URL's, as flagged by CrowdStrike's threat intelligence indicator list. This behavior might be indicative of a successful phishing attack where an adversary tricks a user into consenting to malicious applications, resulting in a service principal being added to the tenant and a token being sent to the adversary for use on behalf of the victim. The rule also monitors for updated applications and service principals to catch adversaries hijacking existing or new applications for further phishing purposes.\n",
      "origin": "CrowdStrike",
      "severity": 70,
      "recommended": true,
      "query": "#repo=\"microsoft_graphapi\" OR #repo=\"3pi_microsoft_entra_id\" OR #repo=\"fcs_csp_events\"\n| #Vendor=\"microsoft\" #event.module=/entraid|azure/i\n| #event.kind=\"event\"\n| event.action=\"add-application\" OR event.action=\"add-service-principal\" OR event.action=\"update-application\" OR event.action=\"update-service-principal\"\n| case {\n  #event.module=\"azure\" // Data Connector built for Microsoft Graph API; Parser: azuread-ecs\n    | case {\n        Vendor.targetResources[0].modifiedProperties[1].displayName=\"AppAddress\"\n      | parseJson(Vendor.targetResources[0].modifiedProperties[1].newValue, prefix=appAddressMetadata);\n        Vendor.targetResources[0].modifiedProperties[0].displayName=\"AppAddress\"\n      | parseJson(Vendor.targetResources[0].modifiedProperties[0].newValue, prefix=appAddressMetadata);\n    };\n  #event.module=\"entraid\"  // Data Connector built for Microsoft Entra ID; Parser: entraid-ecs;\n    | case {\n        Vendor.properties.targetResources[0].modifiedProperties[1].displayName=\"AppAddress\"\n        | parsejson(Vendor.properties.targetResources[0].modifiedProperties[1].newValue, prefix=appAddressMetadata);\n        Vendor.properties.targetResources[0].modifiedProperties[0].displayName=\"AppAddress\"\n        | parsejson(Vendor.properties.targetResources[0].modifiedProperties[0].newValue, prefix=appAddressMetadata);\n    };\n}\n// Perform an IOC lookup against each of the Reply URL's\n// Return the indicator marked as suspicious\n| objectArray:eval(array=\"appAddressMetadata[]\", asArray=\"iocResults[]\", var=a, function = {\n        ioc:lookup(field=[a.Address], type=\"url\", confidenceThreshold=\"unverified\")\n        | iocResults := ioc[0].indicator\n    }\n)\n// Since there could be more than one suspicious reply URL, check if one IOC hit is returned at all\n| iocResults[0]=*\n",
      "search_window_start": "-70m",
      "search_window_end": "-10m",
      "schedule": "1h",
      "author": "CrowdStrike",
      "sigma_author": "",
      "category": "",
      "license": "",
      "tactic": "TA0001",
      "technique": "T1566.002",
      "mitre_attack": [
       {
        "tactic_id": "TA0001",
        "technique_id": "T1566.002"
       }
      ],
      "vendor": "Microsoft",
      "vendors": [
       "Microsoft"
      ],
      "product": "",
      "tags": "",
      "active": true,
      "source_url": "",
      "license_details": {
       "name": "",
       "url": ""
      },
      "outcome": "detection",
      "created_timestamp": "2024-10-28T00:00:00Z",
      "modified_timestamp": "0001-01-01T00:00:00Z"
     },
     {
      "id": "1a68db27-e16a-42c7-b09c-3bf5829343e6",
      "name": "Microsoft - Entra ID - Successful Authentication from Unauthorized Country",
      "description": "This detection analytic identifies successful authentication attempts in Entra ID Sign-in Logs originating from countries not typically associated with the organization's expected business operations. It uses a configurable list of allowed countries and checks the originating IP address of each successful login against a geolocation database to determine the country of origin.\n",
      "origin": "CrowdStrike",
      "severity": 30,
      "recommended": true,
      "query": "#repo=\"microsoft_graphapi\" OR #repo=\"3pi_microsoft_entra_id\" OR #repo=\"fcs_csp_events\"\n| #Vendor=microsoft #event.dataset=entraid.signin \n| array:contains(array=\"event.category[]\", value=\"authentication\")\n| #event.outcome=success\n| ipLocation(source.ip) \n// Add authorized countries here to alert on successful logons from unexpected countries\n| !in(source.ip.country, values=[\"US\", \"IN\"])\n",
      "search_window_start": "-70m",
      "search_window_end": "-10m",
      "schedule": "1h",
      "author": "CrowdStrike",
      "sigma_author": "",
      "category": "",
      "license": "",
      "tactic": "TA0009",
      "technique": "T1114.003",
      "mitre_attack": [
       {
        "tactic_id": "TA0009",
        "technique_id": "T1114.003"
       }
      ],
      "vendor": "Microsoft",
      "vendors": [
       "Microsoft"
      ],
      "product": "",
      "tags": "",
      "active": true,
      "source_url": "",
      "license_details": {
       "name": "",
       "url": ""
      },
      "outcome": "detection",
      "created_timestamp": "2024-08-26T00:00:00Z",
      "modified_timestamp": "0001-01-01T00:00:00Z"
     },
     {
      "id": "c2496b41-16a9-4016-a776-b23f8910dc58",
      "name": "Certificate-Based Authentication Enabled",
      "description": "Detects when certificate based authentication has been enabled in an Azure Active Directory tenant.\n",
      "origin": "SigmaHQ",
      "severity": 50,
      "recommended": true,
      "query": "(#repo=\"microsoft_graphapi\" OR #repo=\"3pi_microsoft_entra_id\" OR #repo=\"fcs_csp_events\") #Vendor=\"microsoft\" #event.dataset=/entraid/\n| #event.kind=\"event\"\n| Vendor.OperationName=/^Authentication Methods Policy Update$/i Vendor.TargetResources.modifiedProperties=/AuthenticationMethodsPolicy/i\n",
      "search_window_start": "-70m",
      "search_window_end": "-10m",
      "schedule": "1h",
      "author": "Harjot Shah Singh, '@cyb3rjy0t'",
      "sigma_author": "",
      "category": "",
      "license": "",
      "tactic": "TA0003",
      "technique": "T1556",
      "mitre_attack": [
       {
        "tactic_id": "TA0003",
        "technique_id": "T1556"
       }
      ],
      "vendor": "Microsoft",
      "vendors": [
       "Microsoft"
      ],
      "product": "",
      "tags": "",
      "active": true,
      "source_url": "https://github.com/SigmaHQ/sigma/blob/master/rules/cloud/azure/audit_logs/azure_ad_certificate_based_authencation_enabled.yml",
      "license_details": {
       "name": "DRL",
       "url": "https://github.com/SigmaHQ/Detection-Rule-License"
      },
      "outcome": "detection",
      "created_timestamp": "2024-03-26T00:00:00Z",
      "modified_timestamp": "0001-01-01T00:00:00Z"
     },
     {
      "id": "e40f4962-b02b-4192-9bfe-245f7ece1f99",
      "name": "Multifactor Authentication Denied",
      "description": "User has indicated they haven't instigated the MFA prompt and could indicate an attacker has the password for the account.\n",
      "origin": "SigmaHQ",
      "severity": 50,
      "recommended": true,
      "query": "(#repo=\"microsoft_graphapi\" OR #repo=\"3pi_microsoft_entra_id\" OR #repo=\"fcs_csp_events\") #Vendor=\"microsoft\" #event.dataset=/entraid/\n| #event.kind=\"event\" \n| Vendor.initiatedBy.app.displayName=\"Azure MFA StrongAuthenticationService\" | #event.outcome=\"failure\"\n",
      "search_window_start": "-70m",
      "search_window_end": "-10m",
      "schedule": "1h",
      "author": "AlertIQ",
      "sigma_author": "",
      "category": "",
      "license": "",
      "tactic": "TA0001",
      "technique": "T1078.004",
      "mitre_attack": [
       {
        "tactic_id": "TA0001",
        "technique_id": "T1078.004"
       }
      ],
      "vendor": "Microsoft",
      "vendors": [
       "Microsoft"
      ],
      "product": "",
      "tags": "",
      "active": true,
      "source_url": "https://github.com/SigmaHQ/sigma/blob/master/rules/cloud/azure/signin_logs/azure_mfa_denies.yml",
      "license_details": {
       "name": "DRL",
       "url": "https://github.com/SigmaHQ/Detection-Rule-License"
      },
      "outcome": "detection",
      "created_timestamp": "2022-03-24T00:00:00Z",
      "modified_timestamp": "0001-01-01T00:00:00Z"
     },
     {
      "id": "50a3c7aa-ec29-44a4-92c1-fce229eef6fc",
      "name": "Microsoft - Entra ID - CA Policy Updated by Non Approved Actor - Sigma",
      "description": "Monitor and alert on conditional access changes. Is Initiated by (actor) approved to make changes? Review Modified Properties and compare \"old\" vs \"new\" value.\n",
      "origin": "SigmaHQ",
      "severity": 50,
      "recommended": true,
      "query": "#repo=\"microsoft_graphapi\" OR #repo=\"3pi_microsoft_entra_id\" OR #repo=\"fcs_csp_events\"\n| #Vendor=\"microsoft\" #event.dataset=/entraid/ \n| #event.kind=\"event\" #event.outcome=\"success\" \n| array:contains(array=\"event.category[]\", value=\"configuration\")\n| event.action=\"update-conditional-access-policy\"\n",
      "search_window_start": "-70m",
      "search_window_end": "-10m",
      "schedule": "1h",
      "author": "Corissa Koopmans, '@corissalea'",
      "sigma_author": "",
      "category": "",
      "license": "",
      "tactic": "TA0003",
      "technique": "T1556",
      "mitre_attack": [
       {
        "tactic_id": "TA0003",
        "technique_id": "T1556"
       }
      ],
      "vendor": "Microsoft",
      "vendors": [
       "Microsoft"
      ],
      "product": "",
      "tags": "",
      "active": true,
      "source_url": "https://github.com/SigmaHQ/sigma/blob/master/rules/cloud/azure/audit_logs/azure_aad_secops_ca_policy_updatedby_bad_actor.yml",
      "license_details": {
       "name": "DRL",
       "url": "https://github.com/SigmaHQ/Detection-Rule-License"
      },
      "outcome": "detection",
      "created_timestamp": "2022-07-19T00:00:00Z",
      "modified_timestamp": "0001-01-01T00:00:00Z"
     },
     {
      "id": "81387fc4-54fb-4dde-ac8e-906dc5d02d48",
      "name": "Microsoft - Azure - Managed Identity Federated Credentials Created",
      "description": "This rule identifies when federated credentials are added to a user managed identity. This behavior could indicate that an attacker has a foothold in the environment and is attempting to establish persistence through a managed identity, with federated credentials to an external identity provider under their control.\n",
      "origin": "CrowdStrike",
      "severity": 50,
      "recommended": true,
      "query": "#Vendor=\"microsoft\" #event.dataset=\"azure.activity\" #event.module=\"azure\" #repo!=\"xdr*\" \n| #event.outcome=\"success\"\n| event.action=\"MICROSOFT.MANAGEDIDENTITY/USERASSIGNEDIDENTITIES/FEDERATEDIDENTITYCREDENTIALS/WRITE\"     \n",
      "search_window_start": "-70m",
      "search_window_end": "-10m",
      "schedule": "1h",
      "author": "CrowdStrike",
      "sigma_author": "",
      "category": "",
      "license": "",
      "tactic": "TA0004",
      "technique": "T1484.002",
      "mitre_attack": [
       {
        "tactic_id": "TA0004",
        "technique_id": "T1484.002"
       }
      ],
      "vendor": "Microsoft",
      "vendors": [
       "Microsoft"
      ],
      "product": "",
      "tags": "",
      "active": true,
      "source_url": "",
      "license_details": {
       "name": "",
       "url": ""
      },
      "outcome": "detection",
      "created_timestamp": "2024-01-03T00:00:00Z",
      "modified_timestamp": "2025-02-21T00:00:00Z"
     },
     {
      "id": "e7d93f12-b8c4-47a9-ae56-9f2d8c3e5b1a",
      "name": "Microsoft - Azure - New Owner Role Assignment",
      "description": "This rule detects when an Owner role is successfully assigned within Azure Active Directory. Owner roles grant full access to manage all resources, including the ability to assign roles to other users, making this one of the most privileged roles in Azure. The detection specifically monitors for the successful completion of role assignments by correlating the initial assignment request with subsequent confirmation logs. This activity could indicate privilege escalation attempts or account takeover when performed by unexpected entities or during suspicious time windows.\n",
      "origin": "CrowdStrike",
      "severity": 70,
      "recommended": true,
      "query": "defineTable(\n  query={\n    #Vendor=\"microsoft\" #event.dataset=\"azure.activity\" #event.module=\"azure\" #repo!=\"xdr*\"\n    | #event.outcome=\"success\"\n    | event.action=\"MICROSOFT.AUTHORIZATION/ROLEASSIGNMENTS/WRITE\"\n  },\n  include=[Vendor.correlationId],\n  name=\"successful_owner_role_added\"\n)\n| #Vendor=\"microsoft\" #event.dataset=\"azure.activity\" #event.module=\"azure\" #repo!=\"xdr*\"\n// Check for generic role assignments\n| event.action=\"MICROSOFT.AUTHORIZATION/ROLEASSIGNMENTS/WRITE\"\n// For assignment initiations, parse the request body\n| parseJson(Vendor.properties.requestbody)\n// Check for Owner role assignments\n| Properties.RoleDefinitionId=/8e3af657-a8ff-443c-a75c-2fe8c4bcb635$/F\n// Check if the role assignment was actually completed or not via subsequent logs based on correlationId\n| match(\n    file=\"successful_owner_role_added\", \n    field=[Vendor.correlationId]\n  )\n",
      "search_window_start": "-70m",
      "search_window_end": "-10m",
      "schedule": "1h",
      "author": "CrowdStrike",
      "sigma_author": "",
      "category": "",
      "license": "",
      "tactic": "TA0003",
      "technique": "T1098.003",
      "mitre_attack": [
       {
        "tactic_id": "TA0003",
        "technique_id": "T1098.003"
       }
      ],
      "vendor": "Microsoft",
      "vendors": [
       "Microsoft"
      ],
      "product": "",
      "tags": "",
      "active": true,
      "source_url": "",
      "license_details": {
       "name": "",
       "url": ""
      },
      "outcome": "detection",
      "created_timestamp": "2024-12-18T00:00:00Z",
      "modified_timestamp": "2025-02-21T00:00:00Z"
     },
     {
      "id": "96abd510-8429-4b2b-baed-467c58038255",
      "name": "Microsoft - Azure - IP Address IOC Match",
      "description": "This rule identifies when a user attempts to access Microsoft Azure resources from an IP address associated with Crowdstrike's threat intelligence feed. This indicates a malicious actor has gained access to the Azure environment and is performing reconnaissance against it (it should be noted that IP addresses that were known to have hosted malicious activity in the past might not necessarily do so in the present).\n",
      "origin": "CrowdStrike",
      "severity": 50,
      "recommended": true,
      "query": "#Vendor=\"microsoft\" #event.dataset=\"azure.activity\" #event.module=\"azure\" #repo!=\"xdr*\"\n| #event.outcome=\"success\"\n| case {\n    source.ip=* | ioc:lookup(\"source.ip\", type=ip_address, strict=true) ;\n    Vendor.initiatedBy.user.ipAddress=* | ioc:lookup(\"Vendor.initiatedBy.user.ipAddress\", type=ip_address, strict=true) ; \n    Vendor.claims.ipaddr=* | ioc:lookup(\"Vendor.claims.ipaddr\", type=ip_address, strict=true) ; \n    Vendor.identity.claims.ipaddr=* | ioc:lookup(\"Vendor.identity.claims.ipaddr\", type=ip_address, strict=true);\n}\n",
      "search_window_start": "-70m",
      "search_window_end": "-10m",
      "schedule": "1h",
      "author": "CrowdStrike",
      "sigma_author": "",
      "category": "",
      "license": "",
      "tactic": "TA0007",
      "technique": "T1526",
      "mitre_attack": [
       {
        "tactic_id": "TA0007",
        "technique_id": "T1526"
       }
      ],
      "vendor": "Microsoft",
      "vendors": [
       "Microsoft"
      ],
      "product": "",
      "tags": "",
      "active": true,
      "source_url": "",
      "license_details": {
       "name": "",
       "url": ""
      },
      "outcome": "detection",
      "created_timestamp": "2024-11-18T00:00:00Z",
      "modified_timestamp": "2025-02-21T00:00:00Z"
     },
     {
      "id": "9ae24b89-869a-45e1-9bb2-8b323f3cf660",
      "name": "Microsoft - Azure - Network Security Group Modified to Allow Ingress from Public Internet",
      "description": "This rule detects the modification of network security group in Microsoft Azure to allow ingress traffic from public internet. Adversaries may utilize this technique to gain unrestricted access to the network.\n",
      "origin": "CrowdStrike",
      "severity": 50,
      "recommended": true,
      "query": "defineTable(\nquery={\n    #Vendor=\"microsoft\" #event.dataset=\"azure.activity\" #event.module=\"azure\" #repo!=\"xdr*\"\n    | event.action=\"MICROSOFT.NETWORK/NETWORKSECURITYGROUPS/SECURITYRULES/WRITE\"\n    | #event.outcome=\"success\"\n}, \n    include=[Vendor.correlationId],\n    name=\"successful_nsg_group_update\")\n| #Vendor=\"microsoft\" #event.dataset=\"azure.activity\" #event.module=\"azure\" #repo!=\"xdr*\"\n| event.action=\"MICROSOFT.NETWORK/NETWORKSECURITYGROUPS/SECURITYRULES/WRITE\"\n| Vendor.resultSignature=\"Accepted*\"\n| parseJson(Vendor.properties.responseBody)\n| properties.access=\"Allow\" properties.direction=\"Inbound\"\n| split(properties.sourceAddressPrefixes)\n| case {\n    properties.sourceAddressPrefix =~ in(values=[\"0.0.0.0/0\", \"::/0\"]);\n    properties.sourceAddressPrefix=/^\\*$/;\n    properties.sourceAddressPrefixes =~ in(values=[\"0.0.0.0/0\", \"::/0\"])\n    // Please uncomment the lines below if you wish to extend monitoring to any public IP range that gets added to a network security group ingress rule and is not associated with or considered legitimate by your organization\n    // properties.sourceAddressPrefix =~ !in(values=[\"1.2.3.4/24\"]\n    // properties.sourceAddressPrefixes =~ !in(values=[\"1.2.3.4/24\", \"5.6.7.8/24\"]\n}\n| match(file=\"successful_nsg_group_update\", field=[Vendor.correlationId])\n",
      "search_window_start": "-70m",
      "search_window_end": "-10m",
      "schedule": "1h",
      "author": "CrowdStrike",
      "sigma_author": "",
      "category": "",
      "license": "",
      "tactic": "TA0005",
      "technique": "T1562.007",
      "mitre_attack": [
       {
        "tactic_id": "TA0005",
        "technique_id": "T1562.007"
       }
      ],
      "vendor": "Microsoft",
      "vendors": [
       "Microsoft"
      ],
      "product": "",
      "tags": "",
      "active": true,
      "source_url": "",
      "license_details": {
       "name": "",
       "url": ""
      },
      "outcome": "detection",
      "created_timestamp": "2024-12-02T00:00:00Z",
      "modified_timestamp": "2025-02-21T00:00:00Z"
     },
     {
      "id": "dacdcd0a-1086-4724-ba4a-5ecafc66877e",
      "name": "Microsoft - Azure - Public Access Allowed to Storage Account",
      "description": "This rule detects the modification of Networking settings to enable public access of a Microsoft Azure Storage Account. Adversaries may utilize this technique to exfiltrate sensitive information.\n",
      "origin": "CrowdStrike",
      "severity": 30,
      "recommended": true,
      "query": "#Vendor=\"microsoft\" #event.dataset=\"azure.activity\" #event.module=\"azure\" #repo!=\"xdr*\"\n| #event.outcome=\"success\"\n| event.action=\"MICROSOFT.STORAGE/STORAGEACCOUNTS/WRITE\"\n| parseJson(Vendor.properties.responseBody)\n| properties.networkAcls.defaultAction=\"Allow\" properties.publicNetworkAccess=\"Enabled\"\n",
      "search_window_start": "-70m",
      "search_window_end": "-10m",
      "schedule": "1h",
      "author": "CrowdStrike",
      "sigma_author": "",
      "category": "",
      "license": "",
      "tactic": "TA0009",
      "technique": "T1530",
      "mitre_attack": [
       {
        "tactic_id": "TA0009",
        "technique_id": "T1530"
       }
      ],
      "vendor": "Microsoft",
      "vendors": [
       "Microsoft"
      ],
      "product": "",
      "tags": "",
      "active": true,
      "source_url": "",
      "license_details": {
       "name": "",
       "url": ""
      },
      "outcome": "detection",
      "created_timestamp": "2024-11-28T00:00:00Z",
      "modified_timestamp": "2025-02-21T00:00:00Z"
     },
     {
      "id": "0a1078f5-a6d8-4a65-81f1-2a655e65e109",
      "name": "Microsoft - Azure - Self-Assignment of Owner Role",
      "description": "This rule detects the self-assignment of owner role by a user. Adversaries may leverage this technique to achieve persistence and privilege escalation.\n",
      "origin": "CrowdStrike",
      "severity": 70,
      "recommended": true,
      "query": "defineTable(\n    query={\n        #Vendor=\"microsoft\" #event.dataset=\"azure.activity\" #event.module=\"azure\" #repo!=\"xdr*\"\n        | #event.outcome=\"success\"\n        | event.action =~ in(values=[\"MICROSOFT.AUTHORIZATION/ROLEASSIGNMENTS/WRITE\", \"MICROSOFT.AUTHORIZATION/ROLEELIGIBILITYSCHEDULEREQUESTS/WRITE\"]) \n        }, \n        include=[Vendor.correlationId],\n        name=\"successful_role_assignments\")\n| #Vendor=\"microsoft\" #event.dataset=\"azure.activity\" #event.module=\"azure\" #repo!=\"xdr*\"\n| event.action =~ in(values=[\"MICROSOFT.AUTHORIZATION/ROLEASSIGNMENTS/WRITE\", \"MICROSOFT.AUTHORIZATION/ROLEELIGIBILITYSCHEDULEREQUESTS/WRITE\"]) \n| parseJson(Vendor.properties.requestbody)\n| Properties.RoleDefinitionId=/8e3af657-a8ff-443c-a75c-2fe8c4bcb635/F\n| sourceUser := getField(\"Vendor.identity.claims.http://schemas.microsoft.com/identity/claims/objectidentifier\")\n| test(sourceUser == Properties.PrincipalId)\n| match(file=\"successful_role_assignments\", field=[Vendor.correlationId])\n",
      "search_window_start": "-70m",
      "search_window_end": "-10m",
      "schedule": "1h",
      "author": "CrowdStrike",
      "sigma_author": "",
      "category": "",
      "license": "",
      "tactic": "TA0004",
      "technique": "T1098.003",
      "mitre_attack": [
       {
        "tactic_id": "TA0004",
        "technique_id": "T1098.003"
       }
      ],
      "vendor": "Microsoft",
      "vendors": [
       "Microsoft"
      ],
      "product": "",
      "tags": "",
      "active": true,
      "source_url": "",
      "license_details": {
       "name": "",
       "url": ""
      },
      "outcome": "detection",
      "created_timestamp": "2024-12-12T00:00:00Z",
      "modified_timestamp": "2025-02-21T00:00:00Z"
     },
     {
      "id": "026a246b-82f2-4714-96e8-f4bfe3abb856",
      "name": "Microsoft - M365 SharePoint - KQL Search for Configuration Files or Scripts",
      "description": "This detection identifies attempts to use Keyword Query Language (KQL) in SharePoint to find configuration files or scripts. KQL enables rapid searching of large SharePoint sites, utilising unique \"Queriable\" fields such as \"FileExtension\". Whilst this feature is useful for legitimate purposes, attackers may exploit it to quickly locate sensitive information, developer tools, or system administration utilities that could aid in further compromise or lateral movement.\n\nThe rule specifically looks for KQL searches targeting file extensions commonly associated with scripts or configuration files (.ps1, .bat) or containing keywords that might indicate sensitive information (\"password\", \"ipconfig\"). The rule looks for multiple matches indicating a long search string, for example:\n  ((FileExtension:ps1 OR FileExtension:bat OR FileExtension:sh AND (content:\"password=* OR content:\"pwd\" OR content:\"secret\")\n",
      "origin": "CrowdStrike",
      "severity": 70,
      "recommended": true,
      "query": "#repo=\"3pi_mssharepoint\" #Vendor=\"microsoft\" #event.module=\"m365\" #event.dataset=\"m365.SharePoint\"\n| event.action=\"SearchQueryInitiatedSharePoint\" OR event.action=\"SearchQueryPerformed\"\n| coalesce([Vendor.SearchQueryText, Vendor.QueryText], as=\"Vendor.query_text\")\n| regex(\"(?\u003csuspicious_keyword\u003eFileExtension|filetype|ext|content)\\W+(?\u003csuspicious_search_term\u003erb?|vbs?|tsx?|jsx?|sh|bat|kt|scala|groovy|sql|go|java|cs|php|pl|py|cmd|psm?1|c|h|hta|ya?ml|ipconfig|ping|tracert|nslookup|net\\s?(?:user?|stat|localgroup)|p(?:ass)?w(?:or)?d|secret|(?:api)?.?key|token|bearer)(?:$|\\W)\", field=Vendor.query_text, repeat=true, flags=i)\n| groupBy([user.email], function=[\n    count(suspicious_search_term, as=\"_count_search_term\"),\n    count(suspicious_keyword, as=\"_count_keywords\"),\n    collect([suspicious_keyword,suspicious_search_term,event.action,Vendor.query_text,Vendor.Site,Vendor.ListUrl,client.ip,client.ip.org,client.ip.country,user_agent.original, #Vendor,#event.dataset,\"event.category[0]\"])\n    ]\n)\n// Adjust number below to change detection threshold\n| _count_search_term\u003e3 _count_keywords\u003e1\n| drop(_count_keywords)\n",
      "search_window_start": "-80m",
      "search_window_end": "-20m",
      "schedule": "1h",
      "author": "CrowdStrike",
      "sigma_author": "",
      "category": "",
      "license": "",
      "tactic": "TA0009",
      "technique": "T1213.002",
      "mitre_attack": [
       {
        "tactic_id": "TA0009",
        "technique_id": "T1213.002"
       }
      ],
      "vendor": "Microsoft",
      "vendors": [
       "Microsoft"
      ],
      "product": "",
      "tags": "",
      "active": true,
      "source_url": "",
      "license_details": {
       "name": "",
       "url": ""
      },
      "outcome": "detection",
      "created_timestamp": "2024-02-07T00:00:00Z",
      "modified_timestamp": "0001-01-01T00:00:00Z"
     },
     {
      "id": "a7b9541a-ab75-41bb-96eb-6263d68fcf30",
      "name": "Microsoft - Azure - Network Security Group Modified to Allow Egress to Public Internet",
      "description": "This rule detects the modification of network security group in Microsoft Azure to allow egress traffic to public internet. Adversaries may utilize this technique to exfiltrate sensitive information.    \n",
      "origin": "CrowdStrike",
      "severity": 50,
      "recommended": true,
      "query": "definetable(\n  query={\n          #Vendor=\"microsoft\" #event.dataset=\"azure.activity\" #event.module=\"azure\" #repo!=\"xdr*\"\n          | #event.outcome=\"success\"\n          | event.action=\"MICROSOFT.NETWORK/NETWORKSECURITYGROUPS/SECURITYRULES/WRITE\"\n      }, \n      name=\"successful_nsg_group_update\", include=[Vendor.correlationId]\n  )\n| #Vendor=\"microsoft\" #event.dataset=\"azure.activity\" #event.module=\"azure\" #repo!=\"xdr*\"\n| event.action=\"MICROSOFT.NETWORK/NETWORKSECURITYGROUPS/SECURITYRULES/WRITE\"\n| parseJson(Vendor.properties.responseBody)\n| properties.access=\"Allow\" properties.direction=\"Outbound\"\n| split(properties.destinationAddressPrefixes)\n| case {\n    properties.destinationAddressPrefix =~ in(values=[\"0.0.0.0/0\", \"::/0\"]);\n    properties.destinationAddressPrefix=/^\\*$/;\n    properties.destinationAddressPrefixes =~ in(values=[\"0.0.0.0/0\", \"::/0\"])\n    // Please uncomment below lines and add your organization's IP addresses to further fine-tune the rule\n    // properties.destinationAddressPrefix =~ !in(values=[\"1.2.3.4/24\"]\n    // properties.destinationAddressPrefixes =~ !in(values=[\"1.2.3.4/24\", \"5.6.7.8/24\"]\n}\n| match(file=\"successful_nsg_group_update\", field=[Vendor.correlationId])\n",
      "search_window_start": "-70m",
      "search_window_end": "-10m",
      "schedule": "1h",
      "author": "CrowdStrike",
      "sigma_author": "",
      "category": "",
      "license": "",
      "tactic": "TA0005",
      "technique": "T1562.007",
      "mitre_attack": [
       {
        "tactic_id": "TA0005",
        "technique_id": "T1562.007"
       }
      ],
      "vendor": "Microsoft",
      "vendors": [
       "Microsoft"
      ],
      "product": "",
      "tags": "",
      "active": true,
      "source_url": "",
      "license_details": {
       "name": "",
       "url": ""
      },
      "outcome": "detection",
      "created_timestamp": "2024-12-02T00:00:00Z",
      "modified_timestamp": "2025-02-21T00:00:00Z"
     },
     {
      "id": "a4562ecb-d04d-403d-9f11-5d696e93daa3",
      "name": "Microsoft - M365 SharePoint - Downloaded Files Added to Removable Storage",
      "description": "This rule detects when files are downloaded from SharePoint and then added to a removable storage device, potentially to be exfiltrated offsite. This rule will detect both files downloaded and synchronised to the device, however it will exclude any files that come from a /personal/ directory to improve rule efficiency. This detection requires CrowdStrike Identity Protection to correlate between the account in use online, and the account in use on the device. \n",
      "origin": "CrowdStrike",
      "severity": 50,
      "recommended": true,
      "query": "// Identify all the events that have been downloaded from SharePoint.\n// FileSyncDownloadedFull = files that have been synchronized via the OneDrive File Sync.\ndefineTable(\n    name=\"downloaded_files\",\n    query={\n        #Vendor=\"microsoft\" #event.module=\"m365\" #event.dataset=\"m365.SharePoint\"\n        | event.provider=\"SharePointFileOperation\"\n        | event.action=\"FileDownloaded\" OR event.action=\"FileSyncDownloadedFull\"\n        | user.email!=\"app@sharepoint\"\n        | url.original!=/\\/personal\\// // Excluding personal OneDrive directories\n        \n        // Edit below to only look for specific file extensions\n        //| file.extension =~ in(values=[EXT1, EXT2])\n        \n        // Edit the regex capture group below to only look for downloads from specific SharePoint sites\n        // For example to only capture files downloaded from TestLab: /sites\\/(?\u003cfile.directory\u003eTestLab)\\//i\n        \n        | Vendor.SiteUrl=/sites\\/(?\u003cfile.directory\u003e[^\\/]+)\\//\n    }, include=[event.action, user.email, file.name, file.directory]\n)\n| defineTable(\n    name=\"user_match\",\n    query={\n        #repo=\"base_sensor\" #event_simpleName=\"SsoUserLogon\"\n        | SourceAccountAzureId=* SourceEndpointHostName=* event_platform=\"PubC\"\n        | match(table=\"downloaded_files\", field=\"SourceAccountUserName\", column=\"user.email\")\n    }, include=[SourceAccountUserName, SourceEndpointHostName]\n)\n| #repo=\"base_sensor\" #event_simpleName=\"*FileWritten\" IsOnRemovableDisk=1\n| DiskParentDeviceInstanceId=/usb/i\n| match(table=\"user_match\", field=\"ComputerName\", column=\"SourceEndpointHostName\")\n| match(table=\"downloaded_files\", field=\"FileName\", column=\"file.name\")\n// Use format to establish an Activity Summary to make it easier to understand where the file came from\n| format(\"%s : %s : %s\", field=[event.action, file.directory, FileName], as=\"activity_summary\") \n| groupBy([ComputerName, DiskParentDeviceInstanceId],\n    function=[\n        count(FileName, distinct=true),\n        collect([SourceAccountUserName, activity_summary, LocalIP, aip, aid])\n    ])\n\n// Edit the below line if you want to set a threshold for copies\n//| _count\u003e3\n",
      "search_window_start": "-80m",
      "search_window_end": "-20m",
      "schedule": "1h",
      "author": "CrowdStrike",
      "sigma_author": "",
      "category": "",
      "license": "",
      "tactic": "TA0010",
      "technique": "T1052.001",
      "mitre_attack": [
       {
        "tactic_id": "TA0010",
        "technique_id": "T1052.001"
       }
      ],
      "vendor": "Microsoft",
      "vendors": [
       "Microsoft",
       "CrowdStrike"
      ],
      "product": "",
      "tags": "",
      "active": true,
      "source_url": "",
      "license_details": {
       "name": "",
       "url": ""
      },
      "outcome": "detection",
      "created_timestamp": "2024-03-20T00:00:00Z",
      "modified_timestamp": "0001-01-01T00:00:00Z"
     },
     {
      "id": "ffdbb846-4d87-4cbc-94c8-7b6e0a4e8f8d",
      "name": "Microsoft - Azure - Diagnostic Settings Deleted",
      "description": "This rule detects the deletion of diagnostic settings in Microsoft Azure. Diagnostic settings are often used to forward critical logs used for infrastructure and security monitoring. An adversary may delete diagnostic settings to bypass detection mechanisms that rely on these logs.\n",
      "origin": "CrowdStrike",
      "severity": 50,
      "recommended": true,
      "query": "#Vendor=\"microsoft\" #event.module=\"azure\" #event.dataset=\"azure.activity\" #repo!=\"xdr*\"\n| #event.outcome=\"success\"\n| event.action=\"MICROSOFT.INSIGHTS/DIAGNOSTICSETTINGS/DELETE\"\n",
      "search_window_start": "-70m",
      "search_window_end": "-10m",
      "schedule": "1h",
      "author": "CrowdStrike",
      "sigma_author": "",
      "category": "",
      "license": "",
      "tactic": "TA0005",
      "technique": "T1562.008",
      "mitre_attack": [
       {
        "tactic_id": "TA0005",
        "technique_id": "T1562.008"
       }
      ],
      "vendor": "Microsoft",
      "vendors": [
       "Microsoft"
      ],
      "product": "",
      "tags": "",
      "active": true,
      "source_url": "",
      "license_details": {
       "name": "",
       "url": ""
      },
      "outcome": "detection",
      "created_timestamp": "2024-12-10T00:00:00Z",
      "modified_timestamp": "2025-03-20T00:00:00Z"
     }
    ]
   }