{
    "meta": {
        "query_time": 0.053843251,
        "powered_by": "svc-cscrrulestemplates",
        "trace_id": "061ecd8d32e89f846127312be47dd5e3"
    },
    "errors": [],
    "resources": [
        {
            "id": "55461280-4588-4a60-9976-401206bebc4c",
            "name": "Mimecast - Email Security - Email Delivered from Suspicious Sender IP Address",
            "description": "This rule identifies email messages that were successfully delivered to intended recipients, where the sender IP address is flagged as malicious or suspicious by CrowdStrike's threat intelligence feed. This may indicate a potential phishing or malware campaign, and warrants further investigation to determine the legitimacy of the email and potential impact on the organization. \nBy default, an IOC confidence level threshold of “unverified” is being used, meaning that IOC has been reported but not yet verified. Adjust the confidence level threshold as necessary. For more information about ioc:lookup function, see https://library.humio.com/data-analysis/functions-ioc-lookup.html.\n",
            "origin": "CrowdStrike",
            "severity": 50,
            "recommended": true,
            "query": "#repo=\"mimecast\" #Vendor=\"mimecast\" #event.module=\"emailsecurity\" #event.dataset=\"emailsecurity.delivery\" #event.kind=\"event\"\n| email.direction=\"inbound\" Vendor.delivered=\"true\"\n| Vendor.aggregateId =~ join(\n    {\n        #repo=\"mimecast\" #Vendor=\"mimecast\" #event.module=\"emailsecurity\" #event.dataset=\"emailsecurity.receipt\" #event.kind=\"event\"\n        | email.direction=\"inbound\" event.action=\"Acc\"\n        | ioc:lookup(field=[source.ip], type=\"ip_address\", confidenceThreshold=\"unverified\", strict=\"true\")\n    },\n    include=[\"source.ip\", \"ioc.detected\", \"ioc[0].indicator\", \"ioc[0].labels\", \"ioc[0].malicious_confidence\"]\n)\n",
            "search_window_start": "-70m",
            "search_window_end": "-10m",
            "schedule": "1h",
            "author": "CrowdStrike",
            "sigma_author": "",
            "category": "",
            "license": "",
            "tactic": "TA0001",
            "technique": "T1566",
            "mitre_attack": [
                {
                    "tactic_id": "TA0001",
                    "technique_id": "T1566"
                }
            ],
            "vendor": "Mimecast",
            "vendors": [
                "Mimecast"
            ],
            "product": "",
            "tags": "",
            "active": true,
            "source_url": "",
            "license_details": {
                "name": "",
                "url": ""
            },
            "outcome": "detection",
            "created_timestamp": "2024-09-24T00:00:00Z",
            "modified_timestamp": "0001-01-01T00:00:00Z"
        },
        {
            "id": "e512bc77-15c4-496f-98b1-388831ee40cc",
            "name": "Mimecast - Email Security - Potential Email Spam Flooding (Statistical Baseline)",
            "description": "This rule identifies a potential flood of inbound email messages where the volume of delivered emails for a recipient is significantly higher compared with the past 14 days baseline. Detection logic has 3 steps: (1) a list of top 500 recipients by count of inbound emails is generated at first step; (2) for recipients in the list, the average and standard deviation of inbound emails volume is calculated based on 14-day historical data; (3) a threshold for email volume of \"average + (5 × standard deviation)\" is applied.\nThe aim of this rule is to detect adversaries known to use multi-step social engineering techniques, where victims are flooded with a high volume of unwanted emails before receiving vishing phone calls impersonating IT support, and using the email flood as a lure in order to get access to victims' systems.\nDefault search window is 2 hours, and this was determined based on observed duration of the flood activity before the vishing attempts. Customers that are willing to change the search window are also required to update the span parameter in bucket() function and the end of search time interval for subquery in Live Table 2, as indicated in the comments. The rule search window should match the value set for the span parameter and the end of the subquery time interval.\nThis rule may generate false positives since email volume might vary depending on many conditions, and customers are expected to tune the rule based on the guidance provided in search query comments. There are minimum thresholds for inbound email count (150) and distinct senders count (5), that can be adjusted as needed. The threshold of \"average + (5 × standard deviation)\" can be modified, and exclusions can be added for trusted senders or sender domains.\n",
            "origin": "CrowdStrike",
            "severity": 50,
            "recommended": true,
            "query": "// Ad-hoc table 1: Top 500 recipients by count of inbound emails\n// Search time window: same as configured for rule schedule (default 2h)\n| defineTable(\n    query={\n        #repo=\"mimecast\" #Vendor=\"mimecast\" #event.module=\"emailsecurity\" #event.dataset=\"emailsecurity.delivery\" #event.kind=\"event\"\n        | email.direction=\"inbound\" Vendor.delivered=\"true\"\n        // Apply exclusions for trusted sources here \n        // IMPORTANT: Exclusion filters must be identical in both tables \u0026 main query \n        // E.g. email.from.address[0]!=\"sender@sender_domain.com\" OR email.from.address[0]!=/sender_domain\\.com$/ \n        | groupBy(\n            field=email.to.address[0],\n            function=[\n                count(Vendor.processingId, distinct=true, as=_count_of_unique_messages),\n                count(email.from.address[0], distinct=true, as=_count_of_distinct_senders)\n            ],\n            limit=max\n        )\n        | _count_of_unique_messages \u003e 150 // Minimum count of the inbound emails, adjust as needed\n        | _count_of_distinct_senders \u003e 5 // Minimum count of distinct senders, adjust as needed\n        | sort(field=_count_of_unique_messages, order=\"desc\", limit=500)\n    },\n    include=[email.to.address[0]],\n    name=\"_mimecast_email_security_potential_email_spam_flooding_statistical_baseline_adhoc_table_1\"\n)\n// Ad-hoc table 2: 14-day baseline statistics for top recipients\n| defineTable(\n    query={ \n        #repo=\"mimecast\" #Vendor=\"mimecast\" #event.module=\"emailsecurity\" #event.dataset=\"emailsecurity.delivery\" #event.kind=\"event\"\n        | email.direction=\"inbound\" Vendor.delivered=\"true\"\n        // Apply exclusions for trusted sources here \n        // IMPORTANT: Exclusion filters must be identical in both tables \u0026 main query \n        // E.g. email.from.address[0]!=\"sender@sender_domain.com\" OR email.from.address[0]!=/sender_domain\\.com$/ \n        | match(\n            file=\"_mimecast_email_security_potential_email_spam_flooding_statistical_baseline_adhoc_table_1\",\n            field=[email.to.address[0]],\n            strict=\"true\"\n        )\n        | bucket(\n            span=2h, // IMPORTANT: Span parameter should match the search time window specified in the rule schedule. Update this parameter if rule is not configured using default schedule\n            field=email.to.address[0],\n            function=count(Vendor.processingId, distinct=true, as=_count_of_unique_messages),\n            limit=500\n        )\n        | groupBy(\n            field=email.to.address[0],\n            function=[\n                _average_count_past_14days := avg(_count_of_unique_messages),\n                _std_deviation_past_14days := stdDev(_count_of_unique_messages)\n            ],\n            limit=max\n        )\n    },\n    start=14d,\n    end=2h, // IMPORTANT: End parameter should match the search time window specified in the rule schedule. Update this parameter if rule is not configured using default schedule\n    include=[email.to.address[0], _average_count_past_14days, _std_deviation_past_14days],\n    name=\"_mimecast_email_security_potential_email_spam_flooding_statistical_baseline_adhoc_table_2\"\n)\n// Main query\n| #repo=\"mimecast\" #Vendor=\"mimecast\" #event.module=\"emailsecurity\" #event.dataset=\"emailsecurity.delivery\" #event.kind=\"event\"\n| email.direction=\"inbound\" Vendor.delivered=\"true\"\n// Apply exclusions for trusted sources here \n// IMPORTANT: Exclusion filters must be identical in both tables \u0026 main query \n// E.g. email.from.address[0]!=\"sender@sender_domain.com\" OR email.from.address[0]!=/sender_domain\\.com$/ \n| match(\n    file=\"_mimecast_email_security_potential_email_spam_flooding_statistical_baseline_adhoc_table_2\",\n    field=[email.to.address[0]],\n    include=[_average_count_past_14days, _std_deviation_past_14days],\n    strict=true\n)\n| groupBy(\n    field=email.to.address[0],\n    function=[\n        count(Vendor.processingId, distinct=true, as=_count_of_unique_messages),\n        count(field=email.from.address[0], distinct=true, as=_count_of_distinct_senders),\n        collect([#Vendor, #event.module, event.category[0], _average_count_past_14days, _std_deviation_past_14days])\n    ],\n    limit=max\n)\n// The multiplier of standard deviations used in the threshold calculation can be adjusted here\n// Lower thresholds like \"average + (4 * standard deviation)\" will catch more events but may increase false positives, while higher thresholds like \"average + (6 * standard deviation)\" will have fewer false positives but might miss some flooding events\n| _threshold := _average_count_past_14days + 5 * _std_deviation_past_14days\n| test(_count_of_unique_messages \u003e _threshold)\n",
            "search_window_start": "-120m",
            "search_window_end": "0m",
            "schedule": "2h",
            "author": "CrowdStrike",
            "sigma_author": "",
            "category": "",
            "license": "",
            "tactic": "TA0001",
            "technique": "T1566",
            "mitre_attack": [
                {
                    "tactic_id": "TA0001",
                    "technique_id": "T1566"
                }
            ],
            "vendor": "Mimecast",
            "vendors": [
                "Mimecast"
            ],
            "product": "",
            "tags": "",
            "active": true,
            "source_url": "",
            "license_details": {
                "name": "",
                "url": ""
            },
            "outcome": "detection",
            "created_timestamp": "2025-02-25T00:00:00Z",
            "modified_timestamp": "0001-01-01T00:00:00Z"
        },
        {
            "id": "44c98350-45ab-4394-92f9-70580a1936e9",
            "name": "Mimecast - Email Security - Email Delivered from Suspicious Sender Domain",
            "description": "This rule identifies email messages that were successfully delivered to intended recipients, where the sender domain name is flagged as malicious or suspicious by CrowdStrike's threat intelligence feed. This may indicate a potential phishing or malware campaign, and warrants further investigation to determine the legitimacy of the email and potential impact on the organization. \nBy default, an IOC confidence level threshold of “unverified” is being used, meaning that IOC has been reported but not yet verified. Adjust the confidence level threshold as necessary. For more information about ioc:lookup function, see https://library.humio.com/data-analysis/functions-ioc-lookup.html.\n",
            "origin": "CrowdStrike",
            "severity": 50,
            "recommended": true,
            "query": "#repo=\"mimecast\" #event.dataset=\"emailsecurity.delivery\"\n| #event.kind=\"event\"\n| email.direction=\"inbound\" Vendor.delivered=\"true\"\n| Vendor.aggregateId =~ join(\n    {\n        #repo=\"mimecast\" #event.dataset=\"emailsecurity.receipt\" \n        | #event.kind=\"event\"\n        | email.direction=\"inbound\" event.action=\"Acc\"\n        // Extract Envelope From \u0026 Header From domain names \n        | email.from.address[0]=/[@](?\u003c_email.EnvelopeFrom_domain\u003e[^$]+)/\n        | email.sender.address=/[@](?\u003c_email.HeaderFrom_domain\u003e[^$]+)/\n        | case {\n            // IOC Lookup for Header From domain name\n            ioc:lookup(field=[_email.HeaderFrom_domain], type=\"domain\", confidenceThreshold=\"unverified\", strict=\"true\");\n            // IOC Lookup for Envelope From domain names, if distinct\n            test(_email.EnvelopeFrom_domain!=_email.HeaderFrom_domain) | ioc:lookup(field=[_email.EnvelopeFrom_domain], type=\"domain\", confidenceThreshold=\"unverified\", strict=\"true\");\n        }\n    },\n    include=[\"email.sender.address\", \"_email.HeaderFrom_domain\", \"_email.EnvelopeFrom_domain\", \"ioc.detected\", \"ioc[0].indicator\", \"ioc[0].labels\", \"ioc[0].malicious_confidence\"]\n)\n",
            "search_window_start": "-70m",
            "search_window_end": "-10m",
            "schedule": "1h",
            "author": "CrowdStrike",
            "sigma_author": "",
            "category": "",
            "license": "",
            "tactic": "TA0001",
            "technique": "T1566",
            "mitre_attack": [
                {
                    "tactic_id": "TA0001",
                    "technique_id": "T1566"
                }
            ],
            "vendor": "Mimecast",
            "vendors": [
                "Mimecast"
            ],
            "product": "",
            "tags": "",
            "active": true,
            "source_url": "",
            "license_details": {
                "name": "",
                "url": ""
            },
            "outcome": "detection",
            "created_timestamp": "2024-11-08T00:00:00Z",
            "modified_timestamp": "0001-01-01T00:00:00Z"
        },
        {
            "id": "06548668-18f5-4c21-bf5e-a5d34cc41783",
            "name": "Mimecast - Email Security - Potential Email Spam Flooding (Static Threshold)",
            "description": "This rule identifies a potential flood of inbound email spam messages where the volume of delivered messages for a recipient is higher than a set of statically configured thresholds: count of inbound messages (default: \u003e150), count of distinct senders (default: \u003e50), and message to sender ratio (default: \u003c3; low values indicates a high distribution of senders). All thresholds are evaluated within a 30-minute time window.\nThe aim of this rule is to detect adversaries known to use multi-step social engineering techniques, where victims are flooded with a high volume of unwanted emails before receiving vishing phone calls impersonating IT support, and using the email flood as a lure in order to get access to victims' systems.\nThis rule may generate false positives since email volume might vary depending on many conditions, and customers are expected to tune the rule by applying exclusions for trusted senders and sender domains, and by adjusting the static thresholds.\n",
            "origin": "CrowdStrike",
            "severity": 50,
            "recommended": true,
            "query": "#repo=\"mimecast\" #Vendor=\"mimecast\" #event.module=\"emailsecurity\" #event.dataset=\"emailsecurity.delivery\" #event.kind=\"event\"\n| email.direction=\"inbound\" Vendor.delivered=\"true\"\n// Apply exclusions for trusted sources here\n// E.g. email.from.address[0]!=\"sender@sender_domain.com\" OR email.from.address[0]!=/sender_domain\\.com$/\n| groupby(\n    field=[email.to.address[0]],\n    function=[\n        count(Vendor.processingId, distinct=true, as=_count_of_unique_messages),\n        count(field=email.from.address[0], distinct=true, as=_count_of_distinct_senders),\n        collect([#Vendor, #event.module, event.category[0]])\n    ],\n    limit=max\n)\n| _count_of_unique_messages \u003e 150 // Minimum count of the inbound messages, adjust as needed\n| _count_of_distinct_senders \u003e 50 // Minimum count of distinct senders, adjust as needed\n| _message_to_sender_ratio := _count_of_unique_messages / _count_of_distinct_senders\n| _message_to_sender_ratio \u003c 3 // Message to sender ratio - low values indicates a high distribution of senders, adjust as needed\n",
            "search_window_start": "-40m",
            "search_window_end": "-10m",
            "schedule": "30m",
            "author": "CrowdStrike",
            "sigma_author": "",
            "category": "",
            "license": "",
            "tactic": "TA0001",
            "technique": "T1566",
            "mitre_attack": [
                {
                    "tactic_id": "TA0001",
                    "technique_id": "T1566"
                }
            ],
            "vendor": "Mimecast",
            "vendors": [
                "Mimecast"
            ],
            "product": "",
            "tags": "",
            "active": true,
            "source_url": "",
            "license_details": {
                "name": "",
                "url": ""
            },
            "outcome": "detection",
            "created_timestamp": "2025-03-10T00:00:00Z",
            "modified_timestamp": "0001-01-01T00:00:00Z"
        },
        {
            "id": "11b46c1c-d3db-400c-98b3-ce62986c5009",
            "name": "Mimecast - Email Security - DLP Policy Violation for Outbound Message",
            "description": "This rule detects when an outbound email message triggers a Data Leak Prevention (DLP) policy in Mimecast Email Security. The rule is designed to identify potential data leaks or sensitive information being sent via email, allowing for appropriate response and remediation. The rule triggers when a Mimecast Email Security log indicates that an outbound email message has matched a DLP policy, regardless of the specifics of the policy or vendor action.\nCustomers are expected to fine-tune the rule's applicability to relevant policies and vendor actions to optimize its effectiveness.\nBefore enabling this rule, it is essential to deploy and test appropriate Content Examination policies in Mimecast Email Security to ensure accurate detection and minimize false positives.\n",
            "origin": "CrowdStrike",
            "severity": 50,
            "recommended": true,
            "query": "#repo=\"mimecast\" #Vendor=\"mimecast\" #event.module=\"emailsecurity\" #event.dataset=\"emailsecurity.dlp\" #event.kind=\"event\"\n| Vendor.route=\"outbound\" \n// Add exclusions below this line. Examples:\n//| event.action =~! in(values=[\"disable_stationery\", \"secure_messaging\"])\n//| Vendor.policy =~! in(values=[\"Policy name\", \"Policy name\"])\n",
            "search_window_start": "-70m",
            "search_window_end": "-10m",
            "schedule": "1h",
            "author": "CrowdStrike",
            "sigma_author": "",
            "category": "",
            "license": "",
            "tactic": "TA0010",
            "technique": "T1048",
            "mitre_attack": [
                {
                    "tactic_id": "TA0010",
                    "technique_id": "T1048"
                }
            ],
            "vendor": "Mimecast",
            "vendors": [
                "Mimecast"
            ],
            "product": "",
            "tags": "",
            "active": true,
            "source_url": "",
            "license_details": {
                "name": "",
                "url": ""
            },
            "outcome": "detection",
            "created_timestamp": "2024-10-04T00:00:00Z",
            "modified_timestamp": "0001-01-01T00:00:00Z"
        },
        {
            "id": "fdacef69-6b73-4007-814a-de4263bc0be9",
            "name": "Mimecast - Email Security - Spam Message Delivered",
            "description": "This rule identifies inbound email messages that were classified by Mimecast Email Security as “Spam”, but has still been delivered to intended recipients based on current spam policy configuration. Typically, spam messages should be quarantined or blocked, but if they bypass existing filtering controls and reach user inboxes, it may indicate potential security gaps in email security policies.\n",
            "origin": "CrowdStrike",
            "severity": 30,
            "recommended": true,
            "query": "#repo=\"mimecast\" #Vendor=\"mimecast\" #event.module=\"emailsecurity\" #event.dataset=\"emailsecurity.delivery\" #event.kind=\"event\"\n| email.direction=\"inbound\" Vendor.delivered=\"true\"\n| Vendor.aggregateId =~ join(\n    {\n        #repo=\"mimecast\" #Vendor=\"mimecast\" #event.module=\"emailsecurity\" #event.dataset=\"emailsecurity.spam\" #event.kind=\"event\"\n    }\n)\n",
            "search_window_start": "-70m",
            "search_window_end": "-10m",
            "schedule": "1h",
            "author": "CrowdStrike",
            "sigma_author": "",
            "category": "",
            "license": "",
            "tactic": "TA0001",
            "technique": "T1566",
            "mitre_attack": [
                {
                    "tactic_id": "TA0001",
                    "technique_id": "T1566"
                }
            ],
            "vendor": "Mimecast",
            "vendors": [
                "Mimecast"
            ],
            "product": "",
            "tags": "",
            "active": true,
            "source_url": "",
            "license_details": {
                "name": "",
                "url": ""
            },
            "outcome": "detection",
            "created_timestamp": "2024-10-14T00:00:00Z",
            "modified_timestamp": "0001-01-01T00:00:00Z"
        },
        {
            "id": "fff8daa1-9e54-4e24-801f-cf6e615ef26e",
            "name": "Mimecast - Email Security - Suspicious Attachment Type Detected",
            "description": "This rule detects inbound email messages that were successfully delivered by Mimecast Email Security gateway, containing attachments with suspicious file extensions such as executables, scripts, or macro-enabled documents. The rule aims to detect potential malware delivery campaigns or phishing attempts where adversaries may attempt to lure victims to open such attachments. These types of attacks are common vectors for data breaches and malware infections, and if confirmed malicious, could lead to unauthorized access to sensitive information, system compromise, or data exfiltration.\nSome attachment types, such as HTML files, may be used for legitimate purposes, such as email newsletters or marketing campaigns. To minimize false positives, customers are expected to apply exclusions based on sender email address or domain, or other means, to filter out legitimate traffic.\n",
            "origin": "CrowdStrike",
            "severity": 50,
            "recommended": true,
            "query": "// Ad-hoc table: Mimecast Email Security Gateway \"process\" events, where a suspicious attachment type is found\n| defineTable( \n    query={\n        #Vendor=\"mimecast\" #event.module=\"emailsecurity\" #event.dataset=\"emailsecurity.process\" #event.kind=\"event\" #repo!=\"xdr_*\" \n        | event.action=/acc/i // Ignore any event where message was held or rejected\n        | case {\n            // Executable file formats\n            Vendor.attachments=/\\.(?\u003c_dangerous_attachment_file_extension\u003e(acm|app|application|ax|chm|com|cpl|dll|dmg|drv|efi|exe|hlp|msc|msi|msp|mui|ocx|scr|sys))($|,)/i;\n            // Script file formats\n            Vendor.attachments=/\\.(?\u003c_dangerous_attachment_file_extension\u003e(bat|cmd|csh|hta|htc|je|js|jse|ksh|ps1|ps1xml|psc1|ps2|ps2xml|psc2|py|pyc|pyo|pyz|pyzw|sh|vb|vba|vbe|vbs|ws|wsc|wsf|wsh))($|,)/i;\n            // Shortcut file formats\n            Vendor.attachments=/\\.(?\u003c_dangerous_attachment_file_extension\u003e(ink|lnk|pif|scf))($|,)/i;\n            // Macro-enabled or suspicious document formats  (legacy MS Office formats like .doc, .xsl, or .ppt not included due to false positives concern; consider including if appropriate)\n            Vendor.attachments=/\\.(?\u003c_dangerous_attachment_file_extension\u003e(docm|dot|dotm|iqy|pptm|potm|ppam|ppsm|pub|rtf|sldm|xla|xlsm|xlt|xltm|xlam))($|,)/i;\n            // Other risky file formats\n            Vendor.attachments=/\\.(?\u003c_dangerous_attachment_file_extension\u003e(html|inf|iso|img|jar|jnpl|reg|rdp|vhd|vhdx|tsp))($|,)/i;\n            // File formats observed in exploitation campaigns like those related to CVE-2024-43451, or CVE-2025-24054\n            Vendor.attachments=/\\.(?\u003c_dangerous_attachment_file_extension\u003e(library-ms|url|website))($|,)/i;\n        }\n        | groupBy([Vendor.processingId, Vendor.attachments, _dangerous_attachment_file_extension], function=[], limit=max)\n    }, \n    include=[Vendor.processingId, Vendor.attachments, _dangerous_attachment_file_extension], \n    name=\"mimecast_email_security_suspicious_attachment_type_detected_adhoc_table\"\n)    \n| #Vendor=\"mimecast\" #event.module=\"emailsecurity\" #event.dataset=\"emailsecurity.delivery\" #event.kind=\"event\" #repo!=\"xdr_*\" \n| Vendor.delivered=\"true\"\n| case { \n    email.direction=\"inbound\";\n    email.direction!=*; //Include messages where \"email.direction\" is not specified in the event\n}\n| match(file=\"mimecast_email_security_suspicious_attachment_type_detected_adhoc_table\", field=[Vendor.processingId], include=[Vendor.attachments, _dangerous_attachment_file_extension], strict=\"true\")\n| email.from.address[0]=/@(?\u003c_senderDomain\u003e.+)$/\n| email.to.address[0]=/@(?\u003c_recipientDomain\u003e.+)$/\n| test(_recipientDomain!=_senderDomain) //Exclude events where sender and recipient domain are the same\n//Add additional exclusions below this line\n//E.g. Exclude messages from example.com having a single HTML attachment\n//| NOT (_senderDomain=\"example.com\" _dangerous_attachment_file_extension=/html/i Vendor.numberAttachments=1)\n| groupBy(field=[Vendor.processingId], limit=max, function=collect([email.subject, email.from.address[0], _senderDomain, email.to.address[0], _recipientDomain, Vendor.numberAttachments, Vendor.attachments, _dangerous_attachment_file_extension, email.message_id]))\n",
            "search_window_start": "-70m",
            "search_window_end": "-10m",
            "schedule": "1h",
            "author": "CrowdStrike",
            "sigma_author": "",
            "category": "",
            "license": "",
            "tactic": "TA0001",
            "technique": "T1566.001",
            "mitre_attack": [
                {
                    "tactic_id": "TA0001",
                    "technique_id": "T1566.001"
                }
            ],
            "vendor": "Mimecast",
            "vendors": [
                "Mimecast"
            ],
            "product": "",
            "tags": "",
            "active": true,
            "source_url": "",
            "license_details": {
                "name": "",
                "url": ""
            },
            "outcome": "detection",
            "created_timestamp": "2024-10-07T00:00:00Z",
            "modified_timestamp": "2025-04-24T00:00:00Z"
        }
    ]
}