{
    "meta": {
     "query_time": 0.081174917,
     "powered_by": "svc-cscrrulestemplates",
     "trace_id": "e63edf4d121a6ec58818ebbe1aa84413"
    },
    "errors": [],
    "resources": [
     {
      "id": "c755e2bb-9191-4aca-8a1e-425bad002769",
      "name": "Generic - Network - TOR Traffic to the Internet",
      "description": "This rule detects traffic associated with TOR applications or ports commonly used by TOR, which adversaries might exploit to avoid detection on the environment.\n",
      "origin": "CrowdStrike",
      "severity": 50,
      "recommended": true,
      "query": "#repo!=xdr_*\n| #Vendor =~ in(values=[\"akamai\",\"aws\",\"cisco\",\"cloudflare\",\"corelight\",\"extrahop\",\"fortinet\",\"microsoft\",\"netskope\",\"nozomi\",\"paloalto\",\"skyhigh\",\"zscaler\"])\n| #event.kind=\"event\"\n| array:contains(array=\"event.category[]\", value=\"network\")\n| network.transport=\"tcp\"\n| case {\n    destination.port =~ in(values=[\"9001\", \"9030\", \"9040\", \"9050\", \"9051\", \"9150\"]);\n    destination.port=\"443\" network.application=/^tor/i\n}\n| cidr(source.ip, subnet=[\"10.0.0.0/8\", \"172.16.0.0/12\", \"192.168.0.0/16\", \"fe80::/10\", \"169.254.0.0/16\"])\n| !cidr(destination.ip, subnet=[\"10.0.0.0/8\", \"172.16.0.0/12\", \"192.168.0.0/16\", \"fe80::/10\", \"169.254.0.0/16\"])\n",
      "search_window_start": "-70m",
      "search_window_end": "-10m",
      "schedule": "1h",
      "author": "CrowdStrike",
      "sigma_author": "",
      "category": "",
      "license": "",
      "tactic": "TA0011",
      "technique": "T1090.003",
      "mitre_attack": [
       {
        "tactic_id": "TA0011",
        "technique_id": "T1090.003"
       }
      ],
      "vendor": "Akamai",
      "vendors": [
       "Akamai",
       "AWS",
       "Cisco",
       "Cloudflare",
       "Corelight",
       "ExtraHop",
       "Fortinet",
       "Microsoft",
       "Netskope",
       "Nozomi Networks",
       "Palo Alto Networks",
       "Skyhigh",
       "Zscaler"
      ],
      "product": "",
      "tags": "",
      "active": true,
      "source_url": "",
      "license_details": {
       "name": "",
       "url": ""
      },
      "outcome": "detection",
      "created_timestamp": "2024-10-23T00:00:00Z",
      "modified_timestamp": "0001-01-01T00:00:00Z"
     },
     {
      "id": "768af8e6-bef9-4c09-bd3e-e38520514031",
      "name": "Netskope - SSE - TOR Traffic Detected",
      "description": "This rule identifies TOR application traffic or traffic over ports commonly related to TOR.\n",
      "origin": "CrowdStrike",
      "severity": 50,
      "recommended": true,
      "query": "#repo=\"netskope\" #Vendor=\"netskope\" #event.module=\"sse\" \n| !cidr(destination.ip, subnet=[\"10.0.0.0/8\", \"172.16.0.0/12\", \"192.168.0.0/16\", \"fe80::/10\", \"169.254.0.0/16\"])\n| cidr(source.ip, subnet=[\"10.0.0.0/8\", \"172.16.0.0/12\", \"192.168.0.0/16\", \"fe80::/10\", \"169.254.0.0/16\"])\n| case {\n    destination.port=~in(values=[\"9001\", \"9030\", \"9040\", \"9050\", \"9051\", \"9150\"]);\n    network.application=\"tor anonymity network\"\n}\n",
      "search_window_start": "-70m",
      "search_window_end": "-10m",
      "schedule": "1h",
      "author": "CrowdStrike",
      "sigma_author": "",
      "category": "",
      "license": "",
      "tactic": "TA0011",
      "technique": "T1090.003",
      "mitre_attack": [
       {
        "tactic_id": "TA0011",
        "technique_id": "T1090.003"
       }
      ],
      "vendor": "Netskope",
      "vendors": [
       "Netskope"
      ],
      "product": "",
      "tags": "",
      "active": true,
      "source_url": "",
      "license_details": {
       "name": "",
       "url": ""
      },
      "outcome": "detection",
      "created_timestamp": "2024-10-04T00:00:00Z",
      "modified_timestamp": "0001-01-01T00:00:00Z"
     },
     {
      "id": "7cb4f3d6-2e99-4e97-bd74-5c8f5895490d",
      "name": "Netskope - SSE - Domain IOC Match",
      "description": "This rule identifies when a domain within Netskope's web traffic logs matches an IOC from CrowdStrike's Threat Intelligence Feed. The web request must be allowed for the detection to trigger.\n",
      "origin": "CrowdStrike",
      "severity": 50,
      "recommended": true,
      "query": "#repo=\"netskope\" #Vendor=\"netskope\" #event.module=\"sse\" \n| #event.kind=\"event\" Vendor.action!=\"block\"\n| url.original=/(?\u003curl_domain\u003e(?:[a-z0-9](?:[a-z0-9-_]{0,61}[a-z0-9])?\\.)+[a-z0-9][a-z0-9-_]{0,61}[a-z0-9])/\n| ioc:lookup(field=url_domain, type=\"domain\")\n| ioc.detected=\"true\"\n",
      "search_window_start": "-70m",
      "search_window_end": "-10m",
      "schedule": "1h",
      "author": "CrowdStrike",
      "sigma_author": "",
      "category": "",
      "license": "",
      "tactic": "TA0011",
      "technique": "T1071",
      "mitre_attack": [
       {
        "tactic_id": "TA0011",
        "technique_id": "T1071"
       }
      ],
      "vendor": "Netskope",
      "vendors": [
       "Netskope"
      ],
      "product": "",
      "tags": "",
      "active": true,
      "source_url": "",
      "license_details": {
       "name": "",
       "url": ""
      },
      "outcome": "detection",
      "created_timestamp": "2024-10-07T00:00:00Z",
      "modified_timestamp": "0001-01-01T00:00:00Z"
     },
     {
      "id": "36f6e80d-925f-4160-8d4c-042e6973df4d",
      "name": "Generic - Network - Mass SMB Connections to External IP Addresses",
      "description": "This rule detects a single host establishing an abnormally high number of Server Message Block (SMB) connections to external IP addresses within a short period, potentially indicating a compromised host engaged in reconnaissance for lateral movement. By default the alerting threshold for total unique number of IP addresses is set to 1000. \n",
      "origin": "CrowdStrike",
      "severity": 70,
      "recommended": true,
      "query": "#repo!=\"xdr_*\"   \n| #Vendor =~ in(values=[\"akamai\",\"aws\",\"cisco\",\"corelight\",\"extrahop\",\"fortinet\",\"aruba\",\"microsoft\",\"netskope\",\"nozomi\",\"paloalto\",\"radware\",\"zscaler\"])\n| #event.kind=\"event\"\n| array:contains(array=\"event.category[]\", value=\"network\")\n| destination.port =~ in(values=[\"445\",\"135\"])\n| cidr(source.ip, subnet=[\"10.0.0.0/8\", \"172.16.0.0/12\", \"192.168.0.0/16\", \"fe80::/10\", \"169.254.0.0/16\"])\n| !cidr(destination.ip, subnet=[\"10.0.0.0/8\", \"172.16.0.0/12\", \"192.168.0.0/16\", \"fe80::/10\", \"169.254.0.0/16\"])\n| groupBy([source.ip], function=[count(destination.ip, distinct=true, as=dest_ip_count), collect([destination.port])])\n| dest_ip_count\u003e=1000 \n",
      "search_window_start": "-70m",
      "search_window_end": "-10m",
      "schedule": "1h",
      "author": "CrowdStrike",
      "sigma_author": "",
      "category": "",
      "license": "",
      "tactic": "TA0008",
      "technique": "T1021.002",
      "mitre_attack": [
       {
        "tactic_id": "TA0008",
        "technique_id": "T1021.002"
       }
      ],
      "vendor": "Akamai",
      "vendors": [
       "Akamai",
       "AWS",
       "Cisco",
       "Corelight",
       "ExtraHop",
       "Fortinet",
       "HPE Aruba Networking",
       "Microsoft",
       "Netskope",
       "Nozomi Networks",
       "Palo Alto Networks",
       "Radware",
       "Zscaler"
      ],
      "product": "",
      "tags": "",
      "active": true,
      "source_url": "",
      "license_details": {
       "name": "",
       "url": ""
      },
      "outcome": "detection",
      "created_timestamp": "2024-10-08T00:00:00Z",
      "modified_timestamp": "2024-10-22T00:00:00Z"
     },
     {
      "id": "eed1f5bf-da7d-4ea4-b02a-9cbfbd243904",
      "name": "Generic - Network - Mass SMB Connections to Internal IP Addresses",
      "description": "This rule detects a single host establishing an abnormally high number of Server Message Block (SMB) connections within a short period, potentially indicating a compromised host engaged in reconnaissance for lateral movement. By default the alerting threshold for total unique number of IP addresses is set to 1000. \n",
      "origin": "CrowdStrike",
      "severity": 50,
      "recommended": true,
      "query": "#repo!=\"xdr_*\"   \n| #Vendor =~ in(values=[\"akamai\",\"aws\",\"cisco\",\"corelight\",\"extrahop\",\"fortinet\",\"aruba\",\"microsoft\",\"netskope\",\"nozomi\",\"paloalto\",\"radware\",\"zscaler\"])\n| #event.kind=\"event\"\n| array:contains(array=\"event.category[]\", value=\"network\")\n| destination.port =~ in(values=[\"445\",\"135\"])\n| cidr(source.ip, subnet=[\"10.0.0.0/8\", \"172.16.0.0/12\", \"192.168.0.0/16\", \"fe80::/10\", \"169.254.0.0/16\"])\n| cidr(destination.ip, subnet=[\"10.0.0.0/8\", \"172.16.0.0/12\", \"192.168.0.0/16\", \"fe80::/10\", \"169.254.0.0/16\"])\n| groupBy([source.ip], function=[count(destination.ip, distinct=true, as=dest_ip_count), collect([destination.port])])\n| dest_ip_count\u003e=1000\n",
      "search_window_start": "-70m",
      "search_window_end": "-10m",
      "schedule": "1h",
      "author": "CrowdStrike",
      "sigma_author": "",
      "category": "",
      "license": "",
      "tactic": "TA0008",
      "technique": "T1021.002",
      "mitre_attack": [
       {
        "tactic_id": "TA0008",
        "technique_id": "T1021.002"
       }
      ],
      "vendor": "Akamai",
      "vendors": [
       "Akamai",
       "AWS",
       "Cisco",
       "Corelight",
       "ExtraHop",
       "Fortinet",
       "HPE Aruba Networking",
       "Microsoft",
       "Netskope",
       "Nozomi Networks",
       "Palo Alto Networks",
       "Radware",
       "Zscaler"
      ],
      "product": "",
      "tags": "",
      "active": true,
      "source_url": "",
      "license_details": {
       "name": "",
       "url": ""
      },
      "outcome": "detection",
      "created_timestamp": "2024-10-08T00:00:00Z",
      "modified_timestamp": "2024-10-22T00:00:00Z"
     },
     {
      "id": "a4ba102a-d164-4fd5-b9ac-79bb287e1fae",
      "name": "Generic - Web - HTTP Request With a Suspicious User Agent",
      "description": "This rule identifies a web request that was made with a suspicious user agent. \nIt focuses on detecting user agents commonly associated with Scripting activities, Cryptocurrency mining operations, Obfuscation techniques and other potentially malicious or unauthorized automated activities\n",
      "origin": "CrowdStrike",
      "severity": 50,
      "recommended": true,
      "query": "#Vendor=\"akamai\" OR #Vendor=\"aws\" OR #Vendor=\"cisco\" OR #Vendor=\"cloudflare\" OR #Vendor=\"corelight\" OR #Vendor=\"extrahop\" OR #Vendor=\"f5networks\" OR #Vendor=\"fortinet\" OR #Vendor=\"microsoft\" OR #Vendor=\"netskope\" OR #Vendor=\"okta\" OR #Vendor=\"paloalto\" OR #Vendor=\"proofpoint\" OR #Vendor=\"zscaler\"\n| #event.kind=\"event\"\n| match(file=\"falcon/ngsiem-content/suspicious_user_agents.csv\",field=user_agent.original,column=user_agent.original)\n// Exclude domains which are known vulnerability scanners or may cause false positives\n//| url.original =~ !in(values=[\"www.bing.com\", \"cloud.tenable.com\"])\n",
      "search_window_start": "-70m",
      "search_window_end": "-10m",
      "schedule": "1h",
      "author": "CrowdStrike",
      "sigma_author": "",
      "category": "",
      "license": "",
      "tactic": "TA0011",
      "technique": "T1071.001",
      "mitre_attack": [
       {
        "tactic_id": "TA0011",
        "technique_id": "T1071.001"
       }
      ],
      "vendor": "Cloudflare",
      "vendors": [
       "Akamai",
       "AWS",
       "Cisco",
       "Cloudflare",
       "Corelight",
       "ExtraHop",
       "F5",
       "Fortinet",
       "Microsoft",
       "Netskope",
       "Okta",
       "Palo Alto Networks",
       "Proofpoint",
       "Zscaler"
      ],
      "product": "",
      "tags": "",
      "active": true,
      "source_url": "",
      "license_details": {
       "name": "",
       "url": ""
      },
      "outcome": "detection",
      "created_timestamp": "2025-02-02T00:00:00Z",
      "modified_timestamp": "0001-01-01T00:00:00Z"
     },
     {
      "id": "2846a0b8-5355-4996-b9be-0c3d9369bd6d",
      "name": "Generic - Network - Suspicious Outbound LDAP Connection",
      "description": "This rule identifies internal IP addresses making LDAP requests to external addresses that exist in CrowdStrike's Threat Intelligence Feed.\n",
      "origin": "CrowdStrike",
      "severity": 70,
      "recommended": true,
      "query": "#repo!=\"xdr_*\" \n| #Vendor =~ in(values=[\"akamai\",\"aws\",\"cisco\",\"corelight\",\"extrahop\",\"fortinet\",\"aruba\",\"microsoft\",\"netskope\",\"nozomi\",\"paloalto\",\"radware\",\"zscaler\"])\n| #event.kind=\"event\"\n| array:contains(array=\"event.category[]\", value=\"network\")\n| destination.port =~ in(values=[\"389\", \"636\", \"3268\"])\n| cidr(source.ip, subnet=[\"10.0.0.0/8\", \"172.16.0.0/12\", \"192.168.0.0/16\", \"fe80::/10\", \"169.254.0.0/16\"])\n| !cidr(destination.ip, subnet=[\"10.0.0.0/8\", \"172.16.0.0/12\", \"192.168.0.0/16\", \"fe80::/10\", \"169.254.0.0/16\"])\n| ioc:lookup(field=[destination.ip],type=\"ip_address\",confidenceThreshold=\"unverified\")\n| ioc.detected=\"true\"\n",
      "search_window_start": "-70m",
      "search_window_end": "-10m",
      "schedule": "1h",
      "author": "CrowdStrike",
      "sigma_author": "",
      "category": "",
      "license": "",
      "tactic": "TA0001",
      "technique": "T1190",
      "mitre_attack": [
       {
        "tactic_id": "TA0001",
        "technique_id": "T1190"
       }
      ],
      "vendor": "Akamai",
      "vendors": [
       "Akamai",
       "AWS",
       "Cisco",
       "Corelight",
       "ExtraHop",
       "Fortinet",
       "HPE Aruba Networking",
       "Microsoft",
       "Netskope",
       "Nozomi Networks",
       "Palo Alto Networks",
       "Radware",
       "Zscaler"
      ],
      "product": "",
      "tags": "",
      "active": true,
      "source_url": "",
      "license_details": {
       "name": "",
       "url": ""
      },
      "outcome": "detection",
      "created_timestamp": "2024-10-10T00:00:00Z",
      "modified_timestamp": "2024-10-22T00:00:00Z"
     },
     {
      "id": "232f01ce-0f80-4f56-aa69-1b003890d3e7",
      "name": "Generic - Web - URL IOC Match",
      "description": "This rule identifies web-related events where the URL is flagged by CrowdStrike's threat intelligence feed, which may indicate malicious activity. By default, the rule uses IOCs with a confidence level of 'high'. You can adjust the lowest level of confidence for IOCs to consider, as necessary.\n",
      "origin": "CrowdStrike",
      "severity": 70,
      "recommended": true,
      "query": "#repo!=xdr_*\n| #Vendor =~ in(values=[\"akamai\",\"cisco\",\"cloudflare\",\"extrahop\",\"aruba\",\"microsoft\",\"netskope\",\"nozomi\",\"paloalto\",\"pingidentity\",\"qualys\",\"radware\",\"zscaler\"])\n| #event.kind=\"event\"\n| array:contains(\"event.category[]\", value=\"network\")\n| case {\n    url.original=\"http*\" | ioc:lookup(url.original, type=\"url\", confidenceThreshold=high, strict=true);\n    url.full=\"http*\" | ioc:lookup(url.full, type=\"url\", confidenceThreshold=high, strict=true)\n}\n",
      "search_window_start": "-70m",
      "search_window_end": "-10m",
      "schedule": "1h",
      "author": "CrowdStrike",
      "sigma_author": "",
      "category": "",
      "license": "",
      "tactic": "TA0011",
      "technique": "T1071.001",
      "mitre_attack": [
       {
        "tactic_id": "TA0011",
        "technique_id": "T1071.001"
       }
      ],
      "vendor": "Akamai",
      "vendors": [
       "Akamai",
       "Cisco",
       "Cloudflare",
       "ExtraHop",
       "HPE Aruba Networking",
       "Microsoft",
       "Netskope",
       "Nozomi Networks",
       "Palo Alto Networks",
       "Ping Identity",
       "Qualys",
       "Radware",
       "Zscaler"
      ],
      "product": "",
      "tags": "",
      "active": true,
      "source_url": "",
      "license_details": {
       "name": "",
       "url": ""
      },
      "outcome": "detection",
      "created_timestamp": "2024-10-25T00:00:00Z",
      "modified_timestamp": "0001-01-01T00:00:00Z"
     },
     {
      "id": "a2f5d4c7-c220-43fd-87df-b82711fc8d2b",
      "name": "Netskope - SSE - IP Address IOC Match",
      "description": "This rule identifies when an IP address within Netskope's traffic logs matches an IOC from CrowdStrike's Threat Intelligence Feed. The IP IOC could either be a source IP (but excluding blocked events), or a destination IP (all actions/events).\n",
      "origin": "CrowdStrike",
      "severity": 50,
      "recommended": true,
      "query": "#repo=\"netskope\" #Vendor=\"netskope\" #event.module=\"sse\"  \n| #event.kind=\"event\"\n| case{\n    // outbound traffic\n    !cidr(destination.ip, subnet=[\"10.0.0.0/8\", \"172.16.0.0/12\", \"192.168.0.0/16\", \"fe80::/10\", \"169.254.0.0/16\"])\n    | cidr(source.ip, subnet=[\"10.0.0.0/8\", \"172.16.0.0/12\", \"192.168.0.0/16\", \"fe80::/10\", \"169.254.0.0/16\"])\n    | direction := \"outbound\"\n    | ioc:lookup(field=destination.ip, type=\"ip_address\", include=[\"malicious_confidence\", \"labels\"]);\n    // inbound traffic\n    cidr(destination.ip, subnet=[\"10.0.0.0/8\", \"172.16.0.0/12\", \"192.168.0.0/16\", \"fe80::/10\", \"169.254.0.0/16\"])\n    | !cidr(source.ip, subnet=[\"10.0.0.0/8\", \"172.16.0.0/12\", \"192.168.0.0/16\", \"fe80::/10\", \"169.254.0.0/16\"])\n    | Vendor.action!=\"block\"\n    | direction := \"inbound\"\n    | ioc:lookup(field=source.ip, type=\"ip_address\", include=[\"malicious_confidence\", \"labels\"])\n}\n| ioc.detected=\"true\"\n",
      "search_window_start": "-70m",
      "search_window_end": "-10m",
      "schedule": "1h",
      "author": "CrowdStrike",
      "sigma_author": "",
      "category": "",
      "license": "",
      "tactic": "TA0011",
      "technique": "T1071",
      "mitre_attack": [
       {
        "tactic_id": "TA0011",
        "technique_id": "T1071"
       }
      ],
      "vendor": "Netskope",
      "vendors": [
       "Netskope"
      ],
      "product": "",
      "tags": "",
      "active": true,
      "source_url": "",
      "license_details": {
       "name": "",
       "url": ""
      },
      "outcome": "detection",
      "created_timestamp": "2024-10-03T00:00:00Z",
      "modified_timestamp": "0001-01-01T00:00:00Z"
     },
     {
      "id": "7b572e89-685f-4fdb-bf8c-73b040d87e40",
      "name": "Generic - Network - IP Address IOC Match",
      "description": "This rule identifies network traffic involving suspicious IP addresses by using a lookup in CrowdStrike's database of IOCs. The rule considers IOCs with a confidence level of 'unverified' or higher. Note that the confidence level threshold can be adjusted as necessary. For more information about the ioc:lookup() function, see https://library.humio.com/data-analysis/functions-ioc-lookup.html.\n",
      "origin": "CrowdStrike",
      "severity": 50,
      "recommended": true,
      "query": "#repo!=\"xdr_*\"\n| #Vendor =~ in(values=[\"akamai\",\"arista\",\"aws\",\"cisco\",\"cloudflare\",\"corelight\",\"extrahop\",\"fortinet\",\"aruba\",\"linux\",\"microsoft\",\"netskope\",\"nozomi\",\"paloalto\",\"radware\",\"skyhigh\",\"vectra\",\"zscaler\"])\n| #event.kind=\"event\" \n| array:contains(array=\"event.category[]\", value=\"network\")\n| coalesce([source.ip, client.ip, related.ip, \"EMPTY\"], as=\"ip_coalesce_source\")\n| coalesce([destination.ip, server.ip, \"EMPTY\"], as=\"ip_coalesce_destination\")\n| case {\n    ip_coalesce_source!=\"EMPTY\"\n        | !cidr(ip_coalesce_source, subnet=[\"10.0.0.0/8\", \"172.16.0.0/12\", \"192.168.0.0/16\", \"127.0.0.0/8\"])\n        | case {\n            ip_coalesce_destination=\"EMPTY\";\n            cidr(ip_coalesce_destination, subnet=[\"10.0.0.0/8\", \"172.16.0.0/12\", \"192.168.0.0/16\", \"127.0.0.0/8\"]);\n        }\n        | ip_of_interest := ip_coalesce_source;\n    ip_coalesce_destination!=\"EMPTY\"\n      | !cidr(ip_coalesce_destination, subnet=[\"10.0.0.0/8\", \"172.16.0.0/12\", \"192.168.0.0/16\", \"127.0.0.0/8\"])\n      | case {\n          ip_coalesce_source=\"EMPTY\";\n            cidr(ip_coalesce_source, subnet=[\"10.0.0.0/8\", \"172.16.0.0/12\", \"192.168.0.0/16\", \"127.0.0.0/8\"]);\n        }\n        | ip_of_interest := ip_coalesce_destination;\n}\n| groupBy([ip_of_interest], function=collect([#Vendor,#event.module, ip_coalesce_source, ip_coalesce_destination]))\n| ioc:lookup(field=ip_of_interest, type=\"ip_address\", confidenceThreshold=\"unverified\", strict=\"true\")\n",
      "search_window_start": "-70m",
      "search_window_end": "-10m",
      "schedule": "1h",
      "author": "CrowdStrike",
      "sigma_author": "",
      "category": "",
      "license": "",
      "tactic": "",
      "technique": "",
      "mitre_attack": [],
      "vendor": "Akamai",
      "vendors": [
       "Akamai",
       "Arista Networks",
       "AWS",
       "Cisco",
       "Cloudflare",
       "Corelight",
       "ExtraHop",
       "Fortinet",
       "HPE Aruba Networking",
       "Linux",
       "Microsoft",
       "Netskope",
       "Nozomi Networks",
       "Palo Alto Networks",
       "Radware",
       "Skyhigh",
       "Vectra AI",
       "Zscaler"
      ],
      "product": "",
      "tags": "",
      "active": true,
      "source_url": "",
      "license_details": {
       "name": "",
       "url": ""
      },
      "outcome": "detection",
      "created_timestamp": "2024-10-25T00:00:00Z",
      "modified_timestamp": "0001-01-01T00:00:00Z"
     },
     {
      "id": "0a4d6a3d-6d42-45ef-be3d-a48db460b9ab",
      "name": "Netskope - SSE - Multiple Detections from Single User",
      "description": "This rule identifies scenarios where a single user has triggered multiple Netskope Threat Protection detections in a short period of time. These detections typically identify anomalous user behavior such as compromised credentials, data exfiltration, insider threats, privileged account access abuse, and more.\n",
      "origin": "CrowdStrike",
      "severity": 50,
      "recommended": true,
      "query": "#repo=\"netskope\" #Vendor=\"netskope\" #event.module=\"sse\" \n| Vendor.action=~in(values=[\"anomaly_detection\",\"Detection\"],ignoreCase=true)\n| Vendor.category!=/whitelist/i\n// Uncomment and modify the below case statement as required to exclude benign events\n// | case{\n//     Vendor.policy=\"Bulk Download\"\n//     | file.size \u003e= 1000000;\n//     Vendor.policy=\"Bulk Upload\"\n//     | Vendor.site=~!in(values=[\"Microsoft Office 365 Sharepoint Sites\",\"Microsoft OneDrive\",\"Microsoft Office 365 OneDrive for Business\"]);\n//     Vendor.policy!=/Bulk\\s(Upload|Download)/i\n// }\n| file_array := splitString(field=Vendor.object, by=\";\")\n| files := array:length(\"file_array[]\")\n| groupBy(Vendor.user, function=[collect([Vendor.site, Vendor.action, Vendor.policy, Vendor.event_type, Vendor.category, files, Vendor.object, Vendor.object_type, Vendor.file_type, url.original]), count(Vendor.policy, distinct=true, as=dc_signature)], limit=500)\n| dc_signature\u003e2\n",
      "search_window_start": "-70m",
      "search_window_end": "-10m",
      "schedule": "1h",
      "author": "CrowdStrike",
      "sigma_author": "",
      "category": "",
      "license": "",
      "tactic": "TA0010",
      "technique": "T1537",
      "mitre_attack": [
       {
        "tactic_id": "TA0010",
        "technique_id": "T1537"
       }
      ],
      "vendor": "Netskope",
      "vendors": [
       "Netskope"
      ],
      "product": "",
      "tags": "",
      "active": true,
      "source_url": "",
      "license_details": {
       "name": "",
       "url": ""
      },
      "outcome": "detection",
      "created_timestamp": "2024-10-04T00:00:00Z",
      "modified_timestamp": "0001-01-01T00:00:00Z"
     },
     {
      "id": "224fcd10-675c-4501-9507-343494019afb",
      "name": "Netskope - SSE - Spike in Malware Alerts",
      "description": "This rule identifies an unusual spike in malware alerts for the same entity (user, host, or client IP) within a short timeframe, indicating a potential compromise or security risk that might require prioritized assessment and response actions. The aim of this rule is to aggregate vendor alerts related to malware detections, compute a risk score based on assigned severity and event type, and generate a detection when both the risk score and count of vendor alerts exceed established thresholds.\nCustomers should be aware that individual vendor alerts might also generate separate detections based on existing parsing logic and detection exclusions configured in their environment. This may result in some duplication between individual alerts and this aggregated detection.\nCustomers are expected to configure this rule and apply exclusions in the query logic according to their specific needs. Tuning options include exclusions based on alert information (malware/adware type and name), actions that triggered the original detections (download, upload, browse), and modifications to risk score and alert count thresholds to align with their environment and risk tolerance.\n",
      "origin": "CrowdStrike",
      "severity": 70,
      "recommended": true,
      "query": "#Vendor=\"netskope\" #event.module=\"sse\" #repo!=xdr_*\n| Vendor.alert=/yes/Fi Vendor.alert_type=/malware/Fi\n| case {\n    Vendor.severity=/critical/Fi | _riskScore := 5;\n    Vendor.severity=/high/Fi | _riskScore := 3;\n    Vendor.severity=/medium/Fi | _riskScore := 2;\n    * | _riskScore := 1;\n}\n| case {\n    event.action=/download/Fi | _riskScore := _riskScore + 5;\n    event.action=/upload/Fi | _riskScore := _riskScore + 3;\n    event.action=/scan/Fi | _riskScore := _riskScore + 1;\n}\n| _impactedEntity := coalesce([Vendor.user, host.hostname, client.ip])\n| groupBy(\n    field=_impactedEntity,\n    function=[\n        sum(_riskScore, as=_entityRiskScore),\n        count(as=_malwareAlertsCount),\n        collect([event.action, Vendor.action, Vendor.alert_type, Vendor.alert_name, Vendor.severity, Vendor.action, Vendor.category, Vendor.policy, url.original, Vendor.object, Vendor.object_type, Vendor.file_path, Vendor.file_type, file.hash.md5, Vendor.user, host.hostname, client.ip, source.ip, destination.ip, Vendor.traffic_type, Vendor.page, Vendor.cci, Vendor.ccl, Vendor.acked, user_agent.original])],\n    limit=max\n)\n| _entityRiskScore \u003e 19\n| _malwareAlertsCount \u003e 4",
      "search_window_start": "-70m",
      "search_window_end": "-10m",
      "schedule": "1h",
      "author": "CrowdStrike",
      "sigma_author": "",
      "category": "",
      "license": "",
      "tactic": "TA0001",
      "technique": "T1189",
      "mitre_attack": [
       {
        "tactic_id": "TA0001",
        "technique_id": "T1189"
       }
      ],
      "vendor": "Netskope",
      "vendors": [
       "Netskope"
      ],
      "product": "",
      "tags": "",
      "active": true,
      "source_url": "",
      "license_details": {
       "name": "",
       "url": ""
      },
      "outcome": "detection",
      "created_timestamp": "2025-04-14T00:00:00Z",
      "modified_timestamp": "0001-01-01T00:00:00Z"
     }
    ]
   }