{
    "meta": {
     "query_time": 0.035807544,
     "powered_by": "svc-cscrrulestemplates",
     "trace_id": "55c318c59045bfd70c8fcc7969b71646"
    },
    "errors": [],
    "resources": [
     {
      "id": "e426f3ad-99c1-4501-88c3-ab3787e06f2d",
      "name": "Okta - SSO - Potential Successful Password Spray Attack",
      "description": "This rule detects potential password spraying attacks against Okta SSO accounts by identifying instances where an increased rate of authentication failures are observed within a 1-hour time window, and there is at least one successful authentication event originating from the same source. Events are clustered by Autonomous System (AS) Organization associated with the client IP, as adversaries might be using different IP addresses to execute the attack and try to evade traditional brute force detection.\nThis pattern may indicate that an adversary is attempting to gain access to multiple accounts using a commonly used password or a list of leaked credentials.\n",
      "origin": "CrowdStrike",
      "severity": 50,
      "recommended": true,
      "query": "#repo=\"okta\" #Vendor=\"okta\" #event.module=\"sso\"\n| #event.kind=\"event\"\n| case {\n    array:contains(\"event.category[]\", value=\"authentication\");\n    array:contains(\"event.category[]\", value=\"session\");\n}\n\n| #event.outcome match {\n    success =\u003e success_count := 1;\n    failure =\u003e failure_count := 1;\n}\n| user.name=\"*\" client.ip=\"*\"\n| asn(\"client.ip\")\n| groupby(field=[#repo,client.ip.org], function=[sum(success_count, as=\"total_success\"), sum(failure_count, as=\"total_failure\"), count(as=\"total\"), count(client.ip, as=\"total_ips\", distinct=\"true\"), count(user.name, as=\"total_users\", distinct=\"true\")]) \n| percent_fail := total_failure/total*100\n| percent_success := total_success/total*100\n//Adjust thresholds below as appropriate\n| total_failure\u003e100\n| percent_fail\u003e70\n| total_users\u003e20\n| total_ips\u003e1\n| percent_success\u003e0 \n",
      "search_window_start": "-70m",
      "search_window_end": "-10m",
      "schedule": "1h",
      "author": "CrowdStrike",
      "sigma_author": "",
      "category": "",
      "license": "",
      "tactic": "TA0006",
      "technique": "T1110.003",
      "mitre_attack": [
       {
        "tactic_id": "TA0006",
        "technique_id": "T1110.003"
       }
      ],
      "vendor": "Okta",
      "vendors": [
       "Okta"
      ],
      "product": "",
      "tags": "",
      "active": true,
      "source_url": "",
      "license_details": {
       "name": "",
       "url": ""
      },
      "outcome": "detection",
      "created_timestamp": "2024-09-04T00:00:00Z",
      "modified_timestamp": "0001-01-01T00:00:00Z"
     },
     {
      "id": "2bd42917-bd54-40c9-801d-a5b1351dc3f7",
      "name": "Okta - SSO - Unauthorized Activity Spike in a Short Period",
      "description": "This rule detects a sudden burst of unsuccessful activity for a single Okta entity.\nThe focus is on identifying attempts to perform actions that result in failure, particularly due to insufficient permissions or technical prevention mechanisms.\nBy monitoring and analyzing these unsuccessful attempts, the rule aims to flag potential security threats unauthorized access attempts.\n",
      "origin": "CrowdStrike",
      "severity": 30,
      "recommended": true,
      "query": "#Vendor=\"okta\" #event.module=\"sso\"\n| #event.outcome=\"failure\" #event.kind=\"event\"\n// Exclude additional noisy users \n| user.name =~ NOT in(values=[\"system@okta.com\"])\n| groupBy(user.name, function=[count(), collect([event.action, message, event.reason, Vendor.AppInstance.displayName])])\n| _count\u003e=30 \n",
      "search_window_start": "-70m",
      "search_window_end": "-10m",
      "schedule": "1h",
      "author": "CrowdStrike",
      "sigma_author": "",
      "category": "",
      "license": "",
      "tactic": "TA0001",
      "technique": "T1078",
      "mitre_attack": [
       {
        "tactic_id": "TA0001",
        "technique_id": "T1078"
       }
      ],
      "vendor": "Okta",
      "vendors": [
       "Okta"
      ],
      "product": "",
      "tags": "",
      "active": true,
      "source_url": "",
      "license_details": {
       "name": "",
       "url": ""
      },
      "outcome": "detection",
      "created_timestamp": "2024-11-25T00:00:00Z",
      "modified_timestamp": "0001-01-01T00:00:00Z"
     },
     {
      "id": "d55f6eb4-543f-425a-97df-7e32fc77487e",
      "name": "Okta - SSO - User Logins from Multiple Countries",
      "description": "Identifies an Okta user with logins from multiple countries within a relatively short time period. This behavior may be indicative of account compromise where an attacker is attempting to log in from a country that is different from the user's.\n",
      "origin": "CrowdStrike",
      "severity": 50,
      "recommended": true,
      "query": "#repo=\"okta\" #event.module=\"sso\"\n| #event.kind=\"event\" | array:contains(\"event.category[]\", value=\"session\") | array:contains(\"event.type[]\", value=\"start\")\n| event.action=\"user.session.start\"\n| groupBy(user.name,\n    function=[\n        count(client.geo.country_name, distinct=true, as=distinct_country),\n        collect([client.ip, client.geo.country_name, client.geo.region_name, client.geo.city_name, Vendor.AppInstance.displayName, user_agent.original])\n    ]\n)\n| distinct_country\u003e=2\n",
      "search_window_start": "-12h",
      "search_window_end": "-10m",
      "schedule": "5m",
      "author": "CrowdStrike",
      "sigma_author": "",
      "category": "",
      "license": "",
      "tactic": "TA0001",
      "technique": "T1078.004",
      "mitre_attack": [
       {
        "tactic_id": "TA0001",
        "technique_id": "T1078.004"
       }
      ],
      "vendor": "Okta",
      "vendors": [
       "Okta"
      ],
      "product": "",
      "tags": "",
      "active": true,
      "source_url": "",
      "license_details": {
       "name": "",
       "url": ""
      },
      "outcome": "detection",
      "created_timestamp": "2024-09-04T00:00:00Z",
      "modified_timestamp": "0001-01-01T00:00:00Z"
     },
     {
      "id": "11037c38-e588-4ec7-b9ee-e5f1250bbe6a",
      "name": "Okta - SSO - Single Device Multiple Users",
      "description": "This rule identifies when the same dtHash has been observed across multiple users. Actors when conducting compromise will often leverage the same device once conditional access policies have been bypassed.\n",
      "origin": "CrowdStrike",
      "severity": 30,
      "recommended": true,
      "query": "#repo=\"okta\" #event.module=\"sso\" \n| #event.outcome=\"success\"\n| array:contains(array=\"event.category[]\", value=\"session\")\n| event.action=\"user.session.start\" user.name!=\"system@okta.com\"\n| lower(user.name, as=user.name)\n// Remove the adm- or adm from the front of a username to prevent False Positives for one individual with multiple accounts. Commonly seen with administrators\n// | user.name=/^(?:adm(\\-|\\_)?)?(?\u003cuserNormalized\u003e[^$]+)/i\n/*\n  The fidelity of the rule may be increased by uncommenting the 'case' statement that looks for suspicious Okta indicators associated with the events.\n  However, this could also result in false negatives if the adversary activity lacks those indicators.\n*/\n// | case {\n//    Vendor.debugContext.debugData.threatSuspected=\"true\";\n//    Vendor.securityContext.isProxy=\"true\"\n//    | Vendor.client.device!=\"Mobile\" \n//    | Vendor.client.userAgent.os!=/iphone/i \n//    | Vendor.debugContext.debugData.proxyType!=\"privacy proxy\" \n//    | client.as.organization.name!=/fastly|akami|cloudflare/i;\n//    Vendor.debugContext.debugData.behaviors=/(Device|IP|Country|State|Velocity)(?:\\s+Eval)?\\=(?:POSITIVE|UNKNOWN)/i;\n// }\n| ipLocation(source.ip)\n| groupBy([Vendor.debugContext.debugData.deviceFingerprint, Vendor.debugContext.debugData.dtHash], function=[count(userNormalized, distinct=true, as=dcUser), count(client.user.full_name, distinct=true, as=dcName)])\n| dcUser\u003e=2 dcName\u003e=2\n",
      "search_window_start": "-70m",
      "search_window_end": "-10m",
      "schedule": "1h",
      "author": "CrowdStrike",
      "sigma_author": "",
      "category": "",
      "license": "",
      "tactic": "TA0001",
      "technique": "T1078",
      "mitre_attack": [
       {
        "tactic_id": "TA0001",
        "technique_id": "T1078"
       }
      ],
      "vendor": "Okta",
      "vendors": [
       "Okta"
      ],
      "product": "",
      "tags": "",
      "active": true,
      "source_url": "",
      "license_details": {
       "name": "",
       "url": ""
      },
      "outcome": "detection",
      "created_timestamp": "2024-06-11T00:00:00Z",
      "modified_timestamp": "2024-10-02T00:00:00Z"
     },
     {
      "id": "829244c5-1987-4f5a-abc2-d0d8769e9597",
      "name": "Okta - SSO - Session Source IP Mismatch",
      "description": "This rule identifies an Okta session containing multiple source addresses with suspicious authentication indicators.\n",
      "origin": "CrowdStrike",
      "severity": 50,
      "recommended": true,
      "query": "#repo=\"okta\" #Vendor=\"okta\" #event.module=\"sso\" \n| case{\n    event.action=\"user.authentication.auth_via_mfa\" Vendor.debugContext.debugData.factor=\"OKTA_VERIFY_PUSH\"\n    | case{\n        Vendor.securityContext.isProxy=true;\n        Vendor.request.ipChain[1].ip=*;\n    };\n    event.action=\"system.push.send_factor_verify_push\"\n    | Vendor.debugContext.debugData.behaviors=/(Device|IP|Country|State|Velocity)(?:\\s+Eval)?\\=(?:POSITIVE|UNKNOWN)/i;\n}    \n| groupBy([Vendor.authenticationContext.externalSessionId], function=[collect([client.domain, client.ip, user.name, event.action, Vendor.debugContext.debugData.behaviors]), count(client.ip, distinct=true, as=distinct_client_ip), count(event.action, distinct=true, as=distinct_event_action)])\n| distinct_client_ip\u003e=2 distinct_event_action\u003e=2\n",
      "search_window_start": "-70m",
      "search_window_end": "-10m",
      "schedule": "1h",
      "author": "CrowdStrike",
      "sigma_author": "",
      "category": "",
      "license": "",
      "tactic": "TA0006",
      "technique": "T1621",
      "mitre_attack": [
       {
        "tactic_id": "TA0006",
        "technique_id": "T1621"
       }
      ],
      "vendor": "Okta",
      "vendors": [
       "Okta"
      ],
      "product": "",
      "tags": "",
      "active": true,
      "source_url": "",
      "license_details": {
       "name": "",
       "url": ""
      },
      "outcome": "detection",
      "created_timestamp": "2024-10-02T00:00:00Z",
      "modified_timestamp": "0001-01-01T00:00:00Z"
     },
     {
      "id": "c1c389e4-d75b-4fd6-ac20-52a1d84f6672",
      "name": "Okta - SSO - Unusual Number of Users Failing to Authenticate From Single IP Address",
      "description": "This rule detects an unusual number of distinct Okta user accounts failing to sign in from a single client IP address within a short time period. This behavior may be indicative of a brute-force or password spraying attack, which can be used to gain unauthorized access to Okta user accounts.\nThe rule calculates the average and standard deviation of distinct users with failed signins per client IP address over a 7-day historical period, which allows the rule to establish a baseline of normal activity for each client IP address. If the number of distinct users with failed signins from a single client IP address exceeds 3 standard deviations above the mean, the rule triggers an alert.\n",
      "origin": "CrowdStrike",
      "severity": 50,
      "recommended": true,
      "query": "// The subquery within defineTable() performs a 7-day historical search to calculate the average and standard deviation values of distinct users with failed Okta signins per client IP address.\ndefineTable(\n    query={\n        #Vendor=\"okta\" #event.module=\"sso\" #repo!=\"xdr*\"\n        | #event.kind=\"event\" #event.outcome=\"failure\"\n        | event.action=\"user.session.start\"\n        | time_bucket := formatTime(\"%Y/%m/%d %H\", field=@timestamp)\n        | groupBy([time_bucket, client.ip], limit=max,\n            function=[\n                distinct_users := count(user.name, distinct=true)\n            ]\n        )\n        | distinct_users\u003e0\n        | groupBy([client.ip],\n            function=[\n                avg(distinct_users, as=distinct_users_hourly_average),\n                stdDev(distinct_users, as=distinct_users_hourly_stddev)\n            ]\n        )\n    }, \n    include=[*], \n    name=\"baseline_per_client_ip\",\n    start=7d,\n    end=1h\n)\n// Base query\n| #Vendor=\"okta\" #event.module=\"sso\" #repo!=\"xdr*\"\n| #event.kind=\"event\" #event.outcome=\"failure\"\n| event.action=\"user.session.start\"\n| groupBy([client.ip, event.action, #event.outcome], limit=max,\n    function=[\n        distinct_users_with_failed_signins := count(user.name, distinct=true),\n        collect([event.reason, user.name, client.as.organization.name, client.domain, client.geo.country_name, client.geo.region_name, client.geo.city_name, user_agent.original, Vendor.securityContext.isProxy, Vendor.debugContext.debugData.logOnlySecurityData, #Vendor, #event.module, event.category[0]])\n    ]\n)\n// Filter client IPs to only those with at least 2 distinct users experiencing failed logins during the search time interval\n| distinct_users_with_failed_signins\u003e=2\n| match(file=\"baseline_per_client_ip\", field=[client.ip])\n| threshold := distinct_users_hourly_average + (3 * distinct_users_hourly_stddev)\n| test(distinct_users_with_failed_signins\u003ethreshold)\n",
      "search_window_start": "-70m",
      "search_window_end": "-10m",
      "schedule": "1h",
      "author": "CrowdStrike",
      "sigma_author": "",
      "category": "",
      "license": "",
      "tactic": "TA0006",
      "technique": "T1110",
      "mitre_attack": [
       {
        "tactic_id": "TA0006",
        "technique_id": "T1110"
       }
      ],
      "vendor": "Okta",
      "vendors": [
       "Okta"
      ],
      "product": "",
      "tags": "",
      "active": true,
      "source_url": "",
      "license_details": {
       "name": "",
       "url": ""
      },
      "outcome": "detection",
      "created_timestamp": "2025-02-03T00:00:00Z",
      "modified_timestamp": "0001-01-01T00:00:00Z"
     },
     {
      "id": "0034cfda-d8ed-413c-adcf-651b1dff0a43",
      "name": "Okta - SSO - Management Activity Spike in a Short Period of Time",
      "description": "This rule detects an abnormal volume of management or administrative activities occurring on the management plane of Okta.\nWhile some level of management activity is expected in normal operations, this detection aims to identify significant deviations from the established baseline.\nThis could indicate potential unauthorized access, or misuse of privileges.   \n",
      "origin": "CrowdStrike",
      "severity": 30,
      "recommended": true,
      "query": "defineTable(\n    query={\n        #repo=\"okta\" #event.module=\"sso\" #event.kind=\"event\" #event.outcome=\"success\" \n        | array:contains(array=\"event.category[]\", value=\"configuration\")\n        | bucket(field=\"user.name\", span=1h, function=count(as=hourly_event_count), limit=500)\n        | hourly_event_count\u003e0\n        | groupBy([user.name], function=[avg(hourly_event_count, as=hourly_average_event_count),stdDev(hourly_event_count, as=hourly_stddev_event_count)])\n    }, \n    include=[*], \n    name=\"admin_event_stats\",\n    start=7d,\n    end=1h)\n    | #repo=\"okta\" #event.module=\"sso\" #event.kind=\"event\" #event.outcome=\"success\" \n    | array:contains(array=\"event.category[]\", value=\"configuration\")\n    | groupBy([user.name], function=[count(as=total_events)])\n    | match(file=\"admin_event_stats\", field=[user.name], strict=false)\n    | threshold := hourly_average_event_count + (3 * hourly_stddev_event_count)\n    | case {\n        threshold!=* | threshold := \"0\"; // User not in baseline.\n        *;    \n    }\n    | test(total_events\u003ethreshold)\n",
      "search_window_start": "-70m",
      "search_window_end": "-10m",
      "schedule": "1h",
      "author": "CrowdStrike",
      "sigma_author": "",
      "category": "",
      "license": "",
      "tactic": "TA0005",
      "technique": "T1578.005",
      "mitre_attack": [
       {
        "tactic_id": "TA0005",
        "technique_id": "T1578.005"
       }
      ],
      "vendor": "Okta",
      "vendors": [
       "Okta"
      ],
      "product": "",
      "tags": "",
      "active": true,
      "source_url": "",
      "license_details": {
       "name": "",
       "url": ""
      },
      "outcome": "detection",
      "created_timestamp": "2024-11-26T00:00:00Z",
      "modified_timestamp": "2025-01-15T00:00:00Z"
     },
     {
      "id": "d4418e4b-3755-4c16-955d-124877c967a2",
      "name": "Okta - SSO - Anomalous Account Lockout Pattern",
      "description": "This rule detects potential password guessing or spraying attacks targeting multiple Okta user accounts by identifying statistical anomalies in account lockout patterns.\nThe rule analyzes historical activity (default is 30 days) to establish account lockout baseline per Okta domain by calculating a dynamic threshold as: daily average + (3 * daily standard deviation) of account locked events.\nAn alert triggers when Okta account lockouts exceed the calculated threshold for a domain, which may indicate a password guessing or spraying attack.\n",
      "origin": "CrowdStrike",
      "severity": 50,
      "recommended": true,
      "query": "// Baseline calculation: Analyzes 30 days of historical data to establish normal patterns.\n// Calculates average and standard deviation of locked account events per domain.\n// Used to detect anomalous activity based on individual domain behavior patterns.\ndefineTable(\n    name=\"locked_accounts_baseline\",\n    start=31d,\n    end=1d,\n    query={\n        #repo=\"okta\" #Vendor=\"okta\" #event.module=\"sso\"\n        | #event.kind=\"event\" #event.outcome=\"failure\"\n        | event.action=\"user.account.lock\"\n        | client.domain=*\n        | bucket(span=1d, field=client.domain, function=count(as=locked_account_events), limit=500)\n        | locked_account_events\u003e0\n        | groupBy([client.domain],\n            function=[\n                daily_locked_accounts_avg := avg(locked_account_events), \n                daily_locked_accounts_stddev := stdDev(locked_account_events)\n            ]\n        )\n    }, \n    include=[*]\n)\n// Base Search\n| #repo=\"okta\" #Vendor=\"okta\" #event.module=\"sso\"\n| #event.kind=\"event\" #event.outcome=\"failure\"\n| event.action=\"user.account.lock\"\n| client.domain=*\n| ipLocation(client.ip)\n| asn(client.ip)\n| groupBy([client.domain, event.action],\n    function=[\n        locked_account_events := count(),\n        distinct_locked_accounts := count(user.name, distinct=\"true\"),\n        collect([user.name, message, client.ip, client.ip.org, client.ip.country, client.ip.city, user_agent.original, #Vendor, #event.module, event.category[0]])\n    ]\n)\n// Requires 3+ locked accounts per domain. Adjust threshold based on your environment's normal behavior and risk tolerance.\n| distinct_locked_accounts\u003e=3\n| match(file=\"locked_accounts_baseline\", field=client.domain, strict=false)\n// Dynamic threshold calculation using statistical analysis. Adjusts automatically to each domain's normal account lockout pattern.\n| threshold := daily_locked_accounts_avg + 3 * daily_locked_accounts_stddev\n| case {\n    // Domains without baseline data: Alert triggers when multiple accounts (\u003e=3) are locked, as enforced by the distinct_locked_accounts\u003e=3 filter above.\n    threshold!=* | threshold := 0;\n    *;\n}\n| test(locked_account_events\u003ethreshold)\n",
      "search_window_start": "-24h",
      "search_window_end": "-10m",
      "schedule": "1h",
      "author": "CrowdStrike",
      "sigma_author": "",
      "category": "",
      "license": "",
      "tactic": "TA0006",
      "technique": "T1110",
      "mitre_attack": [
       {
        "tactic_id": "TA0006",
        "technique_id": "T1110"
       }
      ],
      "vendor": "Okta",
      "vendors": [
       "Okta"
      ],
      "product": "",
      "tags": "",
      "active": true,
      "source_url": "",
      "license_details": {
       "name": "",
       "url": ""
      },
      "outcome": "detection",
      "created_timestamp": "2025-02-05T00:00:00Z",
      "modified_timestamp": "0001-01-01T00:00:00Z"
     }
    ]
   }