{
    "meta": {
     "query_time": 0.0436617,
     "powered_by": "svc-cscrrulestemplates",
     "trace_id": "9b5fad1a736c0c7b31fe4ab9ef7fc01f"
    },
    "errors": [],
    "resources": [
     {
      "id": "009b04a5-7225-4034-ac3d-b7ef6ff6c11d",
      "name": "Okta - SSO - Sign-In Events via Third-Party IdP",
      "description": "This rule identifies Okta sign-in events that use a third-party Identity Provider (IdP) for authentication. An adversary that managed to compromise a highly privileged Okta administrator role may attempt to add an external IdP to an Okta tenant to impersonate users and access applications within the compromised organization.\n",
      "origin": "CrowdStrike",
      "severity": 50,
      "recommended": true,
      "query": "#repo=\"okta\" #event.module=\"sso\" #event.kind=\"event\"\n| Vendor.debugContext.debugData.requestUri=\"/oauth2/v*/authorize/callback\"\n| case {\n    event.action =~ in(values=[\"user.authentication.auth_via_IDP\", \"user.authentication.auth_via_inbound_SAML\", \"user.authentication.auth_via_mfa\", \"user.authentication.auth_via_social\", \"user.session.start\"]) | Vendor.authenticationContext.issuer!=/okta|null/i;\n    event.action=\"user.authentication.auth_via_IDP\" #event.outcome=\"failure\" | event.reason =~ in(values=[\"Unable to match transformed username\", \"Unable to resolve IdP endpoint\", \"Unable to validate incoming SAML Assertion\", \"A SAML assert with the same ID has already been processed by Okta for a previous request\", \"Unable to validate SAML Response\"])\n}\n",
      "search_window_start": "-70m",
      "search_window_end": "-10m",
      "schedule": "1h",
      "author": "CrowdStrike",
      "sigma_author": "",
      "category": "",
      "license": "",
      "tactic": "TA0001",
      "technique": "T1199",
      "mitre_attack": [
       {
        "tactic_id": "TA0001",
        "technique_id": "T1199"
       }
      ],
      "vendor": "Okta",
      "vendors": [
       "Okta"
      ],
      "product": "",
      "tags": "",
      "active": true,
      "source_url": "",
      "license_details": {
       "name": "",
       "url": ""
      },
      "outcome": "detection",
      "created_timestamp": "2024-10-01T00:00:00Z",
      "modified_timestamp": "0001-01-01T00:00:00Z"
     },
     {
      "id": "b994d512-3d63-4d01-b34e-e869aeabb3e6",
      "name": "Okta - SSO - Administrative Role for User Removed",
      "description": "Detects when an administrator or privileged user account is stripped of administrative privileges, potentially indicating a security risk by preventing legitimate users from performing administrative actions.\nAdversaries may decrease the level of permissions for legitimate users in a compromised environment in order to maintain control of the environment.\n",
      "origin": "CrowdStrike",
      "severity": 30,
      "recommended": true,
      "query": "#repo=\"okta\" #event.module=\"sso\"\n| #event.kind=\"event\" #event.outcome=\"success\"\n| event.action=\"iam.resourceset.bindings.delete\"\n",
      "search_window_start": "-70m",
      "search_window_end": "-10m",
      "schedule": "1h",
      "author": "CrowdStrike",
      "sigma_author": "",
      "category": "",
      "license": "",
      "tactic": "TA0040",
      "technique": "T1531",
      "mitre_attack": [
       {
        "tactic_id": "TA0040",
        "technique_id": "T1531"
       }
      ],
      "vendor": "Okta",
      "vendors": [
       "Okta"
      ],
      "product": "",
      "tags": "",
      "active": true,
      "source_url": "",
      "license_details": {
       "name": "",
       "url": ""
      },
      "outcome": "detection",
      "created_timestamp": "2024-11-18T00:00:00Z",
      "modified_timestamp": "0001-01-01T00:00:00Z"
     },
     {
      "id": "d0a8790b-3921-4a75-8c9d-148f751a3a67",
      "name": "Okta - SSO - MFA SMS Factor Updated",
      "description": "This rule detects when an SMS phone number is updated for an Okta account. While typically a legitimate action, in some contexts it could indicate account takeover if occurring outside of expected processes. This activity can be a precursor to lateral movement, data exfiltration, or other malicious actions.\n",
      "origin": "CrowdStrike",
      "severity": 10,
      "recommended": true,
      "query": "#Vendor=\"okta\" #event.module=\"sso\"\n| #event.kind=\"event\" #event.outcome=\"success\"\n| event.action=\"user.mfa.factor.update\" event.reason=\"User updated SMS_FACTOR factor\"\n",
      "search_window_start": "-70m",
      "search_window_end": "-10m",
      "schedule": "1h",
      "author": "CrowdStrike",
      "sigma_author": "",
      "category": "",
      "license": "",
      "tactic": "TA0003",
      "technique": "T1556.006",
      "mitre_attack": [
       {
        "tactic_id": "TA0003",
        "technique_id": "T1556.006"
       }
      ],
      "vendor": "Okta",
      "vendors": [
       "Okta"
      ],
      "product": "",
      "tags": "",
      "active": true,
      "source_url": "",
      "license_details": {
       "name": "",
       "url": ""
      },
      "outcome": "detection",
      "created_timestamp": "2024-11-21T00:00:00Z",
      "modified_timestamp": "0001-01-01T00:00:00Z"
     },
     {
      "id": "d641241c-b41d-42af-a1db-c4c6353e4b2c",
      "name": "Okta - SSO - MFA Hardware Token Device Deactivated",
      "description": "This rule detects when a hardware token MFA device is deactivated for an Okta account. While typically a legitimate action, in some contexts it could indicate account takeover if occurring outside of expected processes. This activity can be a precursor to lateral movement, data exfiltration, or other malicious actions.\n",
      "origin": "CrowdStrike",
      "severity": 10,
      "recommended": true,
      "query": "#Vendor=\"okta\" #event.module=\"sso\"\n| #event.kind=\"event\" #event.outcome=\"success\"\n| event.action=\"user.mfa.factor.deactivate\" event.reason=\"User reset HOTP_FACTOR factor\"\n",
      "search_window_start": "-70m",
      "search_window_end": "-10m",
      "schedule": "1h",
      "author": "CrowdStrike",
      "sigma_author": "",
      "category": "",
      "license": "",
      "tactic": "TA0003",
      "technique": "T1556.006",
      "mitre_attack": [
       {
        "tactic_id": "TA0003",
        "technique_id": "T1556.006"
       }
      ],
      "vendor": "Okta",
      "vendors": [
       "Okta"
      ],
      "product": "",
      "tags": "",
      "active": true,
      "source_url": "",
      "license_details": {
       "name": "",
       "url": ""
      },
      "outcome": "detection",
      "created_timestamp": "2024-11-21T00:00:00Z",
      "modified_timestamp": "0001-01-01T00:00:00Z"
     },
     {
      "id": "3beff82b-c8ef-4df5-b00f-8b0e37aa6686",
      "name": "Okta - SSO - MFA SMS Factor Activated",
      "description": "This rule detects when an SMS phone number is activated for an Okta account. While typically a legitimate action, in some contexts it could indicate account takeover if occurring outside of expected processes. This activity can be a precursor to lateral movement, data exfiltration, or other malicious actions.\n",
      "origin": "CrowdStrike",
      "severity": 10,
      "recommended": true,
      "query": "#Vendor=\"okta\" #event.module=\"sso\"\n| #event.kind=\"event\" #event.outcome=\"success\"\n| event.action=\"user.mfa.factor.activate\" event.reason=\"User set up SMS_FACTOR factor\"\n",
      "search_window_start": "-70m",
      "search_window_end": "-10m",
      "schedule": "1h",
      "author": "CrowdStrike",
      "sigma_author": "",
      "category": "",
      "license": "",
      "tactic": "TA0003",
      "technique": "T1556.006",
      "mitre_attack": [
       {
        "tactic_id": "TA0003",
        "technique_id": "T1556.006"
       }
      ],
      "vendor": "Okta",
      "vendors": [
       "Okta"
      ],
      "product": "",
      "tags": "",
      "active": true,
      "source_url": "",
      "license_details": {
       "name": "",
       "url": ""
      },
      "outcome": "detection",
      "created_timestamp": "2024-11-21T00:00:00Z",
      "modified_timestamp": "0001-01-01T00:00:00Z"
     },
     {
      "id": "52e6eca6-4c83-44e9-b9cf-057a78bae02f",
      "name": "Okta - SSO - MFA SMS Factor Deactivated",
      "description": "This rule detects when an SMS phone number is deactivated for an Okta account. While typically a legitimate action, in some contexts it could indicate account takeover if occurring outside of expected processes. This activity can be a precursor to lateral movement, data exfiltration, or other malicious actions.\n",
      "origin": "CrowdStrike",
      "severity": 10,
      "recommended": true,
      "query": "#Vendor=\"okta\" #event.module=\"sso\"\n| #event.kind=\"event\" #event.outcome=\"success\"\n| event.action=\"user.mfa.factor.deactivate\" event.reason=\"User reset SMS_FACTOR factor\"\n",
      "search_window_start": "-70m",
      "search_window_end": "-10m",
      "schedule": "1h",
      "author": "CrowdStrike",
      "sigma_author": "",
      "category": "",
      "license": "",
      "tactic": "TA0003",
      "technique": "T1556.006",
      "mitre_attack": [
       {
        "tactic_id": "TA0003",
        "technique_id": "T1556.006"
       }
      ],
      "vendor": "Okta",
      "vendors": [
       "Okta"
      ],
      "product": "",
      "tags": "",
      "active": true,
      "source_url": "",
      "license_details": {
       "name": "",
       "url": ""
      },
      "outcome": "detection",
      "created_timestamp": "2024-11-21T00:00:00Z",
      "modified_timestamp": "0001-01-01T00:00:00Z"
     },
     {
      "id": "765988c9-c189-4141-8144-ad7a0c84eb72",
      "name": "Okta - SSO - Multiple Push Requests Denied",
      "description": "This detection rule identifies instances where multiple push-based Multi-Factor Authentication (MFA) requests are denied by a single user. Such behavior may indicate that the user is actively defending against an MFA fatigue attack, where an attacker with stolen credentials repeatedly sends MFA requests, hoping the user will eventually approve one out of frustration or confusion.\n",
      "origin": "CrowdStrike",
      "severity": 70,
      "recommended": true,
      "query": "#repo=\"okta\" #Vendor=\"okta\" #event.outcome=\"failure\" #event.module=\"sso\"\n| event.action=\"user.mfa.okta_verify.deny_push\"\n| groupBy([user.name])\n| _count\u003e=2\n",
      "search_window_start": "-70m",
      "search_window_end": "-10m",
      "schedule": "1h",
      "author": "CrowdStrike",
      "sigma_author": "",
      "category": "",
      "license": "",
      "tactic": "TA0006",
      "technique": "T1621",
      "mitre_attack": [
       {
        "tactic_id": "TA0006",
        "technique_id": "T1621"
       }
      ],
      "vendor": "Okta",
      "vendors": [
       "Okta"
      ],
      "product": "",
      "tags": "",
      "active": true,
      "source_url": "",
      "license_details": {
       "name": "",
       "url": ""
      },
      "outcome": "detection",
      "created_timestamp": "2024-09-19T00:00:00Z",
      "modified_timestamp": "0001-01-01T00:00:00Z"
     },
     {
      "id": "b2054d6c-364e-48b9-b5be-6a87696dad06",
      "name": "Okta - SSO - Multiple Device Token Hashes for Single Session",
      "description": "This rule identifies an Okta user with multiple device token hashes within the same Okta session. This may indicate a session hijack, where an attacker has stolen the web session cookie of an authenticated Okta user and is reusing it from another device to bypass authentication mechanisms.\n",
      "origin": "CrowdStrike",
      "severity": 50,
      "recommended": true,
      "query": "#repo=\"okta\" #event.module=\"sso\"\n| #event.kind=\"event\" #event.outcome=\"success\"\n| event.action=\"app.oauth2.authorize.code\"\n| time := formatTime(\"%Y/%m/%d %H:%M:%S\", field=@timestamp, locale=en_US, timezone=Z)\n| groupBy([user.target.name, Vendor.authenticationContext.externalSessionId], limit=1000000,\n    function=[\n        distinct_dt_hash := count(Vendor.debugContext.debugData.dtHash, distinct=true),\n        distinct_user_agent := count(user_agent.original, distinct=true),\n        collect([event.action, time, client.ip, client.geo.country_name, client.geo.region_name, client.geo.city_name, Vendor.securityContext.asNumber, client.as.organization.name, user_agent.original, Vendor.debugContext.debugData.risk, Vendor.debugContext.debugData.behaviors, Vendor.debugContext.debugData.dtHash])\n    ]\n)\n| distinct_dt_hash\u003e=2 distinct_user_agent\u003e=2\n",
      "search_window_start": "-70m",
      "search_window_end": "-10m",
      "schedule": "1h",
      "author": "CrowdStrike",
      "sigma_author": "",
      "category": "",
      "license": "",
      "tactic": "TA0006",
      "technique": "T1539",
      "mitre_attack": [
       {
        "tactic_id": "TA0006",
        "technique_id": "T1539"
       }
      ],
      "vendor": "Okta",
      "vendors": [
       "Okta"
      ],
      "product": "",
      "tags": "",
      "active": true,
      "source_url": "",
      "license_details": {
       "name": "",
       "url": ""
      },
      "outcome": "detection",
      "created_timestamp": "2024-08-09T00:00:00Z",
      "modified_timestamp": "0001-01-01T00:00:00Z"
     },
     {
      "id": "5bc5dbeb-7bff-4770-a973-7cc34beaae1f",
      "name": "Okta - SSO - Potential OktaTerrify Execution",
      "description": "This rule detects abnormal login patterns that may indicate the use of the red team tool OktaTerrify, which exploits Okta's passwordless authentication system after compromising a Windows machine. Adversaries run OktaTerrify on their own device to register a fake Okta Verify instance by exfiltrating the Okta database file (e.g., DataStore.db or OVStore.db) from the victim’s system. This detection focuses on identifying suspicious URL requests made from the attacker’s machine during OktaTerrify operations, which deviate from the typical Okta Verify FastPass authentication sequence.\n",
      "origin": "CrowdStrike",
      "severity": 50,
      "recommended": true,
      "query": "#Vendor=\"okta\" #event.module=\"sso\" #event.kind=\"event\"\n| array:contains(array=\"event.category[]\", value=\"authentication\")\n| event.action=\"user.authentication.auth_via_mfa\"\n| groupBy([Vendor.authenticationContext.externalSessionId, user.name], \n    function=[\n        count(Vendor.AuthenticatorEnrollment.id, as=enrollmentIdCount, distinct=true),\n        collect([Vendor.debugContext.debugData.url, Vendor.debugContext.debugData.keyTypeUsedForAuthentication, Vendor.AuthenticatorEnrollment.detailEntry.methodTypeUsed])\n            ]\n        )\n| Vendor.debugContext.debugData.url=/^\\/idp\\/authenticators\\//mi Vendor.debugContext.debugData.url=/^\\/idp\\/idx\\/identify\\?/mi\n| Vendor.AuthenticatorEnrollment.detailEntry.methodTypeUsed=/Use Okta FastPass/mi\n| Vendor.debugContext.debugData.keyTypeUsedForAuthentication=/PROOF_OF_POSSESSION/mi\n| enrollmentIdCount\u003e1\n",
      "search_window_start": "-70m",
      "search_window_end": "-10m",
      "schedule": "1h",
      "author": "CrowdStrike",
      "sigma_author": "",
      "category": "",
      "license": "",
      "tactic": "TA0003",
      "technique": "T1098.005",
      "mitre_attack": [
       {
        "tactic_id": "TA0003",
        "technique_id": "T1098.005"
       }
      ],
      "vendor": "Okta",
      "vendors": [
       "Okta"
      ],
      "product": "",
      "tags": "",
      "active": true,
      "source_url": "",
      "license_details": {
       "name": "",
       "url": ""
      },
      "outcome": "detection",
      "created_timestamp": "2024-09-16T00:00:00Z",
      "modified_timestamp": "0001-01-01T00:00:00Z"
     },
     {
      "id": "36c65fb7-994b-4c15-8130-e2d4a7e945c4",
      "name": "Okta - SSO - Potential Successful Brute Force Attack from Single IP",
      "description": "This rule detects potential brute force attacks by identifying instances where a single Okta SSO user account experiences more than 100 authentication failures within a 1-hour time window from the same IP address, with at least one successful login attempt. \nThis pattern may indicate that an adversary has successfully guessed an account's password, potentially leading to unauthorized access.  \n",
      "origin": "CrowdStrike",
      "severity": 50,
      "recommended": true,
      "query": "#repo=\"okta\" #event.module=\"sso\"\n| event.action=\"user.session.start\"\n| #event.outcome match {\n    success =\u003e success_count := 1;\n    failure =\u003e failure_count := 1;\n}\n| groupBy([user.name,client.ip], function=[sum(success_count, as=\"total_success\"), sum(failure_count, as=\"total_failure\"), count(as=\"total\")])\n| percent_fail := total_failure/total*100\n| percent_success := total_success/total*100\n| percent_success\u003e0\n| total_failure\u003e100 //Adjust threshold as needed\n",
      "search_window_start": "-70m",
      "search_window_end": "-10m",
      "schedule": "1h",
      "author": "CrowdStrike",
      "sigma_author": "",
      "category": "",
      "license": "",
      "tactic": "TA0006",
      "technique": "T1110.001",
      "mitre_attack": [
       {
        "tactic_id": "TA0006",
        "technique_id": "T1110.001"
       }
      ],
      "vendor": "Okta",
      "vendors": [
       "Okta"
      ],
      "product": "",
      "tags": "",
      "active": true,
      "source_url": "",
      "license_details": {
       "name": "",
       "url": ""
      },
      "outcome": "detection",
      "created_timestamp": "2024-08-22T00:00:00Z",
      "modified_timestamp": "0001-01-01T00:00:00Z"
     },
     {
      "id": "5a4a12b6-9779-4e02-a609-3c3e779fa4ce",
      "name": "Okta - SSO - Token Usage from Multiple ASNs",
      "description": "This rule detects instances where an Okta token is used from at least two different Autonomous System Numbers (ASNs) within a predetermined period, which is set to 6 hours by default.\nThis detection is specifically designed for technologies that log an identifier for a token upon its usage, providing a crucial layer of security against potential token theft and misuse.\nBy monitoring token usage across different ASNs, which typically represent distinct network providers or geographic locations, the rule can flag potentially suspicious activity that may indicate compromised credentials or unauthorized access attempts.\nThe 6-hour monitoring window is chosen to balance the likelihood of capturing both legitimate user activity and potential adversary actions; however, this timeframe can be adjusted based on specific organizational needs and risk profiles.\nThis detection mechanism serves as an important safeguard against token-based attacks, enabling swift identification and response to potential security breaches in Okta environments.\n",
      "origin": "CrowdStrike",
      "severity": 30,
      "recommended": true,
      "query": "#repo=\"okta\" #event.module=\"sso\"\n| #event.kind=\"event\" #event.outcome=\"success\"\n| case {\n    array:contains(array=\"event.category[]\", value=\"authentication\");\n    array:contains(array=\"event.category[]\", value=\"session\");\n}\n| asn(client.ip)\n| Vendor.authenticationContext.rootSessionId!=\"unknown\" user.name!=\"system@okta.com\"\n| groupBy([user.name, Vendor.authenticationContext.rootSessionId], function=[count(client.ip.asn, distinct=true, as=dcAsn), collect([client.ip.asn, client.ip.org, client.geo.country_name, client.ip])], limit=max)\n// Adjust threshold as needed\n| dcAsn\u003e1\n",
      "search_window_start": "-360m",
      "search_window_end": "-10m",
      "schedule": "1h",
      "author": "CrowdStrike",
      "sigma_author": "",
      "category": "",
      "license": "",
      "tactic": "TA0006",
      "technique": "T1528",
      "mitre_attack": [
       {
        "tactic_id": "TA0006",
        "technique_id": "T1528"
       }
      ],
      "vendor": "Okta",
      "vendors": [
       "Okta"
      ],
      "product": "",
      "tags": "",
      "active": true,
      "source_url": "",
      "license_details": {
       "name": "",
       "url": ""
      },
      "outcome": "detection",
      "created_timestamp": "2024-11-15T00:00:00Z",
      "modified_timestamp": "0001-01-01T00:00:00Z"
     },
     {
      "id": "03ca163f-93eb-4fc3-b677-3fd897867cdc",
      "name": "Okta - SSO - User Account Primary Email Address Updated",
      "description": "This rule identifies the update of the primary email address for an Okta user account where the new domain email address is different. An adversary may attempt to modify the email address of an Okta user account to avoid being detected by users or to establish persistence via a password reset.\n",
      "origin": "CrowdStrike",
      "severity": 70,
      "recommended": true,
      "query": "#repo=\"okta\" #event.module=\"sso\"\n| #event.kind=\"event\" #event.outcome=\"success\"\n| event.action=\"system.email.delivery\"\n| case {\n    Vendor.debugContext.debugData.category=\"email.emailNewChangeNotification\" | old_email := Vendor.email.displayName | old_email=/^[\\w\\.-]+@(?\u003cold_domain\u003e[\\w\\.-]+\\.[\\w]+)/;\n    Vendor.debugContext.debugData.category=\"email.emailChangeConfirmation\" | new_email := Vendor.email.displayName | new_email=/^[\\w\\.-]+@(?\u003cnew_domain\u003e[\\w\\.-]+\\.[\\w]+)/\n}\n| groupBy([Vendor.debugContext.debugData.emailRequestId],\n    function=collect([old_email, new_email, old_domain, new_domain])\n)\n| test(old_domain!=new_domain)\n",
      "search_window_start": "-70m",
      "search_window_end": "-10m",
      "schedule": "1h",
      "author": "CrowdStrike",
      "sigma_author": "",
      "category": "",
      "license": "",
      "tactic": "TA0003",
      "technique": "T1098",
      "mitre_attack": [
       {
        "tactic_id": "TA0003",
        "technique_id": "T1098"
       }
      ],
      "vendor": "Okta",
      "vendors": [
       "Okta"
      ],
      "product": "",
      "tags": "",
      "active": true,
      "source_url": "",
      "license_details": {
       "name": "",
       "url": ""
      },
      "outcome": "detection",
      "created_timestamp": "2024-10-15T00:00:00Z",
      "modified_timestamp": "0001-01-01T00:00:00Z"
     },
     {
      "id": "88056d57-ef84-4082-8a8f-e48ae865c6af",
      "name": "Okta - SSO - MFA Deactivation with no Reactivation",
      "description": "This rule identifies an Okta user account where MFA has been deactivated and no subsequent MFA reactivation is observed within a set time interval. This may indicate an attempt by an adversary to downgrade the authentication security of an Okta user account.\nThe time interval between the MFA deactivation and reactivation events can be modified by adjusting the value for the 'maxduration' parameter of the 'series()' function. Depending on the chosen value, you may need to also adjust the rule's search window so that it is equal to or longer than 'maxduration'.\n",
      "origin": "CrowdStrike",
      "severity": 30,
      "recommended": true,
      "query": "#repo=\"okta\" #Vendor=okta #event.module=\"sso\"\n| #event.kind=\"event\" #event.outcome=\"success\"\n| event.action =~ in(values=[\"user.mfa.factor.reset_all\", \"user.mfa.factor.deactivate\", \"user.mfa.factor.activate\"])\n| time := formatTime(\"%Y/%m/%d %H:%M:%S\", field=@timestamp, locale=en_US, timezone=Z)\n| groupBy([user.name, user.target.name], limit=max,\n    function=[\n        series(collect=[event.action, time], endmatch={ event.action=\"user.mfa.factor.activate\" }, maxduration=1h, memlimit=1KiB), // Adjust the value for the 'maxduration' parameter as needed. Depending on the chosen value, you may need to also adjust the rule's search window so that it is equal to or longer than 'maxduration'.  \n        collect([event.reason, client.ip, client.as.organization.name, client.geo.country_name, client.geo.region_name, client.geo.city_name])\n    ]\n)\n/*\n    The regular expressions below are used to look for a sequence of events that starts with one or more\n    'user.mfa.factor.reset_all' or 'user.mfa.factor.deactivate' events,\n    and is not ended by a 'user.mfa.factor.activate' event.\n*/\n| event.action=/^(?:user\\.mfa\\.factor\\.deactivate|user\\.mfa\\.factor\\.reset_all)+/\n| event.action!=/user\\.mfa\\.factor\\.activate$/\n| drop([_duration, @timestamp])\n",
      "search_window_start": "-70m",
      "search_window_end": "-10m",
      "schedule": "1h",
      "author": "CrowdStrike",
      "sigma_author": "",
      "category": "",
      "license": "",
      "tactic": "TA0003",
      "technique": "T1556.006",
      "mitre_attack": [
       {
        "tactic_id": "TA0003",
        "technique_id": "T1556.006"
       }
      ],
      "vendor": "Okta",
      "vendors": [
       "Okta"
      ],
      "product": "",
      "tags": "",
      "active": true,
      "source_url": "",
      "license_details": {
       "name": "",
       "url": ""
      },
      "outcome": "detection",
      "created_timestamp": "2024-09-26T00:00:00Z",
      "modified_timestamp": "0001-01-01T00:00:00Z"
     },
     {
      "id": "375b3023-492b-46d0-b2dd-dc2c06577118",
      "name": "Okta - SSO - Threat Detected And Allowed With Same User",
      "description": "This rule detects Okta ThreatInsight events where potential threats are identified for the same user, but not all attempts are blocked. These events are important to review as actors will often times test conditional access policies from multiple devices and source addresses to see what combination allows access to the compromised user.\n",
      "origin": "CrowdStrike",
      "severity": 50,
      "recommended": true,
      "query": "#repo=\"okta\" #event.module=\"sso\"\n| user.name =~ !in(values=[\"system@okta.com\", \"unknown\"])\n| case {\n      event.action=\"security.threat.detected\" OR Vendor.debugContext.debugData.threatSuspected=\"true\"\n      | Vendor.outcome.result!=\"DENY\"\n      | condition := \"Threat Detected\";\n      #event.outcome=\"success\"\n      | event.action!=\"security.request.blocked\"\n      | condition := \"Success Observed\";\n}\n| groupBy([user.name], function=[count(distinct=true, condition, as=dcCondition), collect(fields=[event.action, Vendor.outcome.result])], limit=100000)\n| dcCondition\u003e=2\n",
      "search_window_start": "-70m",
      "search_window_end": "-10m",
      "schedule": "1h",
      "author": "CrowdStrike",
      "sigma_author": "",
      "category": "",
      "license": "",
      "tactic": "TA0001",
      "technique": "T1078.004",
      "mitre_attack": [
       {
        "tactic_id": "TA0001",
        "technique_id": "T1078.004"
       }
      ],
      "vendor": "Okta",
      "vendors": [
       "Okta"
      ],
      "product": "",
      "tags": "",
      "active": true,
      "source_url": "",
      "license_details": {
       "name": "",
       "url": ""
      },
      "outcome": "detection",
      "created_timestamp": "2024-06-11T00:00:00Z",
      "modified_timestamp": "2024-10-07T00:00:00Z"
     },
     {
      "id": "7686b3c9-50a8-4a39-b03a-bfd4028ca54c",
      "name": "Okta - SSO - Threat Detected and Allowed with Same Source IP Address",
      "description": "This rule identifies when Okta ThreatInsight finds potential threats within user requests that are not denied alongside allowed requests from the same client IP address. These events are important to review because actors often test conditional access policies from multiple devices against multiple users to find a combination that allows access.\n",
      "origin": "CrowdStrike",
      "severity": 50,
      "recommended": true,
      "query": "#repo=\"okta\" #event.module=\"sso\"\n| #event.kind=\"event\"\n| case {\n    event.action=\"security.threat.detected\" OR Vendor.debugContext.debugData.threatSuspected=\"true\"\n    | Vendor.outcome.result!=\"DENY\"\n    | user.name =~ in(values=[\"system@okta.com\", \"unknown\"])\n    | condition := \"Threat Detected\";\n    Vendor.outcome.result=/allow|success/i\n    | event.action!=\"security.request.blocked\"\n    | condition := \"Success Observed\";\n}\n| groupBy([client.ip], \n    function=[\n        collect([user.name, Vendor.AppInstance.displayName, #event.outcome, event.action, Vendor.debugContext.debugData.dtHash, Vendor.debugContext.debugData.deviceFingerprint, Vendor.outcome.result, client.geo.country_name, client.geo.city_name, client.geo.region_name, condition]), \n        count(distinct=true, condition, as=distinct_condition)])\n| distinct_condition\u003e=2\n",
      "search_window_start": "-70m",
      "search_window_end": "-10m",
      "schedule": "1h",
      "author": "CrowdStrike",
      "sigma_author": "",
      "category": "",
      "license": "",
      "tactic": "TA0001",
      "technique": "T1078.004",
      "mitre_attack": [
       {
        "tactic_id": "TA0001",
        "technique_id": "T1078.004"
       }
      ],
      "vendor": "Okta",
      "vendors": [
       "Okta"
      ],
      "product": "",
      "tags": "",
      "active": true,
      "source_url": "",
      "license_details": {
       "name": "",
       "url": ""
      },
      "outcome": "detection",
      "created_timestamp": "2024-10-07T00:00:00Z",
      "modified_timestamp": "0001-01-01T00:00:00Z"
     },
     {
      "id": "d22cac67-e69c-4fd9-900e-8b046217b102",
      "name": "Okta - SSO - Potential Successful MFA Fatigue via Push Notifications",
      "description": "This rule identifies multiple rejected Okta MFA push notifications to a single user followed by an accepted MFA push notification, within a short time frame. This behavior may indicate a successful MFA fatigue attack, where an adversary uses compromised credentials to authenticate on an MFA-enabled user account and repeatedly sends MFA push notifications until the targeted user eventually accepts, granting the attacker access to the account.\n",
      "origin": "CrowdStrike",
      "severity": 30,
      "recommended": true,
      "query": "#repo=\"okta\" #event.module=\"sso\"\n| #event.kind=\"event\"\n| event.action=\"user.authentication.auth_via_mfa\" Vendor.AuthenticatorEnrollment.detailEntry.methodTypeUsed=\"Get a push notification\"\n| authentication_time := formatTime(\"%Y/%m/%d %H:%M:%S\", field=@timestamp, locale=en_US, timezone=Z)\n| groupBy([user.name, Vendor.authenticationContext.externalSessionId],\n    function=[\n        series(collect=[#event.outcome, authentication_time], endmatch={#event.outcome=\"success\"}, maxduration=15m, memlimit=1KiB),\n        collect([event.action, Vendor.AuthenticatorEnrollment.detailEntry.methodTypeUsed, client.ip, client.geo.country_name, client.geo.city_name, user_agent.original])\n    ]\n)\n// Matching on at least 5 rejected MFA prompts followed by an accepted MFA prompt. Adjust the threshold value as needed.\n| #event.outcome=/(?:failure\\n){5,}success/\n| formatDuration(_duration, as=series_duration, from=ms)\n| drop([_duration, @timestamp])\n",
      "search_window_start": "-40m",
      "search_window_end": "-10m",
      "schedule": "30m",
      "author": "CrowdStrike",
      "sigma_author": "",
      "category": "",
      "license": "",
      "tactic": "TA0006",
      "technique": "T1621",
      "mitre_attack": [
       {
        "tactic_id": "TA0006",
        "technique_id": "T1621"
       }
      ],
      "vendor": "Okta",
      "vendors": [
       "Okta"
      ],
      "product": "",
      "tags": "",
      "active": true,
      "source_url": "",
      "license_details": {
       "name": "",
       "url": ""
      },
      "outcome": "detection",
      "created_timestamp": "2024-10-04T00:00:00Z",
      "modified_timestamp": "0001-01-01T00:00:00Z"
     },
     {
      "id": "574c37de-c6ad-4529-80d6-124a7fff4710",
      "name": "Okta - SSO - Successful Brute Force Against Single User",
      "description": "This rule identifies multiple authentication failures followed by a success for the same user account which can indicate a successful brute force attempt.\n",
      "origin": "CrowdStrike",
      "severity": 50,
      "recommended": true,
      "query": "#repo=\"okta\" #Vendor=\"okta\" #event.module=\"sso\" \n| event.action=\"user.session.start\" message=\"User login to Okta\"\n| groupBy(user.name, \n    function=[\n        { #event.outcome=\"success\" | count(as=success_count) }, \n        { #event.outcome=\"failure\" event.reason=\"INVALID_CREDENTIALS\" | count(as=fail_count) },\n        { #event.outcome=\"success\" | last_success_login_time := max(@timestamp) }, \n        { #event.outcome=\"failure\" event.reason=\"INVALID_CREDENTIALS\" | last_fail_login_time := max(@timestamp) }, \n        count(client.ip, distinct=true, as=\"distinct_source_ip\"),\n        collect([client.ip, client.geo.country_name, client.geo.city_name, user_agent.original])\n    ]\n)\n| fail_count\u003e=10 success_count\u003e=1 distinct_source_ip\u003e=2\n| test(last_success_login_time\u003e=last_fail_login_time)\n| test(fail_count\u003esuccess_count)\n| last_success_login_time := formatTime(\"%m/%d/%Y %H:%M:%S\", field=last_success_login_time, timezone=UTC)\n| last_fail_login_time := formatTime(\"%m/%d/%Y %H:%M:%S\", field=last_fail_login_time, timezone=UTC)\n",
      "search_window_start": "-70m",
      "search_window_end": "-10m",
      "schedule": "1h",
      "author": "CrowdStrike",
      "sigma_author": "",
      "category": "",
      "license": "",
      "tactic": "TA0006",
      "technique": "T1110",
      "mitre_attack": [
       {
        "tactic_id": "TA0006",
        "technique_id": "T1110"
       }
      ],
      "vendor": "Okta",
      "vendors": [
       "Okta"
      ],
      "product": "",
      "tags": "",
      "active": true,
      "source_url": "",
      "license_details": {
       "name": "",
       "url": ""
      },
      "outcome": "detection",
      "created_timestamp": "2024-10-01T00:00:00Z",
      "modified_timestamp": "2024-12-26T00:00:00Z"
     },
     {
      "id": "702fceca-71eb-4dcf-8ba8-3383f3068b9a",
      "name": "Okta - SSO - Potential Session Hijacking",
      "description": "This rule detects potential session hijacking attempts in Okta SSO by identifying suspicious changes in user session characteristics. It monitors for multiple distinct values in geolocation, operating systems, and browsers associated with the same Device Token for a specific user within a short time window (default is 60-minute). Such changes may indicate unauthorized session cookie reuse.\n",
      "origin": "CrowdStrike",
      "severity": 50,
      "recommended": true,
      "query": "#repo=\"okta\" #Vendor=\"okta\" #event.module=\"sso\"\n| #event.kind=\"event\" #event.outcome=\"success\"\n| event.action=\"policy.evaluate_sign_on\"\n| _time := formatTime(\"%Y/%m/%d %H:%M:%S\", field=@timestamp)\n| Vendor.auth_details := format(\"[%s] %s connected from %s %s %s\\n  ISP: %s\\n  OS: %s\\n  Browser: %s\\n  User Agent string: %s\", field=[_time, user.name, client.ip, client.geo.country_name, client.geo.city_name, Vendor.securityContext.isp, Vendor.client.userAgent.os, Vendor.client.userAgent.browser, user_agent.original])\n| groupBy([user.name, Vendor.debugContext.debugData.dtHash],\n    function=[\n        collect([Vendor.auth_details]),\n        distinct_country := count(client.geo.country_name, distinct=true),\n        distinct_client_ip := count(client.ip, distinct=true),\n        distinct_user_agent_os := count(Vendor.client.userAgent.os, distinct=true),\n        distinct_user_agent_browser := count(Vendor.client.userAgent.browser, distinct=true)\n    ]\n)\n// Alerting scenarios - select based on your environment's risk tolerance and characteristics. To disable a scenario, comment out its line.\n| case {\n    // High confidence: multiple OSs + multiple IPs\n    distinct_user_agent_os\u003e1 distinct_client_ip\u003e1;\n    // Medium confidence: multiple countries\n    distinct_country\u003e1;\n    // Low confidence: multiple browsers + multiple IPs\n    distinct_user_agent_browser\u003e1 distinct_client_ip\u003e1;\n}\n",
      "search_window_start": "-70m",
      "search_window_end": "-10m",
      "schedule": "1h",
      "author": "CrowdStrike",
      "sigma_author": "",
      "category": "",
      "license": "",
      "tactic": "TA0006",
      "technique": "T1539",
      "mitre_attack": [
       {
        "tactic_id": "TA0006",
        "technique_id": "T1539"
       }
      ],
      "vendor": "Okta",
      "vendors": [
       "Okta"
      ],
      "product": "",
      "tags": "",
      "active": true,
      "source_url": "",
      "license_details": {
       "name": "",
       "url": ""
      },
      "outcome": "detection",
      "created_timestamp": "2025-02-10T00:00:00Z",
      "modified_timestamp": "0001-01-01T00:00:00Z"
     },
     {
      "id": "944bb771-f4f9-45db-9391-abbb60133b07",
      "name": "Okta - SSO - Successful Activity via Multiple Proxychains",
      "description": "This rule identifies successful actions in Okta in which the original request passed through multiple proxies. Adversaries will often pass their network traffic through proxy infrastructure in order to hide their original IP address. This rule also provides a way to input commonly observed proxies that may be used legitimately in your environment which may result in false positive detections.\n",
      "origin": "CrowdStrike",
      "severity": 70,
      "recommended": true,
      "query": "#repo=\"okta\" #event.module=\"sso\" #event.outcome=\"success\" #event.kind=\"event\"\n| event.action!=\"security.request.blocked\" Vendor.securityContext.isProxy=\"true\" Vendor.request.ipChain[1].ip=*\n// Filter out legitimate proxies\n// Add allowed proxies to the tunnel.operator regular expression filter below for tuning\n/* \n| parsejson(Vendor.debugContext.debugData.tunnels, prefix=tunnels)\n| objectArray:eval(array=\"tunnels[]\", asArray=\"filteredProxies[]\", var=tunnel, function= { \n        tunnel.operator!=/icloud_relay_proxy|INSERT_PROXY_ALLOWLIST/i \n        | filteredProxies := \"proxies not matching whitelist\" \n        }\n    )\n// Filter on non-approved proxies\n| filteredProxies[0]=*\n*/\n",
      "search_window_start": "-70m",
      "search_window_end": "-10m",
      "schedule": "1h",
      "author": "CrowdStrike",
      "sigma_author": "",
      "category": "",
      "license": "",
      "tactic": "TA0011",
      "technique": "T1090.003",
      "mitre_attack": [
       {
        "tactic_id": "TA0011",
        "technique_id": "T1090.003"
       }
      ],
      "vendor": "Okta",
      "vendors": [
       "Okta"
      ],
      "product": "",
      "tags": "",
      "active": true,
      "source_url": "",
      "license_details": {
       "name": "",
       "url": ""
      },
      "outcome": "detection",
      "created_timestamp": "2024-10-18T00:00:00Z",
      "modified_timestamp": "0001-01-01T00:00:00Z"
     },
     {
      "id": "a4ba102a-d164-4fd5-b9ac-79bb287e1fae",
      "name": "Generic - Web - HTTP Request With a Suspicious User Agent",
      "description": "This rule identifies a web request that was made with a suspicious user agent. \nIt focuses on detecting user agents commonly associated with Scripting activities, Cryptocurrency mining operations, Obfuscation techniques and other potentially malicious or unauthorized automated activities\n",
      "origin": "CrowdStrike",
      "severity": 50,
      "recommended": true,
      "query": "#Vendor=\"akamai\" OR #Vendor=\"aws\" OR #Vendor=\"cisco\" OR #Vendor=\"cloudflare\" OR #Vendor=\"corelight\" OR #Vendor=\"extrahop\" OR #Vendor=\"f5networks\" OR #Vendor=\"fortinet\" OR #Vendor=\"microsoft\" OR #Vendor=\"netskope\" OR #Vendor=\"okta\" OR #Vendor=\"paloalto\" OR #Vendor=\"proofpoint\" OR #Vendor=\"zscaler\"\n| #event.kind=\"event\"\n| match(file=\"falcon/ngsiem-content/suspicious_user_agents.csv\",field=user_agent.original,column=user_agent.original)\n// Exclude domains which are known vulnerability scanners or may cause false positives\n//| url.original =~ !in(values=[\"www.bing.com\", \"cloud.tenable.com\"])\n",
      "search_window_start": "-70m",
      "search_window_end": "-10m",
      "schedule": "1h",
      "author": "CrowdStrike",
      "sigma_author": "",
      "category": "",
      "license": "",
      "tactic": "TA0011",
      "technique": "T1071.001",
      "mitre_attack": [
       {
        "tactic_id": "TA0011",
        "technique_id": "T1071.001"
       }
      ],
      "vendor": "Cloudflare",
      "vendors": [
       "Akamai",
       "AWS",
       "Cisco",
       "Cloudflare",
       "Corelight",
       "ExtraHop",
       "F5",
       "Fortinet",
       "Microsoft",
       "Netskope",
       "Okta",
       "Palo Alto Networks",
       "Proofpoint",
       "Zscaler"
      ],
      "product": "",
      "tags": "",
      "active": true,
      "source_url": "",
      "license_details": {
       "name": "",
       "url": ""
      },
      "outcome": "detection",
      "created_timestamp": "2025-02-02T00:00:00Z",
      "modified_timestamp": "0001-01-01T00:00:00Z"
     },
     {
      "id": "866dbb60-5b10-461b-ba36-5cf63cf55f50",
      "name": "Okta - SSO - Attempt to Disable MFA",
      "description": "Identifies an attempt to disable multi-factor authentication (MFA) for an Okta user.\nAn attacker with access to a set of compromised user credentials may attempt to disable MFA, and possibly register new MFA factors for that user, in order to maintain persistence within the environment.\n",
      "origin": "CrowdStrike",
      "severity": 50,
      "recommended": true,
      "query": "| #repo=\"okta\" #Vendor=okta #event.module=\"sso\"\n| #event.kind=\"event\"\n| event.action =~ in(values=[\"user.mfa.factor.reset_all\", \"user.mfa.factor.deactivate\"])\n// For each MFA factor, a reset event will generate 3 `user.mfa.factor.deactivate` events with the following values in the `event.reason` field: \"User reset SIGNED_NONCE factor\", \"User reset OKTA_VERIFY_PUSH factor\", and \"User reset OKTA_SOFT_TOKEN factor\" (https://help.okta.com/wf/en-us/content/topics/workflows/connector-reference/oktadevices/events/usermfafactorresetall.htm).\n// The following exclusion helps avoid duplicate detections for the same activity.\n| event.reason =~ !in(values=[\"User reset SIGNED_NONCE factor\", \"User reset OKTA_SOFT_TOKEN factor\"])\n",
      "search_window_start": "-70m",
      "search_window_end": "-10m",
      "schedule": "1h",
      "author": "CrowdStrike",
      "sigma_author": "",
      "category": "",
      "license": "",
      "tactic": "TA0003",
      "technique": "T1098",
      "mitre_attack": [
       {
        "tactic_id": "TA0003",
        "technique_id": "T1098"
       }
      ],
      "vendor": "Okta",
      "vendors": [
       "Okta"
      ],
      "product": "",
      "tags": "",
      "active": true,
      "source_url": "",
      "license_details": {
       "name": "",
       "url": ""
      },
      "outcome": "detection",
      "created_timestamp": "2024-08-05T00:00:00Z",
      "modified_timestamp": "0001-01-01T00:00:00Z"
     },
     {
      "id": "6c9e654b-2589-47e5-8bca-6e1fa0706503",
      "name": "Okta - SSO - New Device Enrolled for User Account",
      "description": "Identifies when a new device is registered successfully in Okta Verify. Monitoring this activity is important, as an adversary that has compromised the credentials of an Okta user may enroll a new device in order to bypass initial MFA requirements and gain persistent access to a network.\n",
      "origin": "CrowdStrike",
      "severity": 30,
      "recommended": true,
      "query": "| #repo=\"okta\" #event.module=\"sso\"\n| #event.kind=\"event\" #event.outcome=\"success\" \n| event.action=\"device.enrollment.create\"\n",
      "search_window_start": "-70m",
      "search_window_end": "-10m",
      "schedule": "1h",
      "author": "CrowdStrike",
      "sigma_author": "",
      "category": "",
      "license": "",
      "tactic": "TA0003",
      "technique": "T1098.005",
      "mitre_attack": [
       {
        "tactic_id": "TA0003",
        "technique_id": "T1098.005"
       }
      ],
      "vendor": "Okta",
      "vendors": [
       "Okta"
      ],
      "product": "",
      "tags": "",
      "active": true,
      "source_url": "",
      "license_details": {
       "name": "",
       "url": ""
      },
      "outcome": "detection",
      "created_timestamp": "2024-08-12T00:00:00Z",
      "modified_timestamp": "0001-01-01T00:00:00Z"
     },
     {
      "id": "50e068d7-1e6b-4054-87e5-0a592c40c7e0",
      "name": "Okta MFA Reset or Deactivated",
      "description": "Detects when an attempt at deactivating  or resetting MFA.\n",
      "origin": "SigmaHQ",
      "severity": 50,
      "recommended": true,
      "query": "| #repo=\"okta\" #Vendor=\"okta\" #event.module=\"sso\"\n| #event.kind=\"event\"\n| event.action=\"user.mfa.factor.deactivate\" OR event.action=\"user.mfa.factor.reset_all\"\n",
      "search_window_start": "-70m",
      "search_window_end": "-10m",
      "schedule": "1h",
      "author": "Austin Songer @austinsonger",
      "sigma_author": "",
      "category": "",
      "license": "",
      "tactic": "TA0003",
      "technique": "T1556.006",
      "mitre_attack": [
       {
        "tactic_id": "TA0003",
        "technique_id": "T1556.006"
       }
      ],
      "vendor": "Okta",
      "vendors": [
       "Okta"
      ],
      "product": "",
      "tags": "",
      "active": true,
      "source_url": "https://github.com/SigmaHQ/sigma/blob/master/rules/cloud/okta/okta_mfa_reset_or_deactivated.yml",
      "license_details": {
       "name": "DRL",
       "url": "https://github.com/SigmaHQ/Detection-Rule-License"
      },
      "outcome": "detection",
      "created_timestamp": "2021-09-21T00:00:00Z",
      "modified_timestamp": "2022-10-09T00:00:00Z"
     },
     {
      "id": "19951c21-229d-4ccb-8774-b993c3ff3c5c",
      "name": "Okta API Token Created",
      "description": "Detects when a API token is created\n",
      "origin": "SigmaHQ",
      "severity": 50,
      "recommended": true,
      "query": "| #repo=\"okta\" #Vendor=\"okta\" #event.module=\"sso\"\n| #event.kind=\"event\"\n| event.action=\"system.api_token.create\"\n",
      "search_window_start": "-70m",
      "search_window_end": "-10m",
      "schedule": "1h",
      "author": "Austin Songer @austinsonger",
      "sigma_author": "",
      "category": "",
      "license": "",
      "tactic": "TA0003",
      "technique": "T1098",
      "mitre_attack": [
       {
        "tactic_id": "TA0003",
        "technique_id": "T1098"
       }
      ],
      "vendor": "Okta",
      "vendors": [
       "Okta"
      ],
      "product": "",
      "tags": "",
      "active": true,
      "source_url": "https://github.com/SigmaHQ/sigma/blob/master/rules/cloud/okta/okta_api_token_created.yml",
      "license_details": {
       "name": "DRL",
       "url": "https://github.com/SigmaHQ/Detection-Rule-License"
      },
      "outcome": "detection",
      "created_timestamp": "2021-09-12T00:00:00Z",
      "modified_timestamp": "2022-10-09T00:00:00Z"
     },
     {
      "id": "a0b38b70-3cb5-484b-a4eb-c4d8e7bcc0a9",
      "name": "Okta New Admin Console Behaviours",
      "description": "Detects when Okta identifies new activity in the Admin Console.\n",
      "origin": "SigmaHQ",
      "severity": 30,
      "recommended": false,
      "query": "| #repo=\"okta\" #Vendor=\"okta\" #event.module=\"sso\"\n| #event.kind=\"event\"\n| event.action=\"policy.evaluate_sign_on\" Vendor.AppInstance.displayName=/Okta Admin Console/i Vendor.debugContext.debugData.logOnlySecurityData=/POSITIVE/i\n",
      "search_window_start": "-70m",
      "search_window_end": "-10m",
      "schedule": "1h",
      "author": "kelnage",
      "sigma_author": "",
      "category": "",
      "license": "",
      "tactic": "TA0001",
      "technique": "T1078.004",
      "mitre_attack": [
       {
        "tactic_id": "TA0001",
        "technique_id": "T1078.004"
       }
      ],
      "vendor": "Okta",
      "vendors": [
       "Okta"
      ],
      "product": "",
      "tags": "",
      "active": true,
      "source_url": "https://github.com/SigmaHQ/sigma/blob/master/rules/cloud/okta/okta_new_behaviours_admin_console.yml",
      "license_details": {
       "name": "DRL",
       "url": "https://github.com/SigmaHQ/Detection-Rule-License"
      },
      "outcome": "detection",
      "created_timestamp": "2023-09-07T00:00:00Z",
      "modified_timestamp": "2023-10-25T00:00:00Z"
     }
    ]
   }