{
    "meta": {
     "query_time": 0.082040331,
     "powered_by": "svc-cscrrulestemplates",
     "trace_id": "3d23082191d194199ea04d70423e406e"
    },
    "errors": [],
    "resources": [
     {
      "id": "3bcbda64-8bb7-4318-9526-d91dc422a559",
      "name": "Okta - SSO - Admin Console Accessed with Suspicious Indicators",
      "description": "Identifies suspicious indicators associated with access to the Okta Admin Console. These indicators may include sign-in attempts from potentially suspicious IP addresses or anonymising proxy services, as well as unusual sign-in activity, such as observing impossible travel or a new location, device, or IP address.\nA tuning opportunity for this rule may be based on the Internet service provider(s) observed with access to the Okta Admin Console. For example, if your organization uses Zscaler for proxying Internet traffic, you may want to consider adding an exclusion, such as `Vendor.securityContext.isp =~ !in(values=[\"zscaler *\"])`, to refine the rule.\n",
      "origin": "CrowdStrike",
      "severity": 70,
      "recommended": true,
      "query": "| #repo=\"okta\" #event.module=\"sso\"\n| #event.kind=\"event\" #event.outcome=\"success\"\n| event.action =~ in(values=[policy.evaluate_sign_on, user.session.access_admin_app, user.session.start])\n| case{\n    event.action=\"policy.evaluate_sign_on\" Vendor.AppInstance.displayName=\"Okta Admin Console\" event.reason!=\"Sign-on policy evaluation resulted in REQUIRE_FACTOR\";\n    event.action=\"user.session.start\" Vendor.AppInstance.displayName=\"Okta Admin Console\";\n    event.action=\"user.session.access_admin_app\";\n}\n| case {\n    Vendor.debugContext.debugData.threatSuspected=\"true\";\n    Vendor.securityContext.isProxy=\"true\";\n    Vendor.debugContext.debugData.behaviors=/(?:velocity|new\\s+(?:geo\\-location|device|ip|state|country|city))\\=(?:POSITIVE|UNKNOWN)/i;\n    Vendor.debugContext.debugData.logOnlySecurityData=/reasons\\\"\\:\\\"[^\\\"]+|level\\\"\\:\\\"(?:high|medium|crit)|(?:(?:velocity|new\\s+(?:geo\\-location|city|device|ip|state|country))\\\"\\:\\\"(?:POSITIVE|UNKNOWN))/i;\n}\n// You can refine this rule to exclude the Internet service provider(s) expected with access to the Okta Admin Console. \n// | Vendor.securityContext.isp =~ !in(values=[\"zscaler *\"])\n",
      "search_window_start": "-70m",
      "search_window_end": "-10m",
      "schedule": "1h",
      "author": "CrowdStrike",
      "sigma_author": "",
      "category": "",
      "license": "",
      "tactic": "TA0001",
      "technique": "T1078.004",
      "mitre_attack": [
       {
        "tactic_id": "TA0001",
        "technique_id": "T1078.004"
       }
      ],
      "vendor": "Okta",
      "vendors": [
       "Okta"
      ],
      "product": "",
      "tags": "",
      "active": true,
      "source_url": "",
      "license_details": {
       "name": "",
       "url": ""
      },
      "outcome": "detection",
      "created_timestamp": "2024-08-08T00:00:00Z",
      "modified_timestamp": "0001-01-01T00:00:00Z"
     },
     {
      "id": "5f062020-7f1c-4304-9f2e-18118713b85f",
      "name": "Okta - SSO - Unsuccessful Phishing Attempt Detected by FastPass",
      "description": "Identifies when Okta FastPass prevents a user from authenticating to a website suspected of phishing.\n",
      "origin": "CrowdStrike",
      "severity": 50,
      "recommended": true,
      "query": "| #repo=\"okta\" #Vendor=okta #event.module=\"sso\"\n| #event.kind=\"event\" #event.outcome=\"failure\"\n| event.action=\"user.authentication.auth_via_mfa\"\n| event.reason=\"FastPass declined phishing attempt\"\n",
      "search_window_start": "-70m",
      "search_window_end": "-10m",
      "schedule": "1h",
      "author": "CrowdStrike",
      "sigma_author": "",
      "category": "",
      "license": "",
      "tactic": "TA0001",
      "technique": "T1566",
      "mitre_attack": [
       {
        "tactic_id": "TA0001",
        "technique_id": "T1566"
       }
      ],
      "vendor": "Okta",
      "vendors": [
       "Okta"
      ],
      "product": "",
      "tags": "",
      "active": true,
      "source_url": "",
      "license_details": {
       "name": "",
       "url": ""
      },
      "outcome": "detection",
      "created_timestamp": "2024-08-06T00:00:00Z",
      "modified_timestamp": "0001-01-01T00:00:00Z"
     },
     {
      "id": "5c970f17-61e3-4085-9095-0240a1ff702a",
      "name": "Okta - SSO - Successful Authentication from High Confidence Malicious IP Address",
      "description": "Identifies successful authentication via Okta SSO from a high-confidence malicious IP address.\n",
      "origin": "CrowdStrike",
      "severity": 70,
      "recommended": true,
      "query": "#repo=\"okta\" #event.module=\"sso\"\n| array:contains(array=\"event.category[]\", value=\"authentication\")\n| #event.outcome=\"success\"\n| ioc:lookup(field=[client.ip],type=\"ip_address\",confidenceThreshold=\"high\")\n| ioc.detected=\"true\"\n",
      "search_window_start": "-70m",
      "search_window_end": "-10m",
      "schedule": "1h",
      "author": "CrowdStrike",
      "sigma_author": "",
      "category": "",
      "license": "",
      "tactic": "TA0001",
      "technique": "T1078.004",
      "mitre_attack": [
       {
        "tactic_id": "TA0001",
        "technique_id": "T1078.004"
       }
      ],
      "vendor": "Okta",
      "vendors": [
       "Okta"
      ],
      "product": "",
      "tags": "",
      "active": true,
      "source_url": "",
      "license_details": {
       "name": "",
       "url": ""
      },
      "outcome": "detection",
      "created_timestamp": "2024-08-19T00:00:00Z",
      "modified_timestamp": "0001-01-01T00:00:00Z"
     },
     {
      "id": "07e97cc6-aed1-43ae-9081-b3470d2367f1",
      "name": "Okta Suspicious Activity Reported by End-user",
      "description": "Detects when an Okta end-user reports activity by their account as being potentially suspicious.\n",
      "origin": "SigmaHQ",
      "severity": 70,
      "recommended": true,
      "query": "| #repo=\"okta\" #Vendor=\"okta\" #event.module=\"sso\"\n| #event.kind=\"event\"\n| event.action=\"user.account.report_suspicious_activity_by_enduser\"\n",
      "search_window_start": "-70m",
      "search_window_end": "-10m",
      "schedule": "1h",
      "author": "kelnage",
      "sigma_author": "",
      "category": "",
      "license": "",
      "tactic": "TA0042",
      "technique": "T1586.003",
      "mitre_attack": [
       {
        "tactic_id": "TA0042",
        "technique_id": "T1586.003"
       }
      ],
      "vendor": "Okta",
      "vendors": [
       "Okta"
      ],
      "product": "",
      "tags": "",
      "active": true,
      "source_url": "https://github.com/SigmaHQ/sigma/blob/master/rules/cloud/okta/okta_suspicious_activity_enduser_report.yml",
      "license_details": {
       "name": "DRL",
       "url": "https://github.com/SigmaHQ/Detection-Rule-License"
      },
      "outcome": "detection",
      "created_timestamp": "2023-09-07T00:00:00Z",
      "modified_timestamp": "0001-01-01T00:00:00Z"
     },
     {
      "id": "9f308120-69ed-4506-abde-ac6da81f4310",
      "name": "Okta Network Zone Deactivated or Deleted",
      "description": "Detects when an Network Zone is Deactivated or Deleted.\n",
      "origin": "SigmaHQ",
      "severity": 50,
      "recommended": true,
      "query": "| #repo=\"okta\" #Vendor=\"okta\" #event.module=\"sso\"\n| #event.kind=\"event\"\n| event.action=\"zone.deactivate\" OR event.action=\"zone.delete\"\n",
      "search_window_start": "-70m",
      "search_window_end": "-10m",
      "schedule": "1h",
      "author": "Austin Songer @austinsonger",
      "sigma_author": "",
      "category": "",
      "license": "",
      "tactic": "TA0040",
      "technique": "T1565",
      "mitre_attack": [
       {
        "tactic_id": "TA0040",
        "technique_id": "T1565"
       }
      ],
      "vendor": "Okta",
      "vendors": [
       "Okta"
      ],
      "product": "",
      "tags": "",
      "active": true,
      "source_url": "https://github.com/SigmaHQ/sigma/blob/master/rules/cloud/okta/okta_network_zone_deactivated_or_deleted.yml",
      "license_details": {
       "name": "DRL",
       "url": "https://github.com/SigmaHQ/Detection-Rule-License"
      },
      "outcome": "detection",
      "created_timestamp": "2021-09-12T00:00:00Z",
      "modified_timestamp": "2022-10-09T00:00:00Z"
     },
     {
      "id": "0c97c1d3-4057-45c9-b148-1de94b631931",
      "name": "Okta Policy Rule Modified or Deleted",
      "description": "Detects when an Policy Rule is Modified or Deleted.\n",
      "origin": "SigmaHQ",
      "severity": 50,
      "recommended": true,
      "query": "| #repo=\"okta\" #Vendor=\"okta\" #event.module=\"sso\"\n| #event.kind=\"event\"\n| event.action=\"policy.rule.update\" OR event.action=\"policy.rule.delete\"\n",
      "search_window_start": "-70m",
      "search_window_end": "-10m",
      "schedule": "1h",
      "author": "Austin Songer @austinsonger",
      "sigma_author": "",
      "category": "",
      "license": "",
      "tactic": "TA0040",
      "technique": "T1565",
      "mitre_attack": [
       {
        "tactic_id": "TA0040",
        "technique_id": "T1565"
       }
      ],
      "vendor": "Okta",
      "vendors": [
       "Okta"
      ],
      "product": "",
      "tags": "",
      "active": true,
      "source_url": "https://github.com/SigmaHQ/sigma/blob/master/rules/cloud/okta/okta_policy_rule_modified_or_deleted.yml",
      "license_details": {
       "name": "DRL",
       "url": "https://github.com/SigmaHQ/Detection-Rule-License"
      },
      "outcome": "detection",
      "created_timestamp": "2021-09-12T00:00:00Z",
      "modified_timestamp": "2022-10-09T00:00:00Z"
     },
     {
      "id": "1667a172-ed4c-463c-9969-efd92195319a",
      "name": "Okta Policy Modified or Deleted",
      "description": "Detects when an Okta policy is modified or deleted.\n",
      "origin": "SigmaHQ",
      "severity": 30,
      "recommended": false,
      "query": "| #repo=\"okta\" #Vendor=\"okta\" #event.module=\"sso\"\n| #event.kind=\"event\"\n| event.action=\"policy.lifecycle.update\" OR event.action=\"policy.lifecycle.delete\"\n",
      "search_window_start": "-70m",
      "search_window_end": "-10m",
      "schedule": "1h",
      "author": "Austin Songer @austinsonger",
      "sigma_author": "",
      "category": "",
      "license": "",
      "tactic": "TA0040",
      "technique": "T1565",
      "mitre_attack": [
       {
        "tactic_id": "TA0040",
        "technique_id": "T1565"
       }
      ],
      "vendor": "Okta",
      "vendors": [
       "Okta"
      ],
      "product": "",
      "tags": "",
      "active": true,
      "source_url": "https://github.com/SigmaHQ/sigma/blob/master/rules/cloud/okta/okta_policy_modified_or_deleted.yml",
      "license_details": {
       "name": "DRL",
       "url": "https://github.com/SigmaHQ/Detection-Rule-License"
      },
      "outcome": "detection",
      "created_timestamp": "2021-09-12T00:00:00Z",
      "modified_timestamp": "2022-10-09T00:00:00Z"
     },
     {
      "id": "91b76b84-8589-47aa-9605-c837583b82a9",
      "name": "Potential Okta Password in AlternateID Field",
      "description": "Detects when a user has potentially entered their password into the username field, which will cause the password to be retained in log files.\n",
      "origin": "SigmaHQ",
      "severity": 70,
      "recommended": true,
      "query": "| #repo=\"okta\" #Vendor=\"okta\" #event.module=\"sso\" #event.kind=\"event\" \n| Vendor.legacyEventType=\"core.user_auth.login_failed\"\n| not user.name=/(^0oa.*|[a-zA-Z0-9._%+-]+@[a-zA-Z0-9.-]+\\.[a-zA-Z]{2,10})/\n",
      "search_window_start": "-70m",
      "search_window_end": "-10m",
      "schedule": "1h",
      "author": "kelnage",
      "sigma_author": "",
      "category": "",
      "license": "",
      "tactic": "TA0006",
      "technique": "T1552",
      "mitre_attack": [
       {
        "tactic_id": "TA0006",
        "technique_id": "T1552"
       }
      ],
      "vendor": "Okta",
      "vendors": [
       "Okta"
      ],
      "product": "",
      "tags": "",
      "active": true,
      "source_url": "https://github.com/SigmaHQ/sigma/blob/master/rules/cloud/okta/okta_password_in_alternateid_field.yml",
      "license_details": {
       "name": "DRL",
       "url": "https://github.com/SigmaHQ/Detection-Rule-License"
      },
      "outcome": "detection",
      "created_timestamp": "2023-04-03T00:00:00Z",
      "modified_timestamp": "2023-10-25T00:00:00Z"
     },
     {
      "id": "fa826c82-2fe1-11ef-9dbb-b2a0e0bf5316",
      "name": "Okta - SSO - Multiple Failed Login Attempts",
      "description": "Multiple failed login attempts have been observed against a single user.\n",
      "origin": "CrowdStrike",
      "severity": 30,
      "recommended": true,
      "query": "| #repo=\"okta\" #Vendor=\"okta\" #event.outcome=\"failure\" #event.module=\"sso\"\n| event.action=\"user.authentication.auth_via_mfa\"\n| groupBy([user.name],function=[count(),tail(100)]) \n| _count \u003e 5\n",
      "search_window_start": "-40m",
      "search_window_end": "-10m",
      "schedule": "30m",
      "author": "CrowdStrike",
      "sigma_author": "",
      "category": "",
      "license": "",
      "tactic": "TA0001",
      "technique": "T1078",
      "mitre_attack": [
       {
        "tactic_id": "TA0001",
        "technique_id": "T1078"
       }
      ],
      "vendor": "Okta",
      "vendors": [
       "Okta"
      ],
      "product": "",
      "tags": "",
      "active": true,
      "source_url": "",
      "license_details": {
       "name": "",
       "url": ""
      },
      "outcome": "detection",
      "created_timestamp": "2024-06-21T00:00:00Z",
      "modified_timestamp": "0001-01-01T00:00:00Z"
     },
     {
      "id": "f3318684-57dd-46ef-9a0d-9a896f0d2979",
      "name": "Okta - SSO - Short Lived Account",
      "description": "This detection identifies potential malicious activity where an Okta SSO account is created and subsequently deleted within a short period. \nThreat actors may employ this technique to evade detection and maintain persistence on a compromised system. \nBy using short lived accounts, attackers can attempt to conceal their malicious activities, making it challenging for security teams to track and respond to the threat. \n",
      "origin": "CrowdStrike",
      "severity": 50,
      "recommended": true,
      "query": "| #repo=\"okta\" #Vendor=\"okta\" #event.module=\"sso\"\n| event.action =~ in(values=[\"user.lifecycle.create\",\"user.lifecycle.delete.initiated\"])\n| selfJoinFilter(field=[user.target.name], where=[{event.action=\"user.lifecycle.create\"},{event.action=\"user.lifecycle.delete.initiated\"}])\n",
      "search_window_start": "-250m",
      "search_window_end": "-10m",
      "schedule": "4h",
      "author": "CrowdStrike",
      "sigma_author": "",
      "category": "",
      "license": "",
      "tactic": "TA0003",
      "technique": "T1136.003",
      "mitre_attack": [
       {
        "tactic_id": "TA0003",
        "technique_id": "T1136.003"
       }
      ],
      "vendor": "Okta",
      "vendors": [
       "Okta"
      ],
      "product": "",
      "tags": "",
      "active": true,
      "source_url": "",
      "license_details": {
       "name": "",
       "url": ""
      },
      "outcome": "detection",
      "created_timestamp": "2024-08-27T00:00:00Z",
      "modified_timestamp": "0001-01-01T00:00:00Z"
     },
     {
      "id": "89b063aa-2fe2-11ef-90ff-b2a0e0bf5316",
      "name": "Okta - SSO - Successful Authentication Via Proxy",
      "description": "Identifies instances where a user successfully logged in through a known proxy service.\n",
      "origin": "CrowdStrike",
      "severity": 30,
      "recommended": true,
      "query": "| #repo=\"okta\" #Vendor=\"okta\" #event.outcome=\"success\" #event.module=\"sso\"\n| event.action=\"user.authentication.auth_via_mfa\"\n| Vendor.securityContext.isProxy=\"true\"\n",
      "search_window_start": "-40m",
      "search_window_end": "-10m",
      "schedule": "30m",
      "author": "CrowdStrike",
      "sigma_author": "",
      "category": "",
      "license": "",
      "tactic": "TA0001",
      "technique": "T1078",
      "mitre_attack": [
       {
        "tactic_id": "TA0001",
        "technique_id": "T1078"
       }
      ],
      "vendor": "Okta",
      "vendors": [
       "Okta"
      ],
      "product": "",
      "tags": "",
      "active": true,
      "source_url": "",
      "license_details": {
       "name": "",
       "url": ""
      },
      "outcome": "detection",
      "created_timestamp": "2024-06-21T00:00:00Z",
      "modified_timestamp": "0001-01-01T00:00:00Z"
     },
     {
      "id": "7899144b-e416-4c28-b0b5-ab8f9e0a541d",
      "name": "Okta Application Modified or Deleted",
      "description": "Detects when an application is modified or deleted.\n",
      "origin": "SigmaHQ",
      "severity": 50,
      "recommended": true,
      "query": "| #repo=\"okta\" #Vendor=\"okta\" #event.module=\"sso\"\n| #event.kind=\"event\"\n| event.action=\"application.lifecycle.update\" OR event.action=\"application.lifecycle.delete\"\n",
      "search_window_start": "-70m",
      "search_window_end": "-10m",
      "schedule": "1h",
      "author": "Austin Songer @austinsonger",
      "sigma_author": "",
      "category": "",
      "license": "",
      "tactic": "TA0040",
      "technique": "T1485",
      "mitre_attack": [
       {
        "tactic_id": "TA0040",
        "technique_id": "T1485"
       }
      ],
      "vendor": "Okta",
      "vendors": [
       "Okta"
      ],
      "product": "",
      "tags": "",
      "active": true,
      "source_url": "https://github.com/SigmaHQ/sigma/blob/master/rules/cloud/okta/okta_application_modified_or_deleted.yml",
      "license_details": {
       "name": "DRL",
       "url": "https://github.com/SigmaHQ/Detection-Rule-License"
      },
      "outcome": "detection",
      "created_timestamp": "2021-09-12T00:00:00Z",
      "modified_timestamp": "2022-10-09T00:00:00Z"
     },
     {
      "id": "3fc1207a-0a99-4447-9e25-f8ea42a43211",
      "name": "Okta - SSO - Possible DoS Attack",
      "description": "This rule identifies Okta events that are generated for requests exceeding org or client level rate limits. This can indicate a possible Denial of Service (DoS) attack against an Okta organization.\n",
      "origin": "CrowdStrike",
      "severity": 50,
      "recommended": true,
      "query": "| #repo=\"okta\" #event.module=\"sso\"\n| #event.kind=\"event\"\n| event.action =~ in(values=[\"system.org.rate_limit.violation\", \"core.concurrency.org.limit.violation\", \"system.client.rate_limit.violation\", \"system.client.concurrency_rate_limit.violation\", \"system.client.rate_limit.notification\", \"system.client.concurrency_rate_limit.notification\", \"app.oauth2.client_id_rate_limit_warning\", \"application.integration.rate_limit_exceeded\"])\n| user.name!=\"system@okta.com\"\n// | Exclude Okta users associated with expected service accounts.\n// | user.name =~ !in(values=[\"svc_*\"])\n",
      "search_window_start": "-70m",
      "search_window_end": "-10m",
      "schedule": "1h",
      "author": "CrowdStrike",
      "sigma_author": "",
      "category": "",
      "license": "",
      "tactic": "TA0040",
      "technique": "T1499",
      "mitre_attack": [
       {
        "tactic_id": "TA0040",
        "technique_id": "T1499"
       }
      ],
      "vendor": "Okta",
      "vendors": [
       "Okta"
      ],
      "product": "",
      "tags": "",
      "active": true,
      "source_url": "",
      "license_details": {
       "name": "",
       "url": ""
      },
      "outcome": "detection",
      "created_timestamp": "2024-10-07T00:00:00Z",
      "modified_timestamp": "0001-01-01T00:00:00Z"
     },
     {
      "id": "cc2602d8-2f46-42a6-a5b8-5c4c3a4d1c9c",
      "name": "Okta - SSO - Tor Network Activity",
      "description": "This rule detects successful Okta actions originating from the Tor network. Adversaries often use the Tor Network to conceal their real IP addresses during an attack.\n",
      "origin": "CrowdStrike",
      "severity": 70,
      "recommended": true,
      "query": "#repo=\"okta\" #event.module=\"sso\" \n| #event.kind=\"event\" #event.outcome=\"success\" \n| Vendor.debugContext.debugData.tunnels=/tor_proxy/i OR Vendor.debugContext.debugData.proxyType=\"tor\"\n",
      "search_window_start": "-70m",
      "search_window_end": "-10m",
      "schedule": "1h",
      "author": "CrowdStrike",
      "sigma_author": "",
      "category": "",
      "license": "",
      "tactic": "TA0011",
      "technique": "T1090.003",
      "mitre_attack": [
       {
        "tactic_id": "TA0011",
        "technique_id": "T1090.003"
       }
      ],
      "vendor": "Okta",
      "vendors": [
       "Okta"
      ],
      "product": "",
      "tags": "",
      "active": true,
      "source_url": "",
      "license_details": {
       "name": "",
       "url": ""
      },
      "outcome": "detection",
      "created_timestamp": "2024-10-18T00:00:00Z",
      "modified_timestamp": "0001-01-01T00:00:00Z"
     },
     {
      "id": "17900ffc-6b8e-4aee-8dcd-4db683af9af6",
      "name": "Okta - SSO - Admin Role Assignment Created",
      "description": "This rule identifies when an admin role assignment is created. Threat actors can abuse these role assignments as a means to elevate privileges or maintain persistence in an environment.\n",
      "origin": "CrowdStrike",
      "severity": 50,
      "recommended": true,
      "query": "#Vendor=\"okta\" #repo=\"okta\" #event.module=\"sso\"\n| #event.outcome=\"success\"\n| event.action=\"iam.resourceset.bindings.add\"\n/*\nThe fidelity of the rule may be increased by uncommenting the 'case' statement that looks for suspicious Okta indicators associated with the events.\nHowever, this could also result in false negatives if the adversary activity lacks those indicators.\n*/\n// | case {\n//     Vendor.debugContext.debugData.threatSuspected=\"true\";\n//     Vendor.securityContext.isProxy=\"true\";\n//     Vendor.debugContext.debugData.behaviors=/(Device|IP|Country|State|Velocity)(?:\\s+Eval)?\\=(?:POSITIVE|UNKNOWN)/i;\n//     Vendor.debugContext.debugData.logOnlySecurityData=/reasons\\\"\\:\\\"[^\\\"]+|level\\\"\\:\\\"(?:high|medium|crit)|(Device|IP|Country|State|Velocity)(?:\\s+Eval)?\\\"\\:\\\"(?:POSITIVE|UNKNOWN)/i;\n//     Vendor.debugContext.debugData.risk=/level=(?:high|medium)/i\n// }\n",
      "search_window_start": "-70m",
      "search_window_end": "-10m",
      "schedule": "1h",
      "author": "CrowdStrike",
      "sigma_author": "",
      "category": "",
      "license": "",
      "tactic": "TA0004",
      "technique": "T1098.003",
      "mitre_attack": [
       {
        "tactic_id": "TA0004",
        "technique_id": "T1098.003"
       }
      ],
      "vendor": "Okta",
      "vendors": [
       "Okta"
      ],
      "product": "",
      "tags": "",
      "active": true,
      "source_url": "",
      "license_details": {
       "name": "",
       "url": ""
      },
      "outcome": "detection",
      "created_timestamp": "2024-06-11T00:00:00Z",
      "modified_timestamp": "2024-10-01T00:00:00Z"
     },
     {
      "id": "ad4f1f3a-b5a9-45fd-b305-f6a3d903027e",
      "name": "Okta - SSO - App Integration Password Revealed with Suspicious Indicators",
      "description": "This rule identifies when an Okta user reveals the password of an app integration, and the underlying event shows Okta indicators of suspicious activity. These indicators may include abnormal user behavior, a potentially suspicious client IP address, or a client IP address associated with anonymizing proxy/VPN services. An attacker that managed to compromise an Okta user account may try to obtain the passwords of the app integrations available to that user using the 'Password reveal' feature.\n",
      "origin": "CrowdStrike",
      "severity": 50,
      "recommended": true,
      "query": "#repo=\"okta\" #event.module=\"sso\" #event.kind=\"event\"\n| event.action=\"application.user_membership.show_password\"\n| case {\n    Vendor.debugContext.debugData.threatSuspected=\"true\";\n    Vendor.debugContext.debugData.behaviors=/(Device|IP|Country|State|Velocity)(?:\\s+Eval)?\\=(?:POSITIVE|UNKNOWN)/i;\n    Vendor.debugContext.debugData.logOnlySecurityData=/reasons\\\"\\:\\\"[^\\\"]+|level\\\"\\:\\\"(?:high|medium|crit)|(Device|IP|Country|State|Velocity)(?:\\s+Eval)?\\\"\\:\\\"(?:POSITIVE|UNKNOWN)/i;\n    Vendor.debugContext.debugData.risk=/level=(?:high|medium)/i;\n    Vendor.securityContext.isProxy=\"true\"\n    // iCloud Private Relay tuning for commonly observed ASNs\n    // | Vendor.client.device!=\"Mobile\" Vendor.client.userAgent.os!=/iphone/i Vendor.debugContext.debugData.proxyType!=\"privacy proxy\" client.as.organization.name!=/fastly|akamai|cloudflare/i;\n}\n",
      "search_window_start": "-70m",
      "search_window_end": "-10m",
      "schedule": "1h",
      "author": "CrowdStrike",
      "sigma_author": "",
      "category": "",
      "license": "",
      "tactic": "TA0006",
      "technique": "T1552",
      "mitre_attack": [
       {
        "tactic_id": "TA0006",
        "technique_id": "T1552"
       }
      ],
      "vendor": "Okta",
      "vendors": [
       "Okta"
      ],
      "product": "",
      "tags": "",
      "active": true,
      "source_url": "",
      "license_details": {
       "name": "",
       "url": ""
      },
      "outcome": "detection",
      "created_timestamp": "2024-10-03T00:00:00Z",
      "modified_timestamp": "0001-01-01T00:00:00Z"
     },
     {
      "id": "dbe2ff1a-641f-43df-b043-d4d1296109c9",
      "name": "Okta - SSO - Application Sign-On Policy Deleted or Modified",
      "description": "This rule identifies when the sign-on policy for an Okta application is deleted or modified. An adversary may attempt to remove or weaken application access policies in order to maintain persistence.\n",
      "origin": "CrowdStrike",
      "severity": 50,
      "recommended": true,
      "query": "#repo=\"okta\" #event.module=\"sso\"\n| #event.kind=\"event\" #event.outcome=\"success\"\n| event.action =~ in(values=[\"application.policy.sign_on.update\", \"application.policy.sign_on.rule.delete\"])\n| Vendor.transaction.type!=\"JOB\"\n/*\n    The fidelity of the rule may be increased by uncommenting the 'case' statement that looks for suspicious Okta indicators associated with the events.\n    However, this could also result in false negatives if the adversary activity lacks those indicators.\n*/\n// | case {\n//     Vendor.debugContext.debugData.threatSuspected=\"true\";\n//     Vendor.securityContext.isProxy=\"true\";\n//     Vendor.debugContext.debugData.behaviors=/(Device|IP|Country|State|Velocity)(?:\\s+Eval)?\\=(?:POSITIVE|UNKNOWN)/i;\n//     Vendor.debugContext.debugData.logOnlySecurityData=/reasons\\\"\\:\\\"[^\\\"]+|level\\\"\\:\\\"(?:high|medium|crit)|(Device|IP|Country|State|Velocity)(?:\\s+Eval)?\\\"\\:\\\"(?:POSITIVE|UNKNOWN)/i;\n//     Vendor.debugContext.debugData.risk=/level=(?:high|medium)/i\n// }\n",
      "search_window_start": "-70m",
      "search_window_end": "-10m",
      "schedule": "1h",
      "author": "CrowdStrike",
      "sigma_author": "",
      "category": "",
      "license": "",
      "tactic": "TA0003",
      "technique": "T1556.009",
      "mitre_attack": [
       {
        "tactic_id": "TA0003",
        "technique_id": "T1556.009"
       }
      ],
      "vendor": "Okta",
      "vendors": [
       "Okta"
      ],
      "product": "",
      "tags": "",
      "active": true,
      "source_url": "",
      "license_details": {
       "name": "",
       "url": ""
      },
      "outcome": "detection",
      "created_timestamp": "2024-10-02T00:00:00Z",
      "modified_timestamp": "0001-01-01T00:00:00Z"
     },
     {
      "id": "95d36528-57ad-4df2-b593-d01883b59749",
      "name": "Okta - SSO - Successful Authentication from Malicious IP",
      "description": "Detection identifies when a successful authentication occurs from an IP address that matches CrowdStrike's Threat Intelligence Feed. These authentications should be reviewed to determine their origin. By default, an IOC confidence level threshold of \"medium\" or \"high\" is being used, meaning that IOC has been associated with malicious activity within the last 120 days.\n",
      "origin": "CrowdStrike",
      "severity": 70,
      "recommended": true,
      "query": "#Vendor=\"okta\" #repo=\"okta\" #event.module=\"sso\"\n| #event.outcome=\"success\"\n| array:contains(\"event.category[]\", value=\"authentication\")\n| ioc:lookup(field=\"client.ip\", type=\"ip_address\", confidenceThreshold=\"medium\", strict=\"true\")\n",
      "search_window_start": "-70m",
      "search_window_end": "-10m",
      "schedule": "1h",
      "author": "CrowdStrike",
      "sigma_author": "",
      "category": "",
      "license": "",
      "tactic": "TA0001",
      "technique": "T1078.004",
      "mitre_attack": [
       {
        "tactic_id": "TA0001",
        "technique_id": "T1078.004"
       }
      ],
      "vendor": "Okta",
      "vendors": [
       "Okta"
      ],
      "product": "",
      "tags": "",
      "active": true,
      "source_url": "",
      "license_details": {
       "name": "",
       "url": ""
      },
      "outcome": "detection",
      "created_timestamp": "2024-06-11T00:00:00Z",
      "modified_timestamp": "2024-09-27T00:00:00Z"
     },
     {
      "id": "1f58eeab-cb25-45d6-a7f1-99d68f05f008",
      "name": "Okta - SSO - MFA Bypass Attempt",
      "description": "This rule identifies when an Okta user attempts to bypass multi-factor authentication (MFA), which could indicate attacker activity.\n",
      "origin": "CrowdStrike",
      "severity": 50,
      "recommended": true,
      "query": "#repo=\"okta\" #event.module=\"sso\" #event.kind=\"event\"\n| event.action=\"user.mfa.attempt_bypass\"\n/*\n    The fidelity of the rule may be increased by uncommenting the 'case' statement that looks for suspicious Okta indicators associated with the events.\n    However, this could also result in false negatives if the adversary activity lacks those indicators.\n*/\n// | case {\n//     Vendor.debugContext.debugData.threatSuspected=\"true\";\n//     Vendor.securityContext.isProxy=\"true\";\n//     Vendor.debugContext.debugData.behaviors=/(Device|IP|Country|State|Velocity)(?:\\s+Eval)?\\=(?:POSITIVE|UNKNOWN)/i;\n//     Vendor.debugContext.debugData.logOnlySecurityData=/reasons\\\"\\:\\\"[^\\\"]+|level\\\"\\:\\\"(?:high|medium|crit)|(Device|IP|Country|State|Velocity)(?:\\s+Eval)?\\\"\\:\\\"(?:POSITIVE|UNKNOWN)/i;\n//     Vendor.debugContext.debugData.risk=/level=(?:high|medium)/i\n// }\n",
      "search_window_start": "-70m",
      "search_window_end": "-10m",
      "schedule": "1h",
      "author": "CrowdStrike",
      "sigma_author": "",
      "category": "",
      "license": "",
      "tactic": "TA0001",
      "technique": "T1078.004",
      "mitre_attack": [
       {
        "tactic_id": "TA0001",
        "technique_id": "T1078.004"
       }
      ],
      "vendor": "Okta",
      "vendors": [
       "Okta"
      ],
      "product": "",
      "tags": "",
      "active": true,
      "source_url": "",
      "license_details": {
       "name": "",
       "url": ""
      },
      "outcome": "detection",
      "created_timestamp": "2024-10-03T00:00:00Z",
      "modified_timestamp": "0001-01-01T00:00:00Z"
     },
     {
      "id": "7a11fa8f-5d5f-401c-91f1-f2617cbdd443",
      "name": "Okta - SSO - Reset All Factors",
      "description": "This rule identifies when a user's multi-factor authentication factors have been reset. Actors may attempt to reset these factors to a device in their control in order to maintain persistence.\n",
      "origin": "CrowdStrike",
      "severity": 50,
      "recommended": true,
      "query": "#Vendor=\"okta\" #repo=\"okta\" #event.module=\"sso\"  \n| #event.kind=\"event\" #event.outcome=\"success\"\n| event.action=\"user.mfa.factor.reset_all\" \n/*\nThe fidelity of the rule may be increased by uncommenting the 'case' statement that looks for suspicious Okta indicators associated with the events.\nHowever, this could also result in false negatives if the adversary activity lacks those indicators.\n*/\n// | case {\n//     Vendor.debugContext.debugData.threatSuspected=\"true\";\n//     Vendor.securityContext.isProxy=\"true\";\n//     Vendor.debugContext.debugData.behaviors=/(Device|IP|Country|State|Velocity)(?:\\s+Eval)?\\=(?:POSITIVE|UNKNOWN)/i;\n//     Vendor.debugContext.debugData.logOnlySecurityData=/reasons\\\"\\:\\\"[^\\\"]+|level\\\"\\:\\\"(?:high|medium|crit)|(Device|IP|Country|State|Velocity)(?:\\s+Eval)?\\\"\\:\\\"(?:POSITIVE|UNKNOWN)/i;\n//     Vendor.debugContext.debugData.risk=/level=(?:high|medium)/i\n// }\n",
      "search_window_start": "-70m",
      "search_window_end": "-10m",
      "schedule": "1h",
      "author": "CrowdStrike",
      "sigma_author": "",
      "category": "",
      "license": "",
      "tactic": "TA0003",
      "technique": "T1556.006",
      "mitre_attack": [
       {
        "tactic_id": "TA0003",
        "technique_id": "T1556.006"
       }
      ],
      "vendor": "Okta",
      "vendors": [
       "Okta"
      ],
      "product": "",
      "tags": "",
      "active": true,
      "source_url": "",
      "license_details": {
       "name": "",
       "url": ""
      },
      "outcome": "detection",
      "created_timestamp": "2024-04-24T00:00:00Z",
      "modified_timestamp": "2024-10-01T00:00:00Z"
     },
     {
      "id": "587de6b3-401a-46e1-a41f-cd8345831327",
      "name": "Okta - SSO - User Password Reset or Unlock Attempts with Suspicious Indicators",
      "description": "This rule identifies Okta user password reset or account unlock events where the source IP address has been identified by Okta as being potentially suspicious or associated with an anonymizing service like Tor or a commercial proxy/VPN network. This may be indicative of attacker activity that tries to obtain unauthorized access to Okta user accounts.\n",
      "origin": "CrowdStrike",
      "severity": 50,
      "recommended": true,
      "query": "#repo=\"okta\" #event.module=\"sso\" #event.kind=\"event\"\n| event.action =~ in(values=[\"system.email.account_unlock.sent_message\", \"system.email.password_reset.sent_message\", \"system.sms.send_account_unlock_message\", \"system.sms.send_password_reset_message\", \"system.voice.send_account_unlock_call\", \"system.voice.send_password_reset_call\", \"user.account.unlock_token\"])\n| case {\n    Vendor.debugContext.debugData.threatSuspected=\"true\";\n    Vendor.securityContext.isProxy=\"true\"\n    // iCloud Private Relay tuning for commonly observed ASNs\n    // | Vendor.client.device!=\"Mobile\" Vendor.client.userAgent.os!=/iphone/i Vendor.debugContext.debugData.proxyType!=\"privacy proxy\" client.as.organization.name!=/fastly|akamai|cloudflare/i;\n}\n",
      "search_window_start": "-70m",
      "search_window_end": "-10m",
      "schedule": "1h",
      "author": "CrowdStrike",
      "sigma_author": "",
      "category": "",
      "license": "",
      "tactic": "TA0042",
      "technique": "T1586.003",
      "mitre_attack": [
       {
        "tactic_id": "TA0042",
        "technique_id": "T1586.003"
       }
      ],
      "vendor": "Okta",
      "vendors": [
       "Okta"
      ],
      "product": "",
      "tags": "",
      "active": true,
      "source_url": "",
      "license_details": {
       "name": "",
       "url": ""
      },
      "outcome": "detection",
      "created_timestamp": "2024-10-03T00:00:00Z",
      "modified_timestamp": "0001-01-01T00:00:00Z"
     },
     {
      "id": "093f8f36-5b62-43fa-b0ed-12e01a1960e2",
      "name": "Okta - SSO - User Privileges Elevated",
      "description": "This rule identifies when a user has been assigned an administrative role or privilege within the Okta identity platform. It monitors for events where a user or group has been granted privileges that correspond to a \"super admin\", \"org admin\", or \"group admin\" level of access. This helps security teams stay aware of changes to high-level permissions in the Okta environment.\n",
      "origin": "CrowdStrike",
      "severity": 50,
      "recommended": true,
      "query": "#Vendor=\"okta\" #repo=\"okta\" #event.module=\"sso\"\n| #event.outcome=\"success\"\n| event.action =~ in(values=[\"group.privilege.grant\", \"user.account.privilege.grant\"])\n| Vendor.debugContext.debugData.privilegeGranted=/(?:super|org|group)\\s+admin/i\n| Vendor.transaction.type!=\"JOB\"\n",
      "search_window_start": "-70m",
      "search_window_end": "-10m",
      "schedule": "1h",
      "author": "CrowdStrike",
      "sigma_author": "",
      "category": "",
      "license": "",
      "tactic": "TA0004",
      "technique": "T1098.003",
      "mitre_attack": [
       {
        "tactic_id": "TA0004",
        "technique_id": "T1098.003"
       }
      ],
      "vendor": "Okta",
      "vendors": [
       "Okta"
      ],
      "product": "",
      "tags": "",
      "active": true,
      "source_url": "",
      "license_details": {
       "name": "",
       "url": ""
      },
      "outcome": "detection",
      "created_timestamp": "2024-06-11T00:00:00Z",
      "modified_timestamp": "2024-09-27T00:00:00Z"
     },
     {
      "id": "5568e060-a6bd-4f6c-83bf-93ff5bd545ed",
      "name": "Okta - SSO - User Session with Suspicious Indicators",
      "description": "This rule identifies Okta user session start events where the client IP address is considered potentially suspicious or associated with anonymizing proxy/VPN services.\n",
      "origin": "CrowdStrike",
      "severity": 50,
      "recommended": true,
      "query": "#repo=\"okta\" #event.module=\"sso\"\n| #event.kind=\"event\" #event.outcome=\"success\"\n| event.action=\"user.session.start\"\n| case {\n    Vendor.debugContext.debugData.threatSuspected=\"true\";\n    Vendor.securityContext.isProxy=\"true\" Vendor.debugContext.debugData.behaviors=/new\\s+geo\\-location\\=(?:POSITIVE|UNKNOWN)\\,\\s+new\\s+device\\=(?:POSITIVE|UNKNOWN)/i\n    // iCloud Private Relay tuning for commonly observed ASNs\n    // | Vendor.client.device!=\"Mobile\" Vendor.client.userAgent.os!=/iphone/i Vendor.debugContext.debugData.proxyType!=\"privacy proxy\" client.as.organization.name!=/fastly|akami|cloudflare/i;\n}\n",
      "search_window_start": "-70m",
      "search_window_end": "-10m",
      "schedule": "1h",
      "author": "CrowdStrike",
      "sigma_author": "",
      "category": "",
      "license": "",
      "tactic": "TA0001",
      "technique": "T1078.004",
      "mitre_attack": [
       {
        "tactic_id": "TA0001",
        "technique_id": "T1078.004"
       }
      ],
      "vendor": "Okta",
      "vendors": [
       "Okta"
      ],
      "product": "",
      "tags": "",
      "active": true,
      "source_url": "",
      "license_details": {
       "name": "",
       "url": ""
      },
      "outcome": "detection",
      "created_timestamp": "2024-10-04T00:00:00Z",
      "modified_timestamp": "0001-01-01T00:00:00Z"
     },
     {
      "id": "2a3dcf00-9f5a-42d2-802d-ca4a5a8788fc",
      "name": "Okta - SSO - Policy Rule Modified",
      "description": "This rule identifies when a policy rule is updated or deleted. This can indicate an attacker attempting to weaken access policies to maintain persistence.\n",
      "origin": "CrowdStrike",
      "severity": 50,
      "recommended": true,
      "query": "#repo=\"okta\" #event.module=\"sso\"\n| event.action =~ in(values=[\"policy.rule.update\", \"policy.rule.delete\", \"policy.rule.deactivate\"])\n| #event.outcome=\"success\"\n/*\nThe fidelity of the rule may be increased by uncommenting the 'case' statement that looks for suspicious Okta indicators associated with the events.\nHowever, this could also result in false negatives if the adversary activity lacks those indicators.\n*/\n// | case {\n//    Vendor.debugContext.debugData.threatSuspected=\"true\";\n//    Vendor.securityContext.isProxy=\"true\";\n//    Vendor.debugContext.debugData.behaviors=/(Device|IP|Countrqy|State|Velocity)(?:\\s+Eval)?\\=(?:POSITIVE|UNKNOWN)/i;\n//    Vendor.debugContext.debugData.logOnlySecurityData=/reasons\\\"\\:\\\"[^\\\"]+|level\\\"\\:\\\"(?:high|medium|crit)|(Device|IP|Country|State|Velocity)(?:\\s+Eval)?\\\"\\:\\\"(?:POSITIVE|UNKNOWN)/i;\n//    Vendor.debugContext.debugData.risk=/level=(?:high|medium)/i\n// }\n",
      "search_window_start": "-70m",
      "search_window_end": "-10m",
      "schedule": "1h",
      "author": "CrowdStrike",
      "sigma_author": "",
      "category": "",
      "license": "",
      "tactic": "TA0005",
      "technique": "T1548",
      "mitre_attack": [
       {
        "tactic_id": "TA0005",
        "technique_id": "T1548"
       }
      ],
      "vendor": "Okta",
      "vendors": [
       "Okta"
      ],
      "product": "",
      "tags": "",
      "active": true,
      "source_url": "",
      "license_details": {
       "name": "",
       "url": ""
      },
      "outcome": "detection",
      "created_timestamp": "2024-06-11T00:00:00Z",
      "modified_timestamp": "2024-10-01T00:00:00Z"
     },
     {
      "id": "f7985888-4312-450b-a6db-24a557aecdba",
      "name": "Okta - SSO - MFA FIDO2 Device Activated",
      "description": "This rule detects when a hardware FIDO2 token MFA device is activated for an Okta account. While typically a legitimate action, in some contexts it could indicate account takeover if occurring outside of expected processes. This activity can be a precursor to lateral movement, data exfiltration, or other malicious actions.\n",
      "origin": "CrowdStrike",
      "severity": 10,
      "recommended": true,
      "query": "#Vendor=\"okta\" #event.module=\"sso\"\n| #event.kind=\"event\" #event.outcome=\"success\"\n| event.action=\"user.mfa.factor.activate\" event.reason=\"User set up FIDO_WEBAUTHN factor\"\n",
      "search_window_start": "-70m",
      "search_window_end": "-10m",
      "schedule": "1h",
      "author": "CrowdStrike",
      "sigma_author": "",
      "category": "",
      "license": "",
      "tactic": "TA0003",
      "technique": "T1556.006",
      "mitre_attack": [
       {
        "tactic_id": "TA0003",
        "technique_id": "T1556.006"
       }
      ],
      "vendor": "Okta",
      "vendors": [
       "Okta"
      ],
      "product": "",
      "tags": "",
      "active": true,
      "source_url": "",
      "license_details": {
       "name": "",
       "url": ""
      },
      "outcome": "detection",
      "created_timestamp": "2024-11-20T00:00:00Z",
      "modified_timestamp": "2024-11-21T00:00:00Z"
     }
    ]
   }