{
    "meta": {
     "query_time": 0.027424602,
     "powered_by": "svc-cscrrulestemplates",
     "trace_id": "11d026bddda6b99e297609489f9bef9b"
    },
    "errors": [],
    "resources": [
     {
      "id": "75a51408-ad6d-4441-8c0f-311f212fcc00",
      "name": "Okta - SSO - MFA Change and Subsequent User Login Preceded by Sensor Credential Access Alert",
      "description": "This rule identifies a sequence of events for a user account that starts with a CrowdStrike Falcon sensor alert related to credential access followed by a modification of the MFA factor(s) associated with an Okta account and a successful login to the Okta account. An attacker may initially extract credentials from compromised endpoints using various techniques followed by social engineering techniques attempting to reset the MFA factors associated with an Okta account. If successful, the attacker will use the stolen credentials to gain access to the Okta account and register their own device for MFA, thereby gaining unrestricted access to the user’s Okta account and any assigned applications.\n",
      "origin": "CrowdStrike",
      "severity": 70,
      "recommended": true,
      "query": "case {\n    #repo!=\"xdr_eventsarchive\" #Vendor=\"crowdstrike\" #event.module=\"falcon\" #event.kind=\"alert\" \n        | array:contains(\"threat.tactic.name[]\", value=\"Credential Access\") \n        | target_user_name := user.name; \n    #repo=\"okta\" #event.module=\"sso\" \n        | event.action =~ in(values=[\"user.mfa.factor.*\", \"user.session.start\"])\n        | case {\n            event.action=\"user.mfa.factor.*\" \n                | test(user.name!=user.target.name) \n                | target_user_name := user.target.name;\n            * | target_user_name := user.name\n        }\n}\n| time := formatTime(\"%Y/%m/%d %H:%M:%S\", field=@timestamp, locale=en_US, timezone=Z)\n| groupBy(target_user_name, \n    function=[\n        series(collect=[event.action, time], \n            // The series() function looks for sequences of events that start with a CrowdStrike Falcon sensor detection related to credential access\n            startmatch={ #repo!=\"xdr_eventsarchive\" #Vendor=\"crowdstrike\" #event.module=\"falcon\" #event.kind=\"alert\" | array:contains(\"threat.tactic.name[]\", value=\"Credential Access\") }, \n            endmatch={ #repo=\"okta\" #event.module=\"sso\" event.action=\"user.session.start\" }, \n            maxduration=6h, memlimit=1KB\n        ),\n        // Fields that provide additional context for triage. Fields up to including 'process.executable' are from CrowdStrike Falcon agent events while the fields following are from Okta events. \n        collect([agent.id, host.hostname, source.ip, threat.indicator.description, process.command_line, process.executable, user.name, client.ip, client.as.organization.name, client.geo.country_name, client.geo.region_name, client.geo.city_name, user_agent.original])\n    ]\n)\n// Filter for sequences of events that contain 'user.mfa.factor.*' Okta events and end with a 'user.session.start' Okta event.\n| event.action=/(?:user\\.mfa\\.factor\\..*\\n)+user\\.session\\.start$/i\n",
      "search_window_start": "-12h",
      "search_window_end": "-10m",
      "schedule": "1h",
      "author": "CrowdStrike",
      "sigma_author": "",
      "category": "",
      "license": "",
      "tactic": "TA0003",
      "technique": "T1556.006",
      "mitre_attack": [
       {
        "tactic_id": "TA0003",
        "technique_id": "T1556.006"
       }
      ],
      "vendor": "CrowdStrike",
      "vendors": [
       "CrowdStrike",
       "Okta"
      ],
      "product": "",
      "tags": "",
      "active": true,
      "source_url": "",
      "license_details": {
       "name": "",
       "url": ""
      },
      "outcome": "detection",
      "created_timestamp": "2024-10-10T00:00:00Z",
      "modified_timestamp": "0001-01-01T00:00:00Z"
     },
     {
      "id": "7411b232-c259-4de0-adca-cf043a4aa118",
      "name": "Okta - SSO - Suspicious Authentication Session Properties",
      "description": "This detection rule identifies suspicious authentication sessions, specifically targeting potential instances of replayed stolen session cookies. The rule may trigger in scenarios involving attacks such as Adversary-in-the-Middle (AiTM) or information-stealing malware. It monitors for anomalies like multiple distinct device hashes, IP addresses, ISPs, and other risk attributes recorded by Okta within a single authentication session.\n",
      "origin": "CrowdStrike",
      "severity": 50,
      "recommended": true,
      "query": "#repo=\"okta\" #Vendor=\"okta\" #event.kind=\"event\" #event.module=\"sso\"\n| in(field=\"event.action\", values=[\"policy.evaluate_sign_on\", \"user.authentication.auth_via_mfa\", \"user.session.start\"])\n| Vendor.authenticationContext.externalSessionId!=\"unknown\" user.name!=\"system@okta.com\"\n| case {\n      Vendor.debugContext.debugData.logOnlySecurityData=/level\\\"\\:\\\"high\\\"/i or Vendor.debugContext.debugData.risk=/\"level=high\"/i | risk := \"high\";\n      Vendor.debugContext.debugData.logOnlySecurityData=/level\\\"\\:\\\"medium\\\"/i or Vendor.debugContext.debugData.risk=/level=medium/i | risk := \"medium\";\n      Vendor.debugContext.debugData.logOnlySecurityData=/level\\\"\\:\\\"low\\\"/i or Vendor.debugContext.debugData.risk=/level=low/i | risk := \"low\";\n      risk!=* | risk := \"none\";\n}\n| case {\n      Vendor.debugContext.debugData.risk=/Anomalous Device/i or Vendor.debugContext.debugData.logOnlySecurityData=/Anomalous Device/i | anomDevice := \"true\";\n      * | anomDevice := \"none\"\n}\n| groupby([Vendor.authenticationContext.externalSessionId, user.name], \n    function=[\n        count(client.ip, distinct=true, as=dcIP),\n        count(Vendor.debugContext.debugData.dtHash, distinct=true, as=dcDtHash),\n        count(Vendor.securityContext.isp, distinct=true, as=dcIsp),\n        collect([anomDevice, risk, Vendor.outcome.result])\n            ]\n        )\n| dcIP\u003e1 dcDtHash\u003e1 dcIsp\u003e1 anomDevice=/true/m risk=/(?:medium|high)/m Vendor.outcome.result=/SUCCESS/mi\n",
      "search_window_start": "-70m",
      "search_window_end": "-10m",
      "schedule": "1h",
      "author": "CrowdStrike",
      "sigma_author": "",
      "category": "",
      "license": "",
      "tactic": "TA0006",
      "technique": "T1539",
      "mitre_attack": [
       {
        "tactic_id": "TA0006",
        "technique_id": "T1539"
       }
      ],
      "vendor": "Okta",
      "vendors": [
       "Okta"
      ],
      "product": "",
      "tags": "",
      "active": true,
      "source_url": "",
      "license_details": {
       "name": "",
       "url": ""
      },
      "outcome": "detection",
      "created_timestamp": "2024-09-17T00:00:00Z",
      "modified_timestamp": "0001-01-01T00:00:00Z"
     },
     {
      "id": "11bcfd38-ad0c-4d02-b21c-5d957354cf83",
      "name": "Okta - SSO - Multiple Login Locations Observed for Okta AD Agent",
      "description": "This rule detects potential compromise and reuse of an Okta Active Directory Agent configuration. It identifies instances where an AD Agent is observed logging in from multiple IP addresses, ASNs, ISPs, countries, or cities. This behavior could indicate that an adversary has extracted the AD Agent configuration and is using it on their own infrastructure, posing a significant risk to the organization's identity and access management security.\n",
      "origin": "CrowdStrike",
      "severity": 50,
      "recommended": true,
      "query": "#Vendor=\"okta\" #event.module=\"sso\" #repo!=\"xdr*\"\n| #event.kind=\"event\"\n| Vendor.actor.type=\"AD_AGENT\"\n// In some cases a normal user account can be used for the AD Agent. In this case, inputting the names of those accounts is necessary as the actor.type will be \"User\"\n// user.name=\"ad_agent@example.com\"\n| groupBy([client.user.id], function=[\n    count(client.ip,                       as=_dcIpCount, distinct=true),\n    count(Vendor.securityContext.asNumber, as=_dcAsnCount, distinct=true),\n    count(client.geo.country_name,         as=_dcCountryCount, distinct=true),\n    count(client.geo.city_name,            as=_dcCityCount, distinct=true),\n    count(Vendor.securityContext.isp,      as=_dcIspCount, distinct=true),\n    collect([#Vendor, #event.module, event.category[0], client.ip, Vendor.securityContext.asNumber, Vendor.securityContext.isp, client.geo.country_name, client.geo.city_name, client.domain, event.action, message ])\n])\n// Adjust the following conditions based on your environments configuration\n| _dcIpCount \u003e 1 _dcAsnCount \u003e 1  _dcIspCount \u003e 1 (_dcCountryCount \u003e 1 OR _dcCityCount \u003e 1)\n",
      "search_window_start": "-70m",
      "search_window_end": "-10m",
      "schedule": "1h",
      "author": "CrowdStrike",
      "sigma_author": "",
      "category": "",
      "license": "",
      "tactic": "TA0001",
      "technique": "T1199",
      "mitre_attack": [
       {
        "tactic_id": "TA0001",
        "technique_id": "T1199"
       }
      ],
      "vendor": "Okta",
      "vendors": [
       "Okta"
      ],
      "product": "",
      "tags": "",
      "active": true,
      "source_url": "",
      "license_details": {
       "name": "",
       "url": ""
      },
      "outcome": "detection",
      "created_timestamp": "2025-03-05T00:00:00Z",
      "modified_timestamp": "0001-01-01T00:00:00Z"
     },
     {
      "id": "346db4d0-6a6b-4b6f-a5dc-c03b615b7d8b",
      "name": "Okta - SSO - Password-only Single Factor Authentication against Okta Dashboard",
      "description": "Identifies successful password-only single factor authentications against the Okta Dashboard. The presence of Okta users without multi-factor authentication (MFA) enabled may indicate a misconfiguration or potential account takeover. \nIf there is a legitimate need to exempt some users from MFA, you may want to add a query exclusion.\n",
      "origin": "CrowdStrike",
      "severity": 50,
      "recommended": true,
      "query": "| #repo=\"okta\" #event.module=\"sso\"\n| #event.kind=\"event\" #event.outcome=\"success\"\n| event.action=\"user.authentication.verify\"\n| Vendor.actor.type=\"User\" Vendor.AppInstance.displayName=\"Okta Dashboard\" \n| Vendor.target[0].detailEntry.methodTypeUsed=\"password\" Vendor.target[1].detailEntry.methodTypeUsed!=*\n// Exclude Okta users that are exempted from multi-factor authentication.\n// | user.name =~ !in(values=[\"username@domain.com\"])\n",
      "search_window_start": "-70m",
      "search_window_end": "-10m",
      "schedule": "1h",
      "author": "CrowdStrike",
      "sigma_author": "",
      "category": "",
      "license": "",
      "tactic": "TA0003",
      "technique": "T1078.004",
      "mitre_attack": [
       {
        "tactic_id": "TA0003",
        "technique_id": "T1078.004"
       }
      ],
      "vendor": "Okta",
      "vendors": [
       "Okta"
      ],
      "product": "",
      "tags": "",
      "active": true,
      "source_url": "",
      "license_details": {
       "name": "",
       "url": ""
      },
      "outcome": "detection",
      "created_timestamp": "2024-08-12T00:00:00Z",
      "modified_timestamp": "2025-03-21T00:00:00Z"
     },
     {
      "id": "9058ca8b-f397-4fd1-a9fa-2b7aad4d6309",
      "name": "Okta Admin Functions Access Through Proxy",
      "description": "Detects access to Okta admin functions through proxy.\n",
      "origin": "SigmaHQ",
      "severity": 50,
      "recommended": true,
      "query": "| #repo=\"okta\" #Vendor=\"okta\" #event.module=\"sso\"\n| #event.kind=\"event\"\n| Vendor.debugContext.debugData.requestUri=/admin/i Vendor.securityContext.isProxy=\"true\"\n",
      "search_window_start": "-70m",
      "search_window_end": "-10m",
      "schedule": "1h",
      "author": "Muhammad Faisal @faisalusuf",
      "sigma_author": "",
      "category": "",
      "license": "",
      "tactic": "TA0006",
      "technique": "T1552",
      "mitre_attack": [
       {
        "tactic_id": "TA0006",
        "technique_id": "T1552"
       }
      ],
      "vendor": "Okta",
      "vendors": [
       "Okta"
      ],
      "product": "",
      "tags": "",
      "active": true,
      "source_url": "https://github.com/SigmaHQ/sigma/blob/master/rules/cloud/okta/okta_admin_activity_from_proxy_query.yml",
      "license_details": {
       "name": "DRL",
       "url": "https://github.com/SigmaHQ/Detection-Rule-License"
      },
      "outcome": "detection",
      "created_timestamp": "2023-10-25T00:00:00Z",
      "modified_timestamp": "0001-01-01T00:00:00Z"
     },
     {
      "id": "139bdd4b-9cd7-49ba-a2f4-744d0a8f5d8c",
      "name": "Okta Admin Role Assignment Created",
      "description": "Detects when a new admin role assignment is created. Which could be a sign of privilege escalation or persistence\n",
      "origin": "SigmaHQ",
      "severity": 50,
      "recommended": true,
      "query": "| #repo=\"okta\" #Vendor=\"okta\" #event.module=\"sso\"\n| #event.kind=\"event\"\n| event.action=\"iam.resourceset.bindings.add\"\n",
      "search_window_start": "-70m",
      "search_window_end": "-10m",
      "schedule": "1h",
      "author": "Nikita Khalimonenkov",
      "sigma_author": "",
      "category": "",
      "license": "",
      "tactic": "TA0003",
      "technique": "T1098",
      "mitre_attack": [
       {
        "tactic_id": "TA0003",
        "technique_id": "T1098"
       }
      ],
      "vendor": "Okta",
      "vendors": [
       "Okta"
      ],
      "product": "",
      "tags": "",
      "active": true,
      "source_url": "https://github.com/SigmaHQ/sigma/blob/master/rules/cloud/okta/okta_admin_role_assignment_created.yml",
      "license_details": {
       "name": "DRL",
       "url": "https://github.com/SigmaHQ/Detection-Rule-License"
      },
      "outcome": "detection",
      "created_timestamp": "2023-01-19T00:00:00Z",
      "modified_timestamp": "0001-01-01T00:00:00Z"
     },
     {
      "id": "ee39a9f7-5a79-4b0a-9815-d36b3cf28d3e",
      "name": "Okta FastPass Phishing Detection",
      "description": "Detects when Okta FastPass prevents a known phishing site.\n",
      "origin": "SigmaHQ",
      "severity": 70,
      "recommended": true,
      "query": "| #repo=\"okta\" #Vendor=\"okta\" #event.module=\"sso\"\n| #event.kind=\"event\" \n| #event.outcome=failure\n| event.action=\"user.authentication.auth_via_mfa\" event.reason=/^FastPass declined phishing attempt$/i\n",
      "search_window_start": "-70m",
      "search_window_end": "-10m",
      "schedule": "1h",
      "author": "Austin Songer @austinsonger",
      "sigma_author": "",
      "category": "",
      "license": "",
      "tactic": "TA0001",
      "technique": "T1566",
      "mitre_attack": [
       {
        "tactic_id": "TA0001",
        "technique_id": "T1566"
       }
      ],
      "vendor": "Okta",
      "vendors": [
       "Okta"
      ],
      "product": "",
      "tags": "",
      "active": true,
      "source_url": "https://github.com/SigmaHQ/sigma/blob/master/rules/cloud/okta/okta_fastpass_phishing_detection.yml",
      "license_details": {
       "name": "DRL",
       "url": "https://github.com/SigmaHQ/Detection-Rule-License"
      },
      "outcome": "detection",
      "created_timestamp": "2023-05-07T00:00:00Z",
      "modified_timestamp": "0001-01-01T00:00:00Z"
     },
     {
      "id": "969c7590-8c19-4797-8c1b-23155de6e7ac",
      "name": "Okta Identity Provider Created",
      "description": "Detects when a new identity provider is created for Okta.\n",
      "origin": "SigmaHQ",
      "severity": 50,
      "recommended": true,
      "query": "| #repo=\"okta\" #Vendor=\"okta\" #event.module=\"sso\"\n| #event.kind=\"event\"\n| event.action=\"system.idp.lifecycle.create\"\n",
      "search_window_start": "-70m",
      "search_window_end": "-10m",
      "schedule": "1h",
      "author": "kelnage",
      "sigma_author": "",
      "category": "",
      "license": "",
      "tactic": "TA0003",
      "technique": "T1098.001",
      "mitre_attack": [
       {
        "tactic_id": "TA0003",
        "technique_id": "T1098.001"
       }
      ],
      "vendor": "Okta",
      "vendors": [
       "Okta"
      ],
      "product": "",
      "tags": "",
      "active": true,
      "source_url": "https://github.com/SigmaHQ/sigma/blob/master/rules/cloud/okta/okta_identity_provider_created.yml",
      "license_details": {
       "name": "DRL",
       "url": "https://github.com/SigmaHQ/Detection-Rule-License"
      },
      "outcome": "detection",
      "created_timestamp": "2023-09-07T00:00:00Z",
      "modified_timestamp": "0001-01-01T00:00:00Z"
     },
     {
      "id": "b6c718dd-8f53-4b9f-98d8-93fdca966969",
      "name": "New Okta User Created",
      "description": "Detects new user account creation\n",
      "origin": "SigmaHQ",
      "severity": 10,
      "recommended": false,
      "query": "| #repo=\"okta\"\n| #Vendor=\"okta\" #event.module=\"sso\"\n| #event.kind=\"event\"\n| event.action=\"user.lifecycle.create\"\n",
      "search_window_start": "-70m",
      "search_window_end": "-10m",
      "schedule": "1h",
      "author": "Nasreddine Bencherchali (Nextron Systems)",
      "sigma_author": "",
      "category": "",
      "license": "",
      "tactic": "TA0040",
      "technique": "T1565",
      "mitre_attack": [
       {
        "tactic_id": "TA0040",
        "technique_id": "T1565"
       }
      ],
      "vendor": "Okta",
      "vendors": [
       "Okta"
      ],
      "product": "",
      "tags": "",
      "active": true,
      "source_url": "https://github.com/SigmaHQ/sigma/blob/master/rules/cloud/okta/okta_user_created.yml",
      "license_details": {
       "name": "DRL",
       "url": "https://github.com/SigmaHQ/Detection-Rule-License"
      },
      "outcome": "detection",
      "created_timestamp": "2023-10-25T00:00:00Z",
      "modified_timestamp": "0001-01-01T00:00:00Z"
     },
     {
      "id": "5c82f0b9-3c6d-477f-a318-0e14a1df73e0",
      "name": "Okta Security Threat Detected",
      "description": "Detects when an security threat is detected in Okta.\n",
      "origin": "SigmaHQ",
      "severity": 50,
      "recommended": true,
      "query": "| #repo=\"okta\" #Vendor=\"okta\" #event.module=\"sso\"\n| #event.kind=\"event\"\n| event.action=\"security.threat.detected\"\n",
      "search_window_start": "-70m",
      "search_window_end": "-10m",
      "schedule": "1h",
      "author": "Austin Songer @austinsonger",
      "sigma_author": "",
      "category": "",
      "license": "",
      "tactic": "TA0011",
      "technique": "T1102",
      "mitre_attack": [
       {
        "tactic_id": "TA0011",
        "technique_id": "T1102"
       }
      ],
      "vendor": "Okta",
      "vendors": [
       "Okta"
      ],
      "product": "",
      "tags": "",
      "active": true,
      "source_url": "https://github.com/SigmaHQ/sigma/blob/master/rules/cloud/okta/okta_security_threat_detected.yml",
      "license_details": {
       "name": "DRL",
       "url": "https://github.com/SigmaHQ/Detection-Rule-License"
      },
      "outcome": "detection",
      "created_timestamp": "2021-09-12T00:00:00Z",
      "modified_timestamp": "2022-10-09T00:00:00Z"
     },
     {
      "id": "6cc2b61b-d97e-42ef-a9dd-8aa8dc951657",
      "name": "Okta Unauthorized Access to App",
      "description": "Detects when unauthorized access to app occurs.\n",
      "origin": "SigmaHQ",
      "severity": 50,
      "recommended": true,
      "query": "| #repo=\"okta\" #Vendor=\"okta\" #event.module=\"sso\"\n| #event.kind=\"event\"\n| message=/User attempted unauthorized access to app/i\n",
      "search_window_start": "-70m",
      "search_window_end": "-10m",
      "schedule": "1h",
      "author": "Austin Songer @austinsonger",
      "sigma_author": "",
      "category": "",
      "license": "",
      "tactic": "TA0004",
      "technique": "T1098",
      "mitre_attack": [
       {
        "tactic_id": "TA0004",
        "technique_id": "T1098"
       }
      ],
      "vendor": "Okta",
      "vendors": [
       "Okta"
      ],
      "product": "",
      "tags": "",
      "active": true,
      "source_url": "https://github.com/SigmaHQ/sigma/blob/master/rules/cloud/okta/okta_unauthorized_access_to_app.yml",
      "license_details": {
       "name": "DRL",
       "url": "https://github.com/SigmaHQ/Detection-Rule-License"
      },
      "outcome": "detection",
      "created_timestamp": "2021-09-12T00:00:00Z",
      "modified_timestamp": "2022-10-09T00:00:00Z"
     },
     {
      "id": "413d4a81-6c98-4479-9863-014785fd579c",
      "name": "Okta Admin Role Assigned to an User or Group",
      "description": "Detects when an the Administrator role is assigned to an user or group.\n",
      "origin": "SigmaHQ",
      "severity": 50,
      "recommended": true,
      "query": "| #repo=\"okta\" #Vendor=\"okta\" #event.module=\"sso\"\n| #event.kind=\"event\"\n| event.action=\"group.privilege.grant\" OR event.action=\"user.account.privilege.grant\"\n",
      "search_window_start": "-70m",
      "search_window_end": "-10m",
      "schedule": "1h",
      "author": "Austin Songer @austinsonger",
      "sigma_author": "",
      "category": "",
      "license": "",
      "tactic": "TA0003",
      "technique": "T1098.003",
      "mitre_attack": [
       {
        "tactic_id": "TA0003",
        "technique_id": "T1098.003"
       }
      ],
      "vendor": "Okta",
      "vendors": [
       "Okta"
      ],
      "product": "",
      "tags": "",
      "active": true,
      "source_url": "https://github.com/SigmaHQ/sigma/blob/master/rules/cloud/okta/okta_admin_role_assigned_to_user_or_group.yml",
      "license_details": {
       "name": "DRL",
       "url": "https://github.com/SigmaHQ/Detection-Rule-License"
      },
      "outcome": "detection",
      "created_timestamp": "2021-09-12T00:00:00Z",
      "modified_timestamp": "2022-10-09T00:00:00Z"
     },
     {
      "id": "671a8e8c-2fe3-11ef-abc7-b2a0e0bf5316",
      "name": "Okta - SSO - Admin Portal Accessed Via Proxy",
      "description": "Identifies instances where a user accesses the administrative portal for Okta through a known proxy.\n",
      "origin": "CrowdStrike",
      "severity": 50,
      "recommended": true,
      "query": "| #repo=\"okta\" #Vendor=\"okta\" #event.module=\"sso\" #event.kind=\"event\"\n| event.action=\"policy.evaluate_sign_on\" Vendor.AppInstance.displayName=/^Okta Admin Console$/i \n| Vendor.AppInstance.detailEntry.signOnModeEvaluationResult = AUTHENTICATED\n| Vendor.securityContext.isProxy=\"true\"\n",
      "search_window_start": "-40m",
      "search_window_end": "-10m",
      "schedule": "30m",
      "author": "CrowdStrike",
      "sigma_author": "",
      "category": "",
      "license": "",
      "tactic": "TA0001",
      "technique": "T1078",
      "mitre_attack": [
       {
        "tactic_id": "TA0001",
        "technique_id": "T1078"
       }
      ],
      "vendor": "Okta",
      "vendors": [
       "Okta"
      ],
      "product": "",
      "tags": "",
      "active": true,
      "source_url": "",
      "license_details": {
       "name": "",
       "url": ""
      },
      "outcome": "detection",
      "created_timestamp": "2024-06-21T00:00:00Z",
      "modified_timestamp": "0001-01-01T00:00:00Z"
     },
     {
      "id": "cf1dbc6b-6205-41b4-9b88-a83980d2255b",
      "name": "Okta API Token Revoked",
      "description": "Detects when a API Token is revoked.\n",
      "origin": "SigmaHQ",
      "severity": 50,
      "recommended": true,
      "query": "| #repo=\"okta\" #Vendor=\"okta\" #event.module=\"sso\"\n| #event.kind=\"event\"\n| event.action=\"system.api_token.revoke\"\n",
      "search_window_start": "-70m",
      "search_window_end": "-10m",
      "schedule": "1h",
      "author": "Austin Songer @austinsonger",
      "sigma_author": "",
      "category": "",
      "license": "",
      "tactic": "TA0040",
      "technique": "T1531",
      "mitre_attack": [
       {
        "tactic_id": "TA0040",
        "technique_id": "T1531"
       }
      ],
      "vendor": "Okta",
      "vendors": [
       "Okta"
      ],
      "product": "",
      "tags": "",
      "active": true,
      "source_url": "https://github.com/SigmaHQ/sigma/blob/master/rules/cloud/okta/okta_api_token_revoked.yml",
      "license_details": {
       "name": "DRL",
       "url": "https://github.com/SigmaHQ/Detection-Rule-License"
      },
      "outcome": "detection",
      "created_timestamp": "2021-09-12T00:00:00Z",
      "modified_timestamp": "2022-10-09T00:00:00Z"
     },
     {
      "id": "8f668cc4-c18e-45fe-ad00-624a981cf88a",
      "name": "Okta Application Sign-On Policy Modified or Deleted",
      "description": "Detects when an application Sign-on Policy is modified or deleted.\n",
      "origin": "SigmaHQ",
      "severity": 50,
      "recommended": true,
      "query": "| #repo=\"okta\" #Vendor=\"okta\" #event.module=\"sso\"\n| #event.kind=\"event\"\n| event.action=\"policy.rule.delete\" OR event.action=\"policy.rule.update\"\n",
      "search_window_start": "-70m",
      "search_window_end": "-10m",
      "schedule": "1h",
      "author": "Austin Songer @austinsonger",
      "sigma_author": "",
      "category": "",
      "license": "",
      "tactic": "TA0004",
      "technique": "T1098",
      "mitre_attack": [
       {
        "tactic_id": "TA0004",
        "technique_id": "T1098"
       }
      ],
      "vendor": "Okta",
      "vendors": [
       "Okta"
      ],
      "product": "",
      "tags": "",
      "active": true,
      "source_url": "https://github.com/SigmaHQ/sigma/blob/master/rules/cloud/okta/okta_application_sign_on_policy_modified_or_deleted.yml",
      "license_details": {
       "name": "DRL",
       "url": "https://github.com/SigmaHQ/Detection-Rule-License"
      },
      "outcome": "detection",
      "created_timestamp": "2021-09-12T00:00:00Z",
      "modified_timestamp": "2022-10-09T00:00:00Z"
     },
     {
      "id": "bde30855-5c53-4c18-ae90-1ff79ebc9578",
      "name": "Okta User Session Start Via An Anonymising Proxy Service",
      "description": "Detects when an Okta user session starts where the user is behind an anonymising proxy service.\n",
      "origin": "SigmaHQ",
      "severity": 70,
      "recommended": true,
      "query": "| #repo=\"okta\" #Vendor=\"okta\" #event.module=\"sso\"\n| #event.kind=\"event\"\n| event.action=\"user.session.start\" Vendor.securitycontext.isproxy=\"true\"\n",
      "search_window_start": "-70m",
      "search_window_end": "-10m",
      "schedule": "1h",
      "author": "kelnage",
      "sigma_author": "",
      "category": "",
      "license": "",
      "tactic": "TA0005",
      "technique": "T1562.006",
      "mitre_attack": [
       {
        "tactic_id": "TA0005",
        "technique_id": "T1562.006"
       }
      ],
      "vendor": "Okta",
      "vendors": [
       "Okta"
      ],
      "product": "",
      "tags": "",
      "active": true,
      "source_url": "https://github.com/SigmaHQ/sigma/blob/master/rules/cloud/okta/okta_user_session_start_via_anonymised_proxy.yml",
      "license_details": {
       "name": "DRL",
       "url": "https://github.com/SigmaHQ/Detection-Rule-License"
      },
      "outcome": "detection",
      "created_timestamp": "2023-09-07T00:00:00Z",
      "modified_timestamp": "0001-01-01T00:00:00Z"
     },
     {
      "id": "32bc427f-fc4b-4ee8-9a70-e31ec16d8458",
      "name": "Okta - SSO - Admin Console App Access Attempt Failed",
      "description": "This rule identifies failed access attempts to the Okta Admin Console app. An adversary with access to a compromised Okta user account may attempt accessing the Okta Admin Console app to check if the user has administrative privileges.\n",
      "origin": "CrowdStrike",
      "severity": 50,
      "recommended": true,
      "query": "#repo=\"okta\" #event.module=\"sso\"\n| #event.kind=\"event\" #event.outcome=\"failure\"\n| event.action=\"user.session.access_admin_app\"\n| join({ event.action=\"user.authentication.*\" user.name=/^[\\w\\.-]+@[\\w\\.-]+\\.[\\w]+/ user.name!=\"system@okta.com\" }, field=[client.ip, user_agent.original], include=user.name)\n// Fine tune the rule by excluding the email addresses of the Okta admin accounts.\n// | user.name =~ !in(values=[\"admin@domain.abc\"])\n",
      "search_window_start": "-70m",
      "search_window_end": "-10m",
      "schedule": "1h",
      "author": "CrowdStrike",
      "sigma_author": "",
      "category": "",
      "license": "",
      "tactic": "TA0004",
      "technique": "T1078.004",
      "mitre_attack": [
       {
        "tactic_id": "TA0004",
        "technique_id": "T1078.004"
       }
      ],
      "vendor": "Okta",
      "vendors": [
       "Okta"
      ],
      "product": "",
      "tags": "",
      "active": true,
      "source_url": "",
      "license_details": {
       "name": "",
       "url": ""
      },
      "outcome": "detection",
      "created_timestamp": "2024-10-15T00:00:00Z",
      "modified_timestamp": "0001-01-01T00:00:00Z"
     },
     {
      "id": "471756c2-6a47-4558-b18b-6a51a9171252",
      "name": "Okta - SSO - User Session Context Changed",
      "description": "This rule identifies a significant change in an Okta user's session context or IP address. This may indicate a session hijack attempt, where an attacker has stolen the web session cookie of an authenticated Okta user and is attempting to reuse it to bypass authentication mechanisms.\n",
      "origin": "CrowdStrike",
      "severity": 50,
      "recommended": true,
      "query": "#repo=\"okta\" #event.module=\"sso\"\n| #event.kind=\"event\" #event.outcome=\"success\"\n| event.action=\"user.session.context.change\"\n// Rule's accuracy may be improved by selecting specific Okta risk levels. Possible risk levels are LOW, MEDIUM, HIGH.\n// | Vendor.debugContext.debugData.risk=/level=(?:high|medium)/i\n",
      "search_window_start": "-70m",
      "search_window_end": "-10m",
      "schedule": "1h",
      "author": "CrowdStrike",
      "sigma_author": "",
      "category": "",
      "license": "",
      "tactic": "TA0006",
      "technique": "T1539",
      "mitre_attack": [
       {
        "tactic_id": "TA0006",
        "technique_id": "T1539"
       }
      ],
      "vendor": "Okta",
      "vendors": [
       "Okta"
      ],
      "product": "",
      "tags": "",
      "active": true,
      "source_url": "",
      "license_details": {
       "name": "",
       "url": ""
      },
      "outcome": "detection",
      "created_timestamp": "2024-10-09T00:00:00Z",
      "modified_timestamp": "0001-01-01T00:00:00Z"
     },
     {
      "id": "017d916b-9e19-4b55-9318-490d95c324f6",
      "name": "Okta - SSO - Attempt to Create Administrative API Token",
      "description": "Identifies an attempt to create an Okta API token by an administrative user. \nAn attacker that has managed to compromise an Okta administrator user may attempt to create an Okta API token to maintain persistence and abuse it to perform administrative actions within the Okta environment. Such actions may include creating user accounts or downgrading the organization's authentication security posture by disabling Okta security rules or policies.\n",
      "origin": "CrowdStrike",
      "severity": 50,
      "recommended": true,
      "query": "#repo=\"okta\" #event.module=\"sso\"\n| #event.kind=\"event\"\n| event.action=\"system.api_token.create\"\n/*\n    The fidelity of the rule may be increased by uncommenting the 'case' statement that looks for suspicious Okta indicators associated with the events.\n    However, this could also result in false negatives if the adversary activity lacks those indicators.\n*/\n// | case {\n//     Vendor.debugContext.debugData.threatSuspected=\"true\";\n//     Vendor.securityContext.isProxy=\"true\";\n//     Vendor.debugContext.debugData.behaviors=/(Device|IP|Country|State|Velocity)(?:\\s+Eval)?\\=(?:POSITIVE|UNKNOWN)/i;\n//     Vendor.debugContext.debugData.logOnlySecurityData=/reasons\\\"\\:\\\"[^\\\"]+|level\\\"\\:\\\"(?:high|medium|crit)|(Device|IP|Country|State|Velocity)(?:\\s+Eval)?\\\"\\:\\\"(?:POSITIVE|UNKNOWN)/i;\n//     Vendor.debugContext.debugData.risk=/level=(?:high|medium)/i\n// }\n",
      "search_window_start": "-70m",
      "search_window_end": "-10m",
      "schedule": "1h",
      "author": "CrowdStrike",
      "sigma_author": "",
      "category": "",
      "license": "",
      "tactic": "TA0003",
      "technique": "T1136.003",
      "mitre_attack": [
       {
        "tactic_id": "TA0003",
        "technique_id": "T1136.003"
       }
      ],
      "vendor": "Okta",
      "vendors": [
       "Okta"
      ],
      "product": "",
      "tags": "",
      "active": true,
      "source_url": "",
      "license_details": {
       "name": "",
       "url": ""
      },
      "outcome": "detection",
      "created_timestamp": "2024-08-06T00:00:00Z",
      "modified_timestamp": "2024-09-30T00:00:00Z"
     },
     {
      "id": "35aa27f5-b33f-412d-8d6a-5bbd394b2469",
      "name": "Okta - SSO - IDP Provider Modification",
      "description": "This rule identifies when identity providers are created or modified.\n",
      "origin": "CrowdStrike",
      "severity": 50,
      "recommended": true,
      "query": "#Vendor=\"okta\" #repo=\"okta\" #event.module=\"sso\"\n| event.action =~ in(values=[\"system.idp.lifecycle.activate\", \"system.idp.lifecycle.create\", \"system.idp.lifecycle.deactivate\", \"system.idp.lifecycle.delete\", \"system.idp.lifecycle.update\"])\n",
      "search_window_start": "-70m",
      "search_window_end": "-10m",
      "schedule": "1h",
      "author": "CrowdStrike",
      "sigma_author": "",
      "category": "",
      "license": "",
      "tactic": "TA0004",
      "technique": "T1484.002",
      "mitre_attack": [
       {
        "tactic_id": "TA0004",
        "technique_id": "T1484.002"
       }
      ],
      "vendor": "Okta",
      "vendors": [
       "Okta"
      ],
      "product": "",
      "tags": "",
      "active": true,
      "source_url": "",
      "license_details": {
       "name": "",
       "url": ""
      },
      "outcome": "detection",
      "created_timestamp": "2024-06-11T00:00:00Z",
      "modified_timestamp": "2024-09-30T00:00:00Z"
     },
     {
      "id": "f157b7bd-7632-43e7-bf2f-038290a2653f",
      "name": "Okta - SSO - Network Zone Deleted Disabled or Modified",
      "description": "This rule identifies when an Okta network zone is being deleted, disabled, or modified. Network zones can be used to grant or restrict access based on IP addresses or geographic locations. Deleting, disabling, or modifying an Okta network zone may allow an attacker to bypass or weaken an organization's security controls.\n",
      "origin": "CrowdStrike",
      "severity": 50,
      "recommended": true,
      "query": "#repo=\"okta\" #Vendor=\"okta\" #event.module=\"sso\"\n| #event.kind=\"event\" #event.outcome=\"success\"\n| event.action =~ in(values=[\"zone.delete\", \"zone.deactivate\", \"zone.update\", \"network_zone.rule.disabled\", \"zone.remove_blacklist\"])\n/*\n    The fidelity of the rule may be increased by uncommenting the 'case' statement that looks for suspicious Okta indicators associated with the events.\n    However, this could also result in false negatives if the adversary activity lacks those indicators.\n*/\n// | case {\n//     Vendor.debugContext.debugData.threatSuspected=\"true\";\n//     Vendor.securityContext.isProxy=\"true\";\n//     Vendor.debugContext.debugData.behaviors=/(Device|IP|Country|State|Velocity)(?:\\s+Eval)?\\=(?:POSITIVE|UNKNOWN)/i;\n//     Vendor.debugContext.debugData.logOnlySecurityData=/reasons\\\"\\:\\\"[^\\\"]+|level\\\"\\:\\\"(?:high|medium|crit)|(Device|IP|Country|State|Velocity)(?:\\s+Eval)?\\\"\\:\\\"(?:POSITIVE|UNKNOWN)/i;\n//     Vendor.debugContext.debugData.risk=/level=(?:high|medium)/i\n// }\n",
      "search_window_start": "-70m",
      "search_window_end": "-10m",
      "schedule": "1h",
      "author": "CrowdStrike",
      "sigma_author": "",
      "category": "",
      "license": "",
      "tactic": "TA0005",
      "technique": "T1562.007",
      "mitre_attack": [
       {
        "tactic_id": "TA0005",
        "technique_id": "T1562.007"
       }
      ],
      "vendor": "Okta",
      "vendors": [
       "Okta"
      ],
      "product": "",
      "tags": "",
      "active": true,
      "source_url": "",
      "license_details": {
       "name": "",
       "url": ""
      },
      "outcome": "detection",
      "created_timestamp": "2024-09-30T00:00:00Z",
      "modified_timestamp": "0001-01-01T00:00:00Z"
     },
     {
      "id": "e57ed33a-3a5a-47d0-9ab3-b4b5f1927f2a",
      "name": "Okta - SSO - Break Glass Account Usage",
      "description": "This rule detects the usage of the Okta SSO break glass account, which is an emergency access account typically reserved for critical situations or disaster recovery testing.\nGiven the highly privileged nature of this account and its potential for single-factor authentication, any use of it warrants immediate attention and investigation.\nTo minimize false positives and distinguish this activity from routine privileged operations, it is recommended that the break glass account be given a unique, identifiable name.\nAdding the break glass account to the logic of this rule is required for the rule to work as intended.\n",
      "origin": "CrowdStrike",
      "severity": 70,
      "recommended": true,
      "query": "#Vendor=\"okta\" #event.module=\"sso\" #event.outcome=\"success\"\n| #event.kind=\"event\"\n| array:contains(array=\"event.category[]\", value=\"authentication\")\n// Fill in the following with the name(s) of your break glass accounts\n// | in(field=\"user.name\", values=[\"BREAK_GLASS_ACCOUNT_1\", \"BREAK_GLASS_ACCOUNT_2\"])\n",
      "search_window_start": "-70m",
      "search_window_end": "-10m",
      "schedule": "1h",
      "author": "CrowdStrike",
      "sigma_author": "",
      "category": "",
      "license": "",
      "tactic": "TA0001",
      "technique": "T1078.004",
      "mitre_attack": [
       {
        "tactic_id": "TA0001",
        "technique_id": "T1078.004"
       }
      ],
      "vendor": "Okta",
      "vendors": [
       "Okta"
      ],
      "product": "",
      "tags": "",
      "active": true,
      "source_url": "",
      "license_details": {
       "name": "",
       "url": ""
      },
      "outcome": "detection",
      "created_timestamp": "2024-11-14T00:00:00Z",
      "modified_timestamp": "0001-01-01T00:00:00Z"
     },
     {
      "id": "11ca2d4a-8719-4065-8d13-227f5a2a1376",
      "name": "Okta - SSO - Admin URI Access with Suspicious Indicators",
      "description": "This rule identifies when an Okta admin related URI is accessed and the underlying event has one or more Okta indicators of suspicious activity like abnormal user behavior or the source IP address being known to be potentially suspicious or associated with a proxy service. These indicators could be signals for an Okta admin account being compromised.\n",
      "origin": "CrowdStrike",
      "severity": 50,
      "recommended": true,
      "query": "#repo=\"okta\" #event.module=\"sso\"\n| #event.kind=\"event\" #event.outcome=\"success\"\n| Vendor.debugContext.debugData.requestUri=/admin/i\n| event.action!=\"security.request.blocked\"\n| event.reason!=\"Sign-on policy evaluation resulted in REQUIRE_FACTOR\"\n| case {\n    Vendor.debugContext.debugData.threatSuspected=\"true\";\n    Vendor.securityContext.isProxy=\"true\";\n    Vendor.debugContext.debugData.behaviors=/(Device|Country|State)(?:\\s+Eval)?\\=(?:POSITIVE|UNKNOWN)/i;\n    Vendor.debugContext.debugData.logOnlySecurityData=/reasons\\\"\\:\\\"[^\\\"]+|level\\\"\\:\\\"(?:high|medium|crit)|(Device|Country|State)(?:\\s+Eval)?\\\"\\:\\\"(?:POSITIVE|UNKNOWN)/i\n}\n// Refine this rule by excluding expected Internet service providers\n// | Vendor.securityContext.isp!=/(?:zscaler|netskope)/i\n",
      "search_window_start": "-70m",
      "search_window_end": "-10m",
      "schedule": "1h",
      "author": "CrowdStrike",
      "sigma_author": "",
      "category": "",
      "license": "",
      "tactic": "TA0001",
      "technique": "T1078",
      "mitre_attack": [
       {
        "tactic_id": "TA0001",
        "technique_id": "T1078"
       }
      ],
      "vendor": "Okta",
      "vendors": [
       "Okta"
      ],
      "product": "",
      "tags": "",
      "active": true,
      "source_url": "",
      "license_details": {
       "name": "",
       "url": ""
      },
      "outcome": "detection",
      "created_timestamp": "2024-09-30T00:00:00Z",
      "modified_timestamp": "0001-01-01T00:00:00Z"
     },
     {
      "id": "2100b3f1-2698-46dd-b2dc-14054ba8b9c6",
      "name": "Okta - SSO - Fastpass Threat Detected",
      "description": "This rule identifies when Okta FastPass prevents a user from accessing a website associated with phishing.\n",
      "origin": "CrowdStrike",
      "severity": 50,
      "recommended": true,
      "query": "#Vendor=\"okta\" #repo=\"okta\" #event.module=\"sso\"\n| event.action=\"user.authentication.auth_via_mfa\"\n| event.reason=/fastpass/i\n",
      "search_window_start": "-70m",
      "search_window_end": "-10m",
      "schedule": "1h",
      "author": "CrowdStrike",
      "sigma_author": "",
      "category": "",
      "license": "",
      "tactic": "TA0001",
      "technique": "T1566",
      "mitre_attack": [
       {
        "tactic_id": "TA0001",
        "technique_id": "T1566"
       }
      ],
      "vendor": "Okta",
      "vendors": [
       "Okta"
      ],
      "product": "",
      "tags": "",
      "active": true,
      "source_url": "",
      "license_details": {
       "name": "",
       "url": ""
      },
      "outcome": "detection",
      "created_timestamp": "2024-08-08T00:00:00Z",
      "modified_timestamp": "2024-09-27T00:00:00Z"
     },
     {
      "id": "9621d1e2-9fbe-4fc7-be5d-c8d979aca9bd",
      "name": "Okta - SSO - Oauth2 Privilege Grant",
      "description": "This rule identifies when a client application's admin privileges have been modified. An actor may attempt to escalate the scope of an application's permissions to have additional access than otherwise expected.\n",
      "origin": "CrowdStrike",
      "severity": 50,
      "recommended": true,
      "query": "#repo=\"okta\" #event.module=\"sso\"\n| #event.outcome=\"success\" #event.kind=\"event\"\n| event.action=\"app.oauth2.client.privilege.grant\" Vendor.debugContext.debugData.privilegeGranted=/(?:super|org|group)\\s+admin/i\n",
      "search_window_start": "-70m",
      "search_window_end": "-10m",
      "schedule": "1h",
      "author": "CrowdStrike",
      "sigma_author": "",
      "category": "",
      "license": "",
      "tactic": "TA0004",
      "technique": "T1098.003",
      "mitre_attack": [
       {
        "tactic_id": "TA0004",
        "technique_id": "T1098.003"
       }
      ],
      "vendor": "Okta",
      "vendors": [
       "Okta"
      ],
      "product": "",
      "tags": "",
      "active": true,
      "source_url": "",
      "license_details": {
       "name": "",
       "url": ""
      },
      "outcome": "detection",
      "created_timestamp": "2024-06-11T00:00:00Z",
      "modified_timestamp": "2024-09-30T00:00:00Z"
     }
    ]
   }