{
    "meta": {
     "query_time": 0.057484775,
     "powered_by": "svc-cscrrulestemplates",
     "trace_id": "165017875aa7d9ceef189ba3bee26785"
    },
    "errors": [],
    "resources": [
     {
      "id": "14701da0-4b0f-4ee6-9c95-2ffb4e73bb9a",
      "name": "Okta User Account Locked Out",
      "description": "Detects when an user account is locked out.\n",
      "origin": "SigmaHQ",
      "severity": 50,
      "recommended": true,
      "query": "| #repo=\"okta\" #Vendor=\"okta\" #event.module=\"sso\" #event.kind=\"event\"\n| message=/Max sign in attempts exceeded/i\n",
      "search_window_start": "-70m",
      "search_window_end": "-10m",
      "schedule": "1h",
      "author": "Austin Songer @austinsonger",
      "sigma_author": "",
      "category": "",
      "license": "",
      "tactic": "TA0040",
      "technique": "T1531",
      "mitre_attack": [
       {
        "tactic_id": "TA0040",
        "technique_id": "T1531"
       }
      ],
      "vendor": "Okta",
      "vendors": [
       "Okta"
      ],
      "product": "",
      "tags": "",
      "active": true,
      "source_url": "https://github.com/SigmaHQ/sigma/blob/master/rules/cloud/okta/okta_user_account_locked_out.yml",
      "license_details": {
       "name": "DRL",
       "url": "https://github.com/SigmaHQ/Detection-Rule-License"
      },
      "outcome": "detection",
      "created_timestamp": "2021-09-12T00:00:00Z",
      "modified_timestamp": "2022-10-09T00:00:00Z"
     },
     {
      "id": "bb20bff6-2fe3-11ef-984c-b2a0e0bf5316",
      "name": "Okta - SSO - Admin Role Added To User",
      "description": "Identifies instances where a user has their group membership modified to include the admin group.\n",
      "origin": "CrowdStrike",
      "severity": 50,
      "recommended": true,
      "query": "| #repo=\"okta\" #Vendor=\"okta\" #event.module=\"sso\" #event.kind=\"event\"\n| event.action=\"group.user_membership.add\"\n| Vendor.UserGroup.displayName=/admin/i\n",
      "search_window_start": "-40m",
      "search_window_end": "-10m",
      "schedule": "30m",
      "author": "CrowdStrike",
      "sigma_author": "",
      "category": "",
      "license": "",
      "tactic": "TA0001",
      "technique": "T1078",
      "mitre_attack": [
       {
        "tactic_id": "TA0001",
        "technique_id": "T1078"
       }
      ],
      "vendor": "Okta",
      "vendors": [
       "Okta"
      ],
      "product": "",
      "tags": "",
      "active": true,
      "source_url": "",
      "license_details": {
       "name": "",
       "url": ""
      },
      "outcome": "detection",
      "created_timestamp": "2024-06-21T00:00:00Z",
      "modified_timestamp": "0001-01-01T00:00:00Z"
     },
     {
      "id": "b962f3c9-68f2-4b63-8b43-ecd6a3da82ad",
      "name": "Okta - SSO - Kerberos Authentication via Proxy",
      "description": "Detection identifies cases where Okta's Agentless Desktop Single Sign-On (DSSO) implementation is used from an IP address associated with a proxy. Such behavior may indicate that an adversary has stolen a Kerberos ticket from a compromised corporate device and is attempting to replay it from a new device behind proxy as identified by Okta.\nIn case this rule fires on benign activity, exclusions can be added to address normal ISP's or proxies which will increase the rule's accuracy. \n",
      "origin": "CrowdStrike",
      "severity": 70,
      "recommended": true,
      "query": "#repo=\"okta\" #Vendor=\"okta\" #event.module=\"sso\"\n| array:contains(array=\"event.category[]\", value=\"configuration\")\n| event.action=\"policy.evaluate_sign_on\"\n| Vendor.debugContext.debugData.authMethodFirstType=\"SSO_SP_INIT\" Vendor.debugContext.debugData.authMethodFirstEnrollment=\"DSSO\"\n| Vendor.securityContext.isProxy=\"true\"\n/* Exclude commonly used ISP's or proxies\n| Vendor.securityContext.isp = /(?:netskope|zscaler)/i\n| Vendor.debugContext.debugData.tunnels=/ICLOUD_RELAY_PROXY/i\n*/\n",
      "search_window_start": "-70m",
      "search_window_end": "-10m",
      "schedule": "1h",
      "author": "CrowdStrike",
      "sigma_author": "",
      "category": "",
      "license": "",
      "tactic": "TA0006",
      "technique": "T1558",
      "mitre_attack": [
       {
        "tactic_id": "TA0006",
        "technique_id": "T1558"
       }
      ],
      "vendor": "Okta",
      "vendors": [
       "Okta"
      ],
      "product": "",
      "tags": "",
      "active": true,
      "source_url": "",
      "license_details": {
       "name": "",
       "url": ""
      },
      "outcome": "detection",
      "created_timestamp": "2024-09-16T00:00:00Z",
      "modified_timestamp": "0001-01-01T00:00:00Z"
     },
     {
      "id": "720ac690-2fe3-11ef-abc7-b2a0e0bf5316",
      "name": "Okta - SSO - New User Created",
      "description": "Identifies new user creation within the Okta product.\n",
      "origin": "CrowdStrike",
      "severity": 10,
      "recommended": true,
      "query": "| #repo=\"okta\" #Vendor=\"okta\" #event.module=\"sso\"\n| #event.kind=\"event\"\n| event.action=\"user.lifecycle.create\"\n",
      "search_window_start": "-40m",
      "search_window_end": "-10m",
      "schedule": "30m",
      "author": "CrowdStrike",
      "sigma_author": "",
      "category": "",
      "license": "",
      "tactic": "TA0001",
      "technique": "T1078",
      "mitre_attack": [
       {
        "tactic_id": "TA0001",
        "technique_id": "T1078"
       }
      ],
      "vendor": "Okta",
      "vendors": [
       "Okta"
      ],
      "product": "",
      "tags": "",
      "active": true,
      "source_url": "",
      "license_details": {
       "name": "",
       "url": ""
      },
      "outcome": "detection",
      "created_timestamp": "2024-06-21T00:00:00Z",
      "modified_timestamp": "0001-01-01T00:00:00Z"
     },
     {
      "id": "9119131d-45d4-45a8-88ac-ecc67592ee04",
      "name": "Okta - SSO - ThreatInsights Activity Observed",
      "description": "This detection rule identifies instances of suspicious activity flagged by Okta's ThreatInsights. ThreatInsights leverages data from Okta's customer base to identify potentially malicious IP addresses, helping detect credential-based attacks such as password spraying and credential stuffing. To reduce false positives, the rule excludes low-severity alerts.\n",
      "origin": "CrowdStrike",
      "severity": 50,
      "recommended": true,
      "query": "#repo=\"okta\" #Vendor=\"okta\" #event.kind=\"event\" #event.module=\"sso\"\n| #event.outcome=\"success\"\n| Vendor.debugContext.debugData.risk=/threat\\s+insights/i Vendor.debugContext.debugData.risk!=/LOW/i\n",
      "search_window_start": "-70m",
      "search_window_end": "-10m",
      "schedule": "1h",
      "author": "CrowdStrike",
      "sigma_author": "",
      "category": "",
      "license": "",
      "tactic": "TA0006",
      "technique": "T1110",
      "mitre_attack": [
       {
        "tactic_id": "TA0006",
        "technique_id": "T1110"
       }
      ],
      "vendor": "Okta",
      "vendors": [
       "Okta"
      ],
      "product": "",
      "tags": "",
      "active": true,
      "source_url": "",
      "license_details": {
       "name": "",
       "url": ""
      },
      "outcome": "detection",
      "created_timestamp": "2024-09-19T00:00:00Z",
      "modified_timestamp": "0001-01-01T00:00:00Z"
     },
     {
      "id": "ea470a8e-2fe2-11ef-90ff-b2a0e0bf5316",
      "name": "Okta - SSO - Successful Authentication",
      "description": "Identifies instances where a user successfully logged via Okta.\n",
      "origin": "CrowdStrike",
      "severity": 10,
      "recommended": true,
      "query": "| #repo=\"okta\" #Vendor=\"okta\" #event.outcome=\"success\" #event.module=\"sso\"\n| event.action=\"user.authentication.auth_via_mfa\"\n",
      "search_window_start": "-40m",
      "search_window_end": "-10m",
      "schedule": "30m",
      "author": "CrowdStrike",
      "sigma_author": "",
      "category": "",
      "license": "",
      "tactic": "TA0001",
      "technique": "T1078",
      "mitre_attack": [
       {
        "tactic_id": "TA0001",
        "technique_id": "T1078"
       }
      ],
      "vendor": "Okta",
      "vendors": [
       "Okta"
      ],
      "product": "",
      "tags": "",
      "active": true,
      "source_url": "",
      "license_details": {
       "name": "",
       "url": ""
      },
      "outcome": "detection",
      "created_timestamp": "2024-06-21T00:00:00Z",
      "modified_timestamp": "0001-01-01T00:00:00Z"
     },
     {
      "id": "e5e97531-d78c-4266-a991-166b7b7327ad",
      "name": "Okta - SSO - System for Cross-domain Identity Management Password Sync",
      "description": "This rule identifies attempts to sync Okta plaintext passwords to a System for Cross-domain Identity Management (SCIM) application. Adversaries can extract plaintext passwords by creating a SCIM application under their control and configure the victim's Okta account to sync those passwords.\n",
      "origin": "CrowdStrike",
      "severity": 70,
      "recommended": true,
      "query": "#Vendor=\"okta\" #repo=\"okta\" #event.module=\"sso\"\n| #event.kind=\"event\" #event.outcome=\"success\"\n| event.action=\"application.lifecycle.update\"\n| event.reason=/pushing user passwords/i\n",
      "search_window_start": "-70m",
      "search_window_end": "-10m",
      "schedule": "1h",
      "author": "CrowdStrike",
      "sigma_author": "",
      "category": "",
      "license": "",
      "tactic": "TA0006",
      "technique": "T1555",
      "mitre_attack": [
       {
        "tactic_id": "TA0006",
        "technique_id": "T1555"
       }
      ],
      "vendor": "Okta",
      "vendors": [
       "Okta"
      ],
      "product": "",
      "tags": "",
      "active": true,
      "source_url": "",
      "license_details": {
       "name": "",
       "url": ""
      },
      "outcome": "detection",
      "created_timestamp": "2024-08-08T00:00:00Z",
      "modified_timestamp": "2024-09-25T00:00:00Z"
     },
     {
      "id": "199bd15d-3123-4ae0-afee-0912ffb34b94",
      "name": "Okta - SSO - User Created By Non System Account",
      "description": "This rule identifies when a user is created in Okta that is not sourcing from the system@okta.com account. Manual account creations should be audited to ensure they follow internal procedures to ensure proper auditing and configurations are upheld.\n",
      "origin": "CrowdStrike",
      "severity": 50,
      "recommended": true,
      "query": "#repo=\"okta\" #event.module=\"sso\" \n| #event.outcome=\"success\" #event.kind=\"event\"\n| event.action=\"user.lifecycle.create\" user.name!=\"system@okta.com\" Vendor.transaction.type!=\"JOB\"\n/*\n  The fidelity of the rule may be increased by uncommenting the 'case' statement that looks for suspicious Okta indicators associated with the events.\n  However, this could also result in false negatives if the adversary activity lacks those indicators.\n*/\n// | case {\n//    Vendor.debugContext.debugData.threatSuspected=true;\n//    Vendor.securityContext.isProxy=true;\n//    Vendor.debugContext.debugData.behaviors=/(Device|IP|Country|State|Velocity)(?:\\s+Eval)?\\=(?:POSITIVE|UNKNOWN)/i;\n//    Vendor.debugContext.debugData.logOnlySecurityData=/reasons\\\"\\:\\\"[^\\\"]+|level\\\"\\:\\\"(?:high|medium|crit)|(Device|IP|Country|State|Velocity)(?:\\s+Eval)?\\\"\\:\\\"(?:POSITIVE|UNKNOWN)/i;\n// }\n",
      "search_window_start": "-70m",
      "search_window_end": "-10m",
      "schedule": "1h",
      "author": "CrowdStrike",
      "sigma_author": "",
      "category": "",
      "license": "",
      "tactic": "TA0003",
      "technique": "T1136.003",
      "mitre_attack": [
       {
        "tactic_id": "TA0003",
        "technique_id": "T1136.003"
       }
      ],
      "vendor": "Okta",
      "vendors": [
       "Okta"
      ],
      "product": "",
      "tags": "",
      "active": true,
      "source_url": "",
      "license_details": {
       "name": "",
       "url": ""
      },
      "outcome": "detection",
      "created_timestamp": "2024-06-11T00:00:00Z",
      "modified_timestamp": "2024-09-30T00:00:00Z"
     },
     {
      "id": "cb347d0a-62ae-48e8-a3fa-dc04b7cf0303",
      "name": "Okta - SSO - User Session Impersonation",
      "description": "This rule identifies Okta user session impersonation related events that are normally generated when Okta support engineers request administrative access for troubleshooting. If not requested and expected then this could be indicative of adversary activity.\n",
      "origin": "CrowdStrike",
      "severity": 50,
      "recommended": true,
      "query": "#repo=\"okta\" #event.module=\"sso\"\n| #event.kind=\"event\" \n| event.action =~ in(values=[\"user.session.impersonation.initiate\", \"user.session.impersonation.end\", \"user.session.impersonation.grant\", \"user.session.impersonation.extend\", \"user.session.impersonation.revoke\"])\n/*\n    The fidelity of the rule may be increased by uncommenting the 'case' statement that looks for suspicious Okta indicators associated with the events.\n    However, this could also result in false negatives if the adversary activity lacks those indicators.\n*/\n// | case {\n//     Vendor.debugContext.debugData.threatSuspected=\"true\";\n//     Vendor.securityContext.isProxy=\"true\";\n//     Vendor.debugContext.debugData.behaviors=/(Device|IP|Country|State|Velocity)(?:\\s+Eval)?\\=(?:POSITIVE|UNKNOWN)/i;\n//     Vendor.debugContext.debugData.logOnlySecurityData=/reasons\\\"\\:\\\"[^\\\"]+|level\\\"\\:\\\"(?:high|medium|crit)|(Device|IP|Country|State|Velocity)(?:\\s+Eval)?\\\"\\:\\\"(?:POSITIVE|UNKNOWN)/i;\n//     Vendor.debugContext.debugData.risk=/level=(?:high|medium)/i\n// }\n",
      "search_window_start": "-70m",
      "search_window_end": "-10m",
      "schedule": "1h",
      "author": "CrowdStrike",
      "sigma_author": "",
      "category": "",
      "license": "",
      "tactic": "TA0004",
      "technique": "T1078.004",
      "mitre_attack": [
       {
        "tactic_id": "TA0004",
        "technique_id": "T1078.004"
       }
      ],
      "vendor": "Okta",
      "vendors": [
       "Okta"
      ],
      "product": "",
      "tags": "",
      "active": true,
      "source_url": "",
      "license_details": {
       "name": "",
       "url": ""
      },
      "outcome": "detection",
      "created_timestamp": "2024-10-01T00:00:00Z",
      "modified_timestamp": "0001-01-01T00:00:00Z"
     },
     {
      "id": "2c1a6002-eefe-4c55-a7f6-d86a36a186c5",
      "name": "Okta - SSO - Suspicious Authentication To Default API Endpoint",
      "description": "This rule identifies when a successful action has been performed where the API Endpoint is a well-defined default along with suspicious indicators often observed with malicious activity. Since these endpoints are present in most Okta tenants, actors will attempt to connect to them as part of normal bruteforcing. This rule monitors for successful actions which could indicate account compromise, legacy authentication, or anomalous access has taken place.\n",
      "origin": "CrowdStrike",
      "severity": 30,
      "recommended": true,
      "query": "#repo=okta #event.module=\"sso\" \n| #event.outcome=\"success\"\n| event.action =~ !in(values=[\"security.threat.detected\", \"security.request.blocked\", \"application.policy.sign_on.deny_access\", \"*rate_limit*\", \"system.push.send_factor_verify_push\"])\n| Vendor.debugContext.debugData.requestUri =~ in(values=[\"/app/office365/*/sso/wsfed/active\", \"/app/office365/*/sso/wsfed/mex\", \"/app/office365/*/sso/wsfed/windowstransport\", \"/app/office365/*/sso/wsfed/username13\", \"/app/office365/*/sso/wsfed/passive\", \"*well-known*\", \"/app/UserHome\"])\n| user_agent.original!=\"Windows-AzureAD-Authentication-Provider/*\" Vendor.AppInstance.displayName!=\"Microsoft Office 365\"\n| case {\n    Vendor.debugContext.debugData.threatSuspected=\"true\";\n    Vendor.securityContext.isProxy=\"true\";\n    Vendor.debugContext.debugData.behaviors=/(Device|IP|Country|State|Velocity)(?:\\s+Eval)?\\=(?:POSITIVE|UNKNOWN)/i;\n    Vendor.debugContext.debugData.logOnlySecurityData=/reasons\\\"\\:\\\"[^\\\"]+|level\\\"\\:\\\"(?:high|medium|crit)|(Device|IP|Country|State|Velocity)(?:\\s+Eval)?\\\"\\:\\\"(?:POSITIVE|UNKNOWN)/i;\n}\n| Vendor.securityContext.isp!=/(?:zscaler|netskope)\\s+inc/i (Vendor.debugContext.debugData.behaviors!=/(?:velocity|ip)(?:\\s+Eval)?\\=(?:POSITIVE|UNKNOWN)/i OR Vendor.debugContext.debugData.logOnlySecurityData!=/(?:velocity|ip)(?:\\s+Eval)?\\=(?:POSITIVE|UNKNOWN)/i)\n",
      "search_window_start": "-70m",
      "search_window_end": "-10m",
      "schedule": "1h",
      "author": "CrowdStrike",
      "sigma_author": "",
      "category": "",
      "license": "",
      "tactic": "TA0001",
      "technique": "T1078.004",
      "mitre_attack": [
       {
        "tactic_id": "TA0001",
        "technique_id": "T1078.004"
       }
      ],
      "vendor": "Okta",
      "vendors": [
       "Okta"
      ],
      "product": "",
      "tags": "",
      "active": true,
      "source_url": "",
      "license_details": {
       "name": "",
       "url": ""
      },
      "outcome": "detection",
      "created_timestamp": "2024-04-24T00:00:00Z",
      "modified_timestamp": "2024-10-03T00:00:00Z"
     },
     {
      "id": "ad6f9018-5851-45b0-858b-53653dd5e138",
      "name": "Okta - SSO - Programmatic Access to Users API Endpoint",
      "description": "This rule identifies programmatic access to the Okta Users API endpoint that provides operations to manage users in an Okta org. Monitoring API requests to this endpoint is important because an attacker may abuse an API token to execute techniques such as creating user accounts, resetting passwords, resetting MFA factors, or unlocking accounts. \nConsider tuning this rule by excluding the Okta accounts that are authorized to perform requests to the Okta Users API endpoint via programmatic methods.\n",
      "origin": "CrowdStrike",
      "severity": 30,
      "recommended": true,
      "query": "#repo=\"okta\" #event.module=\"sso\"\n| #event.kind=\"event\"\n| Vendor.transaction.detail.requestApiTokenId=*\n| Vendor.debugContext.debugData.requestUri=\"/api/v1/users*\"\n// Tune the rule by excluding the Okta accounts that are authorized to perform requests to the Users Okta API endpoint via programmatic methods.\n// | user.name =~ !in(values=[\"authorized_account@domain.abc\"])\n",
      "search_window_start": "-70m",
      "search_window_end": "-10m",
      "schedule": "1h",
      "author": "CrowdStrike",
      "sigma_author": "",
      "category": "",
      "license": "",
      "tactic": "TA0003",
      "technique": "T1098",
      "mitre_attack": [
       {
        "tactic_id": "TA0003",
        "technique_id": "T1098"
       }
      ],
      "vendor": "Okta",
      "vendors": [
       "Okta"
      ],
      "product": "",
      "tags": "",
      "active": true,
      "source_url": "",
      "license_details": {
       "name": "",
       "url": ""
      },
      "outcome": "detection",
      "created_timestamp": "2024-10-16T00:00:00Z",
      "modified_timestamp": "0001-01-01T00:00:00Z"
     },
     {
      "id": "cbab684a-0e52-4652-a487-9b3d9327f88c",
      "name": "Okta - SSO - OAuth Application Client Credentials Deleted",
      "description": "This rule detects the deletion of client credentials for an OAuth application, which could disrupt programmatic access to business processes and operations. While credential deletion is a common and sometimes necessary action, unexpected deletions may indicate unauthorized activity within the platform.\n",
      "origin": "CrowdStrike",
      "severity": 30,
      "recommended": true,
      "query": "#repo=\"okta\" #event.module=\"sso\"\n| #event.kind=\"event\" #event.outcome=\"success\"\n| event.action=\"app.oauth2.credentials.lifecycle.delete\"\n",
      "search_window_start": "-70m",
      "search_window_end": "-10m",
      "schedule": "1h",
      "author": "CrowdStrike",
      "sigma_author": "",
      "category": "",
      "license": "",
      "tactic": "TA0006",
      "technique": "T1556",
      "mitre_attack": [
       {
        "tactic_id": "TA0006",
        "technique_id": "T1556"
       }
      ],
      "vendor": "Okta",
      "vendors": [
       "Okta"
      ],
      "product": "",
      "tags": "",
      "active": true,
      "source_url": "",
      "license_details": {
       "name": "",
       "url": ""
      },
      "outcome": "detection",
      "created_timestamp": "2024-11-15T00:00:00Z",
      "modified_timestamp": "0001-01-01T00:00:00Z"
     },
     {
      "id": "46adf94a-758f-43d0-aed6-6d6316c5ded1",
      "name": "Okta - SSO - Remote Log Feed Configuration Modified",
      "description": "This rule detects when there has been any alteration to remote logging configurations that have been established for Okta. Adversaries may choose to modify remote logging in order to bypass detection mechanisms. \n",
      "origin": "CrowdStrike",
      "severity": 30,
      "recommended": true,
      "query": "#Vendor=\"okta\" #event.module=\"sso\" \n| #event.kind=\"event\" #event.outcome=\"success\"\n| event.action =~ in(values=[\"system.log_stream.lifecycle.deactivate\", \"system.log_stream.lifecycle.delete\", \"system.log_stream.lifecycle.update\", \"workflows.user.execution_log_stream_connection.deactivate\", \"workflows.user.execution_log_stream_connection.update\", \"workflows.user.flow.execution_log_stream.deactivate\"])\n",
      "search_window_start": "-70m",
      "search_window_end": "-10m",
      "schedule": "1h",
      "author": "CrowdStrike",
      "sigma_author": "",
      "category": "",
      "license": "",
      "tactic": "TA0005",
      "technique": "T1562",
      "mitre_attack": [
       {
        "tactic_id": "TA0005",
        "technique_id": "T1562"
       }
      ],
      "vendor": "Okta",
      "vendors": [
       "Okta"
      ],
      "product": "",
      "tags": "",
      "active": true,
      "source_url": "",
      "license_details": {
       "name": "",
       "url": ""
      },
      "outcome": "detection",
      "created_timestamp": "2024-11-14T00:00:00Z",
      "modified_timestamp": "0001-01-01T00:00:00Z"
     },
     {
      "id": "4f0cb124-d165-4f6a-96e9-1a4427a62ebd",
      "name": "Okta - SSO - Org2Org Application Modified",
      "description": "This rule identifies the creation or modification to Okta's Org2Org configuration. An adversary can add a new Org2Org application and create a user in the source org (controlled by the adversary) with the same identifier as a Super Administrator in the target org. This would allow the adversary to use the credentials from the source org to login to a legitimate Super Administrator account in the target org.\n",
      "origin": "CrowdStrike",
      "severity": 50,
      "recommended": true,
      "query": "#Vendor=\"okta\" #repo=\"okta\" #event.module=\"sso\"\n| #event.outcome=\"success\" #event.kind=\"event\"\n| Vendor.AppInstance.displayName=/Okta\\sOrg2Org/i\n| event.action =~ in(values=[\"application.lifecycle.activate\", \"application.lifecycle.create\", \"application.lifecycle.update\"])\n| Vendor.transaction.type!=/job/i\n",
      "search_window_start": "-70m",
      "search_window_end": "-10m",
      "schedule": "1h",
      "author": "CrowdStrike",
      "sigma_author": "",
      "category": "",
      "license": "",
      "tactic": "TA0006",
      "technique": "T1556",
      "mitre_attack": [
       {
        "tactic_id": "TA0006",
        "technique_id": "T1556"
       }
      ],
      "vendor": "Okta",
      "vendors": [
       "Okta"
      ],
      "product": "",
      "tags": "",
      "active": true,
      "source_url": "",
      "license_details": {
       "name": "",
       "url": ""
      },
      "outcome": "detection",
      "created_timestamp": "2024-08-08T00:00:00Z",
      "modified_timestamp": "2024-09-25T00:00:00Z"
     },
     {
      "id": "c1316504-3fe1-4f38-883e-d56737721825",
      "name": "Okta - SSO - Policy Deleted Deactivated or Modified",
      "description": "This rule identifies when an Okta policy is being deleted, deactivated, or modified. Okta policies are sets of rules that can be used to manage access to applications based on various conditions, such as user and group membership, device, location, time, or the use of multi-factor authentication.\nAn adversary may attempt to delete, deactivate, or modify an Okta policy to bypass or weaken an organization's security controls.\n",
      "origin": "CrowdStrike",
      "severity": 50,
      "recommended": true,
      "query": "#repo=\"okta\" #Vendor=\"okta\" #event.module=\"sso\"\n| #event.kind=\"event\" #event.outcome=\"success\"\n| event.action =~ in(values=[\"policy.lifecycle.update\", \"policy.lifecycle.delete\", \"policy.lifecycle.deactivate\"])\n/*\n    The fidelity of the rule may be increased by uncommenting the 'case' statement that looks for suspicious Okta indicators associated with the events.\n    However, this could also result in false negatives if the adversary activity lacks those indicators.\n*/\n// | case {\n//     Vendor.debugContext.debugData.threatSuspected=\"true\";\n//     Vendor.securityContext.isProxy=\"true\";\n//     Vendor.debugContext.debugData.behaviors=/(Device|IP|Country|State|Velocity)(?:\\s+Eval)?\\=(?:POSITIVE|UNKNOWN)/i;\n//     Vendor.debugContext.debugData.logOnlySecurityData=/reasons\\\"\\:\\\"[^\\\"]+|level\\\"\\:\\\"(?:high|medium|crit)|(Device|IP|Country|State|Velocity)(?:\\s+Eval)?\\\"\\:\\\"(?:POSITIVE|UNKNOWN)/i;\n//     Vendor.debugContext.debugData.risk=/level=(?:high|medium)/i\n// }\n",
      "search_window_start": "-70m",
      "search_window_end": "-10m",
      "schedule": "1h",
      "author": "CrowdStrike",
      "sigma_author": "",
      "category": "",
      "license": "",
      "tactic": "TA0003",
      "technique": "T1556.009",
      "mitre_attack": [
       {
        "tactic_id": "TA0003",
        "technique_id": "T1556.009"
       }
      ],
      "vendor": "Okta",
      "vendors": [
       "Okta"
      ],
      "product": "",
      "tags": "",
      "active": true,
      "source_url": "",
      "license_details": {
       "name": "",
       "url": ""
      },
      "outcome": "detection",
      "created_timestamp": "2024-10-02T00:00:00Z",
      "modified_timestamp": "0001-01-01T00:00:00Z"
     },
     {
      "id": "499813be-efc7-443a-b56e-f106df9f2532",
      "name": "Okta - SSO - Token Replay",
      "description": "This rule identifies when a one-time token is attempted to be reused. Actors may attempt to leverage compromised tokens in an attempt to gain initial access.\n",
      "origin": "CrowdStrike",
      "severity": 50,
      "recommended": true,
      "query": "#Vendor=\"okta\" #repo=\"okta\" #event.module=\"sso\"\n| #event.outcome=\"success\" \n| Vendor.debugContext.debugData.threatSuspected=\"true\" OR Vendor.securityContext.isProxy=\"true\" \n| event.action=~in(values=[\"app.oauth2.token.detect_reuse\", \"app.oauth2.as.token.detect_reuse\"])\n",
      "search_window_start": "-70m",
      "search_window_end": "-10m",
      "schedule": "1h",
      "author": "CrowdStrike",
      "sigma_author": "",
      "category": "",
      "license": "",
      "tactic": "TA0006",
      "technique": "T1528",
      "mitre_attack": [
       {
        "tactic_id": "TA0006",
        "technique_id": "T1528"
       }
      ],
      "vendor": "Okta",
      "vendors": [
       "Okta"
      ],
      "product": "",
      "tags": "",
      "active": true,
      "source_url": "",
      "license_details": {
       "name": "",
       "url": ""
      },
      "outcome": "detection",
      "created_timestamp": "2024-06-11T00:00:00Z",
      "modified_timestamp": "2024-09-30T00:00:00Z"
     },
     {
      "id": "deeee7e6-7ec6-43d4-85bf-e06ac39d011f",
      "name": "Okta - SSO - Authentication Originating from Unauthorized Proxy or VPN Operator Observed",
      "description": "This rule detects successful authentication sessions originating from unauthorized proxy or VPN operators. Adversaries often utilize proxies or VPN providers to consistently mask their true location. To use this rule effectively, provide the names of proxy or VPN providers that are authorized in your environment. Once configured, this rule will trigger when an IP address belonging to an unauthorized or unexpected proxy or VPN is observed.\n",
      "origin": "CrowdStrike",
      "severity": 50,
      "recommended": true,
      "query": "#repo=\"okta\" #event.module=\"sso\"\n| #event.kind=\"event\" #event.outcome=\"success\"\n| event.action=\"user.authentication.verify\" Vendor.debugContext.debugData.tunnels=*\n| parseJson(Vendor.debugContext.debugData.tunnels, prefix=tunnels)\n| objectArray:eval(array=\"tunnels[]\", asArray=\"unauthorized_tunnels[]\", var=x, function= {\n    // Insert authorized proxy or VPN operator names here to exclude\n    x.operator != /null|authorized_vpn/i\n    | unauthorized_tunnels := x.operator\n    }\n)\n// Check if any unauthorized proxies or VPNs exist\n| unauthorized_tunnels[0]=*\n",
      "search_window_start": "-70m",
      "search_window_end": "-10m",
      "schedule": "1h",
      "author": "CrowdStrike",
      "sigma_author": "",
      "category": "",
      "license": "",
      "tactic": "TA0011",
      "technique": "T1090.002",
      "mitre_attack": [
       {
        "tactic_id": "TA0011",
        "technique_id": "T1090.002"
       }
      ],
      "vendor": "Okta",
      "vendors": [
       "Okta"
      ],
      "product": "",
      "tags": "",
      "active": true,
      "source_url": "",
      "license_details": {
       "name": "",
       "url": ""
      },
      "outcome": "detection",
      "created_timestamp": "2024-12-05T00:00:00Z",
      "modified_timestamp": "0001-01-01T00:00:00Z"
     },
     {
      "id": "f8049b27-d9c3-4b58-bddd-b42c1e88cc6e",
      "name": "Okta - SSO - Email MFA Address Activated",
      "description": "This rule detects when an email address used for MFA is activated for an Okta account. While typically a legitimate action, in some contexts it could indicate account takeover if occurring outside of expected processes. This activity can be a precursor to lateral movement, data exfiltration, or other malicious actions.\n",
      "origin": "CrowdStrike",
      "severity": 10,
      "recommended": true,
      "query": "#Vendor=\"okta\" #event.module=\"sso\"\n| #event.kind=\"event\" #event.outcome=\"success\"\n| event.action=\"user.mfa.factor.activate\" event.reason=\"User set up EMAIL_FACTOR factor\"\n// Tune out benign MFA email address domains below\n// | user.target.name != /(?:example.com|benign.com)$/i\n",
      "search_window_start": "-70m",
      "search_window_end": "-10m",
      "schedule": "1h",
      "author": "CrowdStrike",
      "sigma_author": "",
      "category": "",
      "license": "",
      "tactic": "TA0003",
      "technique": "T1556.006",
      "mitre_attack": [
       {
        "tactic_id": "TA0003",
        "technique_id": "T1556.006"
       }
      ],
      "vendor": "Okta",
      "vendors": [
       "Okta"
      ],
      "product": "",
      "tags": "",
      "active": true,
      "source_url": "",
      "license_details": {
       "name": "",
       "url": ""
      },
      "outcome": "detection",
      "created_timestamp": "2024-11-20T00:00:00Z",
      "modified_timestamp": "0001-01-01T00:00:00Z"
     },
     {
      "id": "b5e2fe3d-c887-4ef8-9456-e518b3956da2",
      "name": "Okta - SSO - Email MFA Address Deactivated",
      "description": "This rule detects when an email address used for MFA is deactivated for an Okta account. While typically a legitimate action, in some contexts it could indicate account takeover if occurring outside of expected processes. This activity can be a precursor to lateral movement, data exfiltration, or other malicious actions.\n",
      "origin": "CrowdStrike",
      "severity": 10,
      "recommended": true,
      "query": "#Vendor=\"okta\" #event.module=\"sso\"\n| #event.kind=\"event\" #event.outcome=\"success\"\n| event.action=\"user.mfa.factor.deactivate\" event.reason=\"User reset EMAIL_FACTOR factor\"\n",
      "search_window_start": "-70m",
      "search_window_end": "-10m",
      "schedule": "1h",
      "author": "CrowdStrike",
      "sigma_author": "",
      "category": "",
      "license": "",
      "tactic": "TA0003",
      "technique": "T1556.006",
      "mitre_attack": [
       {
        "tactic_id": "TA0003",
        "technique_id": "T1556.006"
       }
      ],
      "vendor": "Okta",
      "vendors": [
       "Okta"
      ],
      "product": "",
      "tags": "",
      "active": true,
      "source_url": "",
      "license_details": {
       "name": "",
       "url": ""
      },
      "outcome": "detection",
      "created_timestamp": "2024-11-20T00:00:00Z",
      "modified_timestamp": "0001-01-01T00:00:00Z"
     },
     {
      "id": "4cfdfa06-a580-412c-bad9-4bd8be55a14e",
      "name": "Okta - SSO - Email MFA Address Updated",
      "description": "This rule detects when an email address used for MFA is updated for an Okta account. While typically a legitimate action, in some contexts it could indicate account takeover if occurring outside of expected processes. This activity can be a precursor to lateral movement, data exfiltration, or other malicious actions.\n",
      "origin": "CrowdStrike",
      "severity": 10,
      "recommended": true,
      "query": "#Vendor=\"okta\" #event.module=\"sso\"\n| #event.kind=\"event\" #event.outcome=\"success\"\n| event.action=\"user.mfa.factor.update\" event.reason=\"User updated EMAIL_FACTOR factor\"\n",
      "search_window_start": "-70m",
      "search_window_end": "-10m",
      "schedule": "1h",
      "author": "CrowdStrike",
      "sigma_author": "",
      "category": "",
      "license": "",
      "tactic": "TA0003",
      "technique": "T1556.006",
      "mitre_attack": [
       {
        "tactic_id": "TA0003",
        "technique_id": "T1556.006"
       }
      ],
      "vendor": "Okta",
      "vendors": [
       "Okta"
      ],
      "product": "",
      "tags": "",
      "active": true,
      "source_url": "",
      "license_details": {
       "name": "",
       "url": ""
      },
      "outcome": "detection",
      "created_timestamp": "2024-11-20T00:00:00Z",
      "modified_timestamp": "0001-01-01T00:00:00Z"
     },
     {
      "id": "9532b81b-5f5b-48e3-975f-0fdce5ada779",
      "name": "Okta - SSO - MFA FIDO2 Device Deactivated",
      "description": "This rule detects when a hardware FIDO2 token MFA device is deactivated for an Okta account. While typically a legitimate action, in some contexts it could indicate account takeover if occurring outside of expected processes. This activity can be a precursor to lateral movement, data exfiltration, or other malicious actions.\n",
      "origin": "CrowdStrike",
      "severity": 10,
      "recommended": true,
      "query": "#repo=\"okta\" #event.module=\"sso\"\n| #event.kind=\"event\" #event.outcome=\"success\"\n| event.action=\"user.mfa.factor.deactivate\" event.reason=\"User reset FIDO_WEBAUTHN factor\"\n",
      "search_window_start": "-70m",
      "search_window_end": "-10m",
      "schedule": "1h",
      "author": "CrowdStrike",
      "sigma_author": "",
      "category": "",
      "license": "",
      "tactic": "TA0003",
      "technique": "T1556.006",
      "mitre_attack": [
       {
        "tactic_id": "TA0003",
        "technique_id": "T1556.006"
       }
      ],
      "vendor": "Okta",
      "vendors": [
       "Okta"
      ],
      "product": "",
      "tags": "",
      "active": true,
      "source_url": "",
      "license_details": {
       "name": "",
       "url": ""
      },
      "outcome": "detection",
      "created_timestamp": "2024-11-18T00:00:00Z",
      "modified_timestamp": "2024-11-21T00:00:00Z"
     },
     {
      "id": "be4438de-ad70-419c-963d-494b0d6ad913",
      "name": "Okta - SSO - MFA Hardware Token Device Activated",
      "description": "This rule detects when a hardware token MFA device is activated for an Okta account. While typically a legitimate action, in some contexts it could indicate account takeover if occurring outside of expected processes. This activity can be a precursor to lateral movement, data exfiltration, or other malicious actions.\n",
      "origin": "CrowdStrike",
      "severity": 10,
      "recommended": true,
      "query": "#Vendor=\"okta\" #event.module=\"sso\"\n| #event.kind=\"event\" #event.outcome=\"success\"\n| event.action=\"user.mfa.factor.activate\" event.reason=\"User set up HOTP_FACTOR factor\"\n",
      "search_window_start": "-70m",
      "search_window_end": "-10m",
      "schedule": "1h",
      "author": "CrowdStrike",
      "sigma_author": "",
      "category": "",
      "license": "",
      "tactic": "TA0003",
      "technique": "T1556.006",
      "mitre_attack": [
       {
        "tactic_id": "TA0003",
        "technique_id": "T1556.006"
       }
      ],
      "vendor": "Okta",
      "vendors": [
       "Okta"
      ],
      "product": "",
      "tags": "",
      "active": true,
      "source_url": "",
      "license_details": {
       "name": "",
       "url": ""
      },
      "outcome": "detection",
      "created_timestamp": "2024-11-21T00:00:00Z",
      "modified_timestamp": "0001-01-01T00:00:00Z"
     },
     {
      "id": "00d9dd45-7d5c-4b45-8fa4-5b219054726f",
      "name": "Okta - SSO - MFA Software Token Device Activated",
      "description": "This rule detects when a software token MFA device is activated for an Okta account. While typically a legitimate action, in some contexts it could indicate account takeover if occurring outside of expected processes. This activity can be a precursor to lateral movement, data exfiltration, or other malicious actions.\n",
      "origin": "CrowdStrike",
      "severity": 10,
      "recommended": true,
      "query": "#Vendor=\"okta\" #event.module=\"sso\"\n| #event.kind=\"event\" #event.outcome=\"success\"\n| event.action=\"user.mfa.factor.activate\"\n| event.reason=\"User set up OKTA_SOFT_TOKEN factor\" OR event.reason=\"User set up SOFT_TOKEN factor\" \n",
      "search_window_start": "-70m",
      "search_window_end": "-10m",
      "schedule": "1h",
      "author": "CrowdStrike",
      "sigma_author": "",
      "category": "",
      "license": "",
      "tactic": "TA0003",
      "technique": "T1556.006",
      "mitre_attack": [
       {
        "tactic_id": "TA0003",
        "technique_id": "T1556.006"
       }
      ],
      "vendor": "Okta",
      "vendors": [
       "Okta"
      ],
      "product": "",
      "tags": "",
      "active": true,
      "source_url": "",
      "license_details": {
       "name": "",
       "url": ""
      },
      "outcome": "detection",
      "created_timestamp": "2024-11-21T00:00:00Z",
      "modified_timestamp": "0001-01-01T00:00:00Z"
     },
     {
      "id": "03803b92-4515-4f77-a566-5b7832274824",
      "name": "Okta - SSO - MFA Software Token Device Deactivated",
      "description": "This rule detects when a software token MFA device is deactivated for an Okta account.  While typically a legitimate action, in some contexts it could indicate account takeover if occurring outside of expected processes. This activity can be a precursor to lateral movement, data exfiltration, or other malicious actions.\n",
      "origin": "CrowdStrike",
      "severity": 10,
      "recommended": true,
      "query": "#Vendor=\"okta\" #event.module=\"sso\"\n| #event.kind=\"event\" #event.outcome=\"success\"\n| event.action=\"user.mfa.factor.deactivate\"\n| event.reason=\"User reset OKTA_SOFT_TOKEN factor\" OR event.reason=\"User reset SOFT_TOKEN factor\" \n",
      "search_window_start": "-70m",
      "search_window_end": "-10m",
      "schedule": "1h",
      "author": "CrowdStrike",
      "sigma_author": "",
      "category": "",
      "license": "",
      "tactic": "TA0003",
      "technique": "T1556.006",
      "mitre_attack": [
       {
        "tactic_id": "TA0003",
        "technique_id": "T1556.006"
       }
      ],
      "vendor": "Okta",
      "vendors": [
       "Okta"
      ],
      "product": "",
      "tags": "",
      "active": true,
      "source_url": "",
      "license_details": {
       "name": "",
       "url": ""
      },
      "outcome": "detection",
      "created_timestamp": "2024-11-21T00:00:00Z",
      "modified_timestamp": "0001-01-01T00:00:00Z"
     },
     {
      "id": "b34b47ef-dd9a-4fe0-bbdc-592fc30df186",
      "name": "Okta - SSO - Spike in Policy Evaluation During Authentication",
      "description": "Detection identifies instances in which Okta's policy evaluate event type has a larger than expected number of events within a single authentication session. This behavior is commonly observed with Adversary-in-the-Middle (AiTM) style attacks where once the first authentication factor is completed by the victim, Okta will evaluate any policies against them while the victim fulfills any secondary factor. During this dwell time, the number of policy evaluate logs are generated in quick succession. \n",
      "origin": "CrowdStrike",
      "severity": 50,
      "recommended": true,
      "query": "#repo=\"okta\" #Vendor=\"okta\" #event.kind=\"event\" #event.module=\"sso\"\n| in(field=\"event.action\", values=[\"policy.evaluate_sign_on\", \"user.authentication.auth_via_mfa\", \"user.session.start\"])\n| Vendor.authenticationContext.externalSessionId!=\"unknown\" user.name!=\"system@okta.com\"\n| case {\n        event.action=\"policy.evaluate_sign_on\" | policy := \"true\";\n        event.action=\"user.authentication.auth_via_mfa\" | mfa := \"true\";\n        event.action=\"user.session.start\" | session := \"true\";\n}\n| case {\n        Vendor.debugContext.debugData.risk=/Anomalous\\s+Device/i or Vendor.debugContext.debugData.logOnlySecurityData=/Anomalous\\s+Device/i | anomDevice := \"true\";\n        * | anomDevice := \"false\";\n}\n| groupBy([Vendor.authenticationContext.externalSessionId], \n    function=[\n        count(field=policy, distinct=false, as=policyCount),\n        count(field=mfa, distinct=false, as=mfaCount),\n        count(field=session, distinct=false, as=sessionCount),\n        collect([event.action, anomDevice])\n        ]\n    )\n| policyCount\u003e15 sessionCount\u003c3 mfaCount\u003c3 anomDevice=/true/mi\n",
      "search_window_start": "-70m",
      "search_window_end": "-10m",
      "schedule": "1h",
      "author": "CrowdStrike",
      "sigma_author": "",
      "category": "",
      "license": "",
      "tactic": "TA0006",
      "technique": "T1539",
      "mitre_attack": [
       {
        "tactic_id": "TA0006",
        "technique_id": "T1539"
       }
      ],
      "vendor": "Okta",
      "vendors": [
       "Okta"
      ],
      "product": "",
      "tags": "",
      "active": true,
      "source_url": "",
      "license_details": {
       "name": "",
       "url": ""
      },
      "outcome": "detection",
      "created_timestamp": "2024-09-17T00:00:00Z",
      "modified_timestamp": "0001-01-01T00:00:00Z"
     }
    ]
   }