{
    "meta": {
     "query_time": 0.020863213,
     "powered_by": "svc-cscrrulestemplates",
     "trace_id": "636adc6f34a6cc21421b01a18ff49bcc"
    },
    "errors": [],
    "resources": [
     {
      "id": "eed1f5bf-da7d-4ea4-b02a-9cbfbd243904",
      "name": "Generic - Network - Mass SMB Connections to Internal IP Addresses",
      "description": "This rule detects a single host establishing an abnormally high number of Server Message Block (SMB) connections within a short period, potentially indicating a compromised host engaged in reconnaissance for lateral movement. By default the alerting threshold for total unique number of IP addresses is set to 1000. \n",
      "origin": "CrowdStrike",
      "severity": 50,
      "recommended": true,
      "query": "#repo!=\"xdr_*\"   \n| #Vendor =~ in(values=[\"akamai\",\"aws\",\"cisco\",\"corelight\",\"extrahop\",\"fortinet\",\"aruba\",\"microsoft\",\"netskope\",\"nozomi\",\"paloalto\",\"radware\",\"zscaler\"])\n| #event.kind=\"event\"\n| array:contains(array=\"event.category[]\", value=\"network\")\n| destination.port =~ in(values=[\"445\",\"135\"])\n| cidr(source.ip, subnet=[\"10.0.0.0/8\", \"172.16.0.0/12\", \"192.168.0.0/16\", \"fe80::/10\", \"169.254.0.0/16\"])\n| cidr(destination.ip, subnet=[\"10.0.0.0/8\", \"172.16.0.0/12\", \"192.168.0.0/16\", \"fe80::/10\", \"169.254.0.0/16\"])\n| groupBy([source.ip], function=[count(destination.ip, distinct=true, as=dest_ip_count), collect([destination.port])])\n| dest_ip_count\u003e=1000\n",
      "search_window_start": "-70m",
      "search_window_end": "-10m",
      "schedule": "1h",
      "author": "CrowdStrike",
      "sigma_author": "",
      "category": "",
      "license": "",
      "tactic": "TA0008",
      "technique": "T1021.002",
      "mitre_attack": [
       {
        "tactic_id": "TA0008",
        "technique_id": "T1021.002"
       }
      ],
      "vendor": "Akamai",
      "vendors": [
       "Akamai",
       "AWS",
       "Cisco",
       "Corelight",
       "ExtraHop",
       "Fortinet",
       "HPE Aruba Networking",
       "Microsoft",
       "Netskope",
       "Nozomi Networks",
       "Palo Alto Networks",
       "Radware",
       "Zscaler"
      ],
      "product": "",
      "tags": "",
      "active": true,
      "source_url": "",
      "license_details": {
       "name": "",
       "url": ""
      },
      "outcome": "detection",
      "created_timestamp": "2024-10-08T00:00:00Z",
      "modified_timestamp": "2024-10-22T00:00:00Z"
     },
     {
      "id": "3c33dafe-6d66-4c7e-8241-dc839d1d10d4",
      "name": "Generic - Network - Internal Host Discovery Scan",
      "description": "This rule identifies host discovery scans. In this type of scan, an adversary is interested in a large number of IP address, but a limited number of ports.\nThe following thresholds can be adjusted to better reflect network activity in the target environment.\ndc_ips: total number of IP addresses\ndc_ports: total number of scanned ports.\n",
      "origin": "CrowdStrike",
      "severity": 50,
      "recommended": true,
      "query": "#repo!=\"xdr_*\" #event.kind=\"event\"\n| #Vendor =~ in(values=[\"aws\",\"cisco\",\"corelight\",\"extrahop\",\"fortinet\",\"microsoft\",\"nozomi\",\"paloalto\",\"zscaler\"])\n| array:contains(array=\"event.category[]\", value=\"network\")\n| network.transport=/tcp|udp/ OR network.iana_number=6 OR network.iana_number=17\n| case {\n    test(source.port\u003edestination.port) | destination.port\u003c20000 | scanned_port := destination.port | scanned_ip := destination.ip | scan_source_ip := source.ip;\n    test(source.port\u003cdestination.port) | source.port\u003c20000 | scanned_port := source.port | scanned_ip := source.ip | scan_source_ip := destination.ip;\n    test(source.port==destination.port) | destination.port\u003c20000 | scanned_port := destination.port | scanned_ip := destination.ip | scan_source_ip := source.ip;\n}\n| cidr(source.ip, subnet=[\"10.0.0.0/8\", \"172.16.0.0/12\", \"192.168.0.0/16\", \"fe80::/10\", \"169.254.0.0/16\"])\n| cidr(destination.ip, subnet=[\"10.0.0.0/8\", \"172.16.0.0/12\", \"192.168.0.0/16\", \"fe80::/10\", \"169.254.0.0/16\"])\n| groupBy(field=[#Vendor,#event.module,#type,scan_source_ip], function=[count(scanned_port, distinct=true, as=dc_ports),count(scanned_ip, distinct=true, as=\"dc_ips\"), collect([scanned_port])])\n// Adjust thresholds below as appropriate for your environment.\n| dc_ips\u003e=20 dc_ports\u003c=5\n\n// Exclusions\n// Exclude known scanners below\n// scan_source_ip =~ !in(values=[\"1.2.3.4\"]) \n",
      "search_window_start": "-70m",
      "search_window_end": "-10m",
      "schedule": "1h",
      "author": "CrowdStrike",
      "sigma_author": "",
      "category": "",
      "license": "",
      "tactic": "TA0007",
      "technique": "T1046",
      "mitre_attack": [
       {
        "tactic_id": "TA0007",
        "technique_id": "T1046"
       }
      ],
      "vendor": "AWS",
      "vendors": [
       "AWS",
       "Cisco",
       "Corelight",
       "ExtraHop",
       "Fortinet",
       "Microsoft",
       "Nozomi Networks",
       "Palo Alto Networks",
       "Zscaler"
      ],
      "product": "",
      "tags": "",
      "active": true,
      "source_url": "",
      "license_details": {
       "name": "",
       "url": ""
      },
      "outcome": "detection",
      "created_timestamp": "2024-10-18T00:00:00Z",
      "modified_timestamp": "0001-01-01T00:00:00Z"
     },
     {
      "id": "562ed7da-dfcf-4c74-bfaf-37928078156d",
      "name": "Palo Alto Networks - NGFW - Admin Access from External IP Address",
      "description": "This rule detects access to the Palo Alto Networks NGFW management plane from public IP addresses, which may indicate unauthorized or unexpected access attempts.\nDesigned for environments where management connections are typically restricted to internal networks (RFC1918 IP space), this detection alerts security teams when the management interface is accessed from outside the expected network enclave.\nThe rule is particularly useful for organizations that have specific business policies requiring SaaS product management to be conducted only from managed endpoints or predetermined Autonomous System Numbers (ASNs).\nBy monitoring and flagging these potentially anomalous connection attempts, the rule helps maintain the security posture of the Palo Alto Networks NGFW environment, allowing for prompt investigation of any access that deviates from established security protocols.\n",
      "origin": "CrowdStrike",
      "severity": 70,
      "recommended": true,
      "query": "#repo=\"paloalto\" #event.dataset=\"next-generation-firewall.system\" OR #event.dataset=\"ngfw.system\"\n| #event.kind=\"event\" #event.outcome=\"success\"\n| array:contains(array=\"event.category[]\", value=\"authentication\")\n| asn(source.ip)\n// If certain IPs are allowed those can be excluded below by adding them in CIDR form Example: \"1.2.3.4/32\"\n| !cidr(source.ip, subnet=[\"10.0.0.0/8\", \"172.16.0.0/12\", \"192.168.0.0/16\"])\n// If access is permitted from certain ASNs these can be excluded here.\n//| source.ip.org =~ !in(values=[\"ASN\"])\n",
      "search_window_start": "-70m",
      "search_window_end": "-10m",
      "schedule": "1h",
      "author": "CrowdStrike",
      "sigma_author": "",
      "category": "",
      "license": "",
      "tactic": "TA0003",
      "technique": "T1078",
      "mitre_attack": [
       {
        "tactic_id": "TA0003",
        "technique_id": "T1078"
       }
      ],
      "vendor": "Palo Alto Networks",
      "vendors": [
       "Palo Alto Networks"
      ],
      "product": "",
      "tags": "",
      "active": true,
      "source_url": "",
      "license_details": {
       "name": "",
       "url": ""
      },
      "outcome": "detection",
      "created_timestamp": "2024-11-21T00:00:00Z",
      "modified_timestamp": "2025-02-05T00:00:00Z"
     },
     {
      "id": "aa2e1b81-7ccd-47fc-97fe-efb365f3fcb5",
      "name": "Palo Alto Networks - NGFW - Successful Authentication from Malicious IP Address",
      "description": "Identifies successful authentication events from Palo Alto Networks NGFW originating from IP addresses flagged as malicious by CrowdStrike's threat intelligence feed (medium or high confidence). This rule helps identify potential account compromises and unauthorized access attempts from known adversarial infrastructure.\n",
      "origin": "CrowdStrike",
      "severity": 70,
      "recommended": true,
      "query": "#repo=\"paloalto\" #event.dataset=\"next-generation-firewall.system\" OR #event.dataset=\"ngfw.system\"\n| #event.kind=\"event\" #event.outcome=\"success\"\n| array:contains(\"event.category[]\", value=\"authentication\")\n| source.ip =~ !cidr(subnet=[\"10.0.0.0/8\", \"172.16.0.0/12\", \"192.168.0.0/16\"])\n| ioc:lookup(field=\"source.ip\", type=\"ip_address\", confidenceThreshold=\"medium\", strict=true)\n",
      "search_window_start": "-70m",
      "search_window_end": "-10m",
      "schedule": "1h",
      "author": "CrowdStrike",
      "sigma_author": "",
      "category": "",
      "license": "",
      "tactic": "TA0001",
      "technique": "T1078.004",
      "mitre_attack": [
       {
        "tactic_id": "TA0001",
        "technique_id": "T1078.004"
       }
      ],
      "vendor": "Palo Alto Networks",
      "vendors": [
       "Palo Alto Networks"
      ],
      "product": "",
      "tags": "",
      "active": true,
      "source_url": "",
      "license_details": {
       "name": "",
       "url": ""
      },
      "outcome": "detection",
      "created_timestamp": "2024-12-17T00:00:00Z",
      "modified_timestamp": "2025-02-05T00:00:00Z"
     },
     {
      "id": "919968c9-8bdb-4868-accf-b3721ca542b3",
      "name": "Palo Alto Networks - NGFW - Break Glass Account Usage",
      "description": "This rule detects the usage of the Palo Alto Networks NGFW break glass account, which is an emergency access account typically reserved for critical situations or disaster recovery testing.\nGiven the highly privileged nature of this account and its potential for single-factor authentication, any use of it warrants immediate attention and investigation.\nTo minimize false positives and distinguish this activity from routine privileged operations, it is recommended that the break glass account be given a unique, identifiable name.\nAdding the break glass account to the logic of this rule is required for the rule to work as intended.\n",
      "origin": "CrowdStrike",
      "severity": 90,
      "recommended": true,
      "query": "#repo=\"paloalto\" #Vendor=\"paloalto\" #event.dataset=\"next-generation-firewall.system\" OR #event.dataset=\"ngfw.system\"\n| #event.kind=\"event\" #event.outcome=\"success\"\n| array:contains(array=\"event.category[]\", value=\"authentication\")\n// Enter break-glass accounts below\n| source.user.name =~ in(values=[\"admin\"]) \n",
      "search_window_start": "-70m",
      "search_window_end": "-10m",
      "schedule": "1h",
      "author": "CrowdStrike",
      "sigma_author": "",
      "category": "",
      "license": "",
      "tactic": "TA0004",
      "technique": "T1078.003",
      "mitre_attack": [
       {
        "tactic_id": "TA0004",
        "technique_id": "T1078.003"
       }
      ],
      "vendor": "Palo Alto Networks",
      "vendors": [
       "Palo Alto Networks"
      ],
      "product": "",
      "tags": "",
      "active": true,
      "source_url": "",
      "license_details": {
       "name": "",
       "url": ""
      },
      "outcome": "detection",
      "created_timestamp": "2024-11-20T00:00:00Z",
      "modified_timestamp": "2025-02-05T00:00:00Z"
     },
     {
      "id": "a82bb8da-d608-4ef9-9b54-cd4de0d5b17d",
      "name": "Palo Alto Networks - NGFW - Local User Created",
      "description": "Detects when a regular user account is created to access the console of Palo Alto Networks NGFW, potentially indicating an unusual or unexpected event, especially in environments where NGFW is integrated with an Identity Provider (IdP).\nThis may be indicative of adversary activity, as creating local user accounts can be used to gain persistent access to the application, bypassing IdP-based authentication controls.\nAdversaries may use this tactic to maintain a foothold in the environment, even if the initial entry vector is closed, and potentially evade detection by avoiding the use of compromised credentials, maintain access to the application even if the IdP is updated or patched, and use the local account as a pivot point for further lateral movement.\n",
      "origin": "CrowdStrike",
      "severity": 50,
      "recommended": true,
      "query": "#repo=\"paloalto\" #event.dataset=\"next-generation-firewall.config\" OR #event.dataset=\"ngfw.config\"\n| #event.kind=\"event\" #event.outcome=\"success\"\n| array:contains(array=\"event.category[]\", value=\"configuration\")\n| Vendor.command=\"set\" \n| process.command_line=/config/i process.command_line=/shared/i process.command_line=/local-user-database/i process.command_line=/user/i\n",
      "search_window_start": "-70m",
      "search_window_end": "-10m",
      "schedule": "1h",
      "author": "CrowdStrike",
      "sigma_author": "",
      "category": "",
      "license": "",
      "tactic": "TA0003",
      "technique": "T1136.001",
      "mitre_attack": [
       {
        "tactic_id": "TA0003",
        "technique_id": "T1136.001"
       }
      ],
      "vendor": "Palo Alto Networks",
      "vendors": [
       "Palo Alto Networks"
      ],
      "product": "",
      "tags": "",
      "active": true,
      "source_url": "",
      "license_details": {
       "name": "",
       "url": ""
      },
      "outcome": "detection",
      "created_timestamp": "2024-12-13T00:00:00Z",
      "modified_timestamp": "2025-02-05T00:00:00Z"
     },
     {
      "id": "d2aaaa3e-d677-4fac-b21b-cff117472219",
      "name": "Palo Alto Networks - NGFW - Remote Log Feed Alteration",
      "description": "This rule detects instances of alterations to existing syslog configurations for a Palo Alto Networks Next Generation Firewall. \nAudit logs are critical for maintaining a comprehensive record of system activities, security events, and user actions within the Palo Alto Networks NGFW environment. \nThe deliberate alteration of these log feeds is a serious security concern as it can indicate an attempt to cover up malicious activities, unauthorized access, or other suspicious behavior. \nThe detection of remote log feed alterations enables security teams to promptly investigate the circumstances surrounding the event, identify potential security breaches, and take appropriate remedial actions. \n",
      "origin": "CrowdStrike",
      "severity": 70,
      "recommended": true,
      "query": "#repo=\"paloalto\" #event.dataset=\"next-generation-firewall.config\" OR #event.dataset=\"ngfw.config\"\n| #event.kind=\"event\" #event.outcome=\"success\"\n| Vendor.command=\"edit\"\n| process.command_line=/config/i process.command_line=/shared/i process.command_line=/log-settings/i\n",
      "search_window_start": "-70m",
      "search_window_end": "-10m",
      "schedule": "1h",
      "author": "CrowdStrike",
      "sigma_author": "",
      "category": "",
      "license": "",
      "tactic": "TA0005",
      "technique": "T1562.006",
      "mitre_attack": [
       {
        "tactic_id": "TA0005",
        "technique_id": "T1562.006"
       }
      ],
      "vendor": "Palo Alto Networks",
      "vendors": [
       "Palo Alto Networks"
      ],
      "product": "",
      "tags": "",
      "active": true,
      "source_url": "",
      "license_details": {
       "name": "",
       "url": ""
      },
      "outcome": "detection",
      "created_timestamp": "2024-12-11T00:00:00Z",
      "modified_timestamp": "2025-02-05T00:00:00Z"
     },
     {
      "id": "fbaceb58-c03b-43ba-9ab2-a8c51c821cd9",
      "name": "Palo Alto Networks - NGFW - Short Lived Account",
      "description": "This detection identifies potential malicious activity where a user account is created and subsequently deleted within a short period from Palo Alto Networks NGFW console.\nThreat actors may employ this technique to evade detection and maintain persistence on a compromised system.\nBy rapidly creating and deleting user accounts, attackers can attempt to conceal their malicious activities, making it challenging for security teams to track and respond to the threat.\n",
      "origin": "CrowdStrike",
      "severity": 50,
      "recommended": true,
      "query": "#repo=\"paloalto\" #event.dataset=\"next-generation-firewall.config\" OR #event.dataset=\"ngfw.config\"\n| #event.kind=\"event\" #event.outcome=\"success\"\n| array:contains(array=\"event.category[]\", value=\"configuration\")\n| Vendor.command =~ in(values=[\"set\",\"delete\"])\n| process.command_line=/config/i process.command_line=/mgt-config/i process.command_line=/users\\s(?\u003cshort_lived_account\u003e.+?)$/i\n| selfJoinFilter(field=[short_lived_account], where=[{Vendor.command=\"set\"},{Vendor.command=\"delete\"}])  \n",
      "search_window_start": "-250m",
      "search_window_end": "-10m",
      "schedule": "4h",
      "author": "CrowdStrike",
      "sigma_author": "",
      "category": "",
      "license": "",
      "tactic": "TA0003",
      "technique": "T1136.001",
      "mitre_attack": [
       {
        "tactic_id": "TA0003",
        "technique_id": "T1136.001"
       }
      ],
      "vendor": "Palo Alto Networks",
      "vendors": [
       "Palo Alto Networks"
      ],
      "product": "",
      "tags": "",
      "active": true,
      "source_url": "",
      "license_details": {
       "name": "",
       "url": ""
      },
      "outcome": "detection",
      "created_timestamp": "2024-12-16T00:00:00Z",
      "modified_timestamp": "2025-02-05T00:00:00Z"
     },
     {
      "id": "a4ba102a-d164-4fd5-b9ac-79bb287e1fae",
      "name": "Generic - Web - HTTP Request With a Suspicious User Agent",
      "description": "This rule identifies a web request that was made with a suspicious user agent. \nIt focuses on detecting user agents commonly associated with Scripting activities, Cryptocurrency mining operations, Obfuscation techniques and other potentially malicious or unauthorized automated activities\n",
      "origin": "CrowdStrike",
      "severity": 50,
      "recommended": true,
      "query": "#Vendor=\"akamai\" OR #Vendor=\"aws\" OR #Vendor=\"cisco\" OR #Vendor=\"cloudflare\" OR #Vendor=\"corelight\" OR #Vendor=\"extrahop\" OR #Vendor=\"f5networks\" OR #Vendor=\"fortinet\" OR #Vendor=\"microsoft\" OR #Vendor=\"netskope\" OR #Vendor=\"okta\" OR #Vendor=\"paloalto\" OR #Vendor=\"proofpoint\" OR #Vendor=\"zscaler\"\n| #event.kind=\"event\"\n| match(file=\"falcon/ngsiem-content/suspicious_user_agents.csv\",field=user_agent.original,column=user_agent.original)\n// Exclude domains which are known vulnerability scanners or may cause false positives\n//| url.original =~ !in(values=[\"www.bing.com\", \"cloud.tenable.com\"])\n",
      "search_window_start": "-70m",
      "search_window_end": "-10m",
      "schedule": "1h",
      "author": "CrowdStrike",
      "sigma_author": "",
      "category": "",
      "license": "",
      "tactic": "TA0011",
      "technique": "T1071.001",
      "mitre_attack": [
       {
        "tactic_id": "TA0011",
        "technique_id": "T1071.001"
       }
      ],
      "vendor": "Cloudflare",
      "vendors": [
       "Akamai",
       "AWS",
       "Cisco",
       "Cloudflare",
       "Corelight",
       "ExtraHop",
       "F5",
       "Fortinet",
       "Microsoft",
       "Netskope",
       "Okta",
       "Palo Alto Networks",
       "Proofpoint",
       "Zscaler"
      ],
      "product": "",
      "tags": "",
      "active": true,
      "source_url": "",
      "license_details": {
       "name": "",
       "url": ""
      },
      "outcome": "detection",
      "created_timestamp": "2025-02-02T00:00:00Z",
      "modified_timestamp": "0001-01-01T00:00:00Z"
     }
    ]
   }