{
    "meta": {
     "query_time": 0.063645092,
     "powered_by": "svc-cscrrulestemplates",
     "trace_id": "a16425f9c71918b92439716e888915ff"
    },
    "errors": [],
    "resources": [
     {
      "id": "c2d85115-6500-4224-8f4e-63c377d6426c",
      "name": "Generic - Network - RPC Traffic to the Internet",
      "description": "Identifies network events associated with RPC (Remote Procedure Call) traffic to the Internet. This is suspicious network activity because RPC should never be exposed to the Internet as it is often exploited by threat actors for initial access.\n",
      "origin": "CrowdStrike",
      "severity": 70,
      "recommended": true,
      "query": "#repo!=\"xdr_*\"\n| #Vendor =~ in(values=[\"akamai\",\"aws\",\"cisco\",\"corelight\",\"extrahop\",\"fortinet\",\"microsoft\",\"nozomi\",\"paloalto\",\"zscaler\"])\n| #event.kind=\"event\" \n| array:contains(\"event.category[]\", value=\"network\")\n| network.transport=\"tcp\" destination.port=135\n| cidr(source.ip, subnet=[\"10.0.0.0/8\", \"172.16.0.0/12\", \"192.168.0.0/16\"])\n| NOT cidr(destination.ip, subnet=[\"127.0.0.0/8\", \"10.0.0.0/8\", \"172.16.0.0/12\", \"192.168.0.0/16\", \"::1\"])\n",
      "search_window_start": "-70m",
      "search_window_end": "-10m",
      "schedule": "1h",
      "author": "CrowdStrike",
      "sigma_author": "",
      "category": "",
      "license": "",
      "tactic": "TA0001",
      "technique": "T1190",
      "mitre_attack": [
       {
        "tactic_id": "TA0001",
        "technique_id": "T1190"
       }
      ],
      "vendor": "Akamai",
      "vendors": [
       "Akamai",
       "AWS",
       "Cisco",
       "Corelight",
       "ExtraHop",
       "Fortinet",
       "Microsoft",
       "Nozomi Networks",
       "Palo Alto Networks",
       "Zscaler"
      ],
      "product": "",
      "tags": "",
      "active": true,
      "source_url": "",
      "license_details": {
       "name": "",
       "url": ""
      },
      "outcome": "detection",
      "created_timestamp": "2024-05-10T00:00:00Z",
      "modified_timestamp": "2024-10-22T00:00:00Z"
     },
     {
      "id": "c755e2bb-9191-4aca-8a1e-425bad002769",
      "name": "Generic - Network - TOR Traffic to the Internet",
      "description": "This rule detects traffic associated with TOR applications or ports commonly used by TOR, which adversaries might exploit to avoid detection on the environment.\n",
      "origin": "CrowdStrike",
      "severity": 50,
      "recommended": true,
      "query": "#repo!=xdr_*\n| #Vendor =~ in(values=[\"akamai\",\"aws\",\"cisco\",\"cloudflare\",\"corelight\",\"extrahop\",\"fortinet\",\"microsoft\",\"netskope\",\"nozomi\",\"paloalto\",\"skyhigh\",\"zscaler\"])\n| #event.kind=\"event\"\n| array:contains(array=\"event.category[]\", value=\"network\")\n| network.transport=\"tcp\"\n| case {\n    destination.port =~ in(values=[\"9001\", \"9030\", \"9040\", \"9050\", \"9051\", \"9150\"]);\n    destination.port=\"443\" network.application=/^tor/i\n}\n| cidr(source.ip, subnet=[\"10.0.0.0/8\", \"172.16.0.0/12\", \"192.168.0.0/16\", \"fe80::/10\", \"169.254.0.0/16\"])\n| !cidr(destination.ip, subnet=[\"10.0.0.0/8\", \"172.16.0.0/12\", \"192.168.0.0/16\", \"fe80::/10\", \"169.254.0.0/16\"])\n",
      "search_window_start": "-70m",
      "search_window_end": "-10m",
      "schedule": "1h",
      "author": "CrowdStrike",
      "sigma_author": "",
      "category": "",
      "license": "",
      "tactic": "TA0011",
      "technique": "T1090.003",
      "mitre_attack": [
       {
        "tactic_id": "TA0011",
        "technique_id": "T1090.003"
       }
      ],
      "vendor": "Akamai",
      "vendors": [
       "Akamai",
       "AWS",
       "Cisco",
       "Cloudflare",
       "Corelight",
       "ExtraHop",
       "Fortinet",
       "Microsoft",
       "Netskope",
       "Nozomi Networks",
       "Palo Alto Networks",
       "Skyhigh",
       "Zscaler"
      ],
      "product": "",
      "tags": "",
      "active": true,
      "source_url": "",
      "license_details": {
       "name": "",
       "url": ""
      },
      "outcome": "detection",
      "created_timestamp": "2024-10-23T00:00:00Z",
      "modified_timestamp": "0001-01-01T00:00:00Z"
     },
     {
      "id": "a40f7f7c-7129-4699-9d61-0b7c470be540",
      "name": "Generic - Network - VNC Traffic to the Internet",
      "description": "Identifies network events associated with VNC (Virtual Network Computing) traffic to the Internet. The VNC related network activity can raise suspicions of intrusion, as adversaries often exploit insecure VNC configurations for initial access.\n",
      "origin": "CrowdStrike",
      "severity": 50,
      "recommended": true,
      "query": "#repo!=\"xdr_*\"\n| #Vendor =~ in(values=[\"akamai\", \"aws\", \"cisco\", \"corelight\", \"extrahop\", \"fortinet\", \"microsoft\", \"nozomi\", \"paloalto\", \"zscaler\"])\n| #event.kind=\"event\" | array:contains(\"event.category[]\", value=\"network\")\n| network.transport=\"tcp\" (destination.port\u003e=5800 destination.port\u003c=5810) OR (destination.port\u003e=5900 destination.port\u003c=5910)\n| cidr(source.ip, subnet=[\"10.0.0.0/8\", \"172.16.0.0/12\", \"192.168.0.0/16\"])\n| NOT cidr(destination.ip, subnet=[\"127.0.0.0/8\", \"10.0.0.0/8\", \"172.16.0.0/12\", \"192.168.0.0/16\", \"::1\"])\n",
      "search_window_start": "-70m",
      "search_window_end": "-10m",
      "schedule": "1h",
      "author": "CrowdStrike",
      "sigma_author": "",
      "category": "",
      "license": "",
      "tactic": "TA0011",
      "technique": "T1219",
      "mitre_attack": [
       {
        "tactic_id": "TA0011",
        "technique_id": "T1219"
       }
      ],
      "vendor": "Corelight",
      "vendors": [
       "Akamai",
       "AWS",
       "Cisco",
       "Corelight",
       "ExtraHop",
       "Fortinet",
       "Microsoft",
       "Nozomi Networks",
       "Palo Alto Networks",
       "Zscaler"
      ],
      "product": "",
      "tags": "",
      "active": true,
      "source_url": "",
      "license_details": {
       "name": "",
       "url": ""
      },
      "outcome": "detection",
      "created_timestamp": "2024-05-10T00:00:00Z",
      "modified_timestamp": "2024-10-22T00:00:00Z"
     },
     {
      "id": "0b961d93-f25d-493b-8da6-6541612f6473",
      "name": "Generic - Network - Internal Targeted Service Discovery Scan",
      "description": "This rule identifies targeted service discovery scans. In this type of scan, an adversary is interested in a small number of IP addresses, but a wide range of ports.\nThe following thresholds can be adjusted to better reflect network activity in the target environment.\ndc_ips: total number of IP addresses\ndc_ports: total number of scanned ports.\n",
      "origin": "CrowdStrike",
      "severity": 50,
      "recommended": true,
      "query": "#repo!=\"xdr_*\" #event.kind=\"event\"\n| #Vendor =~ in(values=[\"aws\",\"cisco\",\"corelight\",\"extrahop\",\"fortinet\",\"microsoft\",\"nozomi\",\"paloalto\",\"zscaler\"])\n| array:contains(array=\"event.category[]\", value=\"network\")\n| network.transport=/tcp|udp/ OR network.iana_number=6 OR network.iana_number=17\n| case {\n    test(source.port\u003edestination.port) | destination.port\u003c20000 | scanned_port := destination.port | scanned_ip := destination.ip | scan_source_ip := source.ip;\n    test(source.port\u003cdestination.port) | source.port\u003c20000 | scanned_port := source.port | scanned_ip := source.ip | scan_source_ip := destination.ip;\n    test(source.port==destination.port) | destination.port\u003c20000 | scanned_port := destination.port | scanned_ip := destination.ip | scan_source_ip := source.ip;\n}\n| cidr(source.ip, subnet=[\"10.0.0.0/8\", \"172.16.0.0/12\", \"192.168.0.0/16\", \"fe80::/10\", \"169.254.0.0/16\"])\n| cidr(destination.ip, subnet=[\"10.0.0.0/8\", \"172.16.0.0/12\", \"192.168.0.0/16\", \"fe80::/10\", \"169.254.0.0/16\"])\n| groupBy(field=[#Vendor,#event.module,#type,scan_source_ip], function=[count(scanned_port, distinct=true, as=dc_ports),count(scanned_ip, distinct=true, as=\"dc_ips\"), collect([scanned_port])])\n// Adjust thresholds below as appropriate for your environment.\n| dc_ips\u003c20 dc_ports\u003e5\n\n// Exclusions\n// Exclude known scanners below\n// scan_source_ip =~ !in(values=[\"1.2.3.4\"]) \n",
      "search_window_start": "-70m",
      "search_window_end": "-10m",
      "schedule": "1h",
      "author": "CrowdStrike",
      "sigma_author": "",
      "category": "",
      "license": "",
      "tactic": "TA0007",
      "technique": "T1046",
      "mitre_attack": [
       {
        "tactic_id": "TA0007",
        "technique_id": "T1046"
       }
      ],
      "vendor": "AWS",
      "vendors": [
       "AWS",
       "Cisco",
       "Corelight",
       "ExtraHop",
       "Fortinet",
       "Microsoft",
       "Nozomi Networks",
       "Palo Alto Networks",
       "Zscaler"
      ],
      "product": "",
      "tags": "",
      "active": true,
      "source_url": "",
      "license_details": {
       "name": "",
       "url": ""
      },
      "outcome": "detection",
      "created_timestamp": "2024-10-18T00:00:00Z",
      "modified_timestamp": "0001-01-01T00:00:00Z"
     },
     {
      "id": "42981ebe-e354-4888-bc6a-3d3af40e8151",
      "name": "Palo Alto Networks - NGFW - Admin User Created",
      "description": "Detects when an administrator or privileged user account is created on the native console of the Palo Alto Networks NGFW, potentially indicating a security risk or unauthorized access.\n",
      "origin": "CrowdStrike",
      "severity": 70,
      "recommended": true,
      "query": "#repo=\"paloalto\" #event.dataset=\"next-generation-firewall.config\" OR #event.dataset=\"ngfw.config\"\n| #event.kind=\"event\" #event.outcome=\"success\"\n| array:contains(array=\"event.category[]\", value=\"configuration\")\n| Vendor.command=\"set\" \n| process.command_line=/config/i process.command_line=/mgt-config/i process.command_line=/users/i \n",
      "search_window_start": "-70m",
      "search_window_end": "-10m",
      "schedule": "1h",
      "author": "CrowdStrike",
      "sigma_author": "",
      "category": "",
      "license": "",
      "tactic": "TA0003",
      "technique": "T1136.001",
      "mitre_attack": [
       {
        "tactic_id": "TA0003",
        "technique_id": "T1136.001"
       }
      ],
      "vendor": "Palo Alto Networks",
      "vendors": [
       "Palo Alto Networks"
      ],
      "product": "",
      "tags": "",
      "active": true,
      "source_url": "",
      "license_details": {
       "name": "",
       "url": ""
      },
      "outcome": "detection",
      "created_timestamp": "2024-12-13T00:00:00Z",
      "modified_timestamp": "2025-02-05T00:00:00Z"
     },
     {
      "id": "6597d5f0-6347-46d2-935a-3c567eca9ff4",
      "name": "Palo Alto Networks - NGFW - Audit Log Disabled",
      "description": "This rule detects when Palo Alto Networks NGFW audit logs are manually disabled. These logs record system activities, security events, and user actions. Disabling them may indicate attempts to hide unauthorized activities.\n",
      "origin": "CrowdStrike",
      "severity": 70,
      "recommended": true,
      "query": "#repo=\"paloalto\" #event.dataset=\"next-generation-firewall.config\" OR #event.dataset=\"ngfw.config\"\n| #event.kind=\"event\" #event.outcome=\"success\"\n| Vendor.command=\"delete\"\n| process.command_line=/config/i process.command_line=/shared/i process.command_line=/log-settings/i \n",
      "search_window_start": "-70m",
      "search_window_end": "-10m",
      "schedule": "1h",
      "author": "CrowdStrike",
      "sigma_author": "",
      "category": "",
      "license": "",
      "tactic": "TA0005",
      "technique": "T1562.006",
      "mitre_attack": [
       {
        "tactic_id": "TA0005",
        "technique_id": "T1562.006"
       }
      ],
      "vendor": "Palo Alto Networks",
      "vendors": [
       "Palo Alto Networks"
      ],
      "product": "",
      "tags": "",
      "active": true,
      "source_url": "",
      "license_details": {
       "name": "",
       "url": ""
      },
      "outcome": "detection",
      "created_timestamp": "2024-12-11T00:00:00Z",
      "modified_timestamp": "2025-02-05T00:00:00Z"
     },
     {
      "id": "f199083a-c51f-4f3b-a3ec-58a993a966b1",
      "name": "Palo Alto Networks - NGFW - Identity Provider Removed",
      "description": "This rule alerts when an Identity Provider is removed from Palo Alto Networks NGFW.\nRemoving an Identity Provider from NGFW can cause denial of service, blocking legitimate users from accessing the product.\nThis action can also be exploited by adversaries to impede incident response efforts, particularly in time-sensitive attack scenarios where rapid response is critical.\n",
      "origin": "CrowdStrike",
      "severity": 70,
      "recommended": true,
      "query": "#repo=\"paloalto\" #event.dataset=\"next-generation-firewall.config\" OR #event.dataset=\"ngfw.config\"\n| #event.kind=\"event\" #event.outcome=\"success\"\n| array:contains(array=\"event.category[]\", value=\"configuration\")\n| Vendor.command=\"delete\"\n| process.command_line=/config/i process.command_line=/shared/i process.command_line=/server-profile/i process.command_line=/saml-idp|mfa-server-profile/i \n",
      "search_window_start": "-70m",
      "search_window_end": "-10m",
      "schedule": "1h",
      "author": "CrowdStrike",
      "sigma_author": "",
      "category": "",
      "license": "",
      "tactic": "TA0040",
      "technique": "T1531",
      "mitre_attack": [
       {
        "tactic_id": "TA0040",
        "technique_id": "T1531"
       }
      ],
      "vendor": "Palo Alto Networks",
      "vendors": [
       "Palo Alto Networks"
      ],
      "product": "",
      "tags": "",
      "active": true,
      "source_url": "",
      "license_details": {
       "name": "",
       "url": ""
      },
      "outcome": "detection",
      "created_timestamp": "2024-12-13T00:00:00Z",
      "modified_timestamp": "2025-02-05T00:00:00Z"
     },
     {
      "id": "5d2cc0a8-ec5f-4cc0-8eeb-49ad20bc0068",
      "name": "Palo Alto Networks - NGFW - Potential Successful Brute Force Attack from Single IP",
      "description": "This rule detects potential brute force attacks against Palo Alto Networks NGFW accounts by identifying instances where a single user account experiences more than 100 authentication failures within a 1-hour time window from the same IP address, with at least one successful login attempt.\nThis pattern may indicate that an adversary has successfully guessed an account's password, potentially leading to unauthorized access.\nThe default thresholds for this rule are 100 failures, 1 success, 1 hour time frame.\n",
      "origin": "CrowdStrike",
      "severity": 70,
      "recommended": true,
      "query": "#repo=\"paloalto\" #event.dataset=\"next-generation-firewall.system\" OR #event.dataset=\"ngfw.system\"\n| #event.kind=\"event\" \n| array:contains(\"event.category[]\", value=\"authentication\")\n| #event.outcome=\"success\" OR (#event.outcome=\"failure\" Vendor.description=/Invalid username/i)\n| source.user.name := lower(source.user.name)\n| groupBy([source.user.name,source.ip], function=[\n    {#event.outcome=\"success\"| count(as=\"total_success\")}, \n    {#event.outcome=\"failure\" Vendor.description=/Invalid username/i | count( as=\"total_failure\")}, \n    count(as=\"total\")\n])\n| percent_fail := total_failure/total*100\n| percent_success := total_success/total*100\n| percent_success\u003e0\n| total_failure\u003e100 //Adjust threshold as needed\n",
      "search_window_start": "-70m",
      "search_window_end": "-10m",
      "schedule": "1h",
      "author": "CrowdStrike",
      "sigma_author": "",
      "category": "",
      "license": "",
      "tactic": "TA0006",
      "technique": "T1110.001",
      "mitre_attack": [
       {
        "tactic_id": "TA0006",
        "technique_id": "T1110.001"
       }
      ],
      "vendor": "Palo Alto Networks",
      "vendors": [
       "Palo Alto Networks"
      ],
      "product": "",
      "tags": "",
      "active": true,
      "source_url": "",
      "license_details": {
       "name": "",
       "url": ""
      },
      "outcome": "detection",
      "created_timestamp": "2024-12-17T00:00:00Z",
      "modified_timestamp": "2025-02-05T00:00:00Z"
     },
     {
      "id": "201068cb-6d1f-4681-981f-36c5e923a314",
      "name": "Palo Alto Networks - NGFW - Traffic IOC Match",
      "description": "This rule identifies activity within Palo Alto Networks Next-Generation Firewall traffic logs where the source or destination IP address is flagged as malicious by CrowdStrike's threat intelligence feed, indicating a potential malicious activity. \nBy default, this rule triggers on IOC matches for all outbound traffic (both allowed and blocked) and for allowed inbound traffic (blocked inbound traffic is excluded).\nBy default, an IOC confidence level threshold of “high” is being used, meaning that IOC has been associated with malicious activity within the last 60 days. Adjust the confidence level threshold as necessary. \nFor more information about ioc:lookup() function, see https://library.humio.com/data-analysis/functions-ioc-lookup.html.\n",
      "origin": "CrowdStrike",
      "severity": 70,
      "recommended": true,
      "query": "#repo=\"paloalto\" #Vendor=\"paloalto\" #event.dataset=\"next-generation-firewall.traffic\" OR #event.dataset=\"ngfw.traffic\"\n| case {\n    //Inbound Traffic\n    cidr(destination.ip, subnet=[\"10.0.0.0/8\", \"172.16.0.0/12\", \"192.168.0.0/16\", \"fe80::/10\", \"169.254.0.0/16\"])\n    | !cidr(source.ip, subnet=[\"10.0.0.0/8\", \"172.16.0.0/12\", \"192.168.0.0/16\", \"fe80::/10\", \"169.254.0.0/16\"])\n    | direction := \"Inbound\"\n    ;    \n    //Outbound Traffic\n    !cidr(destination.ip, subnet=[\"10.0.0.0/8\", \"172.16.0.0/12\", \"192.168.0.0/16\", \"fe80::/10\", \"169.254.0.0/16\"])\n    | cidr(source.ip, subnet=[\"10.0.0.0/8\", \"172.16.0.0/12\", \"192.168.0.0/16\", \"fe80::/10\", \"169.254.0.0/16\"])\n    | direction := \"Outbound\"\n    ;\n    *\n}\n| case {\n    direction=\"Inbound\"\n    | Vendor.action=allow\n    ;    \n    direction=\"Outbound\"\n    | Vendor.action=*\n}\n| ioc:lookup(field=[source.ip], type=\"ip_address\", include=[\"malicious_confidence\", \"labels\"])\n| ioc:lookup(field=[destination.ip], type=\"ip_address\", include=[\"malicious_confidence\", \"labels\"])\n| ioc.detected=true \n",
      "search_window_start": "-70m",
      "search_window_end": "-10m",
      "schedule": "1h",
      "author": "CrowdStrike",
      "sigma_author": "",
      "category": "",
      "license": "",
      "tactic": "TA0011",
      "technique": "T1071",
      "mitre_attack": [
       {
        "tactic_id": "TA0011",
        "technique_id": "T1071"
       }
      ],
      "vendor": "Palo Alto Networks",
      "vendors": [
       "Palo Alto Networks"
      ],
      "product": "",
      "tags": "",
      "active": true,
      "source_url": "",
      "license_details": {
       "name": "",
       "url": ""
      },
      "outcome": "detection",
      "created_timestamp": "2024-03-28T00:00:00Z",
      "modified_timestamp": "2025-02-05T00:00:00Z"
     },
     {
      "id": "aa425e31-2a25-4cba-aeb5-21d652f05bec",
      "name": "Generic - Network - RPC Traffic from the Internet",
      "description": "Identifies network events associated with RPC (Remote Procedure Call) traffic from the Internet. This is suspicious network activity because RPC should never be exposed to the Internet as it is often exploited by threat actors for initial access.\n",
      "origin": "CrowdStrike",
      "severity": 70,
      "recommended": true,
      "query": "#repo!=\"xdr_*\"\n| #Vendor =~ in(values=[\"akamai\",\"aws\",\"cisco\",\"corelight\",\"extrahop\",\"fortinet\",\"microsoft\",\"nozomi\",\"paloalto\",\"zscaler\"])\n| #event.kind=\"event\" \n| array:contains(\"event.category[]\", value=\"network\")\n| network.transport=\"tcp\" destination.port=135\n| cidr(destination.ip, subnet=[\"10.0.0.0/8\", \"172.16.0.0/12\", \"192.168.0.0/16\"])\n| NOT cidr(source.ip, subnet=[\"127.0.0.0/8\", \"10.0.0.0/8\", \"172.16.0.0/12\", \"192.168.0.0/16\", \"::1\"])\n",
      "search_window_start": "-70m",
      "search_window_end": "-10m",
      "schedule": "1h",
      "author": "CrowdStrike",
      "sigma_author": "",
      "category": "",
      "license": "",
      "tactic": "TA0001",
      "technique": "T1190",
      "mitre_attack": [
       {
        "tactic_id": "TA0001",
        "technique_id": "T1190"
       }
      ],
      "vendor": "Akamai",
      "vendors": [
       "Akamai",
       "AWS",
       "Cisco",
       "Corelight",
       "ExtraHop",
       "Fortinet",
       "Microsoft",
       "Nozomi Networks",
       "Palo Alto Networks",
       "Zscaler"
      ],
      "product": "",
      "tags": "",
      "active": true,
      "source_url": "",
      "license_details": {
       "name": "",
       "url": ""
      },
      "outcome": "detection",
      "created_timestamp": "2023-11-23T00:00:00Z",
      "modified_timestamp": "2024-10-22T00:00:00Z"
     },
     {
      "id": "2846a0b8-5355-4996-b9be-0c3d9369bd6d",
      "name": "Generic - Network - Suspicious Outbound LDAP Connection",
      "description": "This rule identifies internal IP addresses making LDAP requests to external addresses that exist in CrowdStrike's Threat Intelligence Feed.\n",
      "origin": "CrowdStrike",
      "severity": 70,
      "recommended": true,
      "query": "#repo!=\"xdr_*\" \n| #Vendor =~ in(values=[\"akamai\",\"aws\",\"cisco\",\"corelight\",\"extrahop\",\"fortinet\",\"aruba\",\"microsoft\",\"netskope\",\"nozomi\",\"paloalto\",\"radware\",\"zscaler\"])\n| #event.kind=\"event\"\n| array:contains(array=\"event.category[]\", value=\"network\")\n| destination.port =~ in(values=[\"389\", \"636\", \"3268\"])\n| cidr(source.ip, subnet=[\"10.0.0.0/8\", \"172.16.0.0/12\", \"192.168.0.0/16\", \"fe80::/10\", \"169.254.0.0/16\"])\n| !cidr(destination.ip, subnet=[\"10.0.0.0/8\", \"172.16.0.0/12\", \"192.168.0.0/16\", \"fe80::/10\", \"169.254.0.0/16\"])\n| ioc:lookup(field=[destination.ip],type=\"ip_address\",confidenceThreshold=\"unverified\")\n| ioc.detected=\"true\"\n",
      "search_window_start": "-70m",
      "search_window_end": "-10m",
      "schedule": "1h",
      "author": "CrowdStrike",
      "sigma_author": "",
      "category": "",
      "license": "",
      "tactic": "TA0001",
      "technique": "T1190",
      "mitre_attack": [
       {
        "tactic_id": "TA0001",
        "technique_id": "T1190"
       }
      ],
      "vendor": "Akamai",
      "vendors": [
       "Akamai",
       "AWS",
       "Cisco",
       "Corelight",
       "ExtraHop",
       "Fortinet",
       "HPE Aruba Networking",
       "Microsoft",
       "Netskope",
       "Nozomi Networks",
       "Palo Alto Networks",
       "Radware",
       "Zscaler"
      ],
      "product": "",
      "tags": "",
      "active": true,
      "source_url": "",
      "license_details": {
       "name": "",
       "url": ""
      },
      "outcome": "detection",
      "created_timestamp": "2024-10-10T00:00:00Z",
      "modified_timestamp": "2024-10-22T00:00:00Z"
     },
     {
      "id": "232f01ce-0f80-4f56-aa69-1b003890d3e7",
      "name": "Generic - Web - URL IOC Match",
      "description": "This rule identifies web-related events where the URL is flagged by CrowdStrike's threat intelligence feed, which may indicate malicious activity. By default, the rule uses IOCs with a confidence level of 'high'. You can adjust the lowest level of confidence for IOCs to consider, as necessary.\n",
      "origin": "CrowdStrike",
      "severity": 70,
      "recommended": true,
      "query": "#repo!=xdr_*\n| #Vendor =~ in(values=[\"akamai\",\"cisco\",\"cloudflare\",\"extrahop\",\"aruba\",\"microsoft\",\"netskope\",\"nozomi\",\"paloalto\",\"pingidentity\",\"qualys\",\"radware\",\"zscaler\"])\n| #event.kind=\"event\"\n| array:contains(\"event.category[]\", value=\"network\")\n| case {\n    url.original=\"http*\" | ioc:lookup(url.original, type=\"url\", confidenceThreshold=high, strict=true);\n    url.full=\"http*\" | ioc:lookup(url.full, type=\"url\", confidenceThreshold=high, strict=true)\n}\n",
      "search_window_start": "-70m",
      "search_window_end": "-10m",
      "schedule": "1h",
      "author": "CrowdStrike",
      "sigma_author": "",
      "category": "",
      "license": "",
      "tactic": "TA0011",
      "technique": "T1071.001",
      "mitre_attack": [
       {
        "tactic_id": "TA0011",
        "technique_id": "T1071.001"
       }
      ],
      "vendor": "Akamai",
      "vendors": [
       "Akamai",
       "Cisco",
       "Cloudflare",
       "ExtraHop",
       "HPE Aruba Networking",
       "Microsoft",
       "Netskope",
       "Nozomi Networks",
       "Palo Alto Networks",
       "Ping Identity",
       "Qualys",
       "Radware",
       "Zscaler"
      ],
      "product": "",
      "tags": "",
      "active": true,
      "source_url": "",
      "license_details": {
       "name": "",
       "url": ""
      },
      "outcome": "detection",
      "created_timestamp": "2024-10-25T00:00:00Z",
      "modified_timestamp": "0001-01-01T00:00:00Z"
     },
     {
      "id": "7b572e89-685f-4fdb-bf8c-73b040d87e40",
      "name": "Generic - Network - IP Address IOC Match",
      "description": "This rule identifies network traffic involving suspicious IP addresses by using a lookup in CrowdStrike's database of IOCs. The rule considers IOCs with a confidence level of 'unverified' or higher. Note that the confidence level threshold can be adjusted as necessary. For more information about the ioc:lookup() function, see https://library.humio.com/data-analysis/functions-ioc-lookup.html.\n",
      "origin": "CrowdStrike",
      "severity": 50,
      "recommended": true,
      "query": "#repo!=\"xdr_*\"\n| #Vendor =~ in(values=[\"akamai\",\"arista\",\"aws\",\"cisco\",\"cloudflare\",\"corelight\",\"extrahop\",\"fortinet\",\"aruba\",\"linux\",\"microsoft\",\"netskope\",\"nozomi\",\"paloalto\",\"radware\",\"skyhigh\",\"vectra\",\"zscaler\"])\n| #event.kind=\"event\" \n| array:contains(array=\"event.category[]\", value=\"network\")\n| coalesce([source.ip, client.ip, related.ip, \"EMPTY\"], as=\"ip_coalesce_source\")\n| coalesce([destination.ip, server.ip, \"EMPTY\"], as=\"ip_coalesce_destination\")\n| case {\n    ip_coalesce_source!=\"EMPTY\"\n        | !cidr(ip_coalesce_source, subnet=[\"10.0.0.0/8\", \"172.16.0.0/12\", \"192.168.0.0/16\", \"127.0.0.0/8\"])\n        | case {\n            ip_coalesce_destination=\"EMPTY\";\n            cidr(ip_coalesce_destination, subnet=[\"10.0.0.0/8\", \"172.16.0.0/12\", \"192.168.0.0/16\", \"127.0.0.0/8\"]);\n        }\n        | ip_of_interest := ip_coalesce_source;\n    ip_coalesce_destination!=\"EMPTY\"\n      | !cidr(ip_coalesce_destination, subnet=[\"10.0.0.0/8\", \"172.16.0.0/12\", \"192.168.0.0/16\", \"127.0.0.0/8\"])\n      | case {\n          ip_coalesce_source=\"EMPTY\";\n            cidr(ip_coalesce_source, subnet=[\"10.0.0.0/8\", \"172.16.0.0/12\", \"192.168.0.0/16\", \"127.0.0.0/8\"]);\n        }\n        | ip_of_interest := ip_coalesce_destination;\n}\n| groupBy([ip_of_interest], function=collect([#Vendor,#event.module, ip_coalesce_source, ip_coalesce_destination]))\n| ioc:lookup(field=ip_of_interest, type=\"ip_address\", confidenceThreshold=\"unverified\", strict=\"true\")\n",
      "search_window_start": "-70m",
      "search_window_end": "-10m",
      "schedule": "1h",
      "author": "CrowdStrike",
      "sigma_author": "",
      "category": "",
      "license": "",
      "tactic": "",
      "technique": "",
      "mitre_attack": [],
      "vendor": "Akamai",
      "vendors": [
       "Akamai",
       "Arista Networks",
       "AWS",
       "Cisco",
       "Cloudflare",
       "Corelight",
       "ExtraHop",
       "Fortinet",
       "HPE Aruba Networking",
       "Linux",
       "Microsoft",
       "Netskope",
       "Nozomi Networks",
       "Palo Alto Networks",
       "Radware",
       "Skyhigh",
       "Vectra AI",
       "Zscaler"
      ],
      "product": "",
      "tags": "",
      "active": true,
      "source_url": "",
      "license_details": {
       "name": "",
       "url": ""
      },
      "outcome": "detection",
      "created_timestamp": "2024-10-25T00:00:00Z",
      "modified_timestamp": "0001-01-01T00:00:00Z"
     },
     {
      "id": "f488e59f-e6b4-416c-b2e0-de6d0739ba6e",
      "name": "Palo Alto Networks - NGFW - Admin User Deleted",
      "description": "Detects when an administrator or privileged user account is removed on the native console of the Palo Alto Networks NGFW, potentially indicating a security risk by preventing legitimate administrators from accessing the console.\n",
      "origin": "CrowdStrike",
      "severity": 70,
      "recommended": true,
      "query": "#repo=\"paloalto\" #event.dataset=\"next-generation-firewall.config\" OR #event.dataset=\"ngfw.config\"\n| #event.kind=\"event\" #event.outcome=\"success\"\n| array:contains(array=\"event.category[]\", value=\"configuration\")\n| Vendor.command=\"delete\" \n| process.command_line=/config/i process.command_line=/mgt-config/i process.command_line=/users/i \n",
      "search_window_start": "-70m",
      "search_window_end": "-10m",
      "schedule": "1h",
      "author": "CrowdStrike",
      "sigma_author": "",
      "category": "",
      "license": "",
      "tactic": "TA0040",
      "technique": "T1531",
      "mitre_attack": [
       {
        "tactic_id": "TA0040",
        "technique_id": "T1531"
       }
      ],
      "vendor": "Palo Alto Networks",
      "vendors": [
       "Palo Alto Networks"
      ],
      "product": "",
      "tags": "",
      "active": true,
      "source_url": "",
      "license_details": {
       "name": "",
       "url": ""
      },
      "outcome": "detection",
      "created_timestamp": "2024-12-13T00:00:00Z",
      "modified_timestamp": "2025-02-05T00:00:00Z"
     },
     {
      "id": "5ef9c9d1-3352-4da7-974c-84719560c84f",
      "name": "Palo Alto Networks - NGFW - CVE-2024-0012 and CVE-2024-9474 Exploitation",
      "description": "This rule detects exploitation of CVE-2024-0012 (Authentication Bypass) and CVE-2024-9474 (Privilege Escalation) of vulnerable Palo Alto Network firewalls.\nThis rule requires that the Palo Alto Networks devices be configured to send System Log Fields to Next-Gen SIEM for detection.\n",
      "origin": "CrowdStrike",
      "severity": 90,
      "recommended": true,
      "query": "#repo=paloalto \n| #Vendor=\"paloalto\" #event.dataset=\"next-generation-firewall.system\" OR #event.dataset=\"ngfw.system\"\n| #event.kind=\"event\"\n| Vendor.description=/logged in via Panorama/\n| regex(field=\"Vendor.description\", regex=\"User\\\\s(?\u003cuser.name\u003e.+?)\\\\slogged\")\n| user.name=/[;\u0026|`$(){}[\\]\u003c\u003e*?%]/\n",
      "search_window_start": "-70m",
      "search_window_end": "-10m",
      "schedule": "1h",
      "author": "CrowdStrike",
      "sigma_author": "",
      "category": "",
      "license": "",
      "tactic": "TA0001",
      "technique": "T1190",
      "mitre_attack": [
       {
        "tactic_id": "TA0001",
        "technique_id": "T1190"
       }
      ],
      "vendor": "Palo Alto Networks",
      "vendors": [
       "Palo Alto Networks"
      ],
      "product": "",
      "tags": "",
      "active": true,
      "source_url": "",
      "license_details": {
       "name": "",
       "url": ""
      },
      "outcome": "detection",
      "created_timestamp": "2024-11-20T00:00:00Z",
      "modified_timestamp": "2025-02-05T00:00:00Z"
     },
     {
      "id": "4cc96a07-0c68-4b9a-aaf1-bcf3f36b02e5",
      "name": "Palo Alto Networks - NGFW - Identity Provider Added",
      "description": "This rule alerts when an Identity Provider is added to Palo Alto Networks NGFW.\nAdding an identity provider to NGFW can grant access to the platform, potentially circumventing existing access management processes and controls.\n",
      "origin": "CrowdStrike",
      "severity": 70,
      "recommended": true,
      "query": "#repo=\"paloalto\" #event.dataset=\"next-generation-firewall.config\" OR #event.dataset=\"ngfw.config\"\n| #event.kind=\"event\" #event.outcome=\"success\"\n| array:contains(array=\"event.category[]\", value=\"configuration\")\n| Vendor.command=\"set\"\n| process.command_line=/config/i process.command_line=/shared/i process.command_line=/server-profile/i process.command_line=/saml-idp|mfa-server-profile/i \n",
      "search_window_start": "-70m",
      "search_window_end": "-10m",
      "schedule": "1h",
      "author": "CrowdStrike",
      "sigma_author": "",
      "category": "",
      "license": "",
      "tactic": "TA0003",
      "technique": "T1556",
      "mitre_attack": [
       {
        "tactic_id": "TA0003",
        "technique_id": "T1556"
       }
      ],
      "vendor": "Palo Alto Networks",
      "vendors": [
       "Palo Alto Networks"
      ],
      "product": "",
      "tags": "",
      "active": true,
      "source_url": "",
      "license_details": {
       "name": "",
       "url": ""
      },
      "outcome": "detection",
      "created_timestamp": "2024-12-13T00:00:00Z",
      "modified_timestamp": "2025-02-05T00:00:00Z"
     },
     {
      "id": "758fc3b5-592f-4ee2-808b-a8eba3af8c5d",
      "name": "Palo Alto Networks - NGFW - Management Activity Spike in a Short Period of Time",
      "description": "This rule detects an abnormal volume of management or administrative activities occurring on the management plane of Palo Alto Networks NGFW.\nWhile some level of management activity is expected in normal operations, this detection aims to identify significant deviations from the established baseline.\nThis could indicate potential unauthorized access, or misuse of privileges.\n",
      "origin": "CrowdStrike",
      "severity": 50,
      "recommended": true,
      "query": "defineTable(\nquery={\n    #repo=\"paloalto\" (#event.dataset=\"next-generation-firewall.config\" OR #event.dataset=\"ngfw.config\") #event.kind=\"event\" #event.outcome=\"success\" \n    | array:contains(array=\"event.category[]\", value=\"configuration\")\n    | bucket(field=\"user.name\", span=1h, function=count(as=hourly_event_count), limit=500)\n    | hourly_event_count\u003e0\n    | groupBy([user.name], function=[avg(hourly_event_count, as=hourly_average_event_count),stdDev(hourly_event_count, as=hourly_stddev_event_count)])\n}, \ninclude=[*], \nname=\"admin_event_stats\",\nstart=7d,\nend=1h)\n| #repo=\"paloalto\" (#event.dataset=\"next-generation-firewall.config\" OR #event.dataset=\"ngfw.config\") #event.kind=\"event\" #event.outcome=\"success\" \n| array:contains(array=\"event.category[]\", value=\"configuration\")\n| groupBy([user.name], function=[count(as=total_events)])\n| match(file=\"admin_event_stats\", field=[user.name], strict=false)\n| threshold := hourly_average_event_count + (3 * hourly_stddev_event_count)\n| case {\n    threshold!=* | threshold := \"0\"; // User not in baseline.\n    *;    \n}\n| test(total_events\u003ethreshold)\n",
      "search_window_start": "-70m",
      "search_window_end": "-10m",
      "schedule": "1h",
      "author": "CrowdStrike",
      "sigma_author": "",
      "category": "",
      "license": "",
      "tactic": "TA0005",
      "technique": "T1578.005",
      "mitre_attack": [
       {
        "tactic_id": "TA0005",
        "technique_id": "T1578.005"
       }
      ],
      "vendor": "Palo Alto Networks",
      "vendors": [
       "Palo Alto Networks"
      ],
      "product": "",
      "tags": "",
      "active": true,
      "source_url": "",
      "license_details": {
       "name": "",
       "url": ""
      },
      "outcome": "detection",
      "created_timestamp": "2024-11-20T00:00:00Z",
      "modified_timestamp": "2025-02-05T00:00:00Z"
     },
     {
      "id": "95e3d6aa-8e5b-4910-97e4-afba65df60f5",
      "name": "Palo Alto Networks - NGFW - Potential Successful Password Spray Attack",
      "description": "This rule detects potential password spraying attacks against Palo Alto Networks NGFW accounts by identifying instances where multiple user accounts experience at least a single successful login attempt, surrounded by a series of authentication failures for at least fifty other users, within a 1-hour time window.\nThis pattern may indicate that an adversary is attempting to gain access to multiple accounts using a commonly used password or a list of known passwords.\nActivity is clustered by Autonomous System (AS) as adversaries might be using different IP addresses to execute the attack and try to evade traditional brute force protection.\nDefault Thresholds:\n\ntotal_failures \u003e 1000\npercent_fail \u003e 90\ntotal_users \u003e 50\ntotal_ips \u003e 1\npercent_success \u003e 0\n",
      "origin": "CrowdStrike",
      "severity": 70,
      "recommended": true,
      "query": "#repo=\"paloalto\" #event.dataset=\"next-generation-firewall.system\" OR #event.dataset=\"ngfw.system\"\n| #event.kind=\"event\" \n| array:contains(\"event.category[]\", value=\"authentication\")\n| #event.outcome=\"success\" OR (#event.outcome=\"failure\" Vendor.description=/Invalid username/)\n| source.ip =~ !cidr(subnet=[\"10.0.0.0/8\",\"172.16.0.0/12\",\"192.168.0.0/16\"])\n| asn(source.ip)\n| source.user.name=* source.ip=*\n| source.user.name := lower(source.user.name)\n| groupby(field=[source.ip.org], function=[\n    {#event.outcome=\"success\" |count(as=\"total_success\")}, \n    {#event.outcome=\"failure\" Vendor.description=/Invalid username/i |count(as=\"total_failure\")}, \n    count(as=\"total\"), \n    count(source.ip, as=\"total_ips\", distinct=\"true\"), \n    count(source.user.name, as=\"total_users\", distinct=\"true\")\n]) \n| percent_fail := total_failure/total*100\n| percent_success := total_success/total*100\n| percent_fail \u003e 90\n| total_users \u003e 50\n| total_ips \u003e 1\n| percent_success\u003e0\n| total_failure\u003e1000 //Adjust threshold as needed  \n",
      "search_window_start": "-70m",
      "search_window_end": "-10m",
      "schedule": "1h",
      "author": "CrowdStrike",
      "sigma_author": "",
      "category": "",
      "license": "",
      "tactic": "TA0006",
      "technique": "T1110.003",
      "mitre_attack": [
       {
        "tactic_id": "TA0006",
        "technique_id": "T1110.003"
       }
      ],
      "vendor": "Palo Alto Networks",
      "vendors": [
       "Palo Alto Networks"
      ],
      "product": "",
      "tags": "",
      "active": true,
      "source_url": "",
      "license_details": {
       "name": "",
       "url": ""
      },
      "outcome": "detection",
      "created_timestamp": "2024-12-17T00:00:00Z",
      "modified_timestamp": "0001-01-01T00:00:00Z"
     },
     {
      "id": "61b66407-b9bb-4755-8ffd-d46e40b9fc18",
      "name": "Palo Alto Networks - NGFW - Unauthorized Activity Spike in a Short Period",
      "description": "This rule detects a sudden burst of unsuccessful admin activity on Palo Alto Networks NGFW originating from a single entity.\nThe focus is on identifying attempts to perform actions that result in failure, particularly due to insufficient permissions or technical prevention mechanisms.\nBy monitoring and analyzing these unsuccessful attempts, the rule aims to flag potential security threats unauthorized access attempts.\n",
      "origin": "CrowdStrike",
      "severity": 70,
      "recommended": true,
      "query": "defineTable(\nquery={\n    #repo=\"paloalto\" (#event.dataset=\"next-generation-firewall.config\" OR #event.dataset=\"ngfw.config\") #event.kind=\"event\" #event.outcome=\"failure\" \n    | array:contains(array=\"event.category[]\", value=\"configuration\")\n    | bucket(field=\"#repo.cid\", span=1h, function=count(as=hourly_event_count), limit=500)\n    | hourly_event_count\u003e0\n    | groupBy([#repo.cid], function=[avg(hourly_event_count, as=hourly_average_event_count),stdDev(hourly_event_count, as=hourly_stddev_event_count)])\n}, \ninclude=[*], \nname=\"admin_event_stats\",\nstart=7d,\nend=1h)\n| #repo=\"paloalto\" (#event.dataset=\"next-generation-firewall.config\" OR #event.dataset=\"ngfw.config\") #event.kind=\"event\" #event.outcome=\"failure\" \n| array:contains(array=\"event.category[]\", value=\"configuration\")\n| groupBy([#repo.cid,user.name], function=[count(as=total_events)])\n| match(file=\"admin_event_stats\", field=[#repo.cid], strict=false)\n| threshold := hourly_average_event_count + (3 * hourly_stddev_event_count)\n| test(total_events\u003ethreshold)\n",
      "search_window_start": "-70m",
      "search_window_end": "-10m",
      "schedule": "1h",
      "author": "CrowdStrike",
      "sigma_author": "",
      "category": "",
      "license": "",
      "tactic": "TA0005",
      "technique": "T1578.005",
      "mitre_attack": [
       {
        "tactic_id": "TA0005",
        "technique_id": "T1578.005"
       }
      ],
      "vendor": "Palo Alto Networks",
      "vendors": [
       "Palo Alto Networks"
      ],
      "product": "",
      "tags": "",
      "active": true,
      "source_url": "",
      "license_details": {
       "name": "",
       "url": ""
      },
      "outcome": "detection",
      "created_timestamp": "2024-11-20T00:00:00Z",
      "modified_timestamp": "0001-01-01T00:00:00Z"
     },
     {
      "id": "d1100817-1dc8-4ac3-b8b4-0cdc58e87489",
      "name": "Palo Alto Networks - NGFW - URL Domain or URL IP IOC Match",
      "description": "This rule identifies events with URL information within Palo Alto Networks Next-Generation Firewall logs where the URL domain name or URL IP address is flagged as malicious by CrowdStrike's threat intelligence feed, indicating a potential malicious activity.\nBy default, an IOC confidence level threshold of 'high' is used with the 'ioc:lookup()' function. Adjust the confidence level threshold as necessary.\n",
      "origin": "CrowdStrike",
      "severity": 70,
      "recommended": true,
      "query": "#repo=\"paloalto\" | #event.module =~ in(values=[\"next-generation-firewall\", \"ngfw\"])\n| #event.kind=\"event\" | array:contains(\"event.category[]\", value=\"network\")\n| Vendor.Subtype=\"url\" OR Vendor.SubType=\"url\"\n| regex(\"(?\u003curl_domain\u003e^[^:\\\\/]+)\", field=Vendor.URLFilename)\n| case {\n    ioc:lookup(field=url_domain, type=\"domain\", include=[\"malicious_confidence\", \"labels\"], strict=true);\n    ioc:lookup(field=url_domain, type=\"ip_address\", include=[\"malicious_confidence\", \"labels\"], strict=true)\n}\n",
      "search_window_start": "-70m",
      "search_window_end": "-10m",
      "schedule": "1h",
      "author": "CrowdStrike",
      "sigma_author": "",
      "category": "",
      "license": "",
      "tactic": "TA0011",
      "technique": "T1071.001",
      "mitre_attack": [
       {
        "tactic_id": "TA0011",
        "technique_id": "T1071.001"
       }
      ],
      "vendor": "Palo Alto Networks",
      "vendors": [
       "Palo Alto Networks"
      ],
      "product": "",
      "tags": "",
      "active": true,
      "source_url": "",
      "license_details": {
       "name": "",
       "url": ""
      },
      "outcome": "detection",
      "created_timestamp": "2024-10-23T00:00:00Z",
      "modified_timestamp": "0001-01-01T00:00:00Z"
     },
     {
      "id": "2013ce53-feab-4781-bbbd-822305e16b6e",
      "name": "Generic - Network - LDAP Traffic to the Internet",
      "description": "Identifies LDAP connections to the Internet. This is suspicious activity because LDAP traffic should not be allowed outbound through your perimeter firewall.\n",
      "origin": "CrowdStrike",
      "severity": 70,
      "recommended": true,
      "query": "| in(#repo, values=[corelight, fortinet, paloalto])\n| #event.kind=\"event\" | array:contains(\"event.category[]\", value=\"network\")\n| in(destination.port, values=[389, 636])\n| NOT cidr(destination.ip, subnet=[\"10.0.0.0/8\", \"172.16.0.0/12\", \"192.168.0.0/16\"])\n",
      "search_window_start": "-70m",
      "search_window_end": "-10m",
      "schedule": "1h",
      "author": "CrowdStrike",
      "sigma_author": "",
      "category": "",
      "license": "",
      "tactic": "TA0001",
      "technique": "T1190",
      "mitre_attack": [
       {
        "tactic_id": "TA0001",
        "technique_id": "T1190"
       }
      ],
      "vendor": "Corelight",
      "vendors": [
       "Corelight",
       "Fortinet",
       "Palo Alto Networks"
      ],
      "product": "",
      "tags": "",
      "active": true,
      "source_url": "",
      "license_details": {
       "name": "",
       "url": ""
      },
      "outcome": "detection",
      "created_timestamp": "2024-05-31T00:00:00Z",
      "modified_timestamp": "0001-01-01T00:00:00Z"
     },
     {
      "id": "68f90a78-9423-446a-b611-9c160a46ee0d",
      "name": "Generic - Network - VNC Traffic from the Internet",
      "description": "Identifies network events associated with VNC (Virtual Network Computing) traffic from the Internet. The VNC related network activity can raise suspicions of intrusion, as adversaries often exploit insecure VNC configurations for initial access.\n",
      "origin": "CrowdStrike",
      "severity": 70,
      "recommended": true,
      "query": "#repo!=\"xdr_*\"\n| #Vendor =~ in(values=[\"akamai\", \"aws\", \"cisco\", \"corelight\", \"extrahop\", \"fortinet\", \"microsoft\", \"nozomi\", \"paloalto\", \"zscaler\"])\n| #event.kind=\"event\" | array:contains(\"event.category[]\", value=\"network\")\n| network.transport=\"tcp\" (destination.port\u003e=5800 destination.port\u003c=5810) OR (destination.port\u003e=5900 destination.port\u003c=5910)\n| cidr(destination.ip, subnet=[\"10.0.0.0/8\", \"172.16.0.0/12\", \"192.168.0.0/16\"])\n| NOT cidr(source.ip, subnet=[\"127.0.0.0/8\", \"10.0.0.0/8\", \"172.16.0.0/12\", \"192.168.0.0/16\", \"::1\"])\n",
      "search_window_start": "-70m",
      "search_window_end": "-10m",
      "schedule": "1h",
      "author": "CrowdStrike",
      "sigma_author": "",
      "category": "",
      "license": "",
      "tactic": "TA0011",
      "technique": "T1219",
      "mitre_attack": [
       {
        "tactic_id": "TA0011",
        "technique_id": "T1219"
       }
      ],
      "vendor": "Corelight",
      "vendors": [
       "Akamai",
       "AWS",
       "Cisco",
       "Corelight",
       "ExtraHop",
       "Fortinet",
       "Microsoft",
       "Nozomi Networks",
       "Palo Alto Networks",
       "Zscaler"
      ],
      "product": "",
      "tags": "",
      "active": true,
      "source_url": "",
      "license_details": {
       "name": "",
       "url": ""
      },
      "outcome": "detection",
      "created_timestamp": "2023-11-23T00:00:00Z",
      "modified_timestamp": "2024-10-22T00:00:00Z"
     },
     {
      "id": "f0e6f694-4fed-4145-b61e-6b22fbfef914",
      "name": "Generic - Network - ICMP Exfiltration",
      "description": "Identifies outbound Internet Control Message Protocol (ICMP) traffic exceeding 2 MB per hour, which may indicate unusual or malicious activity, including potential data exfiltration.\n",
      "origin": "CrowdStrike",
      "severity": 50,
      "recommended": true,
      "query": "#repo!=\"xdr_*\" \n| #Vendor =~ in(values=[\"aws\",\"cisco\",\"corelight\",\"extrahop\",\"fortinet\",\"paloalto\"])\n| #event.kind=\"event\"\n| array:contains(array=\"event.category[]\", value=\"network\")\n| network.transport=\"icmp\" network.bytes\u003e=0\n| cidr(source.ip, subnet=[\"127.0.0.0/8\", \"10.0.0.0/8\", \"172.16.0.0/12\", \"192.168.0.0/16\", \"::1\"])\n| !cidr(destination.ip, subnet=[\"127.0.0.0/8\", \"10.0.0.0/8\", \"172.16.0.0/12\", \"192.168.0.0/16\", \"::1\"])\n| groupBy([#Vendor,#event.module,network.transport,source.ip,destination.ip], function=sum(network.bytes, as=\"total_bytes\"))\n| total_mega_bytes := total_bytes/1024/1024\n| total_mega_bytes\u003e=2\n// Common Exclusions\n// | destination.ip =~ !in(values=[\"8.8.8.8\",\"8.8.4.4\",\"1.1.1.1\",\"9.9.9.9\"])\n",
      "search_window_start": "-70m",
      "search_window_end": "-10m",
      "schedule": "1h",
      "author": "CrowdStrike",
      "sigma_author": "",
      "category": "",
      "license": "",
      "tactic": "TA0010",
      "technique": "T1048.003",
      "mitre_attack": [
       {
        "tactic_id": "TA0010",
        "technique_id": "T1048.003"
       }
      ],
      "vendor": "AWS",
      "vendors": [
       "AWS",
       "Cisco",
       "Corelight",
       "ExtraHop",
       "Fortinet",
       "Palo Alto Networks"
      ],
      "product": "",
      "tags": "",
      "active": true,
      "source_url": "",
      "license_details": {
       "name": "",
       "url": ""
      },
      "outcome": "detection",
      "created_timestamp": "2024-10-16T00:00:00Z",
      "modified_timestamp": "2024-10-22T00:00:00Z"
     },
     {
      "id": "19c539ee-8336-4116-87ff-38f4d020c846",
      "name": "Generic - Network - Outbound Connection to Metasploit Default Port",
      "description": "This rule detects outbound traffic towards an external IP address on port 4444, which is commonly associated with Metasploit shells, indicating potential malicious activity. By default, this rule will fire when there are at least 10 events observed to the same destination IP address.\n",
      "origin": "CrowdStrike",
      "severity": 50,
      "recommended": true,
      "query": "#repo!=\"xdr_*\" \n| #Vendor =~ in(values=[\"akamai\",\"aws\",\"cisco\",\"corelight\",\"extrahop\",\"fortinet\",\"aruba\",\"microsoft\",\"netskope\",\"nozomi\",\"paloalto\",\"radware\",\"zscaler\"])\n| #event.kind=\"event\"\n| array:contains(array=\"event.category[]\", value=\"network\")\n| destination.port=4444\n| !cidr(destination.ip, subnet=[\"10.0.0.0/8\", \"172.16.0.0/12\", \"192.168.0.0/16\", \"fe80::/10\", \"169.254.0.0/16\"])\n| cidr(source.ip, subnet=[\"10.0.0.0/8\", \"172.16.0.0/12\", \"192.168.0.0/16\", \"fe80::/10\", \"169.254.0.0/16\"]) \n| ipLocation(destination.ip)\n| asn(destination.ip)\n| groupBy([destination.ip], function=[collect([destination.ip.org, destination.ip.country, destination.ip.city, event.action, source.ip, destination.port, network.protocol]), count(destination.ip, distinct=false, as=number_of_requests)])\n| number_of_requests\u003e10 \n",
      "search_window_start": "-70m",
      "search_window_end": "-10m",
      "schedule": "1h",
      "author": "CrowdStrike",
      "sigma_author": "",
      "category": "",
      "license": "",
      "tactic": "TA0011",
      "technique": "T1071",
      "mitre_attack": [
       {
        "tactic_id": "TA0011",
        "technique_id": "T1071"
       }
      ],
      "vendor": "Akamai",
      "vendors": [
       "Akamai",
       "AWS",
       "Cisco",
       "Corelight",
       "ExtraHop",
       "Fortinet",
       "HPE Aruba Networking",
       "Microsoft",
       "Nozomi Networks",
       "Palo Alto Networks",
       "Radware",
       "Zscaler"
      ],
      "product": "",
      "tags": "",
      "active": true,
      "source_url": "",
      "license_details": {
       "name": "",
       "url": ""
      },
      "outcome": "detection",
      "created_timestamp": "2024-10-07T00:00:00Z",
      "modified_timestamp": "2024-10-22T00:00:00Z"
     },
     {
      "id": "36f6e80d-925f-4160-8d4c-042e6973df4d",
      "name": "Generic - Network - Mass SMB Connections to External IP Addresses",
      "description": "This rule detects a single host establishing an abnormally high number of Server Message Block (SMB) connections to external IP addresses within a short period, potentially indicating a compromised host engaged in reconnaissance for lateral movement. By default the alerting threshold for total unique number of IP addresses is set to 1000. \n",
      "origin": "CrowdStrike",
      "severity": 70,
      "recommended": true,
      "query": "#repo!=\"xdr_*\"   \n| #Vendor =~ in(values=[\"akamai\",\"aws\",\"cisco\",\"corelight\",\"extrahop\",\"fortinet\",\"aruba\",\"microsoft\",\"netskope\",\"nozomi\",\"paloalto\",\"radware\",\"zscaler\"])\n| #event.kind=\"event\"\n| array:contains(array=\"event.category[]\", value=\"network\")\n| destination.port =~ in(values=[\"445\",\"135\"])\n| cidr(source.ip, subnet=[\"10.0.0.0/8\", \"172.16.0.0/12\", \"192.168.0.0/16\", \"fe80::/10\", \"169.254.0.0/16\"])\n| !cidr(destination.ip, subnet=[\"10.0.0.0/8\", \"172.16.0.0/12\", \"192.168.0.0/16\", \"fe80::/10\", \"169.254.0.0/16\"])\n| groupBy([source.ip], function=[count(destination.ip, distinct=true, as=dest_ip_count), collect([destination.port])])\n| dest_ip_count\u003e=1000 \n",
      "search_window_start": "-70m",
      "search_window_end": "-10m",
      "schedule": "1h",
      "author": "CrowdStrike",
      "sigma_author": "",
      "category": "",
      "license": "",
      "tactic": "TA0008",
      "technique": "T1021.002",
      "mitre_attack": [
       {
        "tactic_id": "TA0008",
        "technique_id": "T1021.002"
       }
      ],
      "vendor": "Akamai",
      "vendors": [
       "Akamai",
       "AWS",
       "Cisco",
       "Corelight",
       "ExtraHop",
       "Fortinet",
       "HPE Aruba Networking",
       "Microsoft",
       "Netskope",
       "Nozomi Networks",
       "Palo Alto Networks",
       "Radware",
       "Zscaler"
      ],
      "product": "",
      "tags": "",
      "active": true,
      "source_url": "",
      "license_details": {
       "name": "",
       "url": ""
      },
      "outcome": "detection",
      "created_timestamp": "2024-10-08T00:00:00Z",
      "modified_timestamp": "2024-10-22T00:00:00Z"
     }
    ]
   }