{
    "meta": {
     "query_time": 0.01253148,
     "powered_by": "svc-cscrrulestemplates",
     "trace_id": "8aac2824d17306b3c557fa313fd11108"
    },
    "errors": [],
    "resources": [
     {
      "id": "232f01ce-0f80-4f56-aa69-1b003890d3e7",
      "name": "Generic - Web - URL IOC Match",
      "description": "This rule identifies web-related events where the URL is flagged by CrowdStrike's threat intelligence feed, which may indicate malicious activity. By default, the rule uses IOCs with a confidence level of 'high'. You can adjust the lowest level of confidence for IOCs to consider, as necessary.\n",
      "origin": "CrowdStrike",
      "severity": 70,
      "recommended": true,
      "query": "#repo!=xdr_*\n| #Vendor =~ in(values=[\"akamai\",\"cisco\",\"cloudflare\",\"extrahop\",\"aruba\",\"microsoft\",\"netskope\",\"nozomi\",\"paloalto\",\"pingidentity\",\"qualys\",\"radware\",\"zscaler\"])\n| #event.kind=\"event\"\n| array:contains(\"event.category[]\", value=\"network\")\n| case {\n    url.original=\"http*\" | ioc:lookup(url.original, type=\"url\", confidenceThreshold=high, strict=true);\n    url.full=\"http*\" | ioc:lookup(url.full, type=\"url\", confidenceThreshold=high, strict=true)\n}\n",
      "search_window_start": "-70m",
      "search_window_end": "-10m",
      "schedule": "1h",
      "author": "CrowdStrike",
      "sigma_author": "",
      "category": "",
      "license": "",
      "tactic": "TA0011",
      "technique": "T1071.001",
      "mitre_attack": [
       {
        "tactic_id": "TA0011",
        "technique_id": "T1071.001"
       }
      ],
      "vendor": "Akamai",
      "vendors": [
       "Akamai",
       "Cisco",
       "Cloudflare",
       "ExtraHop",
       "HPE Aruba Networking",
       "Microsoft",
       "Netskope",
       "Nozomi Networks",
       "Palo Alto Networks",
       "Ping Identity",
       "Qualys",
       "Radware",
       "Zscaler"
      ],
      "product": "",
      "tags": "",
      "active": true,
      "source_url": "",
      "license_details": {
       "name": "",
       "url": ""
      },
      "outcome": "detection",
      "created_timestamp": "2024-10-25T00:00:00Z",
      "modified_timestamp": "0001-01-01T00:00:00Z"
     }
    ]
   }