{
    "meta": {
     "query_time": 0.038103856,
     "powered_by": "svc-cscrrulestemplates",
     "trace_id": "458b0c8bd4a7afc2bd2a299fc4a7a2b2"
    },
    "errors": [],
    "resources": [
     {
      "id": "209ad67d-7a32-4dc2-991f-98b594c7ddc7",
      "name": "Proofpoint - TAP - Impostor Email Delivered",
      "description": "This rule identifies email messages that Proofpoint TAP has categorized as “Impostor” but has still delivered based on current email protection inbound policies. The rule aims to detect potential phishing attempts or fraudulent emails that might result in credential theft, malware download, or other malicious activities.\nProofpoint classifies an email as \"Impostor\" when the sender poses as a trusted individual or entity, to deceive the recipient. These emails are typically designed to exploit trust relationships, such as those between executives and employees, vendors and clients, or other trusted partners. \nBy default, an impostor score of 70 is used as threshold for this rule. Adjust this threshold as needed to get accurate detections.\n",
      "origin": "CrowdStrike",
      "severity": 50,
      "recommended": true,
      "query": "#Vendor=\"proofpoint\" #event.module=\"tap\" #event.kind=\"event\" #repo!=\"xdr_*\"\n| array:contains(array=\"event.category[]\", value=\"email\")\n| case {\n    event.action=\"messages-delivered\";\n    event.action=\"delivered\" Vendor.eventType=\"messagesDelivered\";\n}\n| Vendor.impostorScore\u003e70\n",
      "search_window_start": "-70m",
      "search_window_end": "-10m",
      "schedule": "1h",
      "author": "CrowdStrike",
      "sigma_author": "",
      "category": "",
      "license": "",
      "tactic": "TA0001",
      "technique": "T1566",
      "mitre_attack": [
       {
        "tactic_id": "TA0001",
        "technique_id": "T1566"
       }
      ],
      "vendor": "Proofpoint",
      "vendors": [
       "Proofpoint"
      ],
      "product": "",
      "tags": "",
      "active": true,
      "source_url": "",
      "license_details": {
       "name": "",
       "url": ""
      },
      "outcome": "detection",
      "created_timestamp": "2024-08-28T00:00:00Z",
      "modified_timestamp": "2025-04-17T00:00:00Z"
     },
     {
      "id": "7777679b-fd55-45c3-b4ef-02fdf383bb82",
      "name": "Proofpoint - TAP - Spam Email Delivered",
      "description": "This rule identifies email messages that Proofpoint TAP has categorized as “Spam” but has still delivered based on current email protection inbound policies. The rule aims to detect potential fraudulent emails that may be indicative of credential theft, malware delivery, or other social engineering campaigns.\nBy default, a spam score of 70 is used as a threshold for this rule. Adjust this threshold as needed to get accurate detections.\n",
      "origin": "CrowdStrike",
      "severity": 50,
      "recommended": true,
      "query": "#Vendor=\"proofpoint\" #event.module=\"tap\" #event.kind=\"event\" #repo!=\"xdr_*\" \n| array:contains(array=\"event.category[]\", value=\"email\")\n| case {\n    event.action=\"messages-delivered\";\n    event.action=\"delivered\" Vendor.eventType=\"messagesDelivered\";\n}\n| Vendor.spamScore\u003e70\n",
      "search_window_start": "-70m",
      "search_window_end": "-10m",
      "schedule": "1h",
      "author": "CrowdStrike",
      "sigma_author": "",
      "category": "",
      "license": "",
      "tactic": "TA0001",
      "technique": "T1566",
      "mitre_attack": [
       {
        "tactic_id": "TA0001",
        "technique_id": "T1566"
       }
      ],
      "vendor": "Proofpoint",
      "vendors": [
       "Proofpoint"
      ],
      "product": "",
      "tags": "",
      "active": true,
      "source_url": "",
      "license_details": {
       "name": "",
       "url": ""
      },
      "outcome": "detection",
      "created_timestamp": "2024-09-17T00:00:00Z",
      "modified_timestamp": "2025-04-17T00:00:00Z"
     },
     {
      "id": "cf15a16d-5181-46e0-a381-1f2b9a3a2cc6",
      "name": "Proofpoint - TAP - Blocked Emails Observed",
      "description": "Generates detections for emails blocked by Proofpoint TAP.\n",
      "origin": "CrowdStrike",
      "severity": 30,
      "recommended": true,
      "query": "#Vendor=\"proofpoint\" #event.module=\"tap\" #event.kind=\"event\" #repo!=\"xdr_*\" \n| array:contains(array=\"event.category[]\", value=\"email\")\n| case {\n    event.action=\"messages-blocked\";\n    event.action=\"blocked\" Vendor.eventType=\"messagesBlocked\";\n}\n",
      "search_window_start": "-70m",
      "search_window_end": "-10m",
      "schedule": "1h",
      "author": "CrowdStrike",
      "sigma_author": "",
      "category": "",
      "license": "",
      "tactic": "TA0001",
      "technique": "T1566",
      "mitre_attack": [
       {
        "tactic_id": "TA0001",
        "technique_id": "T1566"
       }
      ],
      "vendor": "Proofpoint",
      "vendors": [
       "Proofpoint"
      ],
      "product": "",
      "tags": "",
      "active": true,
      "source_url": "",
      "license_details": {
       "name": "",
       "url": ""
      },
      "outcome": "detection",
      "created_timestamp": "2024-06-12T00:00:00Z",
      "modified_timestamp": "2025-04-17T00:00:00Z"
     },
     {
      "id": "c0519580-1638-4f6d-8ecc-8b759190e9eb",
      "name": "Proofpoint - TAP - Email Delivered from High Confidence Malicious Sender IP Address",
      "description": "Identifies an email delivered from a high-confidence malicious sender's IP address by using a lookup in CrowdStrike's database of IOCs. Note that this rule template can be used to create additional rules that use a lower IOC confidence level. For more information about the ioc:lookup() function, see https://library.humio.com/data-analysis/functions-ioc-lookup.html.\n",
      "origin": "CrowdStrike",
      "severity": 70,
      "recommended": true,
      "query": "#Vendor=\"proofpoint\" #event.module=\"tap\" #event.kind=\"event\" #repo!=\"xdr_*\" \n| array:contains(array=\"event.category[]\", value=\"email\")\n| case {\n    event.action=\"messages-delivered\";\n    event.action=\"delivered\" Vendor.eventType=\"messagesDelivered\";\n}\n| NOT cidr(source.ip, subnet=[\"127.0.0.0/8\", \"10.0.0.0/8\", \"172.16.0.0/12\", \"192.168.0.0/16\"])\n| ioc:lookup(source.ip, type=\"ip_address\", confidenceThreshold=\"high\", strict=\"true\")\n",
      "search_window_start": "-70m",
      "search_window_end": "-10m",
      "schedule": "1h",
      "author": "CrowdStrike",
      "sigma_author": "",
      "category": "",
      "license": "",
      "tactic": "TA0001",
      "technique": "T1566",
      "mitre_attack": [
       {
        "tactic_id": "TA0001",
        "technique_id": "T1566"
       }
      ],
      "vendor": "Proofpoint",
      "vendors": [
       "Proofpoint"
      ],
      "product": "",
      "tags": "",
      "active": true,
      "source_url": "",
      "license_details": {
       "name": "",
       "url": ""
      },
      "outcome": "detection",
      "created_timestamp": "2024-09-11T00:00:00Z",
      "modified_timestamp": "2025-04-17T00:00:00Z"
     },
     {
      "id": "a4ba102a-d164-4fd5-b9ac-79bb287e1fae",
      "name": "Generic - Web - HTTP Request With a Suspicious User Agent",
      "description": "This rule identifies a web request that was made with a suspicious user agent. \nIt focuses on detecting user agents commonly associated with Scripting activities, Cryptocurrency mining operations, Obfuscation techniques and other potentially malicious or unauthorized automated activities\n",
      "origin": "CrowdStrike",
      "severity": 50,
      "recommended": true,
      "query": "#Vendor=\"akamai\" OR #Vendor=\"aws\" OR #Vendor=\"cisco\" OR #Vendor=\"cloudflare\" OR #Vendor=\"corelight\" OR #Vendor=\"extrahop\" OR #Vendor=\"f5networks\" OR #Vendor=\"fortinet\" OR #Vendor=\"microsoft\" OR #Vendor=\"netskope\" OR #Vendor=\"okta\" OR #Vendor=\"paloalto\" OR #Vendor=\"proofpoint\" OR #Vendor=\"zscaler\"\n| #event.kind=\"event\"\n| match(file=\"falcon/ngsiem-content/suspicious_user_agents.csv\",field=user_agent.original,column=user_agent.original)\n// Exclude domains which are known vulnerability scanners or may cause false positives\n//| url.original =~ !in(values=[\"www.bing.com\", \"cloud.tenable.com\"])\n",
      "search_window_start": "-70m",
      "search_window_end": "-10m",
      "schedule": "1h",
      "author": "CrowdStrike",
      "sigma_author": "",
      "category": "",
      "license": "",
      "tactic": "TA0011",
      "technique": "T1071.001",
      "mitre_attack": [
       {
        "tactic_id": "TA0011",
        "technique_id": "T1071.001"
       }
      ],
      "vendor": "Cloudflare",
      "vendors": [
       "Akamai",
       "AWS",
       "Cisco",
       "Cloudflare",
       "Corelight",
       "ExtraHop",
       "F5",
       "Fortinet",
       "Microsoft",
       "Netskope",
       "Okta",
       "Palo Alto Networks",
       "Proofpoint",
       "Zscaler"
      ],
      "product": "",
      "tags": "",
      "active": true,
      "source_url": "",
      "license_details": {
       "name": "",
       "url": ""
      },
      "outcome": "detection",
      "created_timestamp": "2025-02-02T00:00:00Z",
      "modified_timestamp": "0001-01-01T00:00:00Z"
     },
     {
      "id": "27eeddaf-7650-4f64-823e-04ac299b82f9",
      "name": "Proofpoint - TAP - Impostor Email Link Clicked",
      "description": "This rule identifies when a user clicks on a link contained within an email message that has been classified by Proofpoint TAP as \"Impostor\", and access to the link was allowed by Proofpoint URL Defense service. The rule aims to detect potential phishing attempts or fraudulent emails that might result in credential theft, malware download, or other malicious activities.\nProofpoint classifies an email as \"Impostor\" when the sender poses as a trusted individual or entity, to deceive the recipient. These emails are typically designed to exploit trust relationships, such as those between executives and employees, vendors and clients, or other trusted partners.\n",
      "origin": "CrowdStrike",
      "severity": 70,
      "recommended": true,
      "query": "#Vendor=\"proofpoint\" #event.module=\"tap\" #event.kind=\"event\" #repo!=\"xdr_*\"\n| array:contains(array=\"event.category[]\", value=\"email\")\n| event.reason=/impostor/i \n| Vendor.threatStatus=\"active\" Vendor.eventType=\"clicksPermitted\"\n",
      "search_window_start": "-70m",
      "search_window_end": "-10m",
      "schedule": "1h",
      "author": "CrowdStrike",
      "sigma_author": "",
      "category": "",
      "license": "",
      "tactic": "TA0001",
      "technique": "T1566.002",
      "mitre_attack": [
       {
        "tactic_id": "TA0001",
        "technique_id": "T1566.002"
       }
      ],
      "vendor": "Proofpoint",
      "vendors": [
       "Proofpoint"
      ],
      "product": "",
      "tags": "",
      "active": true,
      "source_url": "",
      "license_details": {
       "name": "",
       "url": ""
      },
      "outcome": "detection",
      "created_timestamp": "2024-08-27T00:00:00Z",
      "modified_timestamp": "2025-04-17T00:00:00Z"
     },
     {
      "id": "fd89780d-1a3b-4c7e-b5c3-834072bfa13b",
      "name": "Proofpoint - TAP - Malicious Email Delivered",
      "description": "This rule identifies email messages that Proofpoint TAP has categorized as “Malware” but has still delivered based on current email protection inbound policies. The rule aims to detect potential malware delivery campaigns or other attempts to gain access to victim systems.\nBy default, a malware score of 70 is used as threshold for this rule. Adjust this threshold as needed to get accurate detections.\n",
      "origin": "CrowdStrike",
      "severity": 70,
      "recommended": true,
      "query": "#Vendor=\"proofpoint\" #event.module=\"tap\" #event.kind=\"event\" #repo!=\"xdr_*\"\n| array:contains(array=\"event.category[]\", value=\"email\")\n| case {\n    event.action=\"messages-delivered\";\n    event.action=\"delivered\" Vendor.eventType=\"messagesDelivered\";\n}\n| Vendor.malwareScore\u003e70 \n",
      "search_window_start": "-70m",
      "search_window_end": "-10m",
      "schedule": "1h",
      "author": "CrowdStrike",
      "sigma_author": "",
      "category": "",
      "license": "",
      "tactic": "TA0001",
      "technique": "T1566",
      "mitre_attack": [
       {
        "tactic_id": "TA0001",
        "technique_id": "T1566"
       }
      ],
      "vendor": "Proofpoint",
      "vendors": [
       "Proofpoint"
      ],
      "product": "",
      "tags": "",
      "active": true,
      "source_url": "",
      "license_details": {
       "name": "",
       "url": ""
      },
      "outcome": "detection",
      "created_timestamp": "2024-09-02T00:00:00Z",
      "modified_timestamp": "2025-04-17T00:00:00Z"
     },
     {
      "id": "3e27aae0-2adf-42f6-84ed-dd468315b644",
      "name": "Proofpoint - TAP - Malicious Email Link Clicked",
      "description": "This rule identifies when a user clicks on a link contained within an email message that has been classified by Proofpoint TAP as “Malware”, and access to the link was allowed by Proofpoint URL Defense service. The rule aims to detect instances where users interact with suspicious or malicious links that may be indicative of credential theft, malware delivery, or other social engineering campaigns.\n",
      "origin": "CrowdStrike",
      "severity": 70,
      "recommended": true,
      "query": "#Vendor=\"proofpoint\" #event.module=\"tap\" #event.kind=\"event\" #repo!=\"xdr_*\"\n| array:contains(array=\"event.category[]\", value=\"email\")\n| event.reason=/malware/i \n| Vendor.threatStatus=\"active\" Vendor.eventType=\"clicksPermitted\"\n",
      "search_window_start": "-70m",
      "search_window_end": "-10m",
      "schedule": "1h",
      "author": "CrowdStrike",
      "sigma_author": "",
      "category": "",
      "license": "",
      "tactic": "TA0001",
      "technique": "T1566.002",
      "mitre_attack": [
       {
        "tactic_id": "TA0001",
        "technique_id": "T1566.002"
       }
      ],
      "vendor": "Proofpoint",
      "vendors": [
       "Proofpoint"
      ],
      "product": "",
      "tags": "",
      "active": true,
      "source_url": "",
      "license_details": {
       "name": "",
       "url": ""
      },
      "outcome": "detection",
      "created_timestamp": "2024-08-29T00:00:00Z",
      "modified_timestamp": "2025-04-17T00:00:00Z"
     },
     {
      "id": "3db50204-d53f-472d-b958-a548357aeb4e",
      "name": "Proofpoint - TAP - Phishing Email Delivered",
      "description": "This rule identifies email messages that Proofpoint TAP has categorized as “Phishing” but has still delivered based on current email protection inbound policies. The rule aims to detect potential phishing attempts or fraudulent emails that might result in credential theft, malware download, or other malicious activities.\nBy default, a phishing score of 70 is used as threshold for this rule. Adjust this threshold as needed to get accurate detections.\n",
      "origin": "CrowdStrike",
      "severity": 70,
      "recommended": true,
      "query": "#Vendor=\"proofpoint\" #event.module=\"tap\" #event.kind=\"event\" #repo!=\"xdr_*\"\n| array:contains(array=\"event.category[]\", value=\"email\")\n| case {\n    event.action=\"messages-delivered\";\n    event.action=\"delivered\" Vendor.eventType=\"messagesDelivered\";\n}\n| Vendor.phishScore\u003e70 \n",
      "search_window_start": "-70m",
      "search_window_end": "-10m",
      "schedule": "1h",
      "author": "CrowdStrike",
      "sigma_author": "",
      "category": "",
      "license": "",
      "tactic": "TA0001",
      "technique": "T1566",
      "mitre_attack": [
       {
        "tactic_id": "TA0001",
        "technique_id": "T1566"
       }
      ],
      "vendor": "Proofpoint",
      "vendors": [
       "Proofpoint"
      ],
      "product": "",
      "tags": "",
      "active": true,
      "source_url": "",
      "license_details": {
       "name": "",
       "url": ""
      },
      "outcome": "detection",
      "created_timestamp": "2024-09-09T00:00:00Z",
      "modified_timestamp": "2025-04-17T00:00:00Z"
     },
     {
      "id": "580f7cdd-969f-4c9e-ba6d-77d0faebacab",
      "name": "Proofpoint - TAP - Phishing Email Link Clicked",
      "description": "This rule identifies when a user clicks on a link contained within an email message that has been classified by Proofpoint TAP as “Phishing”, and access to the link was allowed by Proofpoint URL Defense service. The rule aims to detect potential phishing attempts or fraudulent emails that might result in credential theft, malware download, or other malicious activities.\n",
      "origin": "CrowdStrike",
      "severity": 70,
      "recommended": true,
      "query": "#Vendor=\"proofpoint\" #event.module=\"tap\" #event.kind=\"event\" #repo!=\"xdr_*\"\n| array:contains(array=\"event.category[]\", value=\"email\")\n| event.reason=/phish/i \n| Vendor.threatStatus=\"active\" Vendor.eventType=\"clicksPermitted\"\n",
      "search_window_start": "-70m",
      "search_window_end": "-10m",
      "schedule": "1h",
      "author": "CrowdStrike",
      "sigma_author": "",
      "category": "",
      "license": "",
      "tactic": "TA0001",
      "technique": "T1566.002",
      "mitre_attack": [
       {
        "tactic_id": "TA0001",
        "technique_id": "T1566.002"
       }
      ],
      "vendor": "Proofpoint",
      "vendors": [
       "Proofpoint"
      ],
      "product": "",
      "tags": "",
      "active": true,
      "source_url": "",
      "license_details": {
       "name": "",
       "url": ""
      },
      "outcome": "detection",
      "created_timestamp": "2024-09-10T00:00:00Z",
      "modified_timestamp": "2025-04-17T00:00:00Z"
     },
     {
      "id": "249714ed-12a2-4e90-bb27-9b0aabbf93ec",
      "name": "Proofpoint - TAP - Spam Email Link Clicked",
      "description": "This rule identifies when a user clicks on a link contained within an email message that has been classified by Proofpoint TAP as “Spam”, and access to the link was allowed by Proofpoint URL Defense service. The rule aims to detect instances where users interact with suspicious or malicious links that may be indicative of credential theft, malware delivery, or other social engineering campaigns.\n",
      "origin": "CrowdStrike",
      "severity": 50,
      "recommended": true,
      "query": "#Vendor=\"proofpoint\" #event.module=\"tap\" #event.kind=\"event\" #repo!=\"xdr_*\" \n| array:contains(array=\"event.category[]\", value=\"email\")\n| event.reason=/spam/i \n| Vendor.threatStatus=\"active\" Vendor.eventType=\"clicksPermitted\"\n",
      "search_window_start": "-70m",
      "search_window_end": "-10m",
      "schedule": "1h",
      "author": "CrowdStrike",
      "sigma_author": "",
      "category": "",
      "license": "",
      "tactic": "TA0001",
      "technique": "T1566.002",
      "mitre_attack": [
       {
        "tactic_id": "TA0001",
        "technique_id": "T1566.002"
       }
      ],
      "vendor": "Proofpoint",
      "vendors": [
       "Proofpoint"
      ],
      "product": "",
      "tags": "",
      "active": true,
      "source_url": "",
      "license_details": {
       "name": "",
       "url": ""
      },
      "outcome": "detection",
      "created_timestamp": "2024-09-17T00:00:00Z",
      "modified_timestamp": "0001-01-01T00:00:00Z"
     }
    ]
   }