{
    "meta": {
     "query_time": 0.014563526,
     "powered_by": "svc-cscrrulestemplates",
     "trace_id": "c2a6ab29156a97c1b8426f39b09b8caf"
    },
    "errors": [],
    "resources": [
     {
      "id": "93e87775-8b6f-4065-91fa-df6080dc5733",
      "name": "Generic - Network - Domains with a Large Number of Subdomain DNS Queries",
      "description": "This rule detects possible signs of data exfiltration or Domain Generation Algorithm (DGA) activity by identifying domains with a large number of subdomain DNS queries. It generates an alert when the number of subdomain DNS queries and the mean query length for a domain exceed certain thresholds. To reduce false positives, it is recommended to adjust default thresholds based on the specifics of your environment. Additionally, since legitimate domains can also present the same pattern, consider creating and using a lookup file to exclude known good domains.\n",
      "origin": "CrowdStrike",
      "severity": 30,
      "recommended": true,
      "query": "#repo!=\"xdr_*\"\n| in(#Vendor, values=[\"corelight\", \"extrahop\", \"fortinet\", \"vectra\", \"zscaler\"])\n| #event.kind=event \n| array:contains(\"event.category[]\", value=\"network\")\n| dns.question.name=*\n| coalesce([destination.port, server.port], as=destination_port)\n| destination_port=53 \n// Parse DNS query registered domain\n| top_ld := splitString(field=dns.question.name, by=\"\\\\.\", index=-1)\n| second_ld := splitString(field=dns.question.name, by=\"\\\\.\", index=-2)\n| third_ld := splitString(field=dns.question.name, by=\"\\\\.\", index=-3)\n| len_top_ld := length(top_ld)\n| len_second_ld := length(second_ld)\n| case {\n    len_top_ld\u003c=2 len_second_ld\u003c=3 second_ld=/^(gov|org|edu|com|net|co|mil|ac|info|or|gob|name|int|mi|pro|me|go|web|tv|sch|tm|sc|med|id|ne|coop|asso)$/ \n        | dns_query_registered_domain := format(format=\"%s.%s.%s\", field=[third_ld, second_ld, top_ld]);\n    * | dns_query_registered_domain := format(format=\"%s.%s\", field=[second_ld, top_ld]);\n}\n| drop([top_ld, second_ld, third_ld, len_top_ld, len_second_ld])\n// Uncomment the following line and replace 'known_good_domains.csv' with your actual lookup file name\n// | NOT match(file=\"known_good_domains.csv\", column=domain, field=dns_query_registered_domain, include=[])\n| dns_query_length := length(dns.question.name)\n| groupBy([#Vendor, #event.module, dns_query_registered_domain], \n    function=[\n        avg(dns_query_length, as=avg_dns_query_length), \n        count(field=dns.question.name, as=subdomains_per_domain, distinct=true), \n        collect(dns.question.name, limit=50)\n    ]\n)\n// Fine-tuning may be done by adjusting default thresholds based on the environment and observed baseline.\n// Threshold explanations:\n// subdomains_per_domain\u003e100: More than 100 subdomains per domain in the time window may indicate DNS tunneling activity\n// avg_dns_query_length\u003e25: Average length over 25 characters suggests unusually long subdomains, common in data exfiltration\n| subdomains_per_domain\u003e100 avg_dns_query_length\u003e25\n",
      "search_window_start": "-70m",
      "search_window_end": "-10m",
      "schedule": "1h",
      "author": "CrowdStrike",
      "sigma_author": "",
      "category": "",
      "license": "",
      "tactic": "TA0011",
      "technique": "T1071.004",
      "mitre_attack": [
       {
        "tactic_id": "TA0011",
        "technique_id": "T1071.004"
       }
      ],
      "vendor": "Corelight",
      "vendors": [
       "Corelight",
       "ExtraHop",
       "Fortinet",
       "Vectra AI",
       "Zscaler"
      ],
      "product": "",
      "tags": "",
      "active": true,
      "source_url": "",
      "license_details": {
       "name": "",
       "url": ""
      },
      "outcome": "detection",
      "created_timestamp": "2024-12-16T00:00:00Z",
      "modified_timestamp": "0001-01-01T00:00:00Z"
     },
     {
      "id": "98529df0-484d-47ce-9315-f1a1826e7d1f",
      "name": "Generic - Network - Potential DNS Tunneling via Randomized Subdomains",
      "description": "This rule detects potential DNS tunneling activity that uses randomized subdomains to exfiltrate data via DNS queries. The rule logic calculates the mean Shannon entropy, mean query length, and standard deviation of query length for each domain name. It triggers an alert when these measures exceed certain thresholds. To reduce false positives, it is recommended to adjust default thresholds based on the specifics of your environment. Additionally, since legitimate domains can also have high entropy, consider creating and using a lookup file to exclude known good domains.\n",
      "origin": "CrowdStrike",
      "severity": 30,
      "recommended": true,
      "query": "#repo!=\"xdr_*\"\n| in(#Vendor, values=[\"corelight\", \"extrahop\", \"fortinet\", \"vectra\", \"zscaler\"])\n| #event.kind=event \n| array:contains(\"event.category[]\", value=\"network\")\n| dns.question.name=*\n| coalesce([destination.port, server.port], as=destination_port)\n| destination_port=53 \n// Parse DNS query registered domain\n| top_ld := splitString(field=dns.question.name, by=\"\\\\.\", index=-1)\n| second_ld := splitString(field=dns.question.name, by=\"\\\\.\", index=-2)\n| third_ld := splitString(field=dns.question.name, by=\"\\\\.\", index=-3)\n| len_top_ld := length(top_ld)\n| len_second_ld := length(second_ld)\n| case {\n    len_top_ld\u003c=2 len_second_ld\u003c=3 second_ld=/^(gov|org|edu|com|net|co|mil|ac|info|or|gob|name|int|mi|pro|me|go|web|tv|sch|tm|sc|med|id|ne|coop|asso)$/ \n        | dns_query_registered_domain := format(format=\"%s.%s.%s\", field=[third_ld, second_ld, top_ld]);\n    * | dns_query_registered_domain := format(format=\"%s.%s\", field=[second_ld, top_ld]);\n}\n| drop([top_ld, second_ld, third_ld, len_top_ld, len_second_ld])\n// Uncomment the following line and replace 'known_good_domains.csv' with your actual lookup file name\n// | NOT match(file=\"known_good_domains.csv\", column=domain, field=dns_query_registered_domain, include=[])\n| dns_query_shannon_entropy := shannonEntropy(dns.question.name)\n| dns_query_length := length(dns.question.name)\n| groupBy([#Vendor, #event.module, dns_query_registered_domain], \n    function=[\n        avg(dns_query_shannon_entropy, as=avg_dns_query_shannon_entropy), \n        avg(dns_query_length, as=avg_dns_query_length), \n        stdDev(dns_query_length, as=st_dev_dns_query_length),\n        count(dns.question.name, distinct=true, as=distinct_dns_queries),\n        collect(dns.question.name, limit=50)\n    ]\n)\n// Fine-tuning may be done by adjusting default thresholds based on the environment and observed baseline.\n// Threshold explanations:\n// avg_dns_query_shannon_entropy\u003e4: Shannon entropy above 4 indicates high randomness, typical of encoded/encrypted data\n// avg_dns_query_length\u003e25: Average length over 25 characters suggests unusually long subdomains, common in data exfiltration\n// st_dev_dns_query_length\u003c2: Low standard deviation indicates consistent query lengths, often seen in automated tunneling\n// distinct_dns_queries\u003e50: More than 50 distinct queries to the same domain in the time window may indicate tunneling activity\n| avg_dns_query_shannon_entropy\u003e4 avg_dns_query_length\u003e25 st_dev_dns_query_length\u003c2 distinct_dns_queries\u003e50\n",
      "search_window_start": "-70m",
      "search_window_end": "-10m",
      "schedule": "1h",
      "author": "CrowdStrike",
      "sigma_author": "",
      "category": "",
      "license": "",
      "tactic": "TA0011",
      "technique": "T1071.004",
      "mitre_attack": [
       {
        "tactic_id": "TA0011",
        "technique_id": "T1071.004"
       }
      ],
      "vendor": "Corelight",
      "vendors": [
       "Corelight",
       "ExtraHop",
       "Fortinet",
       "Vectra AI",
       "Zscaler"
      ],
      "product": "",
      "tags": "",
      "active": true,
      "source_url": "",
      "license_details": {
       "name": "",
       "url": ""
      },
      "outcome": "detection",
      "created_timestamp": "2024-12-13T00:00:00Z",
      "modified_timestamp": "0001-01-01T00:00:00Z"
     },
     {
      "id": "7b572e89-685f-4fdb-bf8c-73b040d87e40",
      "name": "Generic - Network - IP Address IOC Match",
      "description": "This rule identifies network traffic involving suspicious IP addresses by using a lookup in CrowdStrike's database of IOCs. The rule considers IOCs with a confidence level of 'unverified' or higher. Note that the confidence level threshold can be adjusted as necessary. For more information about the ioc:lookup() function, see https://library.humio.com/data-analysis/functions-ioc-lookup.html.\n",
      "origin": "CrowdStrike",
      "severity": 50,
      "recommended": true,
      "query": "#repo!=\"xdr_*\"\n| #Vendor =~ in(values=[\"akamai\",\"arista\",\"aws\",\"cisco\",\"cloudflare\",\"corelight\",\"extrahop\",\"fortinet\",\"aruba\",\"linux\",\"microsoft\",\"netskope\",\"nozomi\",\"paloalto\",\"radware\",\"skyhigh\",\"vectra\",\"zscaler\"])\n| #event.kind=\"event\" \n| array:contains(array=\"event.category[]\", value=\"network\")\n| coalesce([source.ip, client.ip, related.ip, \"EMPTY\"], as=\"ip_coalesce_source\")\n| coalesce([destination.ip, server.ip, \"EMPTY\"], as=\"ip_coalesce_destination\")\n| case {\n    ip_coalesce_source!=\"EMPTY\"\n        | !cidr(ip_coalesce_source, subnet=[\"10.0.0.0/8\", \"172.16.0.0/12\", \"192.168.0.0/16\", \"127.0.0.0/8\"])\n        | case {\n            ip_coalesce_destination=\"EMPTY\";\n            cidr(ip_coalesce_destination, subnet=[\"10.0.0.0/8\", \"172.16.0.0/12\", \"192.168.0.0/16\", \"127.0.0.0/8\"]);\n        }\n        | ip_of_interest := ip_coalesce_source;\n    ip_coalesce_destination!=\"EMPTY\"\n      | !cidr(ip_coalesce_destination, subnet=[\"10.0.0.0/8\", \"172.16.0.0/12\", \"192.168.0.0/16\", \"127.0.0.0/8\"])\n      | case {\n          ip_coalesce_source=\"EMPTY\";\n            cidr(ip_coalesce_source, subnet=[\"10.0.0.0/8\", \"172.16.0.0/12\", \"192.168.0.0/16\", \"127.0.0.0/8\"]);\n        }\n        | ip_of_interest := ip_coalesce_destination;\n}\n| groupBy([ip_of_interest], function=collect([#Vendor,#event.module, ip_coalesce_source, ip_coalesce_destination]))\n| ioc:lookup(field=ip_of_interest, type=\"ip_address\", confidenceThreshold=\"unverified\", strict=\"true\")\n",
      "search_window_start": "-70m",
      "search_window_end": "-10m",
      "schedule": "1h",
      "author": "CrowdStrike",
      "sigma_author": "",
      "category": "",
      "license": "",
      "tactic": "",
      "technique": "",
      "mitre_attack": [],
      "vendor": "Akamai",
      "vendors": [
       "Akamai",
       "Arista Networks",
       "AWS",
       "Cisco",
       "Cloudflare",
       "Corelight",
       "ExtraHop",
       "Fortinet",
       "HPE Aruba Networking",
       "Linux",
       "Microsoft",
       "Netskope",
       "Nozomi Networks",
       "Palo Alto Networks",
       "Radware",
       "Skyhigh",
       "Vectra AI",
       "Zscaler"
      ],
      "product": "",
      "tags": "",
      "active": true,
      "source_url": "",
      "license_details": {
       "name": "",
       "url": ""
      },
      "outcome": "detection",
      "created_timestamp": "2024-10-25T00:00:00Z",
      "modified_timestamp": "0001-01-01T00:00:00Z"
     }
    ]
   }