{
    "meta": {
     "query_time": 0.038318182,
     "powered_by": "svc-cscrrulestemplates",
     "trace_id": "41ed29c1dea1091d9cc63bb81c6b6d79"
    },
    "errors": [],
    "resources": [
     {
      "id": "11c04958-8f71-4b80-8ac1-a96c7cd00d5c",
      "name": "VMware - ESXi - Guest Operations from ESXi Host to Guest VM",
      "description": "Interactions between the ESXi hypervisor and guest VMs have been identified. This can be suspicious activity if an attacker with privileged access to the ESXi host is able to exploit a vulnerability of VMware tools (vmtools) Guest Operations in order to interact with the VMs provisioned through the ESXi host. These interactions may include guest VM logins, file/directory creation and deletion, command execution, Windows registry keys/values manipulation and file transfer between guest VM and hypervisor.\n",
      "origin": "CrowdStrike",
      "severity": 70,
      "recommended": true,
      "query": "| #repo=\"vmware_esxi\" #Vendor=\"vmware\" #event.module=\"esxi\" #event.kind=\"event\" \n| message=/VigorTransport.+GuestOps\\..*(?:File|Directory|StartProgram|TerminateProcess|Registry)/i\n",
      "search_window_start": "-70m",
      "search_window_end": "-10m",
      "schedule": "1h",
      "author": "CrowdStrike",
      "sigma_author": "",
      "category": "",
      "license": "",
      "tactic": "TA0004",
      "technique": "T1068",
      "mitre_attack": [
       {
        "tactic_id": "TA0004",
        "technique_id": "T1068"
       }
      ],
      "vendor": "VMware",
      "vendors": [
       "VMware"
      ],
      "product": "",
      "tags": "",
      "active": true,
      "source_url": "",
      "license_details": {
       "name": "",
       "url": ""
      },
      "outcome": "detection",
      "created_timestamp": "2024-02-14T00:00:00Z",
      "modified_timestamp": "0001-01-01T00:00:00Z"
     },
     {
      "id": "46d3becd-c5ae-4d47-9914-168b3b347c5e",
      "name": "VMware - ESXi - SSH Sessions Forcefully Terminated via kill Shell Command",
      "description": "SSH sessions to the ESXi hypervisor have been forcefully terminated from an interactive ESXi shell via a built-in shell command. This could be suspicious activity and a signal of an unfolding ransomware attack where the threat actor with privileged access to the ESXi host is dropping active SSH sessions and potentially changing the root account password and/or disabling vCenter remote management in order to hinder recovery efforts.\n",
      "origin": "CrowdStrike",
      "severity": 70,
      "recommended": true,
      "query": "| #repo=\"vmware_esxi\" #Vendor=\"vmware\" #event.module=\"esxi\" \n| #event.kind=\"event\" | array:contains(\"event.category[]\", value=\"process\") | array:contains(\"event.type[]\", value=\"start\")\n| process.command_line=/kill\\s+/ \n| process.command_line=/sshd\\s+/\n",
      "search_window_start": "-70m",
      "search_window_end": "-10m",
      "schedule": "1h",
      "author": "CrowdStrike",
      "sigma_author": "",
      "category": "",
      "license": "",
      "tactic": "TA0005",
      "technique": "T1562",
      "mitre_attack": [
       {
        "tactic_id": "TA0005",
        "technique_id": "T1562"
       }
      ],
      "vendor": "VMware",
      "vendors": [
       "VMware"
      ],
      "product": "",
      "tags": "",
      "active": true,
      "source_url": "",
      "license_details": {
       "name": "",
       "url": ""
      },
      "outcome": "detection",
      "created_timestamp": "2024-02-28T00:00:00Z",
      "modified_timestamp": "0001-01-01T00:00:00Z"
     },
     {
      "id": "8b4e376d-e37b-412e-9c6d-3915f46715b9",
      "name": "VMware - ESXi - Successful Login to the ESXi Host Client Web Administration Interface",
      "description": "Identifies a successful login to the ESXi Host Client web administration interface. This may be suspicious behavior if the ESXi infrastructure is normally managed from a vCenter server.\n",
      "origin": "CrowdStrike",
      "severity": 30,
      "recommended": true,
      "query": "| #repo=\"vmware_esxi\" #Vendor=\"vmware\" #event.module=\"esxi\" #event.kind=\"event\" \n| log.syslog.appname=\"Hostd\"\n| message=/Accepted password for user .+ from/i\n",
      "search_window_start": "-70m",
      "search_window_end": "-10m",
      "schedule": "1h",
      "author": "CrowdStrike",
      "sigma_author": "",
      "category": "",
      "license": "",
      "tactic": "TA0006",
      "technique": "T1110",
      "mitre_attack": [
       {
        "tactic_id": "TA0006",
        "technique_id": "T1110"
       }
      ],
      "vendor": "VMware",
      "vendors": [
       "VMware"
      ],
      "product": "",
      "tags": "",
      "active": true,
      "source_url": "",
      "license_details": {
       "name": "",
       "url": ""
      },
      "outcome": "detection",
      "created_timestamp": "2024-01-31T00:00:00Z",
      "modified_timestamp": "0001-01-01T00:00:00Z"
     },
     {
      "id": "c6e47854-8c71-4e9c-b8c1-d85186cc32b8",
      "name": "VMware - ESXi - Message of the Day Banner Changed",
      "description": "Identifies instances of Message of the Day (MOTD) modification on an ESXi server. This rule alerts when the action is done locally with tools like esxcli, or remotely with tools like PowerCLI. This change may be a sign of unauthorized access or malicious activity, warranting further investigation. \n",
      "origin": "CrowdStrike",
      "severity": 70,
      "recommended": true,
      "query": "#repo=\"vmware_esxi\" #Vendor=\"vmware\" #event.module=\"esxi\" \n| #event.dataset=\"esxi.hostd\"\n| message=/Task Completed/ message=/welcomemsg\\.set/i message=/success/\n",
      "search_window_start": "-70m",
      "search_window_end": "-10m",
      "schedule": "1h",
      "author": "CrowdStrike",
      "sigma_author": "",
      "category": "",
      "license": "",
      "tactic": "TA0040",
      "technique": "T1491",
      "mitre_attack": [
       {
        "tactic_id": "TA0040",
        "technique_id": "T1491"
       }
      ],
      "vendor": "VMware",
      "vendors": [
       "VMware"
      ],
      "product": "",
      "tags": "",
      "active": true,
      "source_url": "",
      "license_details": {
       "name": "",
       "url": ""
      },
      "outcome": "detection",
      "created_timestamp": "2024-10-04T00:00:00Z",
      "modified_timestamp": "0001-01-01T00:00:00Z"
     },
     {
      "id": "afd07f44-25e7-45b7-9a47-232aea423f9b",
      "name": "VMware - ESXi - Guest VM Files Discovery via 'find' Shell Command",
      "description": "Identifies ESXi file discovery activity carried in an interactive ESXi shell via 'find' built-in shell command. This potentially suspicious activity can be seen in the preparation phase of a ransomware attack targeting ESXi infrastructure.\n",
      "origin": "CrowdStrike",
      "severity": 30,
      "recommended": true,
      "query": "#repo=\"vmware_esxi\" #Vendor=\"vmware\" #event.module=\"esxi\" \n| #event.kind=\"event\" | array:contains(\"event.category[]\", value=\"process\") \n| array:contains(\"event.type[]\", value=\"start\")\n| process.command_line=/find\\s+/\n| process.command_line=/(vmware|vmfs|volumes)/\n",
      "search_window_start": "-70m",
      "search_window_end": "-10m",
      "schedule": "1h",
      "author": "CrowdStrike",
      "sigma_author": "",
      "category": "",
      "license": "",
      "tactic": "TA0007",
      "technique": "T1083",
      "mitre_attack": [
       {
        "tactic_id": "TA0007",
        "technique_id": "T1083"
       }
      ],
      "vendor": "VMware",
      "vendors": [
       "VMware"
      ],
      "product": "",
      "tags": "",
      "active": true,
      "source_url": "",
      "license_details": {
       "name": "",
       "url": ""
      },
      "outcome": "detection",
      "created_timestamp": "2023-10-23T00:00:00Z",
      "modified_timestamp": "2024-10-01T00:00:00Z"
     },
     {
      "id": "5e98eeea-8cae-4dfe-921c-772d36b4bc43",
      "name": "VMware - ESXi - Guest VM Forceful Termination",
      "description": "Identifies instances of successful Virtual Machine (VM) termination via kill commands on an ESXi server. This rule alerts when the action is done locally with tools like esxcli, or remotely with tools like PowerCLI. This change may be a sign of unauthorized access or malicious activity, warranting further investigation.\n",
      "origin": "CrowdStrike",
      "severity": 70,
      "recommended": true,
      "query": "#repo=\"vmware_esxi\" #Vendor=\"vmware\" #event.module=\"esxi\" \n| #event.dataset=\"esxi.hostd\"\n| message=/Task Completed/ message=/vm\\.process\\.kill/ message=/success/\n",
      "search_window_start": "-70m",
      "search_window_end": "-10m",
      "schedule": "1h",
      "author": "CrowdStrike",
      "sigma_author": "",
      "category": "",
      "license": "",
      "tactic": "TA0040",
      "technique": "T1529",
      "mitre_attack": [
       {
        "tactic_id": "TA0040",
        "technique_id": "T1529"
       }
      ],
      "vendor": "VMware",
      "vendors": [
       "VMware"
      ],
      "product": "",
      "tags": "",
      "active": true,
      "source_url": "",
      "license_details": {
       "name": "",
       "url": ""
      },
      "outcome": "detection",
      "created_timestamp": "2024-10-04T00:00:00Z",
      "modified_timestamp": "0001-01-01T00:00:00Z"
     },
     {
      "id": "ec873ce6-3648-4f87-a6b5-36ba9f53268f",
      "name": "VMware - ESXi - Guest VM All Snapshots Deleted",
      "description": "Identifies any successful attempts to delete all snapshots for a virtual machine. The rule leverages the hostd.log which would capture successful attempts regardless if activity originated via CLI or Web UI.\n",
      "origin": "CrowdStrike",
      "severity": 70,
      "recommended": true,
      "query": "#repo=\"vmware_esxi\" #Vendor=\"vmware\" #event.module=\"esxi\" \n| #event.dataset=\"esxi.hostd\"\n| message=/Task Completed/ message=/success/ message=/VirtualMachine.removeAllSnapshots/i\n",
      "search_window_start": "-70m",
      "search_window_end": "-10m",
      "schedule": "1h",
      "author": "CrowdStrike",
      "sigma_author": "",
      "category": "",
      "license": "",
      "tactic": "TA0040",
      "technique": "T1485",
      "mitre_attack": [
       {
        "tactic_id": "TA0040",
        "technique_id": "T1485"
       }
      ],
      "vendor": "VMware",
      "vendors": [
       "VMware"
      ],
      "product": "",
      "tags": "",
      "active": true,
      "source_url": "",
      "license_details": {
       "name": "",
       "url": ""
      },
      "outcome": "detection",
      "created_timestamp": "2024-10-02T00:00:00Z",
      "modified_timestamp": "0001-01-01T00:00:00Z"
     },
     {
      "id": "906575d6-b013-42ed-9c35-1158862e9cd0",
      "name": "VMware - ESXi - Guest VM Enumeration via 'esxcli' Command Line Tool",
      "description": "Identifies guest VM enumeration activity on an ESXi hypervisor, carried in an interactive ESXi shell via 'esxcli' command line tool. This can signal suspicious behavior, part of the early stages of a ransomware attack targeting ESXi infrastructure, when the threat actor is enumerating and shuting down VMs before encryption.\n",
      "origin": "CrowdStrike",
      "severity": 50,
      "recommended": true,
      "query": "#repo=\"vmware_esxi\" #Vendor=\"vmware\" #event.module=\"esxi\" \n| #event.kind=\"event\" | array:contains(\"event.category[]\", value=\"process\") \n| array:contains(\"event.type[]\", value=\"start\")\n| process.command_line=/esxcli\\s+vm\\s+process\\s+list/i \n",
      "search_window_start": "-70m",
      "search_window_end": "-10m",
      "schedule": "1h",
      "author": "CrowdStrike",
      "sigma_author": "",
      "category": "",
      "license": "",
      "tactic": "TA0007",
      "technique": "T1613",
      "mitre_attack": [
       {
        "tactic_id": "TA0007",
        "technique_id": "T1613"
       }
      ],
      "vendor": "VMware",
      "vendors": [
       "VMware"
      ],
      "product": "",
      "tags": "",
      "active": true,
      "source_url": "",
      "license_details": {
       "name": "",
       "url": ""
      },
      "outcome": "detection",
      "created_timestamp": "2023-10-24T00:00:00Z",
      "modified_timestamp": "2024-10-01T00:00:00Z"
     },
     {
      "id": "83dda345-0a24-4f8f-a468-28bff0d1810b",
      "name": "VMware - ESXi - Tampering of Shell Command Line History",
      "description": "Identifies an attempt to clear or disable the ESXi Shell command line history from an interactive ESXi shell via built-in shell commands, which may be suspicious behavior from a threat actor attempting to evade detection or forensic investigations.\n",
      "origin": "CrowdStrike",
      "severity": 70,
      "recommended": true,
      "query": "#repo=\"vmware_esxi\" #Vendor=\"vmware\" #event.module=\"esxi\" \n| #event.kind=\"event\" | array:contains(\"event.category[]\", value=\"process\") \n| array:contains(\"event.type[]\", value=\"start\")\n| case {\n        process.command_line=/(rm|\u003e|\\/dev\\/null|vi)\\s+.+?\\.ash_history/ ;  //direct manipulation of .ash_history file.;\n        process.command_line=/history\\s+-c/;    //clearing via history command;\n        process.command_line=/unset\\s+HISTFILE|HISTFILE=\\/dev\\/null/;   //HISTFILE environment variable manipulation\n        process.command_line=/HISTSIZE=(?\u003chist_size\u003e\\d+?)(\\W|$)/ | hist_size\u003c=100 ; //HISTSIZE environment manipulation\n        process.command_line=/set\\s+\\+o\\s+history/; //disable history for current session\n} \n",
      "search_window_start": "-70m",
      "search_window_end": "-10m",
      "schedule": "1h",
      "author": "CrowdStrike",
      "sigma_author": "",
      "category": "",
      "license": "",
      "tactic": "TA0005",
      "technique": "T1070.003",
      "mitre_attack": [
       {
        "tactic_id": "TA0005",
        "technique_id": "T1070.003"
       }
      ],
      "vendor": "VMware",
      "vendors": [
       "VMware"
      ],
      "product": "",
      "tags": "",
      "active": true,
      "source_url": "",
      "license_details": {
       "name": "",
       "url": ""
      },
      "outcome": "detection",
      "created_timestamp": "2023-11-09T00:00:00Z",
      "modified_timestamp": "2024-10-01T00:00:00Z"
     },
     {
      "id": "ff459cbc-20bf-4986-b0dd-4761912c209f",
      "name": "VMware - ESXi - SFTP Server Enabled",
      "description": "Identifies activity indicating that the SFTP service was enabled on an ESXi server. An adversary may enable SFTP to transfer tools to or move data from a target system.\n",
      "origin": "CrowdStrike",
      "severity": 70,
      "recommended": true,
      "query": "#repo=\"vmware_esxi\" #Vendor=\"vmware\" #event.module=\"esxi\"\n| #event.dataset=\"esxi.sftp-server\" OR #event.dataset=\"esxi.shell\"\n| minute := time:minute()\n| selfJoinFilter(field=[host.os.type,minute], where=[{process.command_line=/sftp-server/i},{message=/session/i}], prefilter=true)\n",
      "search_window_start": "-70m",
      "search_window_end": "-10m",
      "schedule": "1h",
      "author": "CrowdStrike",
      "sigma_author": "",
      "category": "",
      "license": "",
      "tactic": "TA0011",
      "technique": "T1105",
      "mitre_attack": [
       {
        "tactic_id": "TA0011",
        "technique_id": "T1105"
       }
      ],
      "vendor": "VMware",
      "vendors": [
       "VMware"
      ],
      "product": "",
      "tags": "",
      "active": true,
      "source_url": "",
      "license_details": {
       "name": "",
       "url": ""
      },
      "outcome": "detection",
      "created_timestamp": "2024-10-02T00:00:00Z",
      "modified_timestamp": "0001-01-01T00:00:00Z"
     },
     {
      "id": "96408156-652c-4ee3-9cdd-8edf08dcdeeb",
      "name": "VMware - ESXi - esxcfg-advcfg LOLBIN Usage",
      "description": "Detection of the \"esxcfg-advcfg\" LOLBIN binary on ESXi servers.\n",
      "origin": "CrowdStrike",
      "severity": 70,
      "recommended": true,
      "query": "#repo=\"vmware_esxi\" #Vendor=\"vmware\" #event.module=\"esxi\"\n| #event.kind=\"event\" \n| array:contains(array=\"event.category[]\", value=\"process\") \n| process.command_line=/esxcfg-advcfg +-(-?([sdlqkjcmuGSDUATEFNMHLVr]|get|set|default|list|quiet|(set|get)-(kernel|config|message|user-var)|del-user-var|user-var|uuid|add-(type|desc|default|min|max|hidden)|(del|has)-option))/\n",
      "search_window_start": "-70m",
      "search_window_end": "-10m",
      "schedule": "1h",
      "author": "CrowdStrike",
      "sigma_author": "",
      "category": "",
      "license": "",
      "tactic": "TA0007",
      "technique": "T1082",
      "mitre_attack": [
       {
        "tactic_id": "TA0007",
        "technique_id": "T1082"
       }
      ],
      "vendor": "VMware",
      "vendors": [
       "VMware"
      ],
      "product": "",
      "tags": "",
      "active": true,
      "source_url": "",
      "license_details": {
       "name": "",
       "url": ""
      },
      "outcome": "detection",
      "created_timestamp": "2024-11-12T00:00:00Z",
      "modified_timestamp": "0001-01-01T00:00:00Z"
     },
     {
      "id": "33e55947-c6d5-4c4e-b568-47292cee192a",
      "name": "VMware - ESXi - ulimit LOLBIN Usage",
      "description": "Detection of the \"ulimit\" LOLBIN binary on ESXi servers.\n",
      "origin": "CrowdStrike",
      "severity": 30,
      "recommended": true,
      "query": "#repo=\"vmware_esxi\" #Vendor=\"vmware\" #event.module=\"esxi\"\n| #event.kind=\"event\" \n| array:contains(array=\"event.category[]\", value=\"process\") \n| process.command_line=/ulimit +-[abcdefiklmnpPqrRstTuvx]( +\\d+)?/\n",
      "search_window_start": "-70m",
      "search_window_end": "-10m",
      "schedule": "1h",
      "author": "CrowdStrike",
      "sigma_author": "",
      "category": "",
      "license": "",
      "tactic": "TA0007",
      "technique": "T1082",
      "mitre_attack": [
       {
        "tactic_id": "TA0007",
        "technique_id": "T1082"
       }
      ],
      "vendor": "VMware",
      "vendors": [
       "VMware"
      ],
      "product": "",
      "tags": "",
      "active": true,
      "source_url": "",
      "license_details": {
       "name": "",
       "url": ""
      },
      "outcome": "detection",
      "created_timestamp": "2024-11-12T00:00:00Z",
      "modified_timestamp": "0001-01-01T00:00:00Z"
     },
     {
      "id": "b194bd8f-90ae-49aa-bdb4-8d629ae67e9f",
      "name": "VMware - ESXi - vm-support LOLBIN Usage",
      "description": "Detection of the \"vm-support\" LOLBIN binary on ESXi servers.\n",
      "origin": "CrowdStrike",
      "severity": 30,
      "recommended": true,
      "query": "#repo=\"vmware_esxi\" #Vendor=\"vmware\" #event.module=\"esxi\"\n| #event.kind=\"event\" \n| array:contains(array=\"event.category[]\", value=\"process\") \n| process.command_line=/vm-support/\n",
      "search_window_start": "-70m",
      "search_window_end": "-10m",
      "schedule": "1h",
      "author": "CrowdStrike",
      "sigma_author": "",
      "category": "",
      "license": "",
      "tactic": "TA0007",
      "technique": "T1082",
      "mitre_attack": [
       {
        "tactic_id": "TA0007",
        "technique_id": "T1082"
       }
      ],
      "vendor": "VMware",
      "vendors": [
       "VMware"
      ],
      "product": "",
      "tags": "",
      "active": true,
      "source_url": "",
      "license_details": {
       "name": "",
       "url": ""
      },
      "outcome": "detection",
      "created_timestamp": "2024-11-12T00:00:00Z",
      "modified_timestamp": "0001-01-01T00:00:00Z"
     },
     {
      "id": "fbf163a6-3219-4b88-9cf6-acc65a7d4863",
      "name": "VMware - ESXi - vpxa LOLBIN Usage",
      "description": "Detection of the \"vpxa\" LOLBIN binary on ESXi servers.\n",
      "origin": "CrowdStrike",
      "severity": 50,
      "recommended": true,
      "query": "#repo=\"vmware_esxi\" #Vendor=\"vmware\" #event.module=\"esxi\"\n| #event.kind=\"event\" \n| array:contains(array=\"event.category[]\", value=\"process\") \n| process.command_line=/\\/etc\\/init.d\\/vpxa +(start|stop|restart)/\n",
      "search_window_start": "-70m",
      "search_window_end": "-10m",
      "schedule": "1h",
      "author": "CrowdStrike",
      "sigma_author": "",
      "category": "",
      "license": "",
      "tactic": "TA0007",
      "technique": "T1082",
      "mitre_attack": [
       {
        "tactic_id": "TA0007",
        "technique_id": "T1082"
       }
      ],
      "vendor": "VMware",
      "vendors": [
       "VMware"
      ],
      "product": "",
      "tags": "",
      "active": true,
      "source_url": "",
      "license_details": {
       "name": "",
       "url": ""
      },
      "outcome": "detection",
      "created_timestamp": "2024-11-12T00:00:00Z",
      "modified_timestamp": "0001-01-01T00:00:00Z"
     },
     {
      "id": "70395805-0f5f-4756-abd4-d90a74214179",
      "name": "VMware - ESXi - System Binary Rename",
      "description": "This rule detects potential advanced threats targeting VMware ESXi systems by monitoring successful file copy or move operations within the /usr/lib/vmware directory. The detection focuses on shell commands executed on ESXi hosts, specifically identifying instances where the 'cp' or 'mv' commands are used to manipulate files in critical system locations. This behavior could indicate an attacker attempting to evade detection by renaming system utilities to conduct their attack.\n",
      "origin": "CrowdStrike",
      "severity": 50,
      "recommended": true,
      "query": "#repo=\"vmware_esxi\" #event.dataset=\"esxi.shell\"\n| #event.kind=\"event\" #event.outcome=\"success\" \n| process.command_line=/(^|\\s|\\/bin\\/)(cp|mv)\\s/ process.command_line=/(^|\\s)(cp|mv)\\s/\n",
      "search_window_start": "-70m",
      "search_window_end": "-10m",
      "schedule": "1h",
      "author": "CrowdStrike",
      "sigma_author": "",
      "category": "",
      "license": "",
      "tactic": "TA0005",
      "technique": "T1036.003",
      "mitre_attack": [
       {
        "tactic_id": "TA0005",
        "technique_id": "T1036.003"
       }
      ],
      "vendor": "VMware",
      "vendors": [
       "VMware"
      ],
      "product": "",
      "tags": "",
      "active": true,
      "source_url": "",
      "license_details": {
       "name": "",
       "url": ""
      },
      "outcome": "detection",
      "created_timestamp": "2025-01-16T00:00:00Z",
      "modified_timestamp": "0001-01-01T00:00:00Z"
     },
     {
      "id": "efa306b9-37aa-4626-9b90-13fab94e9e63",
      "name": "VMware - ESXi - wget LOLBIN Usage",
      "description": "This rule detects attempts to use the wget command on VMware ESXi systems to download files from HTTP or FTP sources. The detection logic focuses on identifying shell commands that use wget in combination with HTTP or FTP protocols, which could indicate unauthorized file transfers or potential malware downloads. This behavior may be associated with adversaries attempting to introduce malicious software or exfiltrate data from ESXi hosts.\n",
      "origin": "CrowdStrike",
      "severity": 70,
      "recommended": true,
      "query": "#Vendor=\"vmware\" #event.module=\"esxi\"  #event.kind=\"event\" #event.dataset=\"esxi.shell\" #repo!=\"xdr_*\"\n| process.command_line=/wget/ process.command_line=/http|ftp/i   \n",
      "search_window_start": "-70m",
      "search_window_end": "-10m",
      "schedule": "1h",
      "author": "CrowdStrike",
      "sigma_author": "",
      "category": "",
      "license": "",
      "tactic": "TA0011",
      "technique": "T1105",
      "mitre_attack": [
       {
        "tactic_id": "TA0011",
        "technique_id": "T1105"
       }
      ],
      "vendor": "VMware",
      "vendors": [
       "VMware"
      ],
      "product": "",
      "tags": "",
      "active": true,
      "source_url": "",
      "license_details": {
       "name": "",
       "url": ""
      },
      "outcome": "detection",
      "created_timestamp": "2025-01-21T00:00:00Z",
      "modified_timestamp": "0001-01-01T00:00:00Z"
     },
     {
      "id": "09ccc541-f1aa-49fe-9fa2-bb5557db194b",
      "name": "VMware - ESXi - SSH Access Firewall Configuration Changed",
      "description": "This rule detects ESXi firewall configuration changes associated with the SSH server. This could indicate suspicious activity from an adversary with administrator access to a vCenter Server or ESXi host, changing firewall settings to enable direct SSH access to ESXi hosts from an attacker-controlled system.\nThis rule can be easily adapted to monitor for any ESXi firewall configuration changes.\n",
      "origin": "CrowdStrike",
      "severity": 70,
      "recommended": true,
      "query": "#Vendor=\"vmware\" #event.module=\"esxi\" #event.dataset=\"esxi.vobd\" #repo!=\"xdr_*\"\n| event.action=\"esx.audit.net.firewall.config.changed\"\n| message=\"Firewall configuration has changed*\"\n// Comment out following line for monitoring all firewall configuration changes.\n| message=\"*sshServer*\"\n",
      "search_window_start": "-70m",
      "search_window_end": "-10m",
      "schedule": "1h",
      "author": "CrowdStrike",
      "sigma_author": "",
      "category": "",
      "license": "",
      "tactic": "TA0005",
      "technique": "T1562.004",
      "mitre_attack": [
       {
        "tactic_id": "TA0005",
        "technique_id": "T1562.004"
       }
      ],
      "vendor": "VMware",
      "vendors": [
       "VMware"
      ],
      "product": "",
      "tags": "",
      "active": true,
      "source_url": "",
      "license_details": {
       "name": "",
       "url": ""
      },
      "outcome": "detection",
      "created_timestamp": "2025-01-27T00:00:00Z",
      "modified_timestamp": "0001-01-01T00:00:00Z"
     },
     {
      "id": "6feb4a49-b442-4a0f-8ab2-2d2ee63e96d2",
      "name": "VMware - vCenter - Excessive UI Searches in Short Period",
      "description": "This rule detects potential reconnaissance activities on VMware vCenter systems through the quicksearch functionality. The detection logic focuses on identifying multiple distinct search queries from the same host or IP address, which could indicate automated scanning or enumeration attempts. This behavior may be associated with adversaries attempting to gather information about the virtual infrastructure or searching for specific targets.\n",
      "origin": "CrowdStrike",
      "severity": 50,
      "recommended": true,
      "query": "#Vendor=\"vmware\" #event.module=\"vcenter\" #event.dataset=\"vcenter.envoy-access\"\n| url.path=/quicksearch/\n| regex(field=url.path, regex=\"\u0026query=(?\u003csearch_term\u003e.+?)$\")\n| groupBy([host.name,client.ip], function=[collect([#Vendor,#type,event.category[0],search_term]),count(search_term,distinct=true,as=total_search_terms)])\n//Adjust threshold as needed\n| total_search_terms\u003e=5 \n",
      "search_window_start": "-70m",
      "search_window_end": "-10m",
      "schedule": "1h",
      "author": "CrowdStrike",
      "sigma_author": "",
      "category": "",
      "license": "",
      "tactic": "TA0007",
      "technique": "T1082",
      "mitre_attack": [
       {
        "tactic_id": "TA0007",
        "technique_id": "T1082"
       }
      ],
      "vendor": "VMware",
      "vendors": [
       "VMware"
      ],
      "product": "",
      "tags": "",
      "active": true,
      "source_url": "",
      "license_details": {
       "name": "",
       "url": ""
      },
      "outcome": "detection",
      "created_timestamp": "2025-01-21T00:00:00Z",
      "modified_timestamp": "0001-01-01T00:00:00Z"
     },
     {
      "id": "47565798-0726-4685-96dd-30b7171a8a16",
      "name": "VMware - vCenter - Potential JSP Web Shell",
      "description": "This rule detects potential web shell injection attempts targeting VMware vCenter servers through suspicious JSP file requests. It identifies GET requests to JSP files containing common system commands in the URL query parameters, which may indicate an adversary interacting with a web shell to execute unauthorized commands. The risks associated with web shells include remote code execution, privilege escalation, data theft, and full compromise of the vCenter infrastructure.\n",
      "origin": "CrowdStrike",
      "severity": 70,
      "recommended": true,
      "query": "#Vendor=\"vmware\" #event.module=\"vcenter\" #event.dataset=\"vcenter.envoy-access\"\n| http.request.method=\"GET\"\n| url.path=/\\.jsp/\n| parseUri(url.path)\n// Common Linux commands that might be issued by an adversary via web shell\n| url.path.query=/\\b(awk|base64|cat|chmod|chown|crontab|curl|echo|env|find|grep|history|id|ifconfig|ip|kill|ln|nc|netstat|nmap|nohup|pkexec|ps|scp|sed|set|ssh|su|sudo|tar|tcpdump|touch|uname|unset|wget|whoami|zip)\\b/\n| groupBy(field=[host.name, url.path.path, client.address], function=[collect([#Vendor,#type,event.category[0],url.path.query])]) \n",
      "search_window_start": "-70m",
      "search_window_end": "-10m",
      "schedule": "1h",
      "author": "CrowdStrike",
      "sigma_author": "",
      "category": "",
      "license": "",
      "tactic": "TA0003",
      "technique": "T1505.003",
      "mitre_attack": [
       {
        "tactic_id": "TA0003",
        "technique_id": "T1505.003"
       }
      ],
      "vendor": "VMware",
      "vendors": [
       "VMware"
      ],
      "product": "",
      "tags": "",
      "active": true,
      "source_url": "",
      "license_details": {
       "name": "",
       "url": ""
      },
      "outcome": "detection",
      "created_timestamp": "2025-01-29T00:00:00Z",
      "modified_timestamp": "0001-01-01T00:00:00Z"
     },
     {
      "id": "70d9df94-56ba-4e50-8ee0-644c768b4be4",
      "name": "VMware - vCenter - Root Password Change",
      "description": "This rule detects password changes for the root account on VMware vCenter systems. The detection logic focuses on identifying specific log messages indicating that the root password has been modified. This behavior may be associated with unauthorized access attempts, privilege escalation, or potential compromise of the vCenter environment.\n",
      "origin": "CrowdStrike",
      "severity": 50,
      "recommended": true,
      "query": "#Vendor=\"vmware\" #event.module=\"vcenter\" #event.dataset=\"vcenter.chpasswd\" #event.kind=\"event\"\n| Vendor.message=/password\\s+?changed\\s+?for\\s+?(root)/i\n",
      "search_window_start": "-70m",
      "search_window_end": "-10m",
      "schedule": "1h",
      "author": "CrowdStrike",
      "sigma_author": "",
      "category": "",
      "license": "",
      "tactic": "TA0003",
      "technique": "T1098",
      "mitre_attack": [
       {
        "tactic_id": "TA0003",
        "technique_id": "T1098"
       }
      ],
      "vendor": "VMware",
      "vendors": [
       "VMware"
      ],
      "product": "",
      "tags": "",
      "active": true,
      "source_url": "",
      "license_details": {
       "name": "",
       "url": ""
      },
      "outcome": "detection",
      "created_timestamp": "2025-01-21T00:00:00Z",
      "modified_timestamp": "0001-01-01T00:00:00Z"
     },
     {
      "id": "7b5e5705-12f4-4eaf-99a9-884cf9c51525",
      "name": "VMware - vCenter - Domain Controller Hijack",
      "description": "This rule detects potential malicious activities targeting domain controllers in VMware vCenter environments. The detection logic identifies a sequence of events where a domain controller VM is powered off, followed by the attachment of the disk to a different VM. This behavior could indicate an attempt to access or modify sensitive domain controller data by attaching its disk to another VM.\n",
      "origin": "CrowdStrike",
      "severity": 70,
      "recommended": true,
      "query": "#Vendor=\"vmware\" #event.module=\"vcenter\" \n| #event.kind=\"event\"\n| case {\n    #event.dataset=\"vcenter.vpxd\" Vendor.message=/vim\\.event\\.VmPoweredOffEvent/\n    // Add Domain Controller naming patterns below\n    | Vendor.vm_name=/dc/i\n    | original_vm_name := Vendor.vm_name\n    | attack_stage := \"vm_power_off\";\n    #event.dataset=\"vcenter.vpxd-main\" Vendor.message=/vim\\.vm\\.ConfigSpec/ Vendor.message=/Applying ConfigSpec/i Vendor.operation=\"add\" Vendor.fileName=/\\.vmdk/i\n    // Add Domain Controller naming patterns below\n    | Vendor.folder_name!=/dc/i\n    | regex(field=\"Vendor.fileName\", regex=\"ds:///vmfs/volumes/(?\u003cvolume_id\u003e.+?)/(?\u003coriginal_vm_name\u003e.+?)/(?\u003coriginal_vmdk_file_name\u003e.+?)\\\\.\", strict=false)\n    | suspicious_vm := Vendor.folder_name\n    | attack_stage := \"attach_disk\";\n}\n| groupBy([host.name, original_vm_name], function=collect([#Vendor,#event.module,event.category[0],attack_stage,suspicious_vm,Vendor.fileName]))\n| attack_stage=/vm_power_off/m attack_stage=/attach_disk/m\n| summary:=format(format=\"The VMDK file %s of potential Domain Controller (%s) was attached to VM (%s)\", field=[Vendor.fileName,original_vm_name,suspicious_vm])\n",
      "search_window_start": "-70m",
      "search_window_end": "-10m",
      "schedule": "1h",
      "author": "CrowdStrike",
      "sigma_author": "",
      "category": "",
      "license": "",
      "tactic": "TA0006",
      "technique": "T1003",
      "mitre_attack": [
       {
        "tactic_id": "TA0006",
        "technique_id": "T1003"
       }
      ],
      "vendor": "VMware",
      "vendors": [
       "VMware"
      ],
      "product": "",
      "tags": "",
      "active": true,
      "source_url": "",
      "license_details": {
       "name": "",
       "url": ""
      },
      "outcome": "detection",
      "created_timestamp": "2025-01-21T00:00:00Z",
      "modified_timestamp": "0001-01-01T00:00:00Z"
     },
     {
      "id": "e39f4c9e-b02f-4382-9fd2-51a7f9837c26",
      "name": "VMware - vCenter - Short Lived Account",
      "description": "This detection identifies potential malicious activity where a user account is created and subsequently deleted within a short period from VMware vCenter console. Threat actors may employ this technique to evade detection on a compromised system. By rapidly creating and deleting user accounts, attackers can attempt to conceal their unauthorized access and malicious activities, making it challenging for security teams to track and respond to the threat effectively.\n",
      "origin": "CrowdStrike",
      "severity": 50,
      "recommended": true,
      "query": "#Vendor=\"vmware\" #event.module=\"vcenter\" #event.dataset=\"vcenter.vpxd\"\n| #event.kind=\"event\"\n| case {\n    //Account created\n    Vendor.desc=/^Principal Management event.*Creating.*\\buser\\b/\n    |regex(field=Vendor.desc, regex=\"user \\\\'(?\u003c_TargetAccount\u003e.+?)\\\\'\");\n    //Account deleted\n    Vendor.desc=/^Principal Management event.*Deleting principal/\n    |regex(field=Vendor.desc, regex=\"principal \\\\'(?\u003c_TargetAccount\u003e.+?)\\\\'\");\n}\n| selfJoinFilter(field=[_TargetAccount], where=[{Vendor.desc=/Creating/ Vendor.desc=/\\buser\\b/},{Vendor.desc=/Deleting principal/}])\n",
      "search_window_start": "-70m",
      "search_window_end": "-10m",
      "schedule": "1h",
      "author": "CrowdStrike",
      "sigma_author": "",
      "category": "",
      "license": "",
      "tactic": "TA0003",
      "technique": "T1136.001",
      "mitre_attack": [
       {
        "tactic_id": "TA0003",
        "technique_id": "T1136.001"
       }
      ],
      "vendor": "VMware",
      "vendors": [
       "VMware"
      ],
      "product": "",
      "tags": "",
      "active": true,
      "source_url": "",
      "license_details": {
       "name": "",
       "url": ""
      },
      "outcome": "detection",
      "created_timestamp": "2025-03-18T00:00:00Z",
      "modified_timestamp": "0001-01-01T00:00:00Z"
     },
     {
      "id": "cda188a5-d93c-4c84-a58c-d709a437b755",
      "name": "VMware - ESXi - Shell Login via SSH",
      "description": "Identifies an ESXi shell started via SSH authentication. Considering the importance an ESXi environment it has to business operations, VMware imposes several constraints in order to protect an ESXi host against an intrusion or misuse. One of these constraints is the ESXi SSH interface being disabled by default. The recommendation is to have SSH access disabled unless required for troubleshooting or support activities. A common behavior seen with threat actors targeting ESXi infrastructure is starting the SSH service once they obtained privileged access to a hypervisor so that they can get an ESXi shell via SSH and run malicious code.\n",
      "origin": "CrowdStrike",
      "severity": 70,
      "recommended": true,
      "query": "| #repo=\"vmware_esxi\" #Vendor=\"vmware\" #event.module=\"esxi\" \n| #event.kind=\"event\" | array:contains(\"event.category[]\", value=\"session\") | array:contains(\"event.type[]\", value=\"start\") \n| #event.outcome=\"success\"\n| log.syslog.appname=\"sshd\"\n",
      "search_window_start": "-70m",
      "search_window_end": "-10m",
      "schedule": "1h",
      "author": "CrowdStrike",
      "sigma_author": "",
      "category": "",
      "license": "",
      "tactic": "TA0008",
      "technique": "T1021.004",
      "mitre_attack": [
       {
        "tactic_id": "TA0008",
        "technique_id": "T1021.004"
       }
      ],
      "vendor": "VMware",
      "vendors": [
       "VMware"
      ],
      "product": "",
      "tags": "",
      "active": true,
      "source_url": "",
      "license_details": {
       "name": "",
       "url": ""
      },
      "outcome": "detection",
      "created_timestamp": "2023-10-16T00:00:00Z",
      "modified_timestamp": "0001-01-01T00:00:00Z"
     },
     {
      "id": "1b356181-a9a6-4065-931c-e7240a188307",
      "name": "VMware - ESXi - Guest VM Enumeration via 'vim-cmd' Command Line Tool",
      "description": "Identifies guest VM enumeration activity on an ESXi hypervisor, carried in an interactive ESXi shell via 'vim-cmd' command line tool. This can signal suspicious behavior, part of the early stages of a ransomware attack targeting ESXi infrastructure, when the threat actor is enumerating and shuting down VMs before encryption.\n",
      "origin": "CrowdStrike",
      "severity": 30,
      "recommended": true,
      "query": "| #repo=\"vmware_esxi\" #Vendor=\"vmware\" #event.module=\"esxi\" \n| #event.kind=\"event\" | array:contains(\"event.category[]\", value=\"process\") | array:contains(\"event.type[]\", value=\"start\")\n| process.command_line=/vim-cmd\\s+vmsvc\\/getallvms/\n",
      "search_window_start": "-70m",
      "search_window_end": "-10m",
      "schedule": "1h",
      "author": "CrowdStrike",
      "sigma_author": "",
      "category": "",
      "license": "",
      "tactic": "TA0007",
      "technique": "T1580",
      "mitre_attack": [
       {
        "tactic_id": "TA0007",
        "technique_id": "T1580"
       }
      ],
      "vendor": "VMware",
      "vendors": [
       "VMware"
      ],
      "product": "",
      "tags": "",
      "active": true,
      "source_url": "",
      "license_details": {
       "name": "",
       "url": ""
      },
      "outcome": "detection",
      "created_timestamp": "2023-10-16T00:00:00Z",
      "modified_timestamp": "0001-01-01T00:00:00Z"
     },
     {
      "id": "ccceea44-8b6f-4eb9-8871-d0069842c0bd",
      "name": "VMware - ESXi - SSH Access Enabled",
      "description": "The SSH interface has been enabled on an ESXi hypervisor. This can be suspicious behavior considering that the SSH interface is disabled by default in order to protect an ESXi host against an intrusion or misuse. The recommendation is to have SSH access disabled unless required for troubleshooting or support activities.\n",
      "origin": "CrowdStrike",
      "severity": 70,
      "recommended": true,
      "query": "| #repo=\"vmware_esxi\" #Vendor=\"vmware\" #event.module=\"esxi\" \n| #event.kind=\"event\" | array:contains(\"event.category[]\", value=\"configuration\") | array:contains(\"event.type[]\", value=\"change\")\n| log.syslog.appname=\"SSH\"\n| message=/login enabled/i\n",
      "search_window_start": "-70m",
      "search_window_end": "-10m",
      "schedule": "1h",
      "author": "CrowdStrike",
      "sigma_author": "",
      "category": "",
      "license": "",
      "tactic": "TA0008",
      "technique": "T1021.004",
      "mitre_attack": [
       {
        "tactic_id": "TA0008",
        "technique_id": "T1021.004"
       }
      ],
      "vendor": "VMware",
      "vendors": [
       "VMware"
      ],
      "product": "",
      "tags": "",
      "active": true,
      "source_url": "",
      "license_details": {
       "name": "",
       "url": ""
      },
      "outcome": "detection",
      "created_timestamp": "2023-10-23T00:00:00Z",
      "modified_timestamp": "0001-01-01T00:00:00Z"
     }
    ]
   }