{
    "meta": {
     "query_time": 0.030935435,
     "powered_by": "svc-cscrrulestemplates",
     "trace_id": "3f1cc2cdc4a78e8ccddcf93df1f17da7"
    },
    "errors": [],
    "resources": [
     {
      "id": "23d7d2a3-a7ce-40ea-acee-0c16caa74179",
      "name": "VMware - ESXi - Guest VM Shutdown via 'vim-cmd' Command Line Tool",
      "description": "Identifies guest VM being shutdown on an ESXi hypervisor from an interactive ESXi shell via 'vim-cmd' command line tool. This behavior can be encountered in the preparation phase of a ransomware attack targeting ESXi infrastructure, when the threat actor needs to first shutdown the VMs before encryption.\n",
      "origin": "CrowdStrike",
      "severity": 70,
      "recommended": true,
      "query": "| #repo=\"vmware_esxi\" #Vendor=\"vmware\" #event.module=\"esxi\" \n| #event.kind=\"event\" | array:contains(\"event.category[]\", value=\"process\") | array:contains(\"event.type[]\", value=\"start\")\n| process.command_line=/vim-cmd\\s+vmsvc\\/power\\.(off|shutdown)/\n",
      "search_window_start": "-70m",
      "search_window_end": "-10m",
      "schedule": "1h",
      "author": "CrowdStrike",
      "sigma_author": "",
      "category": "",
      "license": "",
      "tactic": "TA0040",
      "technique": "T1529",
      "mitre_attack": [
       {
        "tactic_id": "TA0040",
        "technique_id": "T1529"
       }
      ],
      "vendor": "VMware",
      "vendors": [
       "VMware"
      ],
      "product": "",
      "tags": "",
      "active": true,
      "source_url": "",
      "license_details": {
       "name": "",
       "url": ""
      },
      "outcome": "detection",
      "created_timestamp": "2023-10-19T00:00:00Z",
      "modified_timestamp": "0001-01-01T00:00:00Z"
     },
     {
      "id": "315cd3ef-4533-4720-bf7f-3c05f2999160",
      "name": "VMware - ESXi - Forced Installation of a VMware VIB",
      "description": "Identifies a forced installation of a VMware VIB (vSphere Installation Bundle) package, behavior which can be generated by a threat actor attempting to deploy custom binaries on ESXi hypervisors by installing a malicious unsigned VIB.\n",
      "origin": "CrowdStrike",
      "severity": 70,
      "recommended": true,
      "query": "| #repo=\"vmware_esxi\" #Vendor=\"vmware\" #event.module=\"esxi\" #event.kind=\"event\"\n| log.syslog.appname=\"esxupdate\"\n| message=/\\'viburl\\':.*\\.vib.*\\'force\\': True/i\n",
      "search_window_start": "-70m",
      "search_window_end": "-10m",
      "schedule": "1h",
      "author": "CrowdStrike",
      "sigma_author": "",
      "category": "",
      "license": "",
      "tactic": "TA0003",
      "technique": "T1543",
      "mitre_attack": [
       {
        "tactic_id": "TA0003",
        "technique_id": "T1543"
       }
      ],
      "vendor": "VMware",
      "vendors": [
       "VMware"
      ],
      "product": "",
      "tags": "",
      "active": true,
      "source_url": "",
      "license_details": {
       "name": "",
       "url": ""
      },
      "outcome": "detection",
      "created_timestamp": "2023-11-10T00:00:00Z",
      "modified_timestamp": "0001-01-01T00:00:00Z"
     },
     {
      "id": "36b8ff95-c8a5-4fb7-a1e0-f9b62976440b",
      "name": "VMware - ESXi - vCenter Remote Management Service Disabled via Shell Command",
      "description": "Identifies an attempt to disable ESXi's vCenter remote management service (vpxa) from an interactive ESXi shell via a shell command. This could be suspicious activity and a signal of an unfolding ransomware attack where the threat actor with privileged access to the ESXi host is disabling vCenter remote management in order to hinder recovery efforts.\n",
      "origin": "CrowdStrike",
      "severity": 70,
      "recommended": true,
      "query": "| #repo=\"vmware_esxi\" #Vendor=\"vmware\" #event.module=\"esxi\" \n| #event.kind=\"event\" | array:contains(\"event.category[]\", value=\"process\") | array:contains(\"event.type[]\", value=\"start\")\n| process.command_line=/\\/etc\\/init\\.d\\/vpxa\\s+stop/\n",
      "search_window_start": "-70m",
      "search_window_end": "-10m",
      "schedule": "1h",
      "author": "CrowdStrike",
      "sigma_author": "",
      "category": "",
      "license": "",
      "tactic": "TA0040",
      "technique": "T1489",
      "mitre_attack": [
       {
        "tactic_id": "TA0040",
        "technique_id": "T1489"
       }
      ],
      "vendor": "VMware",
      "vendors": [
       "VMware"
      ],
      "product": "",
      "tags": "",
      "active": true,
      "source_url": "",
      "license_details": {
       "name": "",
       "url": ""
      },
      "outcome": "detection",
      "created_timestamp": "2024-02-28T00:00:00Z",
      "modified_timestamp": "0001-01-01T00:00:00Z"
     },
     {
      "id": "66a8b3c5-7e9f-4ac4-bd6d-4a4b6dfda387",
      "name": "VMware - ESXi - Attempt to Change ESXi Host Acceptance Level to CommunitySupported via esxcli Command Line Tool",
      "description": "Identifies an attempt at changing the ESXi host acceptance level to CommunitySupported from an interactive ESXi shell via a built-in command line tool. This could be a signal of attacker activity trying to change the host acceptance level to CommunitySupported in order to be able to install a malicious unsigned VMware VIB (vSphere Installation Bundle).\n",
      "origin": "CrowdStrike",
      "severity": 70,
      "recommended": true,
      "query": "#repo=\"vmware_esxi\" #Vendor=\"vmware\" #event.module=\"esxi\" \n| #event.kind=\"event\" | array:contains(\"event.category[]\", value=\"process\") \n| array:contains(\"event.type[]\", value=\"start\")\n| process.command_line=/esxcli\\s+software\\s+acceptance\\s+set\\s+.*CommunitySupported/i\n",
      "search_window_start": "-70m",
      "search_window_end": "-10m",
      "schedule": "1h",
      "author": "CrowdStrike",
      "sigma_author": "",
      "category": "",
      "license": "",
      "tactic": "TA0005",
      "technique": "T1562",
      "mitre_attack": [
       {
        "tactic_id": "TA0005",
        "technique_id": "T1562"
       }
      ],
      "vendor": "VMware",
      "vendors": [
       "VMware"
      ],
      "product": "",
      "tags": "",
      "active": true,
      "source_url": "",
      "license_details": {
       "name": "",
       "url": ""
      },
      "outcome": "detection",
      "created_timestamp": "2023-11-10T00:00:00Z",
      "modified_timestamp": "2024-10-01T00:00:00Z"
     },
     {
      "id": "4605e083-d57d-411a-b687-d657ca78955f",
      "name": "VMware - ESXi - Firewall Disabled via esxcli Command Line Tool",
      "description": "The ESXi host firewall has been disabled from an interactive ESXi shell via a built-in command line tool. An attacker may choose to disable the ESXi firewall in order to enable direct SSH access to the ESXi host from an attacker controlled box.\n",
      "origin": "CrowdStrike",
      "severity": 50,
      "recommended": true,
      "query": "#repo=\"vmware_esxi\" #Vendor=\"vmware\" #event.module=\"esxi\" \n| #event.kind=\"event\" | array:contains(\"event.category[]\", value=\"process\") \n| array:contains(\"event.type[]\", value=\"start\")\n| process.command_line=/esxcli\\s+network\\s+firewall\\s+set\\s+(?:--enabled|-e)\\s+f(alse)?/i\n",
      "search_window_start": "-70m",
      "search_window_end": "-10m",
      "schedule": "1h",
      "author": "CrowdStrike",
      "sigma_author": "",
      "category": "",
      "license": "",
      "tactic": "TA0005",
      "technique": "T1562.004",
      "mitre_attack": [
       {
        "tactic_id": "TA0005",
        "technique_id": "T1562.004"
       }
      ],
      "vendor": "VMware",
      "vendors": [
       "VMware"
      ],
      "product": "",
      "tags": "",
      "active": true,
      "source_url": "",
      "license_details": {
       "name": "",
       "url": ""
      },
      "outcome": "detection",
      "created_timestamp": "2024-02-12T00:00:00Z",
      "modified_timestamp": "2024-10-01T00:00:00Z"
     },
     {
      "id": "2b727e4c-aeaa-48f6-9612-064dc23e8591",
      "name": "VMware - ESXi - vCenter Remote Service Disabled",
      "description": "Identifies successful attempts to disable ESXi's vCenter remote management service (vpxa). This could be suspicious activity and a signal of an unfolding ransomware attack where the threat actor with privileged access to the ESXi host is disabling vCenter remote management in order to hinder recovery efforts.\n",
      "origin": "CrowdStrike",
      "severity": 70,
      "recommended": true,
      "query": "#repo=\"vmware_esxi\" #Vendor=\"vmware\" #event.module=\"esxi\" \n| #event.dataset=\"esxi.watchdog-vpxa\"\n| message=/exiting the watchdog/\n",
      "search_window_start": "-70m",
      "search_window_end": "-10m",
      "schedule": "1h",
      "author": "CrowdStrike",
      "sigma_author": "",
      "category": "",
      "license": "",
      "tactic": "TA0040",
      "technique": "T1489",
      "mitre_attack": [
       {
        "tactic_id": "TA0040",
        "technique_id": "T1489"
       }
      ],
      "vendor": "VMware",
      "vendors": [
       "VMware"
      ],
      "product": "",
      "tags": "",
      "active": true,
      "source_url": "",
      "license_details": {
       "name": "",
       "url": ""
      },
      "outcome": "detection",
      "created_timestamp": "2024-10-04T00:00:00Z",
      "modified_timestamp": "0001-01-01T00:00:00Z"
     },
     {
      "id": "97843745-ff51-4995-86b9-5676797f8437",
      "name": "VMware - ESXi - Guest VM Files Discovery via 'grep' Shell Command",
      "description": "Identifies ESXi file discovery activity carried in an interactive ESXi shell via 'grep' built-in shell command. This potentially suspicious activity can be seen in the preparation phase of a ransomware attack targeting ESXi infrastructure.\n",
      "origin": "CrowdStrike",
      "severity": 30,
      "recommended": true,
      "query": "#repo=\"vmware_esxi\" #Vendor=\"vmware\" #event.module=\"esxi\" \n| #event.kind=\"event\" | array:contains(\"event.category[]\", value=\"process\") \n| array:contains(\"event.type[]\", value=\"start\")\n| process.command_line=/grep\\s+/\n| process.command_line=/(?:vmdk|vmx|vmxf|vmsd|vmsn|vswp|vmss|nvram|vmem)/i\n",
      "search_window_start": "-70m",
      "search_window_end": "-10m",
      "schedule": "1h",
      "author": "CrowdStrike",
      "sigma_author": "",
      "category": "",
      "license": "",
      "tactic": "TA0007",
      "technique": "T1083",
      "mitre_attack": [
       {
        "tactic_id": "TA0007",
        "technique_id": "T1083"
       }
      ],
      "vendor": "VMware",
      "vendors": [
       "VMware"
      ],
      "product": "",
      "tags": "",
      "active": true,
      "source_url": "",
      "license_details": {
       "name": "",
       "url": ""
      },
      "outcome": "detection",
      "created_timestamp": "2023-10-23T00:00:00Z",
      "modified_timestamp": "2024-10-01T00:00:00Z"
     },
     {
      "id": "f1fe66ff-adb0-49e7-be1b-84898a2678db",
      "name": "VMware - ESXi - Attempt to Force Install a VMware VIB Package via esxcli Command Line Tool",
      "description": "Identifies an attempt to force install a VMware VIB (vSphere Installation Bundle) package from an interactive ESXi shell via a built-in command line tool, behavior which can be generated by an attacker attempting to achieve persistence on ESXi hypervisors by installing a malicious unsigned VIB.\n",
      "origin": "CrowdStrike",
      "severity": 70,
      "recommended": true,
      "query": "#repo=\"vmware_esxi\" #Vendor=\"vmware\" #event.module=\"esxi\" \n| #event.kind=\"event\" \n| array:contains(\"event.category[]\", value=\"process\") \n| array:contains(\"event.type[]\", value=\"start\")\n| process.command_line=/esxcli\\s+software\\s+vib\\s+install\\s+.*(?:--force|-f)/i\n",
      "search_window_start": "-70m",
      "search_window_end": "-10m",
      "schedule": "1h",
      "author": "CrowdStrike",
      "sigma_author": "",
      "category": "",
      "license": "",
      "tactic": "TA0003",
      "technique": "T1543",
      "mitre_attack": [
       {
        "tactic_id": "TA0003",
        "technique_id": "T1543"
       }
      ],
      "vendor": "VMware",
      "vendors": [
       "VMware"
      ],
      "product": "",
      "tags": "",
      "active": true,
      "source_url": "",
      "license_details": {
       "name": "",
       "url": ""
      },
      "outcome": "detection",
      "created_timestamp": "2023-11-08T00:00:00Z",
      "modified_timestamp": "2024-10-01T00:00:00Z"
     },
     {
      "id": "6a1e5016-01fa-4162-b139-7d9181f51776",
      "name": "VMware - ESXi - Guest VM Encryption via OpenSSL Command Line Tool",
      "description": "Identifies the usage of the OpenSSL command from an interactive ESXi shell to encrypt guest VMs on an ESXi hypervisor. This could be the last stage of a ransomware attack encrypting the guest VMs on the ESXi host using a built-in ESXi shell command line tool.\n",
      "origin": "CrowdStrike",
      "severity": 90,
      "recommended": true,
      "query": "#repo=\"vmware_esxi\" #event.kind=\"event\" #Vendor=\"vmware\" #event.module=\"esxi\" \n| array:contains(\"event.category[]\", value=\"process\") \n| array:contains(\"event.type[]\", value=\"start\")\n| process.command_line=/openssl/\n| process.command_line=/\\s+enc\\s+/\n| process.command_line=/\\s+\\-in\\s+/\n",
      "search_window_start": "-70m",
      "search_window_end": "-10m",
      "schedule": "1h",
      "author": "CrowdStrike",
      "sigma_author": "",
      "category": "",
      "license": "",
      "tactic": "TA0008",
      "technique": "T1021.004",
      "mitre_attack": [
       {
        "tactic_id": "TA0008",
        "technique_id": "T1021.004"
       }
      ],
      "vendor": "VMware",
      "vendors": [
       "VMware"
      ],
      "product": "",
      "tags": "",
      "active": true,
      "source_url": "",
      "license_details": {
       "name": "",
       "url": ""
      },
      "outcome": "detection",
      "created_timestamp": "2023-10-19T00:00:00Z",
      "modified_timestamp": "2024-10-01T00:00:00Z"
     },
     {
      "id": "ff523443-242a-48f0-aec5-64aa0c9a68a6",
      "name": "VMware - ESXi - Guest VM Shutdown via 'esxcli' Command Line Tool",
      "description": "Identifies guest VM being shutdown on an ESXi hypervisor from an interactive ESXi shell via 'esxcli' command line tool. This behavior can be encountered in the preparation phase of a ransomware attack targeting ESXi infrastructure, when the threat actor needs to first shutdown the VMs before encryption.\n",
      "origin": "CrowdStrike",
      "severity": 70,
      "recommended": true,
      "query": "#repo=\"vmware_esxi\" #Vendor=\"vmware\" #event.module=\"esxi\" \n| #event.kind=\"event\" | array:contains(\"event.category[]\", value=\"process\") \n| array:contains(\"event.type[]\", value=\"start\")\n| process.command_line=/esxcli\\s+vm\\s+process\\s+kill/i\n",
      "search_window_start": "-70m",
      "search_window_end": "-10m",
      "schedule": "1h",
      "author": "CrowdStrike",
      "sigma_author": "",
      "category": "",
      "license": "",
      "tactic": "TA0040",
      "technique": "T1529",
      "mitre_attack": [
       {
        "tactic_id": "TA0040",
        "technique_id": "T1529"
       }
      ],
      "vendor": "VMware",
      "vendors": [
       "VMware"
      ],
      "product": "",
      "tags": "",
      "active": true,
      "source_url": "",
      "license_details": {
       "name": "",
       "url": ""
      },
      "outcome": "detection",
      "created_timestamp": "2023-10-23T00:00:00Z",
      "modified_timestamp": "2024-10-01T00:00:00Z"
     },
     {
      "id": "5924821a-fc89-419b-9ab0-56d3462ddff9",
      "name": "VMware - ESXi - VIB Package Installed",
      "description": "Identifies instances of vSphere Installation Bundle (VIB) successfully installed on an ESXi server. This rule alerts when the action is done locally with tools like esxcli, or remotely with tools like PowerCLI. This change may be a sign of unauthorized access or malicious activity, warranting further investigation.\n",
      "origin": "CrowdStrike",
      "severity": 70,
      "recommended": true,
      "query": "#repo=\"vmware_esxi\" #Vendor=\"vmware\" #event.module=\"esxi\" \n| #event.dataset=\"esxi.hostd\"\n| message=/Task Completed/ message=/vib\\.install/i message=/success/\n",
      "search_window_start": "-70m",
      "search_window_end": "-10m",
      "schedule": "1h",
      "author": "CrowdStrike",
      "sigma_author": "",
      "category": "",
      "license": "",
      "tactic": "TA0003",
      "technique": "T1543",
      "mitre_attack": [
       {
        "tactic_id": "TA0003",
        "technique_id": "T1543"
       }
      ],
      "vendor": "VMware",
      "vendors": [
       "VMware"
      ],
      "product": "",
      "tags": "",
      "active": true,
      "source_url": "",
      "license_details": {
       "name": "",
       "url": ""
      },
      "outcome": "detection",
      "created_timestamp": "2024-10-04T00:00:00Z",
      "modified_timestamp": "0001-01-01T00:00:00Z"
     },
     {
      "id": "d0038361-d4ff-46cd-8a60-e744eef19c76",
      "name": "VMware - ESXi - \"Message of the Day\" Banner Changed via esxcli Command Line Tool",
      "description": "Identifies an attempt to change the VMware ESXi \"message of the day\" banner (/etc/motd) from an interactive ESXi shell via a built-in command line tool. This could be indicative of ransomware activity where the threat actor is modifying the hypervisor's \"message of the day\" banner with a ransom note.\n",
      "origin": "CrowdStrike",
      "severity": 70,
      "recommended": true,
      "query": "#repo=\"vmware_esxi\" #Vendor=\"vmware\" #event.module=\"esxi\" \n| #event.kind=\"event\" | array:contains(\"event.category[]\", value=\"process\") | array:contains(\"event.type[]\", value=\"start\")\n| process.command_line=/esxcli\\s+system\\s+welcomemsg\\s+set\\s+/i\n",
      "search_window_start": "-70m",
      "search_window_end": "-10m",
      "schedule": "1h",
      "author": "CrowdStrike",
      "sigma_author": "",
      "category": "",
      "license": "",
      "tactic": "TA0040",
      "technique": "T1491",
      "mitre_attack": [
       {
        "tactic_id": "TA0040",
        "technique_id": "T1491"
       }
      ],
      "vendor": "VMware",
      "vendors": [
       "VMware"
      ],
      "product": "",
      "tags": "",
      "active": true,
      "source_url": "",
      "license_details": {
       "name": "",
       "url": ""
      },
      "outcome": "detection",
      "created_timestamp": "2024-02-28T00:00:00Z",
      "modified_timestamp": "2024-10-01T00:00:00Z"
     },
     {
      "id": "69beb752-1be6-4ca6-84c5-bbcc2c995b34",
      "name": "VMware - ESXi - systemctl LOLBIN Usage",
      "description": "Detection of the \"systemctl\" LOLBIN binary on ESXi servers.\n",
      "origin": "CrowdStrike",
      "severity": 70,
      "recommended": true,
      "query": "#repo=\"vmware_esxi\" #Vendor=\"vmware\" #event.module=\"esxi\"\n| #event.kind=\"event\" \n| array:contains(array=\"event.category[]\", value=\"process\") \n| process.command_line=/systemctl +(start|stop|status|restart|reload|(try-)?reload-or-restart|isolate|kill|freeze|thaw|mask|unmask|daemon-reload|daemon-reexec|halt|poweroff|reboot|sleep|hibernate|hybrid-sleep|suspend-then-hibernate)/\n",
      "search_window_start": "-70m",
      "search_window_end": "-10m",
      "schedule": "1h",
      "author": "CrowdStrike",
      "sigma_author": "",
      "category": "",
      "license": "",
      "tactic": "TA0040",
      "technique": "T1489",
      "mitre_attack": [
       {
        "tactic_id": "TA0040",
        "technique_id": "T1489"
       }
      ],
      "vendor": "VMware",
      "vendors": [
       "VMware"
      ],
      "product": "",
      "tags": "",
      "active": true,
      "source_url": "",
      "license_details": {
       "name": "",
       "url": ""
      },
      "outcome": "detection",
      "created_timestamp": "2024-11-12T00:00:00Z",
      "modified_timestamp": "0001-01-01T00:00:00Z"
     },
     {
      "id": "4a7b8547-7f58-4207-b41d-55fe91951020",
      "name": "VMware - ESXi - New IP for SSH Login Detected",
      "description": "This rule detects when a new IP address is observed connecting via SSH to an ESXi host. Adversaries targeting ESXi infrastructure often enable the SSH service after gaining privileged access to a hypervisor. This allows them to obtain an ESXi shell via SSH and potentially execute malicious code. While new IP connections may be legitimate, they warrant investigation to ensure system security. This detection helps identifying potential unauthorized access, lateral movement, or the initial stages of an ESXi-focused attack.\n",
      "origin": "CrowdStrike",
      "severity": 50,
      "recommended": true,
      "query": "// The subquery within defineTable() performs a 30-day historical search to create a lookup table of known ESXi hostnames and their associated source IP addresses that have successfully initiated SSH sessions. This table is used as a baseline to identify new, potentially suspicious SSH connections.\ndefineTable(\n    query={\n        #Vendor=\"vmware\" #event.module=\"esxi\" #event.dataset=\"esxi.sshd\" #repo!=\"xdr_*\"\n        | #event.kind=\"event\" #event.outcome=\"success\"\n        | array:contains(\"event.category[]\", value=\"session\") \n        | array:contains(\"event.type[]\", value=\"start\")\n        | groupBy([host.name, source.ip])\n    },\n    start=30d,\n    end=1h,\n    include=[*],\n    name=\"esxi_ssh_ip_baseline\"\n)\n// Primary query\n| #Vendor=\"vmware\" #event.module=\"esxi\" #event.dataset=\"esxi.sshd\" #repo!=\"xdr_*\"\n| #event.kind=\"event\" #event.outcome=\"success\"\n| array:contains(\"event.category[]\", value=\"session\") \n| array:contains(\"event.type[]\", value=\"start\")\n// Trigger alert for successful SSH logins to ESXi hosts from source IPs not present in the historical baseline\n| NOT match(file=\"esxi_ssh_ip_baseline\", field=[host.name, source.ip])\n| groupBy([host.name, source.ip, user.name])\n",
      "search_window_start": "-70m",
      "search_window_end": "-10m",
      "schedule": "1h",
      "author": "CrowdStrike",
      "sigma_author": "",
      "category": "",
      "license": "",
      "tactic": "TA0008",
      "technique": "T1021.004",
      "mitre_attack": [
       {
        "tactic_id": "TA0008",
        "technique_id": "T1021.004"
       }
      ],
      "vendor": "VMware",
      "vendors": [
       "VMware"
      ],
      "product": "",
      "tags": "",
      "active": true,
      "source_url": "",
      "license_details": {
       "name": "",
       "url": ""
      },
      "outcome": "detection",
      "created_timestamp": "2025-01-23T00:00:00Z",
      "modified_timestamp": "0001-01-01T00:00:00Z"
     },
     {
      "id": "23ef80ae-15e7-429e-8ed6-68cfb44ffa15",
      "name": "VMware - ESXi - Teleport Usage",
      "description": "This rule detects attempts to use the Teleport (tsh) command-line client for SSH access on VMware ESXi systems. The detection logic focuses on identifying shell commands that use tsh in combination with login or ssh operations, which could indicate unauthorized access attempts or potential lateral movement activities. This behavior may be associated with adversaries trying to gain remote access to ESXi hosts using alternative SSH clients.\n",
      "origin": "CrowdStrike",
      "severity": 50,
      "recommended": true,
      "query": "#Vendor=\"vmware\" #event.module=\"esxi\" #event.kind=\"event\" #event.dataset=\"esxi.shell\" #repo!=\"xdr_*\"\n| process.command_line=/tsh\\b/ process.command_line=/login|ssh/\n",
      "search_window_start": "-70m",
      "search_window_end": "-10m",
      "schedule": "1h",
      "author": "CrowdStrike",
      "sigma_author": "",
      "category": "",
      "license": "",
      "tactic": "TA0008",
      "technique": "T1021.004",
      "mitre_attack": [
       {
        "tactic_id": "TA0008",
        "technique_id": "T1021.004"
       }
      ],
      "vendor": "VMware",
      "vendors": [
       "VMware"
      ],
      "product": "",
      "tags": "",
      "active": true,
      "source_url": "",
      "license_details": {
       "name": "",
       "url": ""
      },
      "outcome": "detection",
      "created_timestamp": "2025-01-21T00:00:00Z",
      "modified_timestamp": "0001-01-01T00:00:00Z"
     },
     {
      "id": "413cb732-877f-4a7c-b241-d06dbba8f472",
      "name": "VMware - vCenter - Sensitive Resource Search",
      "description": "This rule detects potential targeted reconnaissance activities on VMware vCenter systems through the quicksearch functionality. The detection logic focuses on identifying search queries containing sensitive terms like \"domain\", \"controller\", \"dc\", or \"adfs\" from the same host or IP address. This behavior may indicate attempts to gather specific information about domain controllers or Active Directory Federation Services within the virtual infrastructure, which could be a precursor to more advanced attacks.\n",
      "origin": "CrowdStrike",
      "severity": 50,
      "recommended": true,
      "query": "#Vendor=\"vmware\" #event.module=\"vcenter\" #event.dataset=\"vcenter.envoy-access\" #event.kind=\"event\"\n| url.path=/quicksearch/\n| regex(field=url.path, regex=\"\u0026query=(?\u003csearch_term\u003e.+?)$\")\n//Add or remove sensitive resources patterns as needed \n| search_term=/domain|controller|dc|adfs/i\n| groupBy([host.name,client.ip], function=[collect([#Vendor,#type,event.category[0],search_term]),count(search_term,distinct=true,as=total_search_terms)])\n",
      "search_window_start": "-70m",
      "search_window_end": "-10m",
      "schedule": "1h",
      "author": "CrowdStrike",
      "sigma_author": "",
      "category": "",
      "license": "",
      "tactic": "TA0007",
      "technique": "T1082",
      "mitre_attack": [
       {
        "tactic_id": "TA0007",
        "technique_id": "T1082"
       }
      ],
      "vendor": "VMware",
      "vendors": [
       "VMware"
      ],
      "product": "",
      "tags": "",
      "active": true,
      "source_url": "",
      "license_details": {
       "name": "",
       "url": ""
      },
      "outcome": "detection",
      "created_timestamp": "2025-01-21T00:00:00Z",
      "modified_timestamp": "0001-01-01T00:00:00Z"
     },
     {
      "id": "705d26e6-b042-425a-8909-7da3111cdbc6",
      "name": "VMware - vCenter - Bash Shell Enabled",
      "description": "This rule detects the enabling of Bash shell on a vCenter appliance. In some versions of vCenter, Bash shell is disabled by default, and as a result, the root user is unable to ssh/sftp into the appliance. If this setting is changed unexpectedly, this could indicate a potential security concern that needs to be investigated.\n",
      "origin": "CrowdStrike",
      "severity": 70,
      "recommended": true,
      "query": "#Vendor=\"vmware\" #event.module=\"vcenter\" #event.dataset=\"vcenter.chsh\" \n| #event.kind=\"event\"\n| Vendor.message=/changed\\s+user\\s+(.+)\\s+shell\\s+to\\s+'\\/bin\\/bash'/ \n",
      "search_window_start": "-70m",
      "search_window_end": "-10m",
      "schedule": "1h",
      "author": "CrowdStrike",
      "sigma_author": "",
      "category": "",
      "license": "",
      "tactic": "TA0003",
      "technique": "T1505",
      "mitre_attack": [
       {
        "tactic_id": "TA0003",
        "technique_id": "T1505"
       }
      ],
      "vendor": "VMware",
      "vendors": [
       "VMware"
      ],
      "product": "",
      "tags": "",
      "active": true,
      "source_url": "",
      "license_details": {
       "name": "",
       "url": ""
      },
      "outcome": "detection",
      "created_timestamp": "2025-01-21T00:00:00Z",
      "modified_timestamp": "0001-01-01T00:00:00Z"
     },
     {
      "id": "ab190e39-4222-4288-921f-760389b60d12",
      "name": "VMware - vCenter - Virtual Machine Created with Recently Uploaded ISO",
      "description": "This rule detects potential creation and execution of rogue virtual machines using recently uploaded ISO files in VMware vCenter environments. It monitors for a sequence of events including ISO file uploads, VM creation, VM startup, and ISO attachment to the VM, which could indicate an attacker attempting to deploy malicious virtual machines. The risks associated with this activity include unauthorized access to the virtualized environment, potential data exfiltration, and the introduction of malware or backdoors that could compromise the entire vCenter infrastructure and its hosted virtual machines.\n",
      "origin": "CrowdStrike",
      "severity": 70,
      "recommended": true,
      "query": "#Vendor=\"vmware\" #event.module=\"vcenter\" (#event.dataset=\"vcenter.vpxd\" OR #event.dataset=\"vcenter.vpxd-main\")\n| #event.kind=\"event\"    \n// Select and categorize events based on the stage of the  attack\n| case {\n    #event.dataset=\"vcenter.vpxd\" Vendor.message=/File\\s+?upload\\s+?to\\s+?path/ Vendor.message=/completed\\s+?with\\s+?status\\s+?'True'/ Vendor.message=/\\.iso/i \n    | attack_stage := \"upload_iso\";        \n    #event.dataset=\"vcenter.vpxd\" Vendor.message=/vim\\.event\\.VmCreatedEvent/ \n    | attack_stage := \"create_vm\";\n    #event.dataset=\"vcenter.vpxd\" Vendor.message=/vim\\.event\\.VmStartingEvent/ \n    | attack_stage := \"start_vm\";\n    #event.dataset=\"vcenter.vpxd-main\" Vendor.message=/vim\\.vm\\.ConfigSpec/ Vendor.fileName=/\\.iso/i Vendor.summary=/ISO/\n    | attack_stage := \"attach_iso\";\n}\n| splitString(field=Vendor.fileName, by=\"\\\\/\",index=-1, as=file_name)\n| vm_name := coalesce([Vendor.folder_name,Vendor.vm_name])\n| groupBy(field=[host.name,vm_name], function=collect([#Vendor,#event.module,event.category[0],attack_stage,file_name]))\n| case{\n    // Look for VMs that exhibit 3 stages\n    attack_stage=/create_vm/m attack_stage=/start_vm/m attack_stage=/attach_iso/m;\n    // All ISO uploads. Note: ISO uploads are not connected to the VM.\n    attack_stage=/upload_iso/m; \n} \n\n// Create individual events for each file name to assess the stages for each individual ISO file.\n| regex(field=file_name, regex=\"^(?\u003cfile_name\u003e.+?)(\\n|$)\", repeat=true)    \n// Remove folder name of where the ISO was stored.\n| case {\n    attack_stage=/upload_iso/m \n    | vm_name := \"\";\n    *\n}\n// Group events based on iso file name\n| groupBy([host.name,file_name], function=collect([#Vendor,#type,event.category[0],attack_stage,vm_name]))\n| replace(regex=\"\\\\n\",field=vm_name, replacement=\"\", as=vm_name)\n// Look for ISO files that are present in all four stages of the attack\n| attack_stage=/create_vm/mi attack_stage=/start_vm/mi attack_stage=/attach_iso/mi attack_stage=/upload_iso/mi\n| summary := format(format=\"A potential rogue VM (%s) was identified on vCenter Server (%s). It was created with recently uploaded ISO %s.\",field=[vm_name,host.name,file_name])\n",
      "search_window_start": "-70m",
      "search_window_end": "-10m",
      "schedule": "1h",
      "author": "CrowdStrike",
      "sigma_author": "",
      "category": "",
      "license": "",
      "tactic": "TA0005",
      "technique": "T1564.006",
      "mitre_attack": [
       {
        "tactic_id": "TA0005",
        "technique_id": "T1564.006"
       }
      ],
      "vendor": "VMware",
      "vendors": [
       "VMware"
      ],
      "product": "",
      "tags": "",
      "active": true,
      "source_url": "",
      "license_details": {
       "name": "",
       "url": ""
      },
      "outcome": "detection",
      "created_timestamp": "2025-01-16T00:00:00Z",
      "modified_timestamp": "0001-01-01T00:00:00Z"
     },
     {
      "id": "271b25db-1032-4fd0-9395-1c134268f755",
      "name": "VMware - ESXi - Rogue VM Creation",
      "description": "This rule detects potential unauthorized virtual machine (VM) creation and execution on VMware ESXi hosts. It monitors for a sequence of suspicious activities, including SSH access to the ESXi host, creation of VM directories, uploading of VM files via SFTP, and starting of potentially rogue VMs.\n",
      "origin": "CrowdStrike",
      "severity": 70,
      "recommended": true,
      "query": "#Vendor=\"vmware\" #event.module=\"esxi\" #repo!=\"xdr_*\"\n| case {\n    // Create VM Directory\n    #event.dataset=\"esxi.sftp-server\" message=/mkdir/\n    | attack_stage := \"create_directory\";\n    \n    // Add VM Files to Directory\n    #event.dataset=\"esxi.sftp-server\" message=/open/ message=/\\.(vmdk|vmx|nvram)/ message=/WRITE/\n    | attack_stage := \"upload_vm_files_via_sftp\";\n    \n    //SSH Into ESXi Host\n    #event.dataset=\"esxi.sshd\" message=/pam_unix/ message=/sshd:session/ message=/session\\s+?opened\\s+?for\\s+user/ \n    | attack_stage := \"ssh_into_esxi_host\";\n    \n    //Start the VM\n    #event.dataset=\"esxi.shell\" message=/vmx\\s+?-x/ \n    | attack_stage := \"start_rogue_vm\";   \n}\n| initiating_user := coalesce([user.name,ssh_user])\n| groupby(field=[host.name,Vendor.folder_name], function=[collect([#Vendor,#event.module,event.category[0],attack_stage,initiating_user,Vendor.vm_file_name_root]), min(@timestamp, as=first_seen), max(@timestamp, as=last_seen)])\n| case {\n    attack_stage=/create_directory/m attack_stage=/upload_vm_files_via_sftp/m attack_stage=/start_rogue_vm/m \n    | activity_cluster := \"vm_actions\";\n    attack_stage=/ssh_into_esxi_host/m \n    | activity_cluster := \"logon_actions\" ;\n}\n| groupBy([host.name,initiating_user], function=[collect([#Vendor,#event.module,event.category[0],activity_cluster,attack_stage,Vendor.folder_name,Vendor.vm_file_name_root]),min(first_seen, as=first_seen), max(last_seen, as=last_seen)])\n| activity_cluster=/logon_actions/m activity_cluster=/vm_actions/m\n",
      "search_window_start": "-70m",
      "search_window_end": "-10m",
      "schedule": "1h",
      "author": "CrowdStrike",
      "sigma_author": "",
      "category": "",
      "license": "",
      "tactic": "TA0005",
      "technique": "T1564.006",
      "mitre_attack": [
       {
        "tactic_id": "TA0005",
        "technique_id": "T1564.006"
       }
      ],
      "vendor": "VMware",
      "vendors": [
       "VMware"
      ],
      "product": "",
      "tags": "",
      "active": true,
      "source_url": "",
      "license_details": {
       "name": "",
       "url": ""
      },
      "outcome": "detection",
      "created_timestamp": "2025-01-22T00:00:00Z",
      "modified_timestamp": "0001-01-01T00:00:00Z"
     },
     {
      "id": "883abe0b-365a-4ae0-925e-764a1fbdf901",
      "name": "VMware - vCenter - Distributed Switch Attached and Removed from Virtual Machine",
      "description": "This rule detects potential unauthorized changes to virtual machine network configurations in VMware vCenter environments. It specifically monitors for the addition and subsequent removal of distributed switches within the configured timeframe, which could indicate an adversary attempting to manipulate network connectivity for malicious purposes. The risks associated with this activity include unauthorized access, data exfiltration, or lateral movement within the virtualized infrastructure.\n",
      "origin": "CrowdStrike",
      "severity": 70,
      "recommended": true,
      "query": "| #Vendor=vmware #event.module=vcenter #event.dataset=\"vcenter.vpxd-main\" \n| #event.kind=\"event\" \n| Vendor.operation=\"add\" OR Vendor.operation=\"remove\"\n| Vendor.message=/Applying ConfigSpec \\(vim.vm.ConfigSpec\\)/\n| case {\n    // Distributed Switch Added to a VM\n    Vendor.operation=\"add\" Vendor.summary=\"New Network\" Vendor.switchUuid=*;\n\n    // Distributed Switch removed from a VM\n    Vendor.operation=\"remove\" Vendor.summary=/^DVSwitch/\n    | regex(field=Vendor.summary, regex=\"DVSwitch:\\\\s(?\u003c_switch_uuid\u003e.+?)$\");\n}\n| _switch_uuid := coalesce([_switch_uuid,Vendor.switchUuid])\n| selfJoinFilter(field=[_switch_uuid], where=[{Vendor.operation=\"add\"},{Vendor.operation=\"remove\"}], prefilter=true)\n| groupBy([host.name,_switch_uuid,file.path], function=[collect([#Vendor,#event.module,\"event.category[0]\"])]) \n",
      "search_window_start": "-370m",
      "search_window_end": "-10m",
      "schedule": "6h",
      "author": "CrowdStrike",
      "sigma_author": "",
      "category": "",
      "license": "",
      "tactic": "TA0005",
      "technique": "T1599",
      "mitre_attack": [
       {
        "tactic_id": "TA0005",
        "technique_id": "T1599"
       }
      ],
      "vendor": "VMware",
      "vendors": [
       "VMware"
      ],
      "product": "",
      "tags": "",
      "active": true,
      "source_url": "",
      "license_details": {
       "name": "",
       "url": ""
      },
      "outcome": "detection",
      "created_timestamp": "2025-01-29T00:00:00Z",
      "modified_timestamp": "0001-01-01T00:00:00Z"
     },
     {
      "id": "146b09ca-efa4-442e-be7c-b6d29f4dc65c",
      "name": "VMware - vCenter - Local User Created",
      "description": "This rule detects when a regular user account is created to access the console of VMware vCenter. This event may be unusual and unexpected, especially in environments where vCenter is integrated with an Identity Provider (IdP). The creation of local user accounts can be used by adversaries to gain persistent access to the application, bypassing IdP-based authentication controls. This tactic can be employed to maintain a foothold in the environment, evade detection, and potentially serve as a pivot point for further lateral movement.\n",
      "origin": "CrowdStrike",
      "severity": 50,
      "recommended": true,
      "query": "#Vendor=\"vmware\" #event.module=\"vcenter\" #event.dataset=\"vcenter.vpxd\" \n| #event.kind=\"event\"\n| Vendor.desc=/^Principal Management event.*Creating.*\\buser\\b/\n|regex(field=Vendor.desc, regex=\"user \\\\'(?\u003c_TargetAccount\u003e.+?)\\\\'\")\n",
      "search_window_start": "-70m",
      "search_window_end": "-10m",
      "schedule": "1h",
      "author": "CrowdStrike",
      "sigma_author": "",
      "category": "",
      "license": "",
      "tactic": "TA0003",
      "technique": "T1136.001",
      "mitre_attack": [
       {
        "tactic_id": "TA0003",
        "technique_id": "T1136.001"
       }
      ],
      "vendor": "VMware",
      "vendors": [
       "VMware"
      ],
      "product": "",
      "tags": "",
      "active": true,
      "source_url": "",
      "license_details": {
       "name": "",
       "url": ""
      },
      "outcome": "detection",
      "created_timestamp": "2025-03-31T00:00:00Z",
      "modified_timestamp": "0001-01-01T00:00:00Z"
     },
     {
      "id": "f33eec4c-9e97-466d-9826-c2531ce10aae",
      "name": "VMware - ESXi - Failed Shell Login via SSH",
      "description": "Identifies a failed ESXi Shell login via SSH. This could be suspicious activity especially if this alert is seen triggering many times within a short time frame which could be evidence of a brute-force attack.\n",
      "origin": "CrowdStrike",
      "severity": 50,
      "recommended": true,
      "query": "| #repo=\"vmware_esxi\" #Vendor=\"vmware\" #event.module=\"esxi\" \n| #event.kind=\"event\" | array:contains(\"event.category[]\", value=\"authentication\") \n| #event.outcome=\"failure\"\n| log.syslog.appname=\"sshd\"\n",
      "search_window_start": "-70m",
      "search_window_end": "-10m",
      "schedule": "1h",
      "author": "CrowdStrike",
      "sigma_author": "",
      "category": "",
      "license": "",
      "tactic": "TA0006",
      "technique": "T1110",
      "mitre_attack": [
       {
        "tactic_id": "TA0006",
        "technique_id": "T1110"
       }
      ],
      "vendor": "VMware",
      "vendors": [
       "VMware"
      ],
      "product": "",
      "tags": "",
      "active": true,
      "source_url": "",
      "license_details": {
       "name": "",
       "url": ""
      },
      "outcome": "detection",
      "created_timestamp": "2023-10-23T00:00:00Z",
      "modified_timestamp": "0001-01-01T00:00:00Z"
     },
     {
      "id": "549170d1-c0c5-465d-aa9c-84d9aa75947d",
      "name": "VMware - ESXi - Guest VM Snapshots Deleted via vim-cmd Command Line Tool",
      "description": "Snapshots of ESXi guest VMs are being deleted from an interactive ESXi shell via a built-in command line tool. This can be suspicious behavior associated to a ransomware attack targeting ESXi infrastructure, when the threat actor is shuting down the VMs running on the ESXi host and deleting all their snapshots before encrypting their files.\n",
      "origin": "CrowdStrike",
      "severity": 70,
      "recommended": true,
      "query": "| #repo=\"vmware_esxi\" #Vendor=\"vmware\" #event.module=\"esxi\" \n| #event.kind=\"event\" | array:contains(\"event.category[]\", value=\"process\") | array:contains(\"event.type[]\", value=\"start\")\n| process.command_line=/vim-cmd\\s+vmsvc\\/snapshot\\.removeall/\n",
      "search_window_start": "-70m",
      "search_window_end": "-10m",
      "schedule": "1h",
      "author": "CrowdStrike",
      "sigma_author": "",
      "category": "",
      "license": "",
      "tactic": "TA0040",
      "technique": "T1485",
      "mitre_attack": [
       {
        "tactic_id": "TA0040",
        "technique_id": "T1485"
       }
      ],
      "vendor": "VMware",
      "vendors": [
       "VMware"
      ],
      "product": "",
      "tags": "",
      "active": true,
      "source_url": "",
      "license_details": {
       "name": "",
       "url": ""
      },
      "outcome": "detection",
      "created_timestamp": "2023-10-23T00:00:00Z",
      "modified_timestamp": "0001-01-01T00:00:00Z"
     },
     {
      "id": "a3d6c1b2-3b8c-44cc-9f43-e05b69ff914b",
      "name": "VMware - ESXi - Host Rebooted",
      "description": "An ESXi hypervisor has been rebooted. This could be suspicious activity carried by a threat actor that may force a reboot in order to disable the execInstalledOnly ESXi protection designed to prevent the execution of files that weren't installed as part of a vSphere Installation Bundle (VIB). Disabling the execInstalledOnly ESXi protection can enable a ransomware attack that uses a custom binary for encryption.\n",
      "origin": "CrowdStrike",
      "severity": 70,
      "recommended": true,
      "query": "| #repo=\"vmware_esxi\" #Vendor=\"vmware\" #event.module=\"esxi\" \n| #event.kind=\"event\" | array:contains(\"event.category[]\", value=\"host\") | array:contains(\"event.type[]\", value=\"end\") \n| log.syslog.appname=\"vobd\"\n| event.action=\"*.host.poweroff.*\"\n",
      "search_window_start": "-70m",
      "search_window_end": "-10m",
      "schedule": "1h",
      "author": "CrowdStrike",
      "sigma_author": "",
      "category": "",
      "license": "",
      "tactic": "TA0040",
      "technique": "T1529",
      "mitre_attack": [
       {
        "tactic_id": "TA0040",
        "technique_id": "T1529"
       }
      ],
      "vendor": "VMware",
      "vendors": [
       "VMware"
      ],
      "product": "",
      "tags": "",
      "active": true,
      "source_url": "",
      "license_details": {
       "name": "",
       "url": ""
      },
      "outcome": "detection",
      "created_timestamp": "2023-11-14T00:00:00Z",
      "modified_timestamp": "0001-01-01T00:00:00Z"
     },
     {
      "id": "969b5166-e972-4b2b-822a-e45c5f80e4e9",
      "name": "VMware - ESXi - Firewall Disabled",
      "description": "The ESXi host firewall has been disabled. An attacker may choose to disable the ESXi firewall in order to enable direct SSH access to the ESXi host from an attacker controlled box.\n",
      "origin": "CrowdStrike",
      "severity": 50,
      "recommended": true,
      "query": "| #repo=\"vmware_esxi\" #Vendor=\"vmware\" #event.module=\"esxi\" \n| #event.kind=\"event\" | array:contains(\"event.category[]\", value=\"configuration\") | array:contains(\"event.type[]\", value=\"change\")\n| log.syslog.appname=\"vobd\"\n| event.action=\"*.firewall.disabled\"\n",
      "search_window_start": "-70m",
      "search_window_end": "-10m",
      "schedule": "1h",
      "author": "CrowdStrike",
      "sigma_author": "",
      "category": "",
      "license": "",
      "tactic": "TA0005",
      "technique": "T1562.004",
      "mitre_attack": [
       {
        "tactic_id": "TA0005",
        "technique_id": "T1562.004"
       }
      ],
      "vendor": "VMware",
      "vendors": [
       "VMware"
      ],
      "product": "",
      "tags": "",
      "active": true,
      "source_url": "",
      "license_details": {
       "name": "",
       "url": ""
      },
      "outcome": "detection",
      "created_timestamp": "2024-02-13T00:00:00Z",
      "modified_timestamp": "0001-01-01T00:00:00Z"
     }
    ]
   }