{
    "meta": {
     "query_time": 0.038588634,
     "powered_by": "svc-cscrrulestemplates",
     "trace_id": "a9f1954b3c9f2c8b89ca7b12b4928ae9"
    },
    "errors": [],
    "resources": [
     {
      "id": "4ef63e28-be7d-4c4d-9248-288d1e5320be",
      "name": "VMware - ESXi - Failed Login to the ESXi Host Client Web Administration Interface",
      "description": "Identifies a failed login to the ESXi Host Client web administration interface. This could be suspicious activity especially if this alert is seen triggering many times within a short time frame which could be evidence of a brute-force attack.\n",
      "origin": "CrowdStrike",
      "severity": 50,
      "recommended": true,
      "query": "| #repo=\"vmware_esxi\" #Vendor=\"vmware\" #event.module=\"esxi\" \n| #event.kind=\"event\" | array:contains(\"event.category[]\", value=\"authentication\") \n| #event.outcome=\"failure\"\n| log.syslog.appname=\"Hostd\"\n",
      "search_window_start": "-70m",
      "search_window_end": "-10m",
      "schedule": "1h",
      "author": "CrowdStrike",
      "sigma_author": "",
      "category": "",
      "license": "",
      "tactic": "TA0006",
      "technique": "T1110",
      "mitre_attack": [
       {
        "tactic_id": "TA0006",
        "technique_id": "T1110"
       }
      ],
      "vendor": "VMware",
      "vendors": [
       "VMware"
      ],
      "product": "",
      "tags": "",
      "active": true,
      "source_url": "",
      "license_details": {
       "name": "",
       "url": ""
      },
      "outcome": "detection",
      "created_timestamp": "2023-10-23T00:00:00Z",
      "modified_timestamp": "0001-01-01T00:00:00Z"
     },
     {
      "id": "714cb9ad-b6db-4833-b8e5-08a820f39a38",
      "name": "VMware - ESXi - Account Locked due to Multiple Failed Login Attempts",
      "description": "An ESXi account has been locked due to multiple failed login attempts. This could be evidence of a brute-force attack.\n",
      "origin": "CrowdStrike",
      "severity": 70,
      "recommended": true,
      "query": "| #repo=\"vmware_esxi\" #Vendor=\"vmware\" #event.module=\"esxi\" \n| #event.kind=\"event\" | array:contains(\"event.category[]\", value=\"iam\") | array:contains(\"event.type[]\", value=\"change\")\n| log.syslog.appname=\"vobd\" \n| event.action=\"esx.audit.account.locked\"\n",
      "search_window_start": "-70m",
      "search_window_end": "-10m",
      "schedule": "1h",
      "author": "CrowdStrike",
      "sigma_author": "",
      "category": "",
      "license": "",
      "tactic": "TA0006",
      "technique": "T1110",
      "mitre_attack": [
       {
        "tactic_id": "TA0006",
        "technique_id": "T1110"
       }
      ],
      "vendor": "VMware",
      "vendors": [
       "VMware"
      ],
      "product": "",
      "tags": "",
      "active": true,
      "source_url": "",
      "license_details": {
       "name": "",
       "url": ""
      },
      "outcome": "detection",
      "created_timestamp": "2023-10-23T00:00:00Z",
      "modified_timestamp": "0001-01-01T00:00:00Z"
     },
     {
      "id": "984d0c0b-d6a2-47af-aebe-1a1af2f91cfe",
      "name": "VMware - ESXi - Guest VM Processes Terminated via kill Shell Command",
      "description": "Processes associated to ESXi guest VMs are being terminated using the kill built-in shell command. This could be suspicious activity part of the preparation phase of a ransomware attack targeting ESXi infrastructure, when the threat actor needs to first shutdown the VMs before encrypting their files.\n",
      "origin": "CrowdStrike",
      "severity": 70,
      "recommended": true,
      "query": "| #repo=\"vmware_esxi\" #Vendor=\"vmware\" #event.module=\"esxi\" \n| #event.kind=\"event\" | array:contains(\"event.category[]\", value=\"process\") | array:contains(\"event.type[]\", value=\"start\")\n| process.command_line=/kill\\s+/\n| process.command_line=/vmx/\n",
      "search_window_start": "-70m",
      "search_window_end": "-10m",
      "schedule": "1h",
      "author": "CrowdStrike",
      "sigma_author": "",
      "category": "",
      "license": "",
      "tactic": "TA0040",
      "technique": "T1529",
      "mitre_attack": [
       {
        "tactic_id": "TA0040",
        "technique_id": "T1529"
       }
      ],
      "vendor": "VMware",
      "vendors": [
       "VMware"
      ],
      "product": "",
      "tags": "",
      "active": true,
      "source_url": "",
      "license_details": {
       "name": "",
       "url": ""
      },
      "outcome": "detection",
      "created_timestamp": "2023-10-23T00:00:00Z",
      "modified_timestamp": "0001-01-01T00:00:00Z"
     },
     {
      "id": "37c4671d-716c-495d-8604-2eddbbe9d8d2",
      "name": "VMware - ESXi - System Clock Stepped with High Delta",
      "description": "Identifies a manipulation of ESXi system time that results in a high delta between the current/changed and past system times. The high delta for the system clock step could be indicative of malicious behavior to cover up the true time of attacker actions.\n",
      "origin": "CrowdStrike",
      "severity": 70,
      "recommended": true,
      "query": "| #repo=\"vmware_esxi\" #Vendor=\"vmware\" #event.module=\"esxi\" #event.kind=\"event\" \n| log.syslog.appname=\"vmkwarning\"\n| message=/NTPClock.*system clock stepped to .+ but delta .+ \u003e .+ seconds/i\n",
      "search_window_start": "-70m",
      "search_window_end": "-10m",
      "schedule": "1h",
      "author": "CrowdStrike",
      "sigma_author": "",
      "category": "",
      "license": "",
      "tactic": "TA0005",
      "technique": "T1070.006",
      "mitre_attack": [
       {
        "tactic_id": "TA0005",
        "technique_id": "T1070.006"
       }
      ],
      "vendor": "VMware",
      "vendors": [
       "VMware"
      ],
      "product": "",
      "tags": "",
      "active": true,
      "source_url": "",
      "license_details": {
       "name": "",
       "url": ""
      },
      "outcome": "detection",
      "created_timestamp": "2023-11-09T00:00:00Z",
      "modified_timestamp": "0001-01-01T00:00:00Z"
     },
     {
      "id": "739da6cf-82c0-4a9d-b491-48794baa3750",
      "name": "VMware - ESXi - Failed Attempt to Install a Non-compliant VMware VIB",
      "description": "Identifies a failed attempt at installing a non-compliant VMware VIB (vSphere Installation Bundle) package, behavior which can be generated by an attacker attempting to achieve persistence on ESXi hypervisors by installing a malicious unsigned VIB.\n",
      "origin": "CrowdStrike",
      "severity": 70,
      "recommended": true,
      "query": "| #repo=\"vmware_esxi\" #Vendor=\"vmware\" #event.module=\"esxi\" #event.kind=\"event\"\n| log.syslog.appname=\"esxupdate\"\n| message=/AcceptanceConfigError.*VIB.*acceptance level is .+ which is not compliant/i\n",
      "search_window_start": "-70m",
      "search_window_end": "-10m",
      "schedule": "1h",
      "author": "CrowdStrike",
      "sigma_author": "",
      "category": "",
      "license": "",
      "tactic": "TA0003",
      "technique": "T1543",
      "mitre_attack": [
       {
        "tactic_id": "TA0003",
        "technique_id": "T1543"
       }
      ],
      "vendor": "VMware",
      "vendors": [
       "VMware"
      ],
      "product": "",
      "tags": "",
      "active": true,
      "source_url": "",
      "license_details": {
       "name": "",
       "url": ""
      },
      "outcome": "detection",
      "created_timestamp": "2023-11-10T00:00:00Z",
      "modified_timestamp": "0001-01-01T00:00:00Z"
     },
     {
      "id": "dbb2039e-0b56-4267-8be8-ebea7fa1793d",
      "name": "VMware - ESXi - Failed Attempt to Change ESXi Host Acceptance Level to CommunitySupported",
      "description": "Identifies a failed attempt at changing the ESXi host acceptance level to CommunitySupported. This could be a signal of attacker activity trying to change the host acceptance level to CommunitySupported in order to be able to install a malicious unsigned VMware VIB (vSphere Installation Bundle).\n",
      "origin": "CrowdStrike",
      "severity": 70,
      "recommended": true,
      "query": "| #repo=\"vmware_esxi\" #Vendor=\"vmware\" #event.module=\"esxi\" #event.kind=\"event\" \n| log.syslog.appname=\"esxupdate\"\n| message=/AcceptanceConfigError.*Cannot change acceptance level to community/i\n",
      "search_window_start": "-70m",
      "search_window_end": "-10m",
      "schedule": "1h",
      "author": "CrowdStrike",
      "sigma_author": "",
      "category": "",
      "license": "",
      "tactic": "TA0005",
      "technique": "T1562",
      "mitre_attack": [
       {
        "tactic_id": "TA0005",
        "technique_id": "T1562"
       }
      ],
      "vendor": "VMware",
      "vendors": [
       "VMware"
      ],
      "product": "",
      "tags": "",
      "active": true,
      "source_url": "",
      "license_details": {
       "name": "",
       "url": ""
      },
      "outcome": "detection",
      "created_timestamp": "2023-11-10T00:00:00Z",
      "modified_timestamp": "0001-01-01T00:00:00Z"
     },
     {
      "id": "b75e337e-6254-4ae0-8c01-a41747d091ed",
      "name": "VMware - ESXi - Syslog Service Stopped",
      "description": "The ESXi syslog service (vmsyslogd) has been stopped. Threat actors may stop the syslog service in order to limit data that can be leveraged for detections and audits.\n",
      "origin": "CrowdStrike",
      "severity": 70,
      "recommended": true,
      "query": "| #repo=\"vmware_esxi\" #Vendor=\"vmware\" #event.module=\"esxi\" #event.kind=\"event\" \n| log.syslog.appname=\"vmsyslogd\"\n| message=/audit\\.(failure|stop)@/i\n",
      "search_window_start": "-70m",
      "search_window_end": "-10m",
      "schedule": "1h",
      "author": "CrowdStrike",
      "sigma_author": "",
      "category": "",
      "license": "",
      "tactic": "TA0005",
      "technique": "T1562",
      "mitre_attack": [
       {
        "tactic_id": "TA0005",
        "technique_id": "T1562"
       }
      ],
      "vendor": "VMware",
      "vendors": [
       "VMware"
      ],
      "product": "",
      "tags": "",
      "active": true,
      "source_url": "",
      "license_details": {
       "name": "",
       "url": ""
      },
      "outcome": "detection",
      "created_timestamp": "2023-11-15T00:00:00Z",
      "modified_timestamp": "0001-01-01T00:00:00Z"
     },
     {
      "id": "2987fa69-c25d-4236-832d-a86760c388dc",
      "name": "VMware - ESXi - Failed Guest Operations from ESXi Host to Guest VM",
      "description": "Failed interactions between the ESXi hypervisor and guest VMs have been identified. This can be suspicious activity if an attacker with privileged access to the ESXi host is attempting to exploit a vulnerability of VMware tools (vmtools) Guest Operations in order to interact with the VMs provisioned through the ESXi host. These interactions may include guest VM logins, file/directory creation and deletion, command execution, Windows registry keys/values manipulation and file transfer between guest VM and hypervisor.\n",
      "origin": "CrowdStrike",
      "severity": 70,
      "recommended": true,
      "query": "| #repo=\"vmware_esxi\" #Vendor=\"vmware\" #event.module=\"esxi\" #event.kind=\"event\" \n| message=/vim\\.fault\\.(?:GuestOperationsUnavailable|InvalidGuestLogin)/i\n",
      "search_window_start": "-70m",
      "search_window_end": "-10m",
      "schedule": "1h",
      "author": "CrowdStrike",
      "sigma_author": "",
      "category": "",
      "license": "",
      "tactic": "TA0004",
      "technique": "T1068",
      "mitre_attack": [
       {
        "tactic_id": "TA0004",
        "technique_id": "T1068"
       }
      ],
      "vendor": "VMware",
      "vendors": [
       "VMware"
      ],
      "product": "",
      "tags": "",
      "active": true,
      "source_url": "",
      "license_details": {
       "name": "",
       "url": ""
      },
      "outcome": "detection",
      "created_timestamp": "2024-02-14T00:00:00Z",
      "modified_timestamp": "0001-01-01T00:00:00Z"
     },
     {
      "id": "87fa3ad2-1ebb-4138-81fe-c57c03d5c265",
      "name": "VMware - ESXi - Log Files Deleted via rm Shell Command",
      "description": "Identifies ESXi log files being deleted from an interactive ESXi shell via a built-in shell command. This can be suspicious behavior from a threat actor that is attempting to conceal his actions on the ESXi host.\n",
      "origin": "CrowdStrike",
      "severity": 70,
      "recommended": true,
      "query": "#repo=\"vmware_esxi\" #Vendor=\"vmware\" #event.module=\"esxi\" \n| #event.kind=\"event\" | array:contains(\"event.category[]\", value=\"process\") \n| array:contains(\"event.type[]\", value=\"start\")\n| process.command_line=/rm\\s+/\n| case {\n  process.command_line=/.+\\.log/i;\n  // Uncomment line below if wildcard deletion of files is not routine in  your ESXi instances.\n  // process.command_line=/\\*/;\n}\n",
      "search_window_start": "-70m",
      "search_window_end": "-10m",
      "schedule": "1h",
      "author": "CrowdStrike",
      "sigma_author": "",
      "category": "",
      "license": "",
      "tactic": "TA0005",
      "technique": "T1070.002",
      "mitre_attack": [
       {
        "tactic_id": "TA0005",
        "technique_id": "T1070.002"
       }
      ],
      "vendor": "VMware",
      "vendors": [
       "VMware"
      ],
      "product": "",
      "tags": "",
      "active": true,
      "source_url": "",
      "license_details": {
       "name": "",
       "url": ""
      },
      "outcome": "detection",
      "created_timestamp": "2023-10-23T00:00:00Z",
      "modified_timestamp": "2024-10-01T00:00:00Z"
     },
     {
      "id": "51110a26-2200-42be-ad3a-9aa31d5088e1",
      "name": "VMware - ESXi - ExecInstalledOnly Protection Disabled via esxcli Command Line Tool",
      "description": "The ESXi execInstalledOnly protection has been disabled from an interactive ESXi shell via a built-in command line tool. This can be suspicious behavior from a threat actor that is attempting to disable the execInstalledOnly setting in order to execute custom binaries. With the execInstalledOnly setting enabled, any binary that has not been packaged and signed as part of a VMware VIB (vSphere Installation Bundle) will be blocked from being executed.\n",
      "origin": "CrowdStrike",
      "severity": 90,
      "recommended": true,
      "query": "#repo=\"vmware_esxi\" #Vendor=\"vmware\" #event.module=\"esxi\" \n| #event.kind=\"event\" \n| array:contains(\"event.category[]\", value=\"process\") \n| array:contains(\"event.type[]\", value=\"start\")\n| process.command_line=/esxcli\\s+system\\s+settings\\s+(?:kernel|advanced)/i\n| process.command_line=/\\s+set\\s+/i\n| process.command_line=/execinstalledonly/i\n| process.command_line=/[\\s\"'=]0(?:[\\s\"']|$)/i OR process.command_line=/false/i\n",
      "search_window_start": "-70m",
      "search_window_end": "-10m",
      "schedule": "1h",
      "author": "CrowdStrike",
      "sigma_author": "",
      "category": "",
      "license": "",
      "tactic": "TA0005",
      "technique": "T1562",
      "mitre_attack": [
       {
        "tactic_id": "TA0005",
        "technique_id": "T1562"
       }
      ],
      "vendor": "VMware",
      "vendors": [
       "VMware"
      ],
      "product": "",
      "tags": "",
      "active": true,
      "source_url": "",
      "license_details": {
       "name": "",
       "url": ""
      },
      "outcome": "detection",
      "created_timestamp": "2023-11-07T00:00:00Z",
      "modified_timestamp": "2024-10-01T00:00:00Z"
     },
     {
      "id": "32bd2aec-eaa4-46b2-aece-aa480889c66e",
      "name": "VMware - ESXi - Guest VM Shutdown or Power Off",
      "description": "Identifies instances of successful Virtual Machine (VM) power off, or shutdown commands on an ESXi server. This rule alerts when the action is done locally with tools like esxcli, or remotely with tools like PowerCLI. This change may be a sign of unauthorized access or malicious activity, warranting further investigation.\n",
      "origin": "CrowdStrike",
      "severity": 70,
      "recommended": true,
      "query": "#repo=\"vmware_esxi\" #Vendor=\"vmware\" #event.module=\"esxi\" \n| #event.dataset=\"esxi.hostd\"\n| message=/Task Completed/ message=/VirtualMachine\\.(powerOff|shutdownGuest)/i message=/success/ \n",
      "search_window_start": "-70m",
      "search_window_end": "-10m",
      "schedule": "1h",
      "author": "CrowdStrike",
      "sigma_author": "",
      "category": "",
      "license": "",
      "tactic": "TA0040",
      "technique": "T1529",
      "mitre_attack": [
       {
        "tactic_id": "TA0040",
        "technique_id": "T1529"
       }
      ],
      "vendor": "VMware",
      "vendors": [
       "VMware"
      ],
      "product": "",
      "tags": "",
      "active": true,
      "source_url": "",
      "license_details": {
       "name": "",
       "url": ""
      },
      "outcome": "detection",
      "created_timestamp": "2024-10-04T00:00:00Z",
      "modified_timestamp": "0001-01-01T00:00:00Z"
     },
     {
      "id": "2b9ca6a6-c509-4ef0-9d72-6b9f5e12cb98",
      "name": "VMware - ESXi - ExecInstalledOnly Protection Disabled",
      "description": "Identifies attempts to disable ExecInstalledOnly protections from an ESXi server. The rule leverages the hostd.log which would capture attempts to modify the setting regardless if activity originated via local CLI or remotely via utilities like PowerCLI.\n",
      "origin": "CrowdStrike",
      "severity": 90,
      "recommended": true,
      "query": "#repo=\"vmware_esxi\" #Vendor=\"vmware\" #event.module=\"esxi\"\n| #event.dataset=esxi.hostd\n| @rawstring=/opID=(?\u003copID\u003e.+?)\\s/\n| case{\n    message=/execinstalledonly/i message=/value=(\\\"false\\\"|0)/i;\n    message=/Task Completed/ message=/system\\.settings/ message=/\\.set/ message=/success/;\n}\n| selfJoinFilter(field=[host.name,process.pid,opID],\nwhere=[\n        { message=/execinstalledonly/i },\n        { message=/success/ }\n    ], prefilter=true\n)\n",
      "search_window_start": "-70m",
      "search_window_end": "-10m",
      "schedule": "1h",
      "author": "CrowdStrike",
      "sigma_author": "",
      "category": "",
      "license": "",
      "tactic": "TA0005",
      "technique": "T1562",
      "mitre_attack": [
       {
        "tactic_id": "TA0005",
        "technique_id": "T1562"
       }
      ],
      "vendor": "VMware",
      "vendors": [
       "VMware"
      ],
      "product": "",
      "tags": "",
      "active": true,
      "source_url": "",
      "license_details": {
       "name": "",
       "url": ""
      },
      "outcome": "detection",
      "created_timestamp": "2024-10-02T00:00:00Z",
      "modified_timestamp": "0001-01-01T00:00:00Z"
     },
     {
      "id": "bd78d064-4226-4012-841b-2946e71504ef",
      "name": "VMware - ESXi - Home Page or \"Message of the Day\" Banner Replaced via Built-in Shell Commands",
      "description": "The VMware ESXi home page or \"message of the day\" banner has been replaced from an interactive ESXi shell using built-in shell commands. This can be suspicious behavior indicative of ransomware activity that replaces the VMware ESXi home page with the HTML ransom note and/or the server’s \"message of the day\" banner with a ransom note.\n",
      "origin": "CrowdStrike",
      "severity": 50,
      "recommended": true,
      "query": "#repo=\"vmware_esxi\" #Vendor=\"vmware\" #event.module=\"esxi\" \n| #event.kind=\"event\" | array:contains(\"event.category[]\", value=\"process\") \n| array:contains(\"event.type[]\", value=\"start\")\n| process.command_line=/(?:index\\.html|motd)/\n| process.command_line=/(?:cp|mv|\u003e{1,2})\\s+/\n",
      "search_window_start": "-70m",
      "search_window_end": "-10m",
      "schedule": "1h",
      "author": "CrowdStrike",
      "sigma_author": "",
      "category": "",
      "license": "",
      "tactic": "TA0040",
      "technique": "T1491",
      "mitre_attack": [
       {
        "tactic_id": "TA0040",
        "technique_id": "T1491"
       }
      ],
      "vendor": "VMware",
      "vendors": [
       "VMware"
      ],
      "product": "",
      "tags": "",
      "active": true,
      "source_url": "",
      "license_details": {
       "name": "",
       "url": ""
      },
      "outcome": "detection",
      "created_timestamp": "2023-11-02T00:00:00Z",
      "modified_timestamp": "2024-10-01T00:00:00Z"
     },
     {
      "id": "4073a427-0f0a-4a9c-bc49-7d07904ec98a",
      "name": "VMware - ESXi - File Timestomping via touch Shell Command",
      "description": "Identifies ESXi file timestomping activity carried in an interactive ESXi shell via a built-in shell command. This can be suspicious behavior from a threat actor that is tampering with the timestamps of guest VM related files and configurations on the ESXi host.\n",
      "origin": "CrowdStrike",
      "severity": 70,
      "recommended": true,
      "query": "#repo=\"vmware_esxi\" #Vendor=\"vmware\" #event.module=\"esxi\" \n| #event.kind=\"event\" | array:contains(\"event.category[]\", value=\"process\") \n| array:contains(\"event.type[]\", value=\"start\")\n| process.command_line=/touch\\s+.*\\-[ramdtc]+\\s/\n",
      "search_window_start": "-70m",
      "search_window_end": "-10m",
      "schedule": "1h",
      "author": "CrowdStrike",
      "sigma_author": "",
      "category": "",
      "license": "",
      "tactic": "TA0005",
      "technique": "T1070.006",
      "mitre_attack": [
       {
        "tactic_id": "TA0005",
        "technique_id": "T1070.006"
       }
      ],
      "vendor": "VMware",
      "vendors": [
       "VMware"
      ],
      "product": "",
      "tags": "",
      "active": true,
      "source_url": "",
      "license_details": {
       "name": "",
       "url": ""
      },
      "outcome": "detection",
      "created_timestamp": "2023-10-24T00:00:00Z",
      "modified_timestamp": "2024-10-01T00:00:00Z"
     },
     {
      "id": "6c0f6736-28fe-4032-9f49-472912ee0b77",
      "name": "VMware - ESXi - df LOLBIN Usage",
      "description": "Detection of the \"df\" LOLBIN binary on ESXi servers.\n",
      "origin": "CrowdStrike",
      "severity": 30,
      "recommended": true,
      "query": "#repo=\"vmware_esxi\" #Vendor=\"vmware\" #event.module=\"esxi\"\n| #event.kind=\"event\" \n| array:contains(array=\"event.category[]\", value=\"process\") \n| process.command_line=/df +-([hmklu]|-help)/\n",
      "search_window_start": "-70m",
      "search_window_end": "-10m",
      "schedule": "1h",
      "author": "CrowdStrike",
      "sigma_author": "",
      "category": "",
      "license": "",
      "tactic": "TA0007",
      "technique": "T1082",
      "mitre_attack": [
       {
        "tactic_id": "TA0007",
        "technique_id": "T1082"
       }
      ],
      "vendor": "VMware",
      "vendors": [
       "VMware"
      ],
      "product": "",
      "tags": "",
      "active": true,
      "source_url": "",
      "license_details": {
       "name": "",
       "url": ""
      },
      "outcome": "detection",
      "created_timestamp": "2024-11-12T00:00:00Z",
      "modified_timestamp": "0001-01-01T00:00:00Z"
     },
     {
      "id": "4300d9a6-b8c3-4483-b4e6-63a849a1f71c",
      "name": "VMware - ESXi - vmkfstools LOLBIN Usage",
      "description": "Detection of the \"vmkfstools\" LOLBIN binary on ESXi servers.\n",
      "origin": "CrowdStrike",
      "severity": 70,
      "recommended": true,
      "query": "#repo=\"vmware_esxi\" #Vendor=\"vmware\" #event.module=\"esxi\"\n| #event.kind=\"event\" \n| array:contains(array=\"event.category[]\", value=\"process\") \n| process.command_line=/vmkfstools/\n",
      "search_window_start": "-70m",
      "search_window_end": "-10m",
      "schedule": "1h",
      "author": "CrowdStrike",
      "sigma_author": "",
      "category": "",
      "license": "",
      "tactic": "TA0040",
      "technique": "T1561.001",
      "mitre_attack": [
       {
        "tactic_id": "TA0040",
        "technique_id": "T1561.001"
       }
      ],
      "vendor": "VMware",
      "vendors": [
       "VMware"
      ],
      "product": "",
      "tags": "",
      "active": true,
      "source_url": "",
      "license_details": {
       "name": "",
       "url": ""
      },
      "outcome": "detection",
      "created_timestamp": "2024-11-12T00:00:00Z",
      "modified_timestamp": "0001-01-01T00:00:00Z"
     },
     {
      "id": "aee27fb1-b617-4fca-8c6e-cbc6a78e3379",
      "name": "VMware - ESXi - Local Account Created",
      "description": "This rule detects attempts to add new user accounts to VMware ESXi systems using the esxcli command-line tool. The detection logic focuses on identifying the specific command pattern used to create accounts, which could indicate unauthorized access or privilege escalation activities. This behavior may be associated with adversaries attempting to establish persistence or gain elevated permissions on critical virtualization infrastructure.\n",
      "origin": "CrowdStrike",
      "severity": 50,
      "recommended": true,
      "query": "#Vendor=\"vmware\" #event.module=\"esxi\"  #event.kind=\"event\" #event.dataset=\"esxi.shell\" #repo!=\"xdr_*\"\n| process.command_line=/esxcli\\s+system\\s+account\\s+add\\b/\n",
      "search_window_start": "-70m",
      "search_window_end": "-10m",
      "schedule": "1h",
      "author": "CrowdStrike",
      "sigma_author": "",
      "category": "",
      "license": "",
      "tactic": "TA0003",
      "technique": "T1136.001",
      "mitre_attack": [
       {
        "tactic_id": "TA0003",
        "technique_id": "T1136.001"
       }
      ],
      "vendor": "VMware",
      "vendors": [
       "VMware"
      ],
      "product": "",
      "tags": "",
      "active": true,
      "source_url": "",
      "license_details": {
       "name": "",
       "url": ""
      },
      "outcome": "detection",
      "created_timestamp": "2025-01-21T00:00:00Z",
      "modified_timestamp": "0001-01-01T00:00:00Z"
     },
     {
      "id": "5274bafb-c320-43ad-93b2-1252fc381b2f",
      "name": "VMware - ESXi - Lockdown Mode Disabled",
      "description": "This rule detects the disabling of ESXi lockdown mode, a critical security feature that restricts remote access to ESXi hosts. When lockdown mode is disabled, remote users can directly access and modify ESXi host configurations using the root login. When enabled, the ESXi host is accessible only through the local console or vCenter Server.\nDisabling lockdown mode significantly reduces the security posture of the ESXi environment. It may be part of an attack chain where an adversary with vCenter Server Administrator access could:\n  a) Set a new root password on ESXi hosts\n  b) Disable lockdown mode\n  c) Enable SSH service\n  d) Obtain an ESXi shell via SSH\n  e) Potentially execute malicious code\nImmediate investigation is necessary to determine if this change is part of an authorized, planned configuration update.\n",
      "origin": "CrowdStrike",
      "severity": 70,
      "recommended": true,
      "query": "#Vendor=\"vmware\" #event.module=\"esxi\" #event.dataset=\"esxi.vobd\" #repo!=\"xdr_*\"\n| event.action=\"esx.audit.lockdownmode.disabled\"\n",
      "search_window_start": "-70m",
      "search_window_end": "-10m",
      "schedule": "1h",
      "author": "CrowdStrike",
      "sigma_author": "",
      "category": "",
      "license": "",
      "tactic": "TA0005",
      "technique": "T1562",
      "mitre_attack": [
       {
        "tactic_id": "TA0005",
        "technique_id": "T1562"
       }
      ],
      "vendor": "VMware",
      "vendors": [
       "VMware"
      ],
      "product": "",
      "tags": "",
      "active": true,
      "source_url": "",
      "license_details": {
       "name": "",
       "url": ""
      },
      "outcome": "detection",
      "created_timestamp": "2025-01-23T00:00:00Z",
      "modified_timestamp": "0001-01-01T00:00:00Z"
     },
     {
      "id": "add45a04-081a-4c42-ba5d-620c3ea95cd6",
      "name": "VMware - ESXi - Potential Unauthorized VMFS Access via SFTP",
      "description": "This rule detects file operations on VMware ESXi systems targeting the /vmfs directory through SFTP. The detection logic focuses on identifying set, open, or close actions on files within the /vmfs path, which could indicate unauthorized access or manipulation of virtual machine file systems. This behavior may be associated with adversaries attempting to access or modify critical VM data or configuration files. Additionally, this activity could be indicative of ransomware attacks targeting VMware environments.\n",
      "origin": "CrowdStrike",
      "severity": 50,
      "recommended": true,
      "query": "#Vendor=\"vmware\" #event.module=\"esxi\" #event.dataset=\"esxi.sftp-server\" #event.kind=\"event\" #repo!=xdr_*\n| regex(field=message, regex=\"(set|open|close)\\\\s+?\\\"(?\u003cfile_name\u003e.+?)\\\"\")\n| file_name=/^\\/vmfs/\n",
      "search_window_start": "-70m",
      "search_window_end": "-10m",
      "schedule": "1h",
      "author": "CrowdStrike",
      "sigma_author": "",
      "category": "",
      "license": "",
      "tactic": "TA0040",
      "technique": "T1486",
      "mitre_attack": [
       {
        "tactic_id": "TA0040",
        "technique_id": "T1486"
       }
      ],
      "vendor": "VMware",
      "vendors": [
       "VMware"
      ],
      "product": "",
      "tags": "",
      "active": true,
      "source_url": "",
      "license_details": {
       "name": "",
       "url": ""
      },
      "outcome": "detection",
      "created_timestamp": "2025-01-21T00:00:00Z",
      "modified_timestamp": "0001-01-01T00:00:00Z"
     },
     {
      "id": "ce7085f7-4551-46bc-a61f-3e2a759ffa3d",
      "name": "VMware - ESXi - Unusual vpxuser Service Account Logon Source",
      "description": "This rule detects when the vpxuser service account logs onto an ESXi host from a previously unseen source. The vpxuser account is designed to administer ESXi hosts exclusively from vCenter servers, so logins should only originate from known vCenter IP addresses. Unusual logon sources may indicate unauthorized access or potential compromise of vCenter servers.\n",
      "origin": "CrowdStrike",
      "severity": 70,
      "recommended": true,
      "query": "// The subquery within defineTable() performs a 30-day historical search to create a lookup table of known logon source IPs for the vpxuser. This table is used as a baseline to identify new logon sources.\ndefineTable(\n    query={\n        #Vendor=\"vmware\" #event.module=\"esxi\" #event.dataset=\"esxi.hostd\" #repo!=\"xdr_*\"\n        | message=/User vpxuser@(?\u003cvpxuser_logon_source_ip\u003e.+?) logged in/\n        | vpxuser_logon_source_ip!=\"127.0.0.1\"\n        | groupBy([vpxuser_logon_source_ip])\n    },\n    start=30d,\n    end=1h,\n    include=[*],\n    name=\"vpxuser_logon_source_baseline\"\n)\n// Primary query\n| #Vendor=\"vmware\" #event.module=\"esxi\" #event.dataset=\"esxi.hostd\" #repo!=\"xdr_*\"\n| message=/User vpxuser@(?\u003cvpxuser_logon_source_ip\u003e.+?) logged in/\n| vpxuser_logon_source_ip!=\"127.0.0.1\"\n// Trigger alert for a previously unseen logon source of the vpxuser\n| NOT match(file=\"vpxuser_logon_source_baseline\", field=[vpxuser_logon_source_ip])\n| groupBy([vpxuser_logon_source_ip], function=collect([host.name, message]))\n",
      "search_window_start": "-70m",
      "search_window_end": "-10m",
      "schedule": "1h",
      "author": "CrowdStrike",
      "sigma_author": "",
      "category": "",
      "license": "",
      "tactic": "TA0001",
      "technique": "T1078",
      "mitre_attack": [
       {
        "tactic_id": "TA0001",
        "technique_id": "T1078"
       }
      ],
      "vendor": "VMware",
      "vendors": [
       "VMware"
      ],
      "product": "",
      "tags": "",
      "active": true,
      "source_url": "",
      "license_details": {
       "name": "",
       "url": ""
      },
      "outcome": "detection",
      "created_timestamp": "2025-01-28T00:00:00Z",
      "modified_timestamp": "0001-01-01T00:00:00Z"
     },
     {
      "id": "a122efce-56a4-4cfb-8381-352f078e73cd",
      "name": "VMware - ESXi - Virtual Machine Created with Recently Uploaded ISO",
      "description": "This rule detects potential malicious activities related to virtual machine (VM) creation and manipulation in VMware ESXi environments. It monitors for a sequence of suspicious actions, including uploading ISO files, creating new VMs, starting VMs, and attaching ISO files to VMs. The rule categorizes different stages of the potential attack, grouping related events within a 1-hour time window to alert when a virtual machine was created with an ISO that was recently uploaded to a datastore. Since there is no data point that can be used to correlate the VM actions, with ISO upload actions, time proximity is used to correlate events. This can result in false positive due to incidental matches.\n",
      "origin": "CrowdStrike",
      "severity": 70,
      "recommended": true,
      "query": "#Vendor=\"vmware\" #event.module=\"esxi\" #event.kind=\"event\" #repo!=\"xdr_*\"\n| case {\n    // Upload ISO\n    #event.dataset=\"esxi.hostd\" message=/File upload to path\\s+?'(?\u003cfile_path\u003e.+?)'/ message=/completed with status 'True'/ message=/\\.iso/ \n    | attack_stage := \"upload_iso\";\n    // Create VM\n    #event.dataset=\"esxi.hostd\" message=/Created virtual machine (?\u003cvm_name\u003e.+?)\\s/ \n    | attack_stage := \"create_vm\" ;\n    // Start VM\n    #event.dataset=\"esxi.hostd\" message=/: (?\u003cvm_name\u003e.+?) on (?\u003cesxi_instance\u003e.+?) in (?\u003cvcenter_datacenter\u003e.+?) is starting/ \n    | attack_stage := \"start_vm\" ;\n    // Attach ISO\n    #event.dataset=\"esxi.hostd\" message=/: Reconfigured (?\u003cvm_name\u003e.+?) on (?\u003cesxi_instance\u003e.+?) in (?\u003cvcenter_datacenter\u003e.+?)\\./ \n    | attack_stage := \"attach_iso\";\n}\n| bucket(field=[host.name,vm_name], span=1h, function=collect([#Vendor,#type,event.category[0],vm_name,attack_stage,file_path]))\n| case{\n    attack_stage=/create_vm/m attack_stage=/start_vm/m attack_stage=/attach_iso/m;\n    attack_stage=/upload_iso/m; \n} \n| groupBy([_bucket,host.name], function=[collect([#Vendor,#type,event.category[0],vm_name,attack_stage,file_path])])\n| attack_stage=/create_vm/m attack_stage=/start_vm/m attack_stage=/attach_iso/m attack_stage=/upload_iso/m\n| summary:=format(format=\"A potential rogue VM (%s) was identified on ESXi Server (%s). This coincides with the recent upload of ISO %s, which may be related.\",field=[vm_name,host.name,file_path])\n",
      "search_window_start": "-70m",
      "search_window_end": "-10m",
      "schedule": "1h",
      "author": "CrowdStrike",
      "sigma_author": "",
      "category": "",
      "license": "",
      "tactic": "TA0005",
      "technique": "T1564.006",
      "mitre_attack": [
       {
        "tactic_id": "TA0005",
        "technique_id": "T1564.006"
       }
      ],
      "vendor": "VMware",
      "vendors": [
       "VMware"
      ],
      "product": "",
      "tags": "",
      "active": true,
      "source_url": "",
      "license_details": {
       "name": "",
       "url": ""
      },
      "outcome": "detection",
      "created_timestamp": "2025-01-22T00:00:00Z",
      "modified_timestamp": "0001-01-01T00:00:00Z"
     },
     {
      "id": "5ee1760e-92a4-44cc-af1e-4d50d9f1c385",
      "name": "VMware - ESXi - vpxuser Service Account Failed Login",
      "description": "This rule detects failed login attempts for the vpxuser service account on VMware ESXi hosts. The vpxuser account is a critical service account used by vCenter servers to administer ESXi hosts. It employs automatic password rotation and should not involve direct user interaction.\nGiven its privileged nature, any failed login for vpxuser is abnormal and warrants immediate investigation. The source of the failed login should be verified against known vCenter server IP addresses. Failed logins or attempts from unusual sources may indicate:\n- Attempted unauthorized access to ESXi hosts\n- Possible compromise of vCenter server credentials\n- Potential for lateral movement within the virtualized environment\n",
      "origin": "CrowdStrike",
      "severity": 50,
      "recommended": true,
      "query": "#Vendor=\"vmware\" #event.module=\"esxi\" #event.dataset=\"esxi.hostd\" #event.kind=\"event\" #repo!=\"xdr_*\"\n| message=/Cannot login vpxuser/\n",
      "search_window_start": "-70m",
      "search_window_end": "-10m",
      "schedule": "1h",
      "author": "CrowdStrike",
      "sigma_author": "",
      "category": "",
      "license": "",
      "tactic": "TA0001",
      "technique": "T1078",
      "mitre_attack": [
       {
        "tactic_id": "TA0001",
        "technique_id": "T1078"
       }
      ],
      "vendor": "VMware",
      "vendors": [
       "VMware"
      ],
      "product": "",
      "tags": "",
      "active": true,
      "source_url": "",
      "license_details": {
       "name": "",
       "url": ""
      },
      "outcome": "detection",
      "created_timestamp": "2025-01-29T00:00:00Z",
      "modified_timestamp": "0001-01-01T00:00:00Z"
     },
     {
      "id": "7635207a-09ed-4851-85bd-9dfda44429fe",
      "name": "VMware - ESXi - Root Account Password Changed",
      "description": "This rule detects changes to the ESXi root account password through multiple methods: ESXi shell, ESXi Web UI, or vCenter Server. Such changes could indicate suspicious activity and may be part of a broader attack chain. For example, an adversary with vCenter Server Administrator access could perform the following actions after changing the ESXi root account password:\na) Disabling ESXi lockdown mode\nb) Enabling SSH service on ESXi hosts\nc) Obtaining ESXi shell access via SSH\nd) Executing malicious code on the ESXi hosts\ne) Disabling vCenter remote management to hinder recovery efforts\nThe impact of such an attack could include unauthorized access to ESXi hosts, data exfiltration, or disruption of virtualized environments.\n",
      "origin": "CrowdStrike",
      "severity": 70,
      "recommended": true,
      "query": "#Vendor=\"vmware\" #event.module=\"esxi\" #event.dataset=/esxi\\.(?:passwd|hostd)/ #repo!=\"xdr_*\"\n| case {\n    #event.dataset=\"esxi.passwd\" message=\"password changed for root\" | root_account_password_change_method := \"ESXi Shell\";\n    #event.dataset=\"esxi.hostd\" message=/Password was changed for account root/ | regex(\"opID=(?\u003cVendor.opID\u003e.+?)\\\\s\") | regex(\"user=(?\u003cVendor.user\u003e.+?)]\")\n        | user.name := coalesce([user.name, Vendor.user])\n        | case {\n            user.name=\"vpxuser\" | root_account_password_change_method := \"vCenter Server\";\n            user.name=\"root\" Vendor.opID=\"esxui-*\" | root_account_password_change_method := \"ESXi Host Client\"\n        };\n}\n",
      "search_window_start": "-70m",
      "search_window_end": "-10m",
      "schedule": "1h",
      "author": "CrowdStrike",
      "sigma_author": "",
      "category": "",
      "license": "",
      "tactic": "TA0003",
      "technique": "T1098",
      "mitre_attack": [
       {
        "tactic_id": "TA0003",
        "technique_id": "T1098"
       }
      ],
      "vendor": "VMware",
      "vendors": [
       "VMware"
      ],
      "product": "",
      "tags": "",
      "active": true,
      "source_url": "",
      "license_details": {
       "name": "",
       "url": ""
      },
      "outcome": "detection",
      "created_timestamp": "2023-10-23T00:00:00Z",
      "modified_timestamp": "2025-01-28T00:00:00Z"
     },
     {
      "id": "46170c84-cbbc-498b-80d2-321c7bbd4b71",
      "name": "VMware - ESXi - nc (netcat) LOLBIN Usage",
      "description": "This rule detects potential unauthorized network connections or command execution attempts on VMware ESXi hosts using the 'nc' (netcat) command. The detection focuses on identifying instances where the 'nc' command is used in the process command line, which could indicate attempts to establish reverse shells, data exfiltration, or other malicious network activities. Adversaries may leverage such techniques to maintain persistence, move laterally within the network, or exfiltrate sensitive data from virtualized environments.\n",
      "origin": "CrowdStrike",
      "severity": 50,
      "recommended": true,
      "query": "#Vendor=\"vmware\" #event.module=\"esxi\" #event.dataset=\"esxi.shell\" #repo!=\"xdr_*\"\n| #event.kind=\"event\"\n| process.command_line=/\\bnc\\b/ \n",
      "search_window_start": "-70m",
      "search_window_end": "-10m",
      "schedule": "1h",
      "author": "CrowdStrike",
      "sigma_author": "",
      "category": "",
      "license": "",
      "tactic": "TA0002",
      "technique": "T1059.004",
      "mitre_attack": [
       {
        "tactic_id": "TA0002",
        "technique_id": "T1059.004"
       }
      ],
      "vendor": "VMware",
      "vendors": [
       "VMware"
      ],
      "product": "",
      "tags": "",
      "active": true,
      "source_url": "",
      "license_details": {
       "name": "",
       "url": ""
      },
      "outcome": "detection",
      "created_timestamp": "2025-02-28T00:00:00Z",
      "modified_timestamp": "0001-01-01T00:00:00Z"
     }
    ]
   }