{
    "meta": {
     "query_time": 0.044672941,
     "powered_by": "svc-cscrrulestemplates",
     "trace_id": "a1dc80196795a008765161e9f305cafd"
    },
    "errors": [],
    "resources": [
     {
      "id": "aa425e31-2a25-4cba-aeb5-21d652f05bec",
      "name": "Generic - Network - RPC Traffic from the Internet",
      "description": "Identifies network events associated with RPC (Remote Procedure Call) traffic from the Internet. This is suspicious network activity because RPC should never be exposed to the Internet as it is often exploited by threat actors for initial access.\n",
      "origin": "CrowdStrike",
      "severity": 70,
      "recommended": true,
      "query": "#repo!=\"xdr_*\"\n| #Vendor =~ in(values=[\"akamai\",\"aws\",\"cisco\",\"corelight\",\"extrahop\",\"fortinet\",\"microsoft\",\"nozomi\",\"paloalto\",\"zscaler\"])\n| #event.kind=\"event\" \n| array:contains(\"event.category[]\", value=\"network\")\n| network.transport=\"tcp\" destination.port=135\n| cidr(destination.ip, subnet=[\"10.0.0.0/8\", \"172.16.0.0/12\", \"192.168.0.0/16\"])\n| NOT cidr(source.ip, subnet=[\"127.0.0.0/8\", \"10.0.0.0/8\", \"172.16.0.0/12\", \"192.168.0.0/16\", \"::1\"])\n",
      "search_window_start": "-70m",
      "search_window_end": "-10m",
      "schedule": "1h",
      "author": "CrowdStrike",
      "sigma_author": "",
      "category": "",
      "license": "",
      "tactic": "TA0001",
      "technique": "T1190",
      "mitre_attack": [
       {
        "tactic_id": "TA0001",
        "technique_id": "T1190"
       }
      ],
      "vendor": "Akamai",
      "vendors": [
       "Akamai",
       "AWS",
       "Cisco",
       "Corelight",
       "ExtraHop",
       "Fortinet",
       "Microsoft",
       "Nozomi Networks",
       "Palo Alto Networks",
       "Zscaler"
      ],
      "product": "",
      "tags": "",
      "active": true,
      "source_url": "",
      "license_details": {
       "name": "",
       "url": ""
      },
      "outcome": "detection",
      "created_timestamp": "2023-11-23T00:00:00Z",
      "modified_timestamp": "2024-10-22T00:00:00Z"
     },
     {
      "id": "2846a0b8-5355-4996-b9be-0c3d9369bd6d",
      "name": "Generic - Network - Suspicious Outbound LDAP Connection",
      "description": "This rule identifies internal IP addresses making LDAP requests to external addresses that exist in CrowdStrike's Threat Intelligence Feed.\n",
      "origin": "CrowdStrike",
      "severity": 70,
      "recommended": true,
      "query": "#repo!=\"xdr_*\" \n| #Vendor =~ in(values=[\"akamai\",\"aws\",\"cisco\",\"corelight\",\"extrahop\",\"fortinet\",\"aruba\",\"microsoft\",\"netskope\",\"nozomi\",\"paloalto\",\"radware\",\"zscaler\"])\n| #event.kind=\"event\"\n| array:contains(array=\"event.category[]\", value=\"network\")\n| destination.port =~ in(values=[\"389\", \"636\", \"3268\"])\n| cidr(source.ip, subnet=[\"10.0.0.0/8\", \"172.16.0.0/12\", \"192.168.0.0/16\", \"fe80::/10\", \"169.254.0.0/16\"])\n| !cidr(destination.ip, subnet=[\"10.0.0.0/8\", \"172.16.0.0/12\", \"192.168.0.0/16\", \"fe80::/10\", \"169.254.0.0/16\"])\n| ioc:lookup(field=[destination.ip],type=\"ip_address\",confidenceThreshold=\"unverified\")\n| ioc.detected=\"true\"\n",
      "search_window_start": "-70m",
      "search_window_end": "-10m",
      "schedule": "1h",
      "author": "CrowdStrike",
      "sigma_author": "",
      "category": "",
      "license": "",
      "tactic": "TA0001",
      "technique": "T1190",
      "mitre_attack": [
       {
        "tactic_id": "TA0001",
        "technique_id": "T1190"
       }
      ],
      "vendor": "Akamai",
      "vendors": [
       "Akamai",
       "AWS",
       "Cisco",
       "Corelight",
       "ExtraHop",
       "Fortinet",
       "HPE Aruba Networking",
       "Microsoft",
       "Netskope",
       "Nozomi Networks",
       "Palo Alto Networks",
       "Radware",
       "Zscaler"
      ],
      "product": "",
      "tags": "",
      "active": true,
      "source_url": "",
      "license_details": {
       "name": "",
       "url": ""
      },
      "outcome": "detection",
      "created_timestamp": "2024-10-10T00:00:00Z",
      "modified_timestamp": "2024-10-22T00:00:00Z"
     },
     {
      "id": "232f01ce-0f80-4f56-aa69-1b003890d3e7",
      "name": "Generic - Web - URL IOC Match",
      "description": "This rule identifies web-related events where the URL is flagged by CrowdStrike's threat intelligence feed, which may indicate malicious activity. By default, the rule uses IOCs with a confidence level of 'high'. You can adjust the lowest level of confidence for IOCs to consider, as necessary.\n",
      "origin": "CrowdStrike",
      "severity": 70,
      "recommended": true,
      "query": "#repo!=xdr_*\n| #Vendor =~ in(values=[\"akamai\",\"cisco\",\"cloudflare\",\"extrahop\",\"aruba\",\"microsoft\",\"netskope\",\"nozomi\",\"paloalto\",\"pingidentity\",\"qualys\",\"radware\",\"zscaler\"])\n| #event.kind=\"event\"\n| array:contains(\"event.category[]\", value=\"network\")\n| case {\n    url.original=\"http*\" | ioc:lookup(url.original, type=\"url\", confidenceThreshold=high, strict=true);\n    url.full=\"http*\" | ioc:lookup(url.full, type=\"url\", confidenceThreshold=high, strict=true)\n}\n",
      "search_window_start": "-70m",
      "search_window_end": "-10m",
      "schedule": "1h",
      "author": "CrowdStrike",
      "sigma_author": "",
      "category": "",
      "license": "",
      "tactic": "TA0011",
      "technique": "T1071.001",
      "mitre_attack": [
       {
        "tactic_id": "TA0011",
        "technique_id": "T1071.001"
       }
      ],
      "vendor": "Akamai",
      "vendors": [
       "Akamai",
       "Cisco",
       "Cloudflare",
       "ExtraHop",
       "HPE Aruba Networking",
       "Microsoft",
       "Netskope",
       "Nozomi Networks",
       "Palo Alto Networks",
       "Ping Identity",
       "Qualys",
       "Radware",
       "Zscaler"
      ],
      "product": "",
      "tags": "",
      "active": true,
      "source_url": "",
      "license_details": {
       "name": "",
       "url": ""
      },
      "outcome": "detection",
      "created_timestamp": "2024-10-25T00:00:00Z",
      "modified_timestamp": "0001-01-01T00:00:00Z"
     },
     {
      "id": "98529df0-484d-47ce-9315-f1a1826e7d1f",
      "name": "Generic - Network - Potential DNS Tunneling via Randomized Subdomains",
      "description": "This rule detects potential DNS tunneling activity that uses randomized subdomains to exfiltrate data via DNS queries. The rule logic calculates the mean Shannon entropy, mean query length, and standard deviation of query length for each domain name. It triggers an alert when these measures exceed certain thresholds. To reduce false positives, it is recommended to adjust default thresholds based on the specifics of your environment. Additionally, since legitimate domains can also have high entropy, consider creating and using a lookup file to exclude known good domains.\n",
      "origin": "CrowdStrike",
      "severity": 30,
      "recommended": true,
      "query": "#repo!=\"xdr_*\"\n| in(#Vendor, values=[\"corelight\", \"extrahop\", \"fortinet\", \"vectra\", \"zscaler\"])\n| #event.kind=event \n| array:contains(\"event.category[]\", value=\"network\")\n| dns.question.name=*\n| coalesce([destination.port, server.port], as=destination_port)\n| destination_port=53 \n// Parse DNS query registered domain\n| top_ld := splitString(field=dns.question.name, by=\"\\\\.\", index=-1)\n| second_ld := splitString(field=dns.question.name, by=\"\\\\.\", index=-2)\n| third_ld := splitString(field=dns.question.name, by=\"\\\\.\", index=-3)\n| len_top_ld := length(top_ld)\n| len_second_ld := length(second_ld)\n| case {\n    len_top_ld\u003c=2 len_second_ld\u003c=3 second_ld=/^(gov|org|edu|com|net|co|mil|ac|info|or|gob|name|int|mi|pro|me|go|web|tv|sch|tm|sc|med|id|ne|coop|asso)$/ \n        | dns_query_registered_domain := format(format=\"%s.%s.%s\", field=[third_ld, second_ld, top_ld]);\n    * | dns_query_registered_domain := format(format=\"%s.%s\", field=[second_ld, top_ld]);\n}\n| drop([top_ld, second_ld, third_ld, len_top_ld, len_second_ld])\n// Uncomment the following line and replace 'known_good_domains.csv' with your actual lookup file name\n// | NOT match(file=\"known_good_domains.csv\", column=domain, field=dns_query_registered_domain, include=[])\n| dns_query_shannon_entropy := shannonEntropy(dns.question.name)\n| dns_query_length := length(dns.question.name)\n| groupBy([#Vendor, #event.module, dns_query_registered_domain], \n    function=[\n        avg(dns_query_shannon_entropy, as=avg_dns_query_shannon_entropy), \n        avg(dns_query_length, as=avg_dns_query_length), \n        stdDev(dns_query_length, as=st_dev_dns_query_length),\n        count(dns.question.name, distinct=true, as=distinct_dns_queries),\n        collect(dns.question.name, limit=50)\n    ]\n)\n// Fine-tuning may be done by adjusting default thresholds based on the environment and observed baseline.\n// Threshold explanations:\n// avg_dns_query_shannon_entropy\u003e4: Shannon entropy above 4 indicates high randomness, typical of encoded/encrypted data\n// avg_dns_query_length\u003e25: Average length over 25 characters suggests unusually long subdomains, common in data exfiltration\n// st_dev_dns_query_length\u003c2: Low standard deviation indicates consistent query lengths, often seen in automated tunneling\n// distinct_dns_queries\u003e50: More than 50 distinct queries to the same domain in the time window may indicate tunneling activity\n| avg_dns_query_shannon_entropy\u003e4 avg_dns_query_length\u003e25 st_dev_dns_query_length\u003c2 distinct_dns_queries\u003e50\n",
      "search_window_start": "-70m",
      "search_window_end": "-10m",
      "schedule": "1h",
      "author": "CrowdStrike",
      "sigma_author": "",
      "category": "",
      "license": "",
      "tactic": "TA0011",
      "technique": "T1071.004",
      "mitre_attack": [
       {
        "tactic_id": "TA0011",
        "technique_id": "T1071.004"
       }
      ],
      "vendor": "Corelight",
      "vendors": [
       "Corelight",
       "ExtraHop",
       "Fortinet",
       "Vectra AI",
       "Zscaler"
      ],
      "product": "",
      "tags": "",
      "active": true,
      "source_url": "",
      "license_details": {
       "name": "",
       "url": ""
      },
      "outcome": "detection",
      "created_timestamp": "2024-12-13T00:00:00Z",
      "modified_timestamp": "0001-01-01T00:00:00Z"
     },
     {
      "id": "7b572e89-685f-4fdb-bf8c-73b040d87e40",
      "name": "Generic - Network - IP Address IOC Match",
      "description": "This rule identifies network traffic involving suspicious IP addresses by using a lookup in CrowdStrike's database of IOCs. The rule considers IOCs with a confidence level of 'unverified' or higher. Note that the confidence level threshold can be adjusted as necessary. For more information about the ioc:lookup() function, see https://library.humio.com/data-analysis/functions-ioc-lookup.html.\n",
      "origin": "CrowdStrike",
      "severity": 50,
      "recommended": true,
      "query": "#repo!=\"xdr_*\"\n| #Vendor =~ in(values=[\"akamai\",\"arista\",\"aws\",\"cisco\",\"cloudflare\",\"corelight\",\"extrahop\",\"fortinet\",\"aruba\",\"linux\",\"microsoft\",\"netskope\",\"nozomi\",\"paloalto\",\"radware\",\"skyhigh\",\"vectra\",\"zscaler\"])\n| #event.kind=\"event\" \n| array:contains(array=\"event.category[]\", value=\"network\")\n| coalesce([source.ip, client.ip, related.ip, \"EMPTY\"], as=\"ip_coalesce_source\")\n| coalesce([destination.ip, server.ip, \"EMPTY\"], as=\"ip_coalesce_destination\")\n| case {\n    ip_coalesce_source!=\"EMPTY\"\n        | !cidr(ip_coalesce_source, subnet=[\"10.0.0.0/8\", \"172.16.0.0/12\", \"192.168.0.0/16\", \"127.0.0.0/8\"])\n        | case {\n            ip_coalesce_destination=\"EMPTY\";\n            cidr(ip_coalesce_destination, subnet=[\"10.0.0.0/8\", \"172.16.0.0/12\", \"192.168.0.0/16\", \"127.0.0.0/8\"]);\n        }\n        | ip_of_interest := ip_coalesce_source;\n    ip_coalesce_destination!=\"EMPTY\"\n      | !cidr(ip_coalesce_destination, subnet=[\"10.0.0.0/8\", \"172.16.0.0/12\", \"192.168.0.0/16\", \"127.0.0.0/8\"])\n      | case {\n          ip_coalesce_source=\"EMPTY\";\n            cidr(ip_coalesce_source, subnet=[\"10.0.0.0/8\", \"172.16.0.0/12\", \"192.168.0.0/16\", \"127.0.0.0/8\"]);\n        }\n        | ip_of_interest := ip_coalesce_destination;\n}\n| groupBy([ip_of_interest], function=collect([#Vendor,#event.module, ip_coalesce_source, ip_coalesce_destination]))\n| ioc:lookup(field=ip_of_interest, type=\"ip_address\", confidenceThreshold=\"unverified\", strict=\"true\")\n",
      "search_window_start": "-70m",
      "search_window_end": "-10m",
      "schedule": "1h",
      "author": "CrowdStrike",
      "sigma_author": "",
      "category": "",
      "license": "",
      "tactic": "",
      "technique": "",
      "mitre_attack": [],
      "vendor": "Akamai",
      "vendors": [
       "Akamai",
       "Arista Networks",
       "AWS",
       "Cisco",
       "Cloudflare",
       "Corelight",
       "ExtraHop",
       "Fortinet",
       "HPE Aruba Networking",
       "Linux",
       "Microsoft",
       "Netskope",
       "Nozomi Networks",
       "Palo Alto Networks",
       "Radware",
       "Skyhigh",
       "Vectra AI",
       "Zscaler"
      ],
      "product": "",
      "tags": "",
      "active": true,
      "source_url": "",
      "license_details": {
       "name": "",
       "url": ""
      },
      "outcome": "detection",
      "created_timestamp": "2024-10-25T00:00:00Z",
      "modified_timestamp": "0001-01-01T00:00:00Z"
     },
     {
      "id": "66068f97-ff8d-4262-bfdf-12637d98a481",
      "name": "Zscaler - ZIA - Firewall Filtering Rule Deleted",
      "description": "This rule detects when firewall filtering rules are deleted in the Zscaler Internet Access (ZIA) Admin Portal, which could indicate unauthorized removal of security controls or potential compromise. This high-risk change can create security gaps in network protection, potentially allow unauthorized traffic flows, and may indicate attempts to weaken security controls for malicious purposes.\n",
      "origin": "CrowdStrike",
      "severity": 70,
      "recommended": true,
      "query": "#Vendor=\"zscaler\" #event.module=\"zia\" #event.dataset=\"zia.audit\"\n   | #event.kind=\"event\" #event.outcome=\"success\"\n   | event.action=\"DELETE\"\n   | Vendor.category=\"FIREWALL_ACCESS_CONTROL\"\n   | Vendor.subcategory=\"FIREWALL_FILTERING\"\n",
      "search_window_start": "-70m",
      "search_window_end": "-10m",
      "schedule": "1h",
      "author": "CrowdStrike",
      "sigma_author": "",
      "category": "",
      "license": "",
      "tactic": "TA0005",
      "technique": "T1562.004",
      "mitre_attack": [
       {
        "tactic_id": "TA0005",
        "technique_id": "T1562.004"
       }
      ],
      "vendor": "Zscaler",
      "vendors": [
       "Zscaler"
      ],
      "product": "",
      "tags": "",
      "active": true,
      "source_url": "",
      "license_details": {
       "name": "",
       "url": ""
      },
      "outcome": "detection",
      "created_timestamp": "2025-03-04T00:00:00Z",
      "modified_timestamp": "0001-01-01T00:00:00Z"
     },
     {
      "id": "4a259ea6-9803-4df4-bc39-79085895b8f3",
      "name": "Zscaler - ZIA - Restore Point Deleted",
      "description": "This rule identifies when a restore point is deleted in the Zscaler Internet Access (ZIA) Admin Portal. Restore points serve as configuration snapshots that enable recovery to known-good states. Deletion of restore points could indicate an attempt to prevent system recovery following malicious configuration changes or could be part of a larger attack strategy to increase impact.\n",
      "origin": "CrowdStrike",
      "severity": 50,
      "recommended": true,
      "query": "#Vendor=\"zscaler\" #event.module=\"zia\" #event.dataset=\"zia.audit\"\n  | #event.kind=\"event\" #event.outcome=\"success\"\n  | Vendor.category=\"BACKUP_AND_RESTORE\"\n  | event.action=\"DELETE\"\n",
      "search_window_start": "-70m",
      "search_window_end": "-10m",
      "schedule": "1h",
      "author": "CrowdStrike",
      "sigma_author": "",
      "category": "",
      "license": "",
      "tactic": "TA0040",
      "technique": "T1490",
      "mitre_attack": [
       {
        "tactic_id": "TA0040",
        "technique_id": "T1490"
       }
      ],
      "vendor": "Zscaler",
      "vendors": [
       "Zscaler"
      ],
      "product": "",
      "tags": "",
      "active": true,
      "source_url": "",
      "license_details": {
       "name": "",
       "url": ""
      },
      "outcome": "detection",
      "created_timestamp": "2025-03-06T00:00:00Z",
      "modified_timestamp": "0001-01-01T00:00:00Z"
     },
     {
      "id": "68f90a78-9423-446a-b611-9c160a46ee0d",
      "name": "Generic - Network - VNC Traffic from the Internet",
      "description": "Identifies network events associated with VNC (Virtual Network Computing) traffic from the Internet. The VNC related network activity can raise suspicions of intrusion, as adversaries often exploit insecure VNC configurations for initial access.\n",
      "origin": "CrowdStrike",
      "severity": 70,
      "recommended": true,
      "query": "#repo!=\"xdr_*\"\n| #Vendor =~ in(values=[\"akamai\", \"aws\", \"cisco\", \"corelight\", \"extrahop\", \"fortinet\", \"microsoft\", \"nozomi\", \"paloalto\", \"zscaler\"])\n| #event.kind=\"event\" | array:contains(\"event.category[]\", value=\"network\")\n| network.transport=\"tcp\" (destination.port\u003e=5800 destination.port\u003c=5810) OR (destination.port\u003e=5900 destination.port\u003c=5910)\n| cidr(destination.ip, subnet=[\"10.0.0.0/8\", \"172.16.0.0/12\", \"192.168.0.0/16\"])\n| NOT cidr(source.ip, subnet=[\"127.0.0.0/8\", \"10.0.0.0/8\", \"172.16.0.0/12\", \"192.168.0.0/16\", \"::1\"])\n",
      "search_window_start": "-70m",
      "search_window_end": "-10m",
      "schedule": "1h",
      "author": "CrowdStrike",
      "sigma_author": "",
      "category": "",
      "license": "",
      "tactic": "TA0011",
      "technique": "T1219",
      "mitre_attack": [
       {
        "tactic_id": "TA0011",
        "technique_id": "T1219"
       }
      ],
      "vendor": "Corelight",
      "vendors": [
       "Akamai",
       "AWS",
       "Cisco",
       "Corelight",
       "ExtraHop",
       "Fortinet",
       "Microsoft",
       "Nozomi Networks",
       "Palo Alto Networks",
       "Zscaler"
      ],
      "product": "",
      "tags": "",
      "active": true,
      "source_url": "",
      "license_details": {
       "name": "",
       "url": ""
      },
      "outcome": "detection",
      "created_timestamp": "2023-11-23T00:00:00Z",
      "modified_timestamp": "2024-10-22T00:00:00Z"
     },
     {
      "id": "93e87775-8b6f-4065-91fa-df6080dc5733",
      "name": "Generic - Network - Domains with a Large Number of Subdomain DNS Queries",
      "description": "This rule detects possible signs of data exfiltration or Domain Generation Algorithm (DGA) activity by identifying domains with a large number of subdomain DNS queries. It generates an alert when the number of subdomain DNS queries and the mean query length for a domain exceed certain thresholds. To reduce false positives, it is recommended to adjust default thresholds based on the specifics of your environment. Additionally, since legitimate domains can also present the same pattern, consider creating and using a lookup file to exclude known good domains.\n",
      "origin": "CrowdStrike",
      "severity": 30,
      "recommended": true,
      "query": "#repo!=\"xdr_*\"\n| in(#Vendor, values=[\"corelight\", \"extrahop\", \"fortinet\", \"vectra\", \"zscaler\"])\n| #event.kind=event \n| array:contains(\"event.category[]\", value=\"network\")\n| dns.question.name=*\n| coalesce([destination.port, server.port], as=destination_port)\n| destination_port=53 \n// Parse DNS query registered domain\n| top_ld := splitString(field=dns.question.name, by=\"\\\\.\", index=-1)\n| second_ld := splitString(field=dns.question.name, by=\"\\\\.\", index=-2)\n| third_ld := splitString(field=dns.question.name, by=\"\\\\.\", index=-3)\n| len_top_ld := length(top_ld)\n| len_second_ld := length(second_ld)\n| case {\n    len_top_ld\u003c=2 len_second_ld\u003c=3 second_ld=/^(gov|org|edu|com|net|co|mil|ac|info|or|gob|name|int|mi|pro|me|go|web|tv|sch|tm|sc|med|id|ne|coop|asso)$/ \n        | dns_query_registered_domain := format(format=\"%s.%s.%s\", field=[third_ld, second_ld, top_ld]);\n    * | dns_query_registered_domain := format(format=\"%s.%s\", field=[second_ld, top_ld]);\n}\n| drop([top_ld, second_ld, third_ld, len_top_ld, len_second_ld])\n// Uncomment the following line and replace 'known_good_domains.csv' with your actual lookup file name\n// | NOT match(file=\"known_good_domains.csv\", column=domain, field=dns_query_registered_domain, include=[])\n| dns_query_length := length(dns.question.name)\n| groupBy([#Vendor, #event.module, dns_query_registered_domain], \n    function=[\n        avg(dns_query_length, as=avg_dns_query_length), \n        count(field=dns.question.name, as=subdomains_per_domain, distinct=true), \n        collect(dns.question.name, limit=50)\n    ]\n)\n// Fine-tuning may be done by adjusting default thresholds based on the environment and observed baseline.\n// Threshold explanations:\n// subdomains_per_domain\u003e100: More than 100 subdomains per domain in the time window may indicate DNS tunneling activity\n// avg_dns_query_length\u003e25: Average length over 25 characters suggests unusually long subdomains, common in data exfiltration\n| subdomains_per_domain\u003e100 avg_dns_query_length\u003e25\n",
      "search_window_start": "-70m",
      "search_window_end": "-10m",
      "schedule": "1h",
      "author": "CrowdStrike",
      "sigma_author": "",
      "category": "",
      "license": "",
      "tactic": "TA0011",
      "technique": "T1071.004",
      "mitre_attack": [
       {
        "tactic_id": "TA0011",
        "technique_id": "T1071.004"
       }
      ],
      "vendor": "Corelight",
      "vendors": [
       "Corelight",
       "ExtraHop",
       "Fortinet",
       "Vectra AI",
       "Zscaler"
      ],
      "product": "",
      "tags": "",
      "active": true,
      "source_url": "",
      "license_details": {
       "name": "",
       "url": ""
      },
      "outcome": "detection",
      "created_timestamp": "2024-12-16T00:00:00Z",
      "modified_timestamp": "0001-01-01T00:00:00Z"
     },
     {
      "id": "19c539ee-8336-4116-87ff-38f4d020c846",
      "name": "Generic - Network - Outbound Connection to Metasploit Default Port",
      "description": "This rule detects outbound traffic towards an external IP address on port 4444, which is commonly associated with Metasploit shells, indicating potential malicious activity. By default, this rule will fire when there are at least 10 events observed to the same destination IP address.\n",
      "origin": "CrowdStrike",
      "severity": 50,
      "recommended": true,
      "query": "#repo!=\"xdr_*\" \n| #Vendor =~ in(values=[\"akamai\",\"aws\",\"cisco\",\"corelight\",\"extrahop\",\"fortinet\",\"aruba\",\"microsoft\",\"netskope\",\"nozomi\",\"paloalto\",\"radware\",\"zscaler\"])\n| #event.kind=\"event\"\n| array:contains(array=\"event.category[]\", value=\"network\")\n| destination.port=4444\n| !cidr(destination.ip, subnet=[\"10.0.0.0/8\", \"172.16.0.0/12\", \"192.168.0.0/16\", \"fe80::/10\", \"169.254.0.0/16\"])\n| cidr(source.ip, subnet=[\"10.0.0.0/8\", \"172.16.0.0/12\", \"192.168.0.0/16\", \"fe80::/10\", \"169.254.0.0/16\"]) \n| ipLocation(destination.ip)\n| asn(destination.ip)\n| groupBy([destination.ip], function=[collect([destination.ip.org, destination.ip.country, destination.ip.city, event.action, source.ip, destination.port, network.protocol]), count(destination.ip, distinct=false, as=number_of_requests)])\n| number_of_requests\u003e10 \n",
      "search_window_start": "-70m",
      "search_window_end": "-10m",
      "schedule": "1h",
      "author": "CrowdStrike",
      "sigma_author": "",
      "category": "",
      "license": "",
      "tactic": "TA0011",
      "technique": "T1071",
      "mitre_attack": [
       {
        "tactic_id": "TA0011",
        "technique_id": "T1071"
       }
      ],
      "vendor": "Akamai",
      "vendors": [
       "Akamai",
       "AWS",
       "Cisco",
       "Corelight",
       "ExtraHop",
       "Fortinet",
       "HPE Aruba Networking",
       "Microsoft",
       "Nozomi Networks",
       "Palo Alto Networks",
       "Radware",
       "Zscaler"
      ],
      "product": "",
      "tags": "",
      "active": true,
      "source_url": "",
      "license_details": {
       "name": "",
       "url": ""
      },
      "outcome": "detection",
      "created_timestamp": "2024-10-07T00:00:00Z",
      "modified_timestamp": "2024-10-22T00:00:00Z"
     },
     {
      "id": "36f6e80d-925f-4160-8d4c-042e6973df4d",
      "name": "Generic - Network - Mass SMB Connections to External IP Addresses",
      "description": "This rule detects a single host establishing an abnormally high number of Server Message Block (SMB) connections to external IP addresses within a short period, potentially indicating a compromised host engaged in reconnaissance for lateral movement. By default the alerting threshold for total unique number of IP addresses is set to 1000. \n",
      "origin": "CrowdStrike",
      "severity": 70,
      "recommended": true,
      "query": "#repo!=\"xdr_*\"   \n| #Vendor =~ in(values=[\"akamai\",\"aws\",\"cisco\",\"corelight\",\"extrahop\",\"fortinet\",\"aruba\",\"microsoft\",\"netskope\",\"nozomi\",\"paloalto\",\"radware\",\"zscaler\"])\n| #event.kind=\"event\"\n| array:contains(array=\"event.category[]\", value=\"network\")\n| destination.port =~ in(values=[\"445\",\"135\"])\n| cidr(source.ip, subnet=[\"10.0.0.0/8\", \"172.16.0.0/12\", \"192.168.0.0/16\", \"fe80::/10\", \"169.254.0.0/16\"])\n| !cidr(destination.ip, subnet=[\"10.0.0.0/8\", \"172.16.0.0/12\", \"192.168.0.0/16\", \"fe80::/10\", \"169.254.0.0/16\"])\n| groupBy([source.ip], function=[count(destination.ip, distinct=true, as=dest_ip_count), collect([destination.port])])\n| dest_ip_count\u003e=1000 \n",
      "search_window_start": "-70m",
      "search_window_end": "-10m",
      "schedule": "1h",
      "author": "CrowdStrike",
      "sigma_author": "",
      "category": "",
      "license": "",
      "tactic": "TA0008",
      "technique": "T1021.002",
      "mitre_attack": [
       {
        "tactic_id": "TA0008",
        "technique_id": "T1021.002"
       }
      ],
      "vendor": "Akamai",
      "vendors": [
       "Akamai",
       "AWS",
       "Cisco",
       "Corelight",
       "ExtraHop",
       "Fortinet",
       "HPE Aruba Networking",
       "Microsoft",
       "Netskope",
       "Nozomi Networks",
       "Palo Alto Networks",
       "Radware",
       "Zscaler"
      ],
      "product": "",
      "tags": "",
      "active": true,
      "source_url": "",
      "license_details": {
       "name": "",
       "url": ""
      },
      "outcome": "detection",
      "created_timestamp": "2024-10-08T00:00:00Z",
      "modified_timestamp": "2024-10-22T00:00:00Z"
     },
     {
      "id": "eed1f5bf-da7d-4ea4-b02a-9cbfbd243904",
      "name": "Generic - Network - Mass SMB Connections to Internal IP Addresses",
      "description": "This rule detects a single host establishing an abnormally high number of Server Message Block (SMB) connections within a short period, potentially indicating a compromised host engaged in reconnaissance for lateral movement. By default the alerting threshold for total unique number of IP addresses is set to 1000. \n",
      "origin": "CrowdStrike",
      "severity": 50,
      "recommended": true,
      "query": "#repo!=\"xdr_*\"   \n| #Vendor =~ in(values=[\"akamai\",\"aws\",\"cisco\",\"corelight\",\"extrahop\",\"fortinet\",\"aruba\",\"microsoft\",\"netskope\",\"nozomi\",\"paloalto\",\"radware\",\"zscaler\"])\n| #event.kind=\"event\"\n| array:contains(array=\"event.category[]\", value=\"network\")\n| destination.port =~ in(values=[\"445\",\"135\"])\n| cidr(source.ip, subnet=[\"10.0.0.0/8\", \"172.16.0.0/12\", \"192.168.0.0/16\", \"fe80::/10\", \"169.254.0.0/16\"])\n| cidr(destination.ip, subnet=[\"10.0.0.0/8\", \"172.16.0.0/12\", \"192.168.0.0/16\", \"fe80::/10\", \"169.254.0.0/16\"])\n| groupBy([source.ip], function=[count(destination.ip, distinct=true, as=dest_ip_count), collect([destination.port])])\n| dest_ip_count\u003e=1000\n",
      "search_window_start": "-70m",
      "search_window_end": "-10m",
      "schedule": "1h",
      "author": "CrowdStrike",
      "sigma_author": "",
      "category": "",
      "license": "",
      "tactic": "TA0008",
      "technique": "T1021.002",
      "mitre_attack": [
       {
        "tactic_id": "TA0008",
        "technique_id": "T1021.002"
       }
      ],
      "vendor": "Akamai",
      "vendors": [
       "Akamai",
       "AWS",
       "Cisco",
       "Corelight",
       "ExtraHop",
       "Fortinet",
       "HPE Aruba Networking",
       "Microsoft",
       "Netskope",
       "Nozomi Networks",
       "Palo Alto Networks",
       "Radware",
       "Zscaler"
      ],
      "product": "",
      "tags": "",
      "active": true,
      "source_url": "",
      "license_details": {
       "name": "",
       "url": ""
      },
      "outcome": "detection",
      "created_timestamp": "2024-10-08T00:00:00Z",
      "modified_timestamp": "2024-10-22T00:00:00Z"
     },
     {
      "id": "3c33dafe-6d66-4c7e-8241-dc839d1d10d4",
      "name": "Generic - Network - Internal Host Discovery Scan",
      "description": "This rule identifies host discovery scans. In this type of scan, an adversary is interested in a large number of IP address, but a limited number of ports.\nThe following thresholds can be adjusted to better reflect network activity in the target environment.\ndc_ips: total number of IP addresses\ndc_ports: total number of scanned ports.\n",
      "origin": "CrowdStrike",
      "severity": 50,
      "recommended": true,
      "query": "#repo!=\"xdr_*\" #event.kind=\"event\"\n| #Vendor =~ in(values=[\"aws\",\"cisco\",\"corelight\",\"extrahop\",\"fortinet\",\"microsoft\",\"nozomi\",\"paloalto\",\"zscaler\"])\n| array:contains(array=\"event.category[]\", value=\"network\")\n| network.transport=/tcp|udp/ OR network.iana_number=6 OR network.iana_number=17\n| case {\n    test(source.port\u003edestination.port) | destination.port\u003c20000 | scanned_port := destination.port | scanned_ip := destination.ip | scan_source_ip := source.ip;\n    test(source.port\u003cdestination.port) | source.port\u003c20000 | scanned_port := source.port | scanned_ip := source.ip | scan_source_ip := destination.ip;\n    test(source.port==destination.port) | destination.port\u003c20000 | scanned_port := destination.port | scanned_ip := destination.ip | scan_source_ip := source.ip;\n}\n| cidr(source.ip, subnet=[\"10.0.0.0/8\", \"172.16.0.0/12\", \"192.168.0.0/16\", \"fe80::/10\", \"169.254.0.0/16\"])\n| cidr(destination.ip, subnet=[\"10.0.0.0/8\", \"172.16.0.0/12\", \"192.168.0.0/16\", \"fe80::/10\", \"169.254.0.0/16\"])\n| groupBy(field=[#Vendor,#event.module,#type,scan_source_ip], function=[count(scanned_port, distinct=true, as=dc_ports),count(scanned_ip, distinct=true, as=\"dc_ips\"), collect([scanned_port])])\n// Adjust thresholds below as appropriate for your environment.\n| dc_ips\u003e=20 dc_ports\u003c=5\n\n// Exclusions\n// Exclude known scanners below\n// scan_source_ip =~ !in(values=[\"1.2.3.4\"]) \n",
      "search_window_start": "-70m",
      "search_window_end": "-10m",
      "schedule": "1h",
      "author": "CrowdStrike",
      "sigma_author": "",
      "category": "",
      "license": "",
      "tactic": "TA0007",
      "technique": "T1046",
      "mitre_attack": [
       {
        "tactic_id": "TA0007",
        "technique_id": "T1046"
       }
      ],
      "vendor": "AWS",
      "vendors": [
       "AWS",
       "Cisco",
       "Corelight",
       "ExtraHop",
       "Fortinet",
       "Microsoft",
       "Nozomi Networks",
       "Palo Alto Networks",
       "Zscaler"
      ],
      "product": "",
      "tags": "",
      "active": true,
      "source_url": "",
      "license_details": {
       "name": "",
       "url": ""
      },
      "outcome": "detection",
      "created_timestamp": "2024-10-18T00:00:00Z",
      "modified_timestamp": "0001-01-01T00:00:00Z"
     },
     {
      "id": "f99d1629-0933-480a-b944-c87b862314d1",
      "name": "Zscaler - ZIA - Remote Assistance Enabled",
      "description": "Detects when Remote Assistance is enabled on the native console of the Zscaler ZIA Admin Portal, potentially indicating a security risk or unauthorized remote access.\n",
      "origin": "CrowdStrike",
      "severity": 50,
      "recommended": true,
      "query": "#repo=\"zscaler\" #Vendor=\"zscaler\" #event.module=\"zia\"\n| #event.kind=\"event\" event.action=\"UPDATE\"\n| #event.outcome=\"success\"\n| Vendor.category=\"HELP\"\n| Vendor.subcategory=\"REMOTE_ASSISTANCE\"\n| Vendor.postaction.fullAccessUntil\u003e0 OR Vendor.postaction.viewOnlyUntil\u003e0\n",
      "search_window_start": "-70m",
      "search_window_end": "-10m",
      "schedule": "1h",
      "author": "CrowdStrike",
      "sigma_author": "",
      "category": "",
      "license": "",
      "tactic": "TA0003",
      "technique": "T1133",
      "mitre_attack": [
       {
        "tactic_id": "TA0003",
        "technique_id": "T1133"
       }
      ],
      "vendor": "Zscaler",
      "vendors": [
       "Zscaler"
      ],
      "product": "",
      "tags": "",
      "active": true,
      "source_url": "",
      "license_details": {
       "name": "",
       "url": ""
      },
      "outcome": "detection",
      "created_timestamp": "2025-02-20T00:00:00Z",
      "modified_timestamp": "0001-01-01T00:00:00Z"
     },
     {
      "id": "54f596f9-65cd-497a-95f3-bb7878ce28f1",
      "name": "Zscaler - ZIA - Super Admin Account Created",
      "description": "Detects when a super user account is created on the native console of the Zscaler ZIA Admin Portal, potentially indicating a security risk or unauthorized access.\n",
      "origin": "CrowdStrike",
      "severity": 50,
      "recommended": true,
      "query": "#Vendor=\"zscaler\" #event.module=\"zia\"\n| #event.kind=\"event\" event.action=\"CREATE\"\n| #event.outcome=\"success\"\n| Vendor.preaction.role.name=\"Super Admin\"\n",
      "search_window_start": "-70m",
      "search_window_end": "-10m",
      "schedule": "1h",
      "author": "CrowdStrike",
      "sigma_author": "",
      "category": "",
      "license": "",
      "tactic": "TA0003",
      "technique": "T1136",
      "mitre_attack": [
       {
        "tactic_id": "TA0003",
        "technique_id": "T1136"
       }
      ],
      "vendor": "Zscaler",
      "vendors": [
       "Zscaler"
      ],
      "product": "",
      "tags": "",
      "active": true,
      "source_url": "",
      "license_details": {
       "name": "",
       "url": ""
      },
      "outcome": "detection",
      "created_timestamp": "2025-02-19T00:00:00Z",
      "modified_timestamp": "0001-01-01T00:00:00Z"
     },
     {
      "id": "81971bdb-f25b-4fa7-8b3c-6894f465ca12",
      "name": "Zscaler - ZIA - Security Control Disabled in Advanced Threat Protection Policy",
      "description": "This detection identifies when an administrator modifies any Advanced Threat Protection policy in Zscaler Internet Access (ZIA) to allow potentially malicious traffic. This includes dangerous changes to multiple protection policies such as Command and Control, Phishing Sites, Browser Exploits, Malicious Content, Spyware, Cryptomining, Tor Traffic, BitTorrent, and Anonymizers. Such high-risk modifications deliberately weaken security controls and could indicate compromised admin credentials or malicious insider activity attempting to facilitate various attack vectors including data exfiltration, malware distribution, or establishment of covert communication channels.\n",
      "origin": "CrowdStrike",
      "severity": 70,
      "recommended": true,
      "query": "#Vendor=\"zscaler\" #event.module=\"zia\" #event.dataset=\"zia.audit\" \n | #event.kind=\"event\" #event.outcome=\"success\"\n | Vendor.category=\"WEB_SECURITY\"\n | Vendor.subcategory=\"ATP_POLICY\"\n | case {\n     Vendor.postaction.browserExploitsBlocked=\"false\" Vendor.preaction.browserExploitsBlocked=\"true\";\n     Vendor.postaction.activeXBlocked=\"false\" Vendor.preaction.activeXBlocked=\"true\";\n     Vendor.postaction.adSpywareSitesBlocked=\"false\" Vendor.preaction.adSpywareSitesBlocked=\"true\";\n     Vendor.postaction.anonymizerBlocked=\"false\" Vendor.preaction.anonymizerBlocked=\"true\";\n     Vendor.postaction.bitTorrentBlocked=\"false\" Vendor.preaction.bitTorrentBlocked=\"true\";\n     Vendor.postaction.cmdCtlServerBlocked=\"false\" Vendor.preaction.cmdCtlServerBlocked=\"true\";\n     Vendor.postaction.cmdCtlTrafficBlocked=\"false\" Vendor.preaction.cmdCtlTrafficBlocked=\"true\";\n     Vendor.postaction.cookieStealingBlocked=\"false\" Vendor.preaction.cookieStealingBlocked=\"true\";\n     Vendor.postaction.cryptoMiningBlocked=\"false\" Vendor.preaction.cryptoMiningBlocked=\"true\";\n     Vendor.postaction.dgaDomainsBlocked=\"false\" Vendor.preaction.dgaDomainsBlocked=\"true\";\n     Vendor.postaction.fileFormatVunerabilitesBlocked=\"false\" Vendor.preaction.fileFormatVunerabilitesBlocked=\"true\";\n     Vendor.postaction.googleTalkBlocked=\"false\" Vendor.preaction.googleTalkBlocked=\"true\";\n     Vendor.postaction.ircTunnellingBlocked=\"false\" Vendor.preaction.ircTunnellingBlocked=\"true\";\n     Vendor.postaction.sshTunnellingBlocked=\"false\" Vendor.preaction.sshTunnellingBlocked=\"true\";\n     Vendor.postaction.knownPhishingSitesBlocked=\"false\" Vendor.preaction.knownPhishingSitesBlocked=\"true\";\n     Vendor.postaction.malwareSitesBlocked=\"false\" Vendor.preaction.malwareSitesBlocked=\"true\";\n     Vendor.postaction.potentialMaliciousRequestsBlocked=\"false\" Vendor.preaction.potentialMaliciousRequestsBlocked=\"true\";\n     Vendor.postaction.suspectAdwareSpywareSitesBlocked=\"false\" Vendor.preaction.suspectAdwareSpywareSitesBlocked=\"true\";\n     Vendor.postaction.torBlocked=\"false\" Vendor.preaction.torBlocked=\"true\";\n     Vendor.postaction.suspectedPhishingSitesBlocked=\"false\" Vendor.preaction.suspectedPhishingSitesBlocked=\"true\";\n     Vendor.postaction.webspamBlocked=\"false\" Vendor.preaction.webspamBlocked=\"true\";\n }\n",
      "search_window_start": "-70m",
      "search_window_end": "-10m",
      "schedule": "1h",
      "author": "CrowdStrike",
      "sigma_author": "",
      "category": "",
      "license": "",
      "tactic": "TA0005",
      "technique": "T1562.001",
      "mitre_attack": [
       {
        "tactic_id": "TA0005",
        "technique_id": "T1562.001"
       }
      ],
      "vendor": "Zscaler",
      "vendors": [
       "Zscaler"
      ],
      "product": "",
      "tags": "",
      "active": true,
      "source_url": "",
      "license_details": {
       "name": "",
       "url": ""
      },
      "outcome": "detection",
      "created_timestamp": "2025-03-12T00:00:00Z",
      "modified_timestamp": "0001-01-01T00:00:00Z"
     },
     {
      "id": "f4f70b7e-c4c8-48f0-8f3b-7ca94ef90e88",
      "name": "Zscaler - ZIA - Admin Access from External IP Address",
      "description": "This rule detects access to the Zscaler Internet Access (ZIA) management Admin Portal from public IP addresses, which may indicate unauthorized or unexpected access attempts.\nDesigned for environments where management connections are typically restricted to internal networks (RFC1918 IP space), this detection alerts security teams when the management interface is accessed from outside the expected network enclave.\nThis security rule is particularly useful for organizations that have specific business policies requiring Zscaler Internet Access (ZIA) management to be conducted only from managed endpoints or predetermined Autonomous System Numbers (ASNs). It aligns with best practices for SaaS product security management.\nBy monitoring and flagging potentially anomalous connection attempts, the rule helps maintain the security posture of the ZIA management environment. This allows for prompt investigation of any access that deviates from established security protocols, enhancing overall protection of the ZIA administration interface.\n",
      "origin": "CrowdStrike",
      "severity": 70,
      "recommended": true,
      "query": "#Vendor=\"zscaler\" #event.module=\"zia\" #event.dataset=\"zia.audit\"\n| #event.kind=\"event\" #event.outcome=\"success\"\n| Vendor.category=\"LOGIN\"\n| asn(source.ip)\n// If certain IPs are allowed those can be excluded below by adding them in CIDR form Example: \"1.2.3.4/32\"\n| !cidr(source.ip, subnet=[\"10.0.0.0/8\", \"172.16.0.0/12\", \"192.168.0.0/16\"])\n// If access is permitted from certain ASNs these can be excluded here.\n//| source.ip.org =~ !in(values=[\"ASN\"])\n",
      "search_window_start": "-70m",
      "search_window_end": "-10m",
      "schedule": "1h",
      "author": "CrowdStrike",
      "sigma_author": "",
      "category": "",
      "license": "",
      "tactic": "TA0003",
      "technique": "T1078",
      "mitre_attack": [
       {
        "tactic_id": "TA0003",
        "technique_id": "T1078"
       }
      ],
      "vendor": "Zscaler",
      "vendors": [
       "Zscaler"
      ],
      "product": "",
      "tags": "",
      "active": true,
      "source_url": "",
      "license_details": {
       "name": "",
       "url": ""
      },
      "outcome": "detection",
      "created_timestamp": "2025-02-23T00:00:00Z",
      "modified_timestamp": "0001-01-01T00:00:00Z"
     },
     {
      "id": "7be3288a-31ad-4e3a-8e44-c6efcd2784ee",
      "name": "Zscaler - ZIA - Admin User Disabled",
      "description": "This rule detects the disabling of administrator accounts in the Zscaler Internet Access (ZIA) Admin Portal. Such activity could indicate unauthorized administrative changes or potential malicious attempts to disrupt portal access and administrative control.\n",
      "origin": "CrowdStrike",
      "severity": 50,
      "recommended": true,
      "query": "#Vendor=\"zscaler\" #event.module=\"zia\" #event.dataset=\"zia.audit\"\n| #event.kind=\"event\" #event.outcome=\"success\"\n| Vendor.category=\"ADMINISTRATOR_MANAGEMENT\"\n| Vendor.preaction.disabled=\"false\"\n| Vendor.postaction.disabled=\"true\"    \n",
      "search_window_start": "-70m",
      "search_window_end": "-10m",
      "schedule": "1h",
      "author": "CrowdStrike",
      "sigma_author": "",
      "category": "",
      "license": "",
      "tactic": "TA0040",
      "technique": "T1531",
      "mitre_attack": [
       {
        "tactic_id": "TA0040",
        "technique_id": "T1531"
       }
      ],
      "vendor": "Zscaler",
      "vendors": [
       "Zscaler"
      ],
      "product": "",
      "tags": "",
      "active": true,
      "source_url": "",
      "license_details": {
       "name": "",
       "url": ""
      },
      "outcome": "detection",
      "created_timestamp": "2025-03-02T00:00:00Z",
      "modified_timestamp": "0001-01-01T00:00:00Z"
     },
     {
      "id": "ae5f3dd7-4bec-4592-80d7-19611bc316f2",
      "name": "Zscaler - ZIA - Identity Provider Removed",
      "description": "This rule detects when an Identity Provider (IdP) is removed from the Zscaler Internet Access (ZIA) Admin Portal, which could indicate unauthorized modifications to authentication configurations or potential compromise of administrative access.\nThis high-risk event can significantly impact user authentication mechanisms, potentially disrupt access to cloud services, and may be indicative of malicious activity aimed at weakening organizational security controls.\n",
      "origin": "CrowdStrike",
      "severity": 70,
      "recommended": true,
      "query": "#Vendor=\"zscaler\" #event.module=\"zia\" #event.dataset=\"zia.audit\"\n  | #event.kind=\"event\" #event.outcome=\"success\"\n  | Vendor.category=\"AUTHENTICATION_SETTINGS\"\n  | Vendor.subcategory=\"IDENTITY_PROVIDERS\"\n  | event.action=\"DELETE\"\n",
      "search_window_start": "-70m",
      "search_window_end": "-10m",
      "schedule": "1h",
      "author": "CrowdStrike",
      "sigma_author": "",
      "category": "",
      "license": "",
      "tactic": "TA0005",
      "technique": "T1484.002",
      "mitre_attack": [
       {
        "tactic_id": "TA0005",
        "technique_id": "T1484.002"
       }
      ],
      "vendor": "Zscaler",
      "vendors": [
       "Zscaler"
      ],
      "product": "",
      "tags": "",
      "active": true,
      "source_url": "",
      "license_details": {
       "name": "",
       "url": ""
      },
      "outcome": "detection",
      "created_timestamp": "2025-03-03T00:00:00Z",
      "modified_timestamp": "0001-01-01T00:00:00Z"
     },
     {
      "id": "fa12a7b7-ea15-4437-92d5-19467937cd78",
      "name": "Zscaler - ZIA - NAT Control Policy Deleted",
      "description": "This rule identifies when a Network Address Translation (NAT) control policy has been deleted in the Zscaler Internet Access (ZIA) Admin Portal. The deletion of NAT policies could indicate unauthorized changes to network security controls or potential malicious activity attempting to expose internal network information.\n",
      "origin": "CrowdStrike",
      "severity": 70,
      "recommended": true,
      "query": "#Vendor=\"zscaler\" #event.module=\"zia\" #event.dataset=\"zia.audit\"\n  | #event.kind=\"event\" #event.outcome=\"success\"\n  | event.action=\"DELETE\"\n  | Vendor.category=\"FIREWALL_ACCESS_CONTROL\"\n  | Vendor.subcategory=\"NAT\"\n",
      "search_window_start": "-70m",
      "search_window_end": "-10m",
      "schedule": "1h",
      "author": "CrowdStrike",
      "sigma_author": "",
      "category": "",
      "license": "",
      "tactic": "TA0005",
      "technique": "T1562.004",
      "mitre_attack": [
       {
        "tactic_id": "TA0005",
        "technique_id": "T1562.004"
       }
      ],
      "vendor": "Zscaler",
      "vendors": [
       "Zscaler"
      ],
      "product": "",
      "tags": "",
      "active": true,
      "source_url": "",
      "license_details": {
       "name": "",
       "url": ""
      },
      "outcome": "detection",
      "created_timestamp": "2025-03-05T00:00:00Z",
      "modified_timestamp": "0001-01-01T00:00:00Z"
     },
     {
      "id": "78aa6d8e-4951-4ec6-a089-93d7bd37e169",
      "name": "Zscaler - ZIA - Admin Role Changed",
      "description": "This rule detects changes to administrative roles in the Zscaler Internet Access (ZIA) Admin Portal, which could indicate unauthorized privilege escalation, account compromise, or insider threats.\n",
      "origin": "CrowdStrike",
      "severity": 50,
      "recommended": true,
      "query": "#Vendor=\"zscaler\" #event.module=\"zia\" #event.dataset=\"zia.audit\"\n| #event.kind=\"event\" #event.outcome=\"success\"\n| event.action=\"UPDATE\"\n| Vendor.postaction.role.name=*\n| test(Vendor.postaction.role.name!=Vendor.preaction.role.name)\n",
      "search_window_start": "-70m",
      "search_window_end": "-10m",
      "schedule": "1h",
      "author": "CrowdStrike",
      "sigma_author": "",
      "category": "",
      "license": "",
      "tactic": "TA0003",
      "technique": "T1098.003",
      "mitre_attack": [
       {
        "tactic_id": "TA0003",
        "technique_id": "T1098.003"
       }
      ],
      "vendor": "Zscaler",
      "vendors": [
       "Zscaler"
      ],
      "product": "",
      "tags": "",
      "active": true,
      "source_url": "",
      "license_details": {
       "name": "",
       "url": ""
      },
      "outcome": "detection",
      "created_timestamp": "2025-02-25T00:00:00Z",
      "modified_timestamp": "0001-01-01T00:00:00Z"
     },
     {
      "id": "a4ba102a-d164-4fd5-b9ac-79bb287e1fae",
      "name": "Generic - Web - HTTP Request With a Suspicious User Agent",
      "description": "This rule identifies a web request that was made with a suspicious user agent. \nIt focuses on detecting user agents commonly associated with Scripting activities, Cryptocurrency mining operations, Obfuscation techniques and other potentially malicious or unauthorized automated activities\n",
      "origin": "CrowdStrike",
      "severity": 50,
      "recommended": true,
      "query": "#Vendor=\"akamai\" OR #Vendor=\"aws\" OR #Vendor=\"cisco\" OR #Vendor=\"cloudflare\" OR #Vendor=\"corelight\" OR #Vendor=\"extrahop\" OR #Vendor=\"f5networks\" OR #Vendor=\"fortinet\" OR #Vendor=\"microsoft\" OR #Vendor=\"netskope\" OR #Vendor=\"okta\" OR #Vendor=\"paloalto\" OR #Vendor=\"proofpoint\" OR #Vendor=\"zscaler\"\n| #event.kind=\"event\"\n| match(file=\"falcon/ngsiem-content/suspicious_user_agents.csv\",field=user_agent.original,column=user_agent.original)\n// Exclude domains which are known vulnerability scanners or may cause false positives\n//| url.original =~ !in(values=[\"www.bing.com\", \"cloud.tenable.com\"])\n",
      "search_window_start": "-70m",
      "search_window_end": "-10m",
      "schedule": "1h",
      "author": "CrowdStrike",
      "sigma_author": "",
      "category": "",
      "license": "",
      "tactic": "TA0011",
      "technique": "T1071.001",
      "mitre_attack": [
       {
        "tactic_id": "TA0011",
        "technique_id": "T1071.001"
       }
      ],
      "vendor": "Cloudflare",
      "vendors": [
       "Akamai",
       "AWS",
       "Cisco",
       "Cloudflare",
       "Corelight",
       "ExtraHop",
       "F5",
       "Fortinet",
       "Microsoft",
       "Netskope",
       "Okta",
       "Palo Alto Networks",
       "Proofpoint",
       "Zscaler"
      ],
      "product": "",
      "tags": "",
      "active": true,
      "source_url": "",
      "license_details": {
       "name": "",
       "url": ""
      },
      "outcome": "detection",
      "created_timestamp": "2025-02-02T00:00:00Z",
      "modified_timestamp": "0001-01-01T00:00:00Z"
     },
     {
      "id": "ba2c5045-45dd-4540-bf5d-4a3543db2d4a",
      "name": "Generic - Web - Blocked Access to Known Bad Site",
      "description": "Identifies web proxy events that indicate blocked access to known bad sites.\n",
      "origin": "CrowdStrike",
      "severity": 70,
      "recommended": true,
      "query": "| #event.kind=\"event\"\n| array:contains(\"event.category[]\", value=\"web\")\n| array:contains(\"event.type[]\", value=\"info\")\n| event.action=\"blocked\"\n",
      "search_window_start": "-70m",
      "search_window_end": "-10m",
      "schedule": "1h",
      "author": "CrowdStrike",
      "sigma_author": "",
      "category": "",
      "license": "",
      "tactic": "TA0011",
      "technique": "T1071",
      "mitre_attack": [
       {
        "tactic_id": "TA0011",
        "technique_id": "T1071"
       }
      ],
      "vendor": "Zscaler",
      "vendors": [
       "Zscaler"
      ],
      "product": "",
      "tags": "",
      "active": true,
      "source_url": "",
      "license_details": {
       "name": "",
       "url": ""
      },
      "outcome": "detection",
      "created_timestamp": "2023-10-23T00:00:00Z",
      "modified_timestamp": "0001-01-01T00:00:00Z"
     },
     {
      "id": "5429efd5-a03c-4e99-bf93-05bba12f3877",
      "name": "Zscaler - ZIA - Allowed Access to a Site Categorized as Suspicious",
      "description": "Identifies web proxy events that indicate allowed access to known suspicious sites.\n",
      "origin": "CrowdStrike",
      "severity": 70,
      "recommended": true,
      "query": "| #event.kind=\"event\" #Vendor=\"zscaler\" #event.module=\"zia\" \n| array:contains(\"event.category[]\", value=\"web\") \n| array:contains(\"event.type[]\", value=\"info\")\n| event.action=\"allowed\"\n| in(Vendor.urlcategory, \n    values=[\n      \"Other Advanced Security\",\n      \"Phishing\",\n      \"Botnet Protection\",\n      \"Malicious Content\",\n      \"Peer To Peer (P2P)\",\n      \"Unauthorized Communication Protection\",\n      \"Cross-site Scripting (XSS)\",\n      \"Browser Exploit\",\n      \"Suspicious Destinations Protection\",\n      \"Spyware Callback\",\n      \"Web Spam\",\n      \"Suspicious Content\",\n      \"Cryptomining and Blockchain\",\n      \"Adware/Spyware Sites\",\n      \"Custom Encrypted Content\",\n      \"Dynamic DNS Host\",\n      \"Newly Revived Domains\",\n      \"Other Security\",\n      \"Spyware/Adware\"\n    ]\n)\n",
      "search_window_start": "-70m",
      "search_window_end": "-10m",
      "schedule": "1h",
      "author": "CrowdStrike",
      "sigma_author": "",
      "category": "",
      "license": "",
      "tactic": "TA0011",
      "technique": "T1071",
      "mitre_attack": [
       {
        "tactic_id": "TA0011",
        "technique_id": "T1071"
       }
      ],
      "vendor": "Zscaler",
      "vendors": [
       "Zscaler"
      ],
      "product": "",
      "tags": "",
      "active": true,
      "source_url": "",
      "license_details": {
       "name": "",
       "url": ""
      },
      "outcome": "detection",
      "created_timestamp": "2023-10-23T00:00:00Z",
      "modified_timestamp": "0001-01-01T00:00:00Z"
     },
     {
      "id": "c2d85115-6500-4224-8f4e-63c377d6426c",
      "name": "Generic - Network - RPC Traffic to the Internet",
      "description": "Identifies network events associated with RPC (Remote Procedure Call) traffic to the Internet. This is suspicious network activity because RPC should never be exposed to the Internet as it is often exploited by threat actors for initial access.\n",
      "origin": "CrowdStrike",
      "severity": 70,
      "recommended": true,
      "query": "#repo!=\"xdr_*\"\n| #Vendor =~ in(values=[\"akamai\",\"aws\",\"cisco\",\"corelight\",\"extrahop\",\"fortinet\",\"microsoft\",\"nozomi\",\"paloalto\",\"zscaler\"])\n| #event.kind=\"event\" \n| array:contains(\"event.category[]\", value=\"network\")\n| network.transport=\"tcp\" destination.port=135\n| cidr(source.ip, subnet=[\"10.0.0.0/8\", \"172.16.0.0/12\", \"192.168.0.0/16\"])\n| NOT cidr(destination.ip, subnet=[\"127.0.0.0/8\", \"10.0.0.0/8\", \"172.16.0.0/12\", \"192.168.0.0/16\", \"::1\"])\n",
      "search_window_start": "-70m",
      "search_window_end": "-10m",
      "schedule": "1h",
      "author": "CrowdStrike",
      "sigma_author": "",
      "category": "",
      "license": "",
      "tactic": "TA0001",
      "technique": "T1190",
      "mitre_attack": [
       {
        "tactic_id": "TA0001",
        "technique_id": "T1190"
       }
      ],
      "vendor": "Akamai",
      "vendors": [
       "Akamai",
       "AWS",
       "Cisco",
       "Corelight",
       "ExtraHop",
       "Fortinet",
       "Microsoft",
       "Nozomi Networks",
       "Palo Alto Networks",
       "Zscaler"
      ],
      "product": "",
      "tags": "",
      "active": true,
      "source_url": "",
      "license_details": {
       "name": "",
       "url": ""
      },
      "outcome": "detection",
      "created_timestamp": "2024-05-10T00:00:00Z",
      "modified_timestamp": "2024-10-22T00:00:00Z"
     }
    ]
   }