{
    "meta": {
     "query_time": 0.02497911,
     "powered_by": "svc-cscrrulestemplates",
     "trace_id": "a631b49714cf0acf91a0b26eb4035cf6"
    },
    "errors": [],
    "resources": [
     {
      "id": "c755e2bb-9191-4aca-8a1e-425bad002769",
      "name": "Generic - Network - TOR Traffic to the Internet",
      "description": "This rule detects traffic associated with TOR applications or ports commonly used by TOR, which adversaries might exploit to avoid detection on the environment.\n",
      "origin": "CrowdStrike",
      "severity": 50,
      "recommended": true,
      "query": "#repo!=xdr_*\n| #Vendor =~ in(values=[\"akamai\",\"aws\",\"cisco\",\"cloudflare\",\"corelight\",\"extrahop\",\"fortinet\",\"microsoft\",\"netskope\",\"nozomi\",\"paloalto\",\"skyhigh\",\"zscaler\"])\n| #event.kind=\"event\"\n| array:contains(array=\"event.category[]\", value=\"network\")\n| network.transport=\"tcp\"\n| case {\n    destination.port =~ in(values=[\"9001\", \"9030\", \"9040\", \"9050\", \"9051\", \"9150\"]);\n    destination.port=\"443\" network.application=/^tor/i\n}\n| cidr(source.ip, subnet=[\"10.0.0.0/8\", \"172.16.0.0/12\", \"192.168.0.0/16\", \"fe80::/10\", \"169.254.0.0/16\"])\n| !cidr(destination.ip, subnet=[\"10.0.0.0/8\", \"172.16.0.0/12\", \"192.168.0.0/16\", \"fe80::/10\", \"169.254.0.0/16\"])\n",
      "search_window_start": "-70m",
      "search_window_end": "-10m",
      "schedule": "1h",
      "author": "CrowdStrike",
      "sigma_author": "",
      "category": "",
      "license": "",
      "tactic": "TA0011",
      "technique": "T1090.003",
      "mitre_attack": [
       {
        "tactic_id": "TA0011",
        "technique_id": "T1090.003"
       }
      ],
      "vendor": "Akamai",
      "vendors": [
       "Akamai",
       "AWS",
       "Cisco",
       "Cloudflare",
       "Corelight",
       "ExtraHop",
       "Fortinet",
       "Microsoft",
       "Netskope",
       "Nozomi Networks",
       "Palo Alto Networks",
       "Skyhigh",
       "Zscaler"
      ],
      "product": "",
      "tags": "",
      "active": true,
      "source_url": "",
      "license_details": {
       "name": "",
       "url": ""
      },
      "outcome": "detection",
      "created_timestamp": "2024-10-23T00:00:00Z",
      "modified_timestamp": "0001-01-01T00:00:00Z"
     },
     {
      "id": "a40f7f7c-7129-4699-9d61-0b7c470be540",
      "name": "Generic - Network - VNC Traffic to the Internet",
      "description": "Identifies network events associated with VNC (Virtual Network Computing) traffic to the Internet. The VNC related network activity can raise suspicions of intrusion, as adversaries often exploit insecure VNC configurations for initial access.\n",
      "origin": "CrowdStrike",
      "severity": 50,
      "recommended": true,
      "query": "#repo!=\"xdr_*\"\n| #Vendor =~ in(values=[\"akamai\", \"aws\", \"cisco\", \"corelight\", \"extrahop\", \"fortinet\", \"microsoft\", \"nozomi\", \"paloalto\", \"zscaler\"])\n| #event.kind=\"event\" | array:contains(\"event.category[]\", value=\"network\")\n| network.transport=\"tcp\" (destination.port\u003e=5800 destination.port\u003c=5810) OR (destination.port\u003e=5900 destination.port\u003c=5910)\n| cidr(source.ip, subnet=[\"10.0.0.0/8\", \"172.16.0.0/12\", \"192.168.0.0/16\"])\n| NOT cidr(destination.ip, subnet=[\"127.0.0.0/8\", \"10.0.0.0/8\", \"172.16.0.0/12\", \"192.168.0.0/16\", \"::1\"])\n",
      "search_window_start": "-70m",
      "search_window_end": "-10m",
      "schedule": "1h",
      "author": "CrowdStrike",
      "sigma_author": "",
      "category": "",
      "license": "",
      "tactic": "TA0011",
      "technique": "T1219",
      "mitre_attack": [
       {
        "tactic_id": "TA0011",
        "technique_id": "T1219"
       }
      ],
      "vendor": "Corelight",
      "vendors": [
       "Akamai",
       "AWS",
       "Cisco",
       "Corelight",
       "ExtraHop",
       "Fortinet",
       "Microsoft",
       "Nozomi Networks",
       "Palo Alto Networks",
       "Zscaler"
      ],
      "product": "",
      "tags": "",
      "active": true,
      "source_url": "",
      "license_details": {
       "name": "",
       "url": ""
      },
      "outcome": "detection",
      "created_timestamp": "2024-05-10T00:00:00Z",
      "modified_timestamp": "2024-10-22T00:00:00Z"
     },
     {
      "id": "0b961d93-f25d-493b-8da6-6541612f6473",
      "name": "Generic - Network - Internal Targeted Service Discovery Scan",
      "description": "This rule identifies targeted service discovery scans. In this type of scan, an adversary is interested in a small number of IP addresses, but a wide range of ports.\nThe following thresholds can be adjusted to better reflect network activity in the target environment.\ndc_ips: total number of IP addresses\ndc_ports: total number of scanned ports.\n",
      "origin": "CrowdStrike",
      "severity": 50,
      "recommended": true,
      "query": "#repo!=\"xdr_*\" #event.kind=\"event\"\n| #Vendor =~ in(values=[\"aws\",\"cisco\",\"corelight\",\"extrahop\",\"fortinet\",\"microsoft\",\"nozomi\",\"paloalto\",\"zscaler\"])\n| array:contains(array=\"event.category[]\", value=\"network\")\n| network.transport=/tcp|udp/ OR network.iana_number=6 OR network.iana_number=17\n| case {\n    test(source.port\u003edestination.port) | destination.port\u003c20000 | scanned_port := destination.port | scanned_ip := destination.ip | scan_source_ip := source.ip;\n    test(source.port\u003cdestination.port) | source.port\u003c20000 | scanned_port := source.port | scanned_ip := source.ip | scan_source_ip := destination.ip;\n    test(source.port==destination.port) | destination.port\u003c20000 | scanned_port := destination.port | scanned_ip := destination.ip | scan_source_ip := source.ip;\n}\n| cidr(source.ip, subnet=[\"10.0.0.0/8\", \"172.16.0.0/12\", \"192.168.0.0/16\", \"fe80::/10\", \"169.254.0.0/16\"])\n| cidr(destination.ip, subnet=[\"10.0.0.0/8\", \"172.16.0.0/12\", \"192.168.0.0/16\", \"fe80::/10\", \"169.254.0.0/16\"])\n| groupBy(field=[#Vendor,#event.module,#type,scan_source_ip], function=[count(scanned_port, distinct=true, as=dc_ports),count(scanned_ip, distinct=true, as=\"dc_ips\"), collect([scanned_port])])\n// Adjust thresholds below as appropriate for your environment.\n| dc_ips\u003c20 dc_ports\u003e5\n\n// Exclusions\n// Exclude known scanners below\n// scan_source_ip =~ !in(values=[\"1.2.3.4\"]) \n",
      "search_window_start": "-70m",
      "search_window_end": "-10m",
      "schedule": "1h",
      "author": "CrowdStrike",
      "sigma_author": "",
      "category": "",
      "license": "",
      "tactic": "TA0007",
      "technique": "T1046",
      "mitre_attack": [
       {
        "tactic_id": "TA0007",
        "technique_id": "T1046"
       }
      ],
      "vendor": "AWS",
      "vendors": [
       "AWS",
       "Cisco",
       "Corelight",
       "ExtraHop",
       "Fortinet",
       "Microsoft",
       "Nozomi Networks",
       "Palo Alto Networks",
       "Zscaler"
      ],
      "product": "",
      "tags": "",
      "active": true,
      "source_url": "",
      "license_details": {
       "name": "",
       "url": ""
      },
      "outcome": "detection",
      "created_timestamp": "2024-10-18T00:00:00Z",
      "modified_timestamp": "0001-01-01T00:00:00Z"
     },
     {
      "id": "9e324111-844c-476b-a21c-da0a900f671b",
      "name": "Zscaler - ZIA - Admin User Deleted",
      "description": "This rule detects the removal of administrator accounts from the Zscaler Internet Access (ZIA) Admin Portal. Such actions could indicate unauthorized administrative changes or potential malicious activity aimed at disrupting legitimate administrator access to the portal.\n",
      "origin": "CrowdStrike",
      "severity": 70,
      "recommended": true,
      "query": "#Vendor=\"zscaler\" #event.module=\"zia\" #event.dataset=\"zia.audit\"\n | #event.kind=\"event\" #event.outcome=\"success\"\n | event.action=\"DELETE\"\n | Vendor.category=\"ADMINISTRATOR_MANAGEMENT\"\n",
      "search_window_start": "-70m",
      "search_window_end": "-10m",
      "schedule": "1h",
      "author": "CrowdStrike",
      "sigma_author": "",
      "category": "",
      "license": "",
      "tactic": "TA0040",
      "technique": "T1531",
      "mitre_attack": [
       {
        "tactic_id": "TA0040",
        "technique_id": "T1531"
       }
      ],
      "vendor": "Zscaler",
      "vendors": [
       "Zscaler"
      ],
      "product": "",
      "tags": "",
      "active": true,
      "source_url": "",
      "license_details": {
       "name": "",
       "url": ""
      },
      "outcome": "detection",
      "created_timestamp": "2025-03-02T00:00:00Z",
      "modified_timestamp": "0001-01-01T00:00:00Z"
     },
     {
      "id": "7a5b0184-df99-4047-b126-ae46063decb5",
      "name": "Zscaler - ZIA - Firewall Filtering Rule Disabled",
      "description": "This rule detects when firewall filtering rules are disabled in the Zscaler Internet Access (ZIA) Admin Portal, which could indicate unauthorized modifications to security controls or potential compromise. This high-risk change can expose the organization to unauthorized traffic, potentially create security gaps, and may indicate attempts to bypass network security controls for malicious purposes.\n",
      "origin": "CrowdStrike",
      "severity": 70,
      "recommended": true,
      "query": "#Vendor=\"zscaler\" #event.module=\"zia\" #event.dataset=\"zia.audit\"\n  | #event.kind=\"event\" #event.outcome=\"success\"\n  | event.action=\"UPDATE\"\n  | Vendor.category=\"FIREWALL_ACCESS_CONTROL\"\n  | Vendor.subcategory=\"FIREWALL_FILTERING\"\n  | Vendor.preaction.state=\"ENABLED\"\n  | Vendor.postaction.state=\"DISABLED\"\n",
      "search_window_start": "-70m",
      "search_window_end": "-10m",
      "schedule": "1h",
      "author": "CrowdStrike",
      "sigma_author": "",
      "category": "",
      "license": "",
      "tactic": "TA0005",
      "technique": "T1562.004",
      "mitre_attack": [
       {
        "tactic_id": "TA0005",
        "technique_id": "T1562.004"
       }
      ],
      "vendor": "Zscaler",
      "vendors": [
       "Zscaler"
      ],
      "product": "",
      "tags": "",
      "active": true,
      "source_url": "",
      "license_details": {
       "name": "",
       "url": ""
      },
      "outcome": "detection",
      "created_timestamp": "2025-03-04T00:00:00Z",
      "modified_timestamp": "0001-01-01T00:00:00Z"
     },
     {
      "id": "5bbc662b-3d46-466f-847f-909198f048e1",
      "name": "Zscaler - ZIA - Identity Provider Disabled",
      "description": "This rule alerts when an Identity Provider is disabled in the Zscaler Internet Access (ZIA) Admin Portal, which could indicate unauthorized changes to authentication infrastructure or potential security incidents. \nThis high-risk event may impact organizational access, disrupt authentication services, and potentially indicate malicious activity or unauthorized administrative actions.\n",
      "origin": "CrowdStrike",
      "severity": 70,
      "recommended": true,
      "query": "#Vendor=\"zscaler\" #event.module=\"zia\" #event.dataset=\"zia.audit\"\n | #event.kind=\"event\" #event.outcome=\"success\"\n | event.action=\"UPDATE\"\n | Vendor.category=\"AUTHENTICATION_SETTINGS\"\n | Vendor.subcategory=\"IDENTITY_PROVIDERS\"\n | Vendor.preaction.statusEnabled=\"true\"\n | Vendor.postaction.statusEnabled=\"false\"\n",
      "search_window_start": "-70m",
      "search_window_end": "-10m",
      "schedule": "1h",
      "author": "CrowdStrike",
      "sigma_author": "",
      "category": "",
      "license": "",
      "tactic": "TA0005",
      "technique": "T1484.002",
      "mitre_attack": [
       {
        "tactic_id": "TA0005",
        "technique_id": "T1484.002"
       }
      ],
      "vendor": "Zscaler",
      "vendors": [
       "Zscaler"
      ],
      "product": "",
      "tags": "",
      "active": true,
      "source_url": "",
      "license_details": {
       "name": "",
       "url": ""
      },
      "outcome": "detection",
      "created_timestamp": "2025-03-02T00:00:00Z",
      "modified_timestamp": "0001-01-01T00:00:00Z"
     },
     {
      "id": "fe4d9f00-f691-446d-8740-bf3945f0ef3b",
      "name": "Zscaler - ZIA - Identity Provider Added",
      "description": "This rule detects when a new Identity Provider (IdP) is added to the Zscaler Internet Access (ZIA) Admin Portal, which could indicate unauthorized modifications to authentication infrastructure or potential security compromise. This high-risk administrative change requires validation as the addition of a new IdP can alter authentication mechanisms, potentially enabling unauthorized access to cloud services, and may indicate attempts to establish persistent access or bypass existing security controls.\n",
      "origin": "CrowdStrike",
      "severity": 70,
      "recommended": true,
      "query": "#Vendor=\"zscaler\" #event.module=\"zia\" #event.dataset=\"zia.audit\"\n  | #event.kind=\"event\" #event.outcome=\"success\"\n  | Vendor.category=\"AUTHENTICATION_SETTINGS\"\n  | Vendor.subcategory=\"IDENTITY_PROVIDERS\"\n  | event.action=\"CREATE\"\n",
      "search_window_start": "-70m",
      "search_window_end": "-10m",
      "schedule": "1h",
      "author": "CrowdStrike",
      "sigma_author": "",
      "category": "",
      "license": "",
      "tactic": "TA0005",
      "technique": "T1484.002",
      "mitre_attack": [
       {
        "tactic_id": "TA0005",
        "technique_id": "T1484.002"
       }
      ],
      "vendor": "Zscaler",
      "vendors": [
       "Zscaler"
      ],
      "product": "",
      "tags": "",
      "active": true,
      "source_url": "",
      "license_details": {
       "name": "",
       "url": ""
      },
      "outcome": "detection",
      "created_timestamp": "2025-03-03T00:00:00Z",
      "modified_timestamp": "0001-01-01T00:00:00Z"
     },
     {
      "id": "eedf0c35-f320-4f60-8bc1-bdb02e466de1",
      "name": "Zscaler - ZIA - NAT Control Policy Added",
      "description": "This rule detects when new NAT (Network Address Translation) control policies are added in the Zscaler Internet Access (ZIA) Admin Portal, which could indicate unauthorized modifications to network routing configurations or potential security compromise. This administrative change requires validation as new NAT policies can alter traffic routing patterns, potentially enable unauthorized access paths, and may be used to bypass existing security controls or hide malicious traffic sources.\n",
      "origin": "CrowdStrike",
      "severity": 70,
      "recommended": true,
      "query": "#Vendor=\"zscaler\" #event.module=\"zia\" #event.dataset=\"zia.audit\"\n  | #event.kind=\"event\" #event.outcome=\"success\"\n  | event.action=\"CREATE\"\n  | Vendor.category=\"FIREWALL_ACCESS_CONTROL\"\n  | Vendor.subcategory=\"NAT\"\n",
      "search_window_start": "-70m",
      "search_window_end": "-10m",
      "schedule": "1h",
      "author": "CrowdStrike",
      "sigma_author": "",
      "category": "",
      "license": "",
      "tactic": "TA0005",
      "technique": "T1562.004",
      "mitre_attack": [
       {
        "tactic_id": "TA0005",
        "technique_id": "T1562.004"
       }
      ],
      "vendor": "Zscaler",
      "vendors": [
       "Zscaler"
      ],
      "product": "",
      "tags": "",
      "active": true,
      "source_url": "",
      "license_details": {
       "name": "",
       "url": ""
      },
      "outcome": "detection",
      "created_timestamp": "2025-03-04T00:00:00Z",
      "modified_timestamp": "0001-01-01T00:00:00Z"
     },
     {
      "id": "648305e6-4e5f-453f-af21-8d0c3b521d04",
      "name": "Zscaler - ZIA - VPN Credentials Added",
      "description": "This rule detects when new VPN credentials are added to Zscaler Internet Access (ZIA), which could indicate unauthorized modifications to network access configurations or potential security compromise. \nThe addition of VPN credentials can grant remote access capabilities, potentially enabling unauthorized network access, and may indicate attempts to establish persistent remote connectivity. \n",
      "origin": "CrowdStrike",
      "severity": 50,
      "recommended": true,
      "query": "#Vendor=\"zscaler\" #event.module=\"zia\" #event.dataset=\"zia.audit\"\n  | #event.kind=\"event\" #event.outcome=\"success\"\n  | event.action=\"CREATE\"\n  | Vendor.subcategory=\"VPN_CREDENTIALS\"\n",
      "search_window_start": "-70m",
      "search_window_end": "-10m",
      "schedule": "1h",
      "author": "CrowdStrike",
      "sigma_author": "",
      "category": "",
      "license": "",
      "tactic": "TA0001",
      "technique": "T1133",
      "mitre_attack": [
       {
        "tactic_id": "TA0001",
        "technique_id": "T1133"
       }
      ],
      "vendor": "Zscaler",
      "vendors": [
       "Zscaler"
      ],
      "product": "",
      "tags": "",
      "active": true,
      "source_url": "",
      "license_details": {
       "name": "",
       "url": ""
      },
      "outcome": "detection",
      "created_timestamp": "2025-03-03T00:00:00Z",
      "modified_timestamp": "0001-01-01T00:00:00Z"
     },
     {
      "id": "9ccd1d87-22ee-4680-a8a7-1a988b789d65",
      "name": "Zscaler - ZIA - NAT Control Policy Disabled",
      "description": "This rule identifies when Network Address Translation (NAT) control policy has been disabled in the Zscaler Internet Access (ZIA) Admin Portal. NAT Control Policy is a critical security feature that manages how internal IP addresses are translated when accessing external networks. Disabling this policy could indicate unauthorized changes or potential security risks.\n",
      "origin": "CrowdStrike",
      "severity": 70,
      "recommended": true,
      "query": "#Vendor=\"zscaler\" #event.module=\"zia\" #event.dataset=\"zia.audit\"\n  | #event.kind=\"event\" #event.outcome=\"success\"\n  | event.action=\"UPDATE\"\n  | Vendor.category=\"FIREWALL_ACCESS_CONTROL\"\n  | Vendor.subcategory=\"NAT\"\n  | Vendor.preaction.state=\"ENABLED\"\n  | Vendor.postaction.state=\"DISABLED\"\n",
      "search_window_start": "-70m",
      "search_window_end": "-10m",
      "schedule": "1h",
      "author": "CrowdStrike",
      "sigma_author": "",
      "category": "",
      "license": "",
      "tactic": "TA0005",
      "technique": "T1562.004",
      "mitre_attack": [
       {
        "tactic_id": "TA0005",
        "technique_id": "T1562.004"
       }
      ],
      "vendor": "Zscaler",
      "vendors": [
       "Zscaler"
      ],
      "product": "",
      "tags": "",
      "active": true,
      "source_url": "",
      "license_details": {
       "name": "",
       "url": ""
      },
      "outcome": "detection",
      "created_timestamp": "2025-03-05T00:00:00Z",
      "modified_timestamp": "0001-01-01T00:00:00Z"
     },
     {
      "id": "8f1d6098-6fc5-4332-aa5d-d1ce944df628",
      "name": "Zscaler - ZIA - Admin Access from Unknown User Account",
      "description": "This rule identifies successful administrative access to the Zscaler Internet Access (ZIA) from user accounts that are not recognized or authorized as administrative users. This could indicate credential theft, privilege escalation attempts, or unauthorized administrative actions.\nNOTE: It is necessary to maintain and regularly update an exclusion list of legitimate administrative users. Any admin access from accounts not present in this exclusion list will trigger this alert.\n",
      "origin": "CrowdStrike",
      "severity": 70,
      "recommended": true,
      "query": "#Vendor=\"zscaler\" #event.module=\"zia\" #event.dataset=\"zia.audit\"\n  | #event.kind=\"event\" #event.outcome=\"success\"\n  | event.action=\"SIGN_IN\"\n  // Excluded authorized users list here\n  //| user.name =~ NOT in(values=[\"user1\", \"user2\"])\n",
      "search_window_start": "-70m",
      "search_window_end": "-10m",
      "schedule": "1h",
      "author": "CrowdStrike",
      "sigma_author": "",
      "category": "",
      "license": "",
      "tactic": "TA0001",
      "technique": "T1078.004",
      "mitre_attack": [
       {
        "tactic_id": "TA0001",
        "technique_id": "T1078.004"
       }
      ],
      "vendor": "Zscaler",
      "vendors": [
       "Zscaler"
      ],
      "product": "",
      "tags": "",
      "active": true,
      "source_url": "",
      "license_details": {
       "name": "",
       "url": ""
      },
      "outcome": "detection",
      "created_timestamp": "2025-03-05T00:00:00Z",
      "modified_timestamp": "0001-01-01T00:00:00Z"
     },
     {
      "id": "0b890e23-0549-4f47-b72d-ff2a38091258",
      "name": "Zscaler - ZIA - Security Control Disabled in Malware Protection Policy",
      "description": "This detection identifies when an administrator modifies any Malware Protection policy in the Zscaler Internet Access (ZIA) to allow malicious content. This includes dangerous changes to protection policies for: Unwanted Applications, Trojans, Worms, Sandbox Ransomware, Other Viruses, Remote Access Tools, Adware, and Spyware. These modifications deliberately weaken core malware defense mechanisms by allowing known malicious programs, potentially enabling malware distribution, data theft, ransomware attacks, and system compromise. Such high-risk changes could indicate compromised admin credentials or malicious insider activity attempting to facilitate malware deployment.\n",
      "origin": "CrowdStrike",
      "severity": 70,
      "recommended": true,
      "query": "#Vendor=\"zscaler\" #event.module=\"zia\" #event.dataset=\"zia.audit\" \n | #event.kind=\"event\" #event.outcome=\"success\"\n | Vendor.category=\"WEB_SECURITY\"\n | Vendor.subcategory=\"MALWARE_POLICY\"\n | case {\n     Vendor.postaction.adwareBlocked=\"false\" Vendor.preaction.adwareBlocked=\"true\";\n     Vendor.postaction.ransomwareBlocked=\"false\" Vendor.preaction.ransomwareBlocked=\"true\";\n     Vendor.postaction.remoteAccessToolBlocked=\"false\" Vendor.preaction.remoteAccessToolBlocked=\"true\";\n     Vendor.postaction.spywareBlocked=\"false\" Vendor.preaction.spywareBlocked=\"true\";\n     Vendor.postaction.trojanBlocked=\"false\" Vendor.preaction.trojanBlocked=\"true\";\n     Vendor.postaction.unwantedApplicationsBlocked=\"false\" Vendor.preaction.unwantedApplicationsBlocked=\"true\";\n     Vendor.postaction.virusBlocked=\"false\" Vendor.preaction.virusBlocked=\"true\";\n     Vendor.postaction.wormBlocked=\"false\" Vendor.preaction.wormBlocked=\"true\";\n }\n",
      "search_window_start": "-70m",
      "search_window_end": "-10m",
      "schedule": "1h",
      "author": "CrowdStrike",
      "sigma_author": "",
      "category": "",
      "license": "",
      "tactic": "TA0005",
      "technique": "T1562.001",
      "mitre_attack": [
       {
        "tactic_id": "TA0005",
        "technique_id": "T1562.001"
       }
      ],
      "vendor": "Zscaler",
      "vendors": [
       "Zscaler"
      ],
      "product": "",
      "tags": "",
      "active": true,
      "source_url": "",
      "license_details": {
       "name": "",
       "url": ""
      },
      "outcome": "detection",
      "created_timestamp": "2025-03-12T00:00:00Z",
      "modified_timestamp": "0001-01-01T00:00:00Z"
     },
     {
      "id": "6f931a0e-a748-4eb5-974f-a6b9331aaa0e",
      "name": "Zscaler - ZIA - Security Control Disabled in Mobile Malware Protection Policy",
      "description": "This detection identifies when an administrator disables security controls within the Mobile Malware Protection policy in Zscaler Internet Access (ZIA). This includes allowing potentially dangerous activities such as: unencrypted transmission of location information, personally identifiable information (PII), device identifiers, communication with unknown servers, and ad servers. Such modifications deliberately weaken mobile security controls and could indicate compromised admin credentials or malicious insider activity attempting to enable data leakage or establish unauthorized communications.\n",
      "origin": "CrowdStrike",
      "severity": 70,
      "recommended": true,
      "query": "#repo!=\"xdr_*\"\n| #Vendor=\"zscaler\" #event.module=\"zia\" #event.dataset=\"zia.audit\" \n| #event.kind=\"event\" #event.outcome=\"success\"\n| Vendor.category=\"MOBILE_SECURITY\"\n| Vendor.subcategory=\"MOBILE_MALWARE\" \n| case {\n    Vendor.postaction.blockAppsCommunicatingWithAdWebsites=\"false\" Vendor.preaction.blockAppsCommunicatingWithAdWebsites=\"true\";\n    Vendor.postaction.blockAppsCommunicatingWithRemoteUnknownServers=\"false\" Vendor.preaction.blockAppsCommunicatingWithRemoteUnknownServers=\"true\";\n    Vendor.postaction.blockAppsSendingDeviceIdentifier=\"false\" Vendor.preaction.blockAppsSendingDeviceIdentifier=\"true\";\n    Vendor.postaction.blockAppsSendingLocationInfo=\"false\" Vendor.preaction.blockAppsSendingLocationInfo=\"true\";\n    Vendor.postaction.blockAppsSendingPersonallyIdentifiableInfo=\"false\" Vendor.preaction.blockAppsSendingPersonallyIdentifiableInfo=\"true\";\n    Vendor.postaction.blockAppsSendingUnencryptedUserCredentials=\"false\" Vendor.preaction.blockAppsSendingUnencryptedUserCredentials=\"true\";\n    Vendor.postaction.blockAppsWithKnownVulnerabilities=\"false\" Vendor.preaction.blockAppsWithKnownVulnerabilities=\"true\";\n    Vendor.postaction.blockAppsWithMaliciousActivity=\"false\" Vendor.preaction.blockAppsWithMaliciousActivity=\"true\";\n}\n",
      "search_window_start": "-70m",
      "search_window_end": "-10m",
      "schedule": "1h",
      "author": "CrowdStrike",
      "sigma_author": "",
      "category": "",
      "license": "",
      "tactic": "TA0005",
      "technique": "T1562.001",
      "mitre_attack": [
       {
        "tactic_id": "TA0005",
        "technique_id": "T1562.001"
       }
      ],
      "vendor": "Zscaler",
      "vendors": [
       "Zscaler"
      ],
      "product": "",
      "tags": "",
      "active": true,
      "source_url": "",
      "license_details": {
       "name": "",
       "url": ""
      },
      "outcome": "detection",
      "created_timestamp": "2025-03-12T00:00:00Z",
      "modified_timestamp": "0001-01-01T00:00:00Z"
     },
     {
      "id": "fc3f48cc-4c35-47da-851a-7ea49b808bd2",
      "name": "Zscaler - ZIA - Configuration Change Not Preceded By Console Logon",
      "description": "This rule monitors Zscaler Internet Access (ZIA) configuration changes made by users who have not performed a prior console login. While all configuration changes in ZIA require authentication, this rule helps identify potential session anomalies or unauthorized access by ensuring configuration changes are preceded by proper console login events for the same user account.\n",
      "origin": "CrowdStrike",
      "severity": 70,
      "recommended": true,
      "query": "defineTable(\n    query={ \n        #Vendor=\"zscaler\" #event.module=\"zia\" #event.dataset=\"zia.audit\" \n        | #event.kind=\"event\" #event.outcome=\"success\" \n        | event.action=\"SIGN_IN\"\n    }, \n        include=[user.name], \n        name=\"_zscaler_admin_user_login\"\n)\n| #Vendor=\"zscaler\" #event.module=\"zia\" #event.dataset=\"zia.audit\"\n| #event.kind=\"event\" #event.outcome=\"success\"\n| event.action=\"UPDATE\"\n| event.category[0]=\"configuration\"\n| match(\n    file=\"_zscaler_admin_user_login\",\n    field=[user.name],\n    column=[user.name],\n    strict=\"true\"\n)\n| groupBy([user.name], function=count())\n| _count=0\n  ",
      "search_window_start": "-70m",
      "search_window_end": "-10m",
      "schedule": "1h",
      "author": "CrowdStrike",
      "sigma_author": "",
      "category": "",
      "license": "",
      "tactic": "TA0005",
      "technique": "T1550",
      "mitre_attack": [
       {
        "tactic_id": "TA0005",
        "technique_id": "T1550"
       }
      ],
      "vendor": "Zscaler",
      "vendors": [
       "Zscaler"
      ],
      "product": "",
      "tags": "",
      "active": true,
      "source_url": "",
      "license_details": {
       "name": "",
       "url": ""
      },
      "outcome": "detection",
      "created_timestamp": "2025-03-06T00:00:00Z",
      "modified_timestamp": "0001-01-01T00:00:00Z"
     }
    ]
   }